hand0_x0,hand0_y0,hand0_z0,hand0_x1,hand0_y1,hand0_z1,hand0_x2,hand0_y2,hand0_z2,hand0_x3,hand0_y3,hand0_z3,hand0_x4,hand0_y4,hand0_z4,hand0_x5,hand0_y5,hand0_z5,hand0_x6,hand0_y6,hand0_z6,hand0_x7,hand0_y7,hand0_z7,hand0_x8,hand0_y8,hand0_z8,hand0_x9,hand0_y9,hand0_z9,hand0_x10,hand0_y10,hand0_z10,hand0_x11,hand0_y11,hand0_z11,hand0_x12,hand0_y12,hand0_z12,hand0_x13,hand0_y13,hand0_z13,hand0_x14,hand0_y14,hand0_z14,hand0_x15,hand0_y15,hand0_z15,hand0_x16,hand0_y16,hand0_z16,hand0_x17,hand0_y17,hand0_z17,hand0_x18,hand0_y18,hand0_z18,hand0_x19,hand0_y19,hand0_z19,hand0_x20,hand0_y20,hand0_z20,hand1_x0,hand1_y0,hand1_z0,hand1_x1,hand1_y1,hand1_z1,hand1_x2,hand1_y2,hand1_z2,hand1_x3,hand1_y3,hand1_z3,hand1_x4,hand1_y4,hand1_z4,hand1_x5,hand1_y5,hand1_z5,hand1_x6,hand1_y6,hand1_z6,hand1_x7,hand1_y7,hand1_z7,hand1_x8,hand1_y8,hand1_z8,hand1_x9,hand1_y9,hand1_z9,hand1_x10,hand1_y10,hand1_z10,hand1_x11,hand1_y11,hand1_z11,hand1_x12,hand1_y12,hand1_z12,hand1_x13,hand1_y13,hand1_z13,hand1_x14,hand1_y14,hand1_z14,hand1_x15,hand1_y15,hand1_z15,hand1_x16,hand1_y16,hand1_z16,hand1_x17,hand1_y17,hand1_z17,hand1_x18,hand1_y18,hand1_z18,hand1_x19,hand1_y19,hand1_z19,hand1_x20,hand1_y20,hand1_z20
0.0,0.0,0.0,-0.2744270861148834,-0.18499650061130524,-0.1330421268939972,-0.5062499642372131,-0.47783800959587097,-0.21062137186527252,-0.6951135993003845,-0.6750987768173218,-0.27551648020744324,-0.8626741170883179,-0.817631721496582,-0.31521710753440857,-0.196708083152771,-1.017784833908081,-0.11736970394849777,-0.4010273516178131,-0.7901235818862915,-0.22886112332344055,-0.36388275027275085,-0.5287567973136902,-0.28386440873146057,-0.2772662043571472,-0.4902435541152954,-0.31857872009277344,0.0032072411850094795,-0.9932112097740173,-0.11628063768148422,-0.22834549844264984,-0.6680023074150085,-0.21929311752319336,-0.22048154473304749,-0.43069520592689514,-0.23400983214378357,-0.14175942540168762,-0.463239461183548,-0.2386656254529953,0.1789604127407074,-0.8508028388023376,-0.13468292355537415,-0.04127693921327591,-0.5683263540267944,-0.24120347201824188,-0.060524459928274155,-0.3646427392959595,-0.2031855285167694,0.007391661871224642,-0.40091416239738464,-0.16703368723392487,0.3323812484741211,-0.6698331832885742,-0.1692880094051361,0.17353254556655884,-0.4907977283000946,-0.22611437737941742,0.1227063462138176,-0.34925591945648193,-0.19435590505599976,0.1605890989303589,-0.3553520441055298,-0.16128398478031158,0.0,0.0,0.0,0.3427891433238983,-0.276749849319458,-0.04927901551127434,0.5708447098731995,-0.5487440228462219,-0.12091618776321411,0.7731059789657593,-0.7157395482063293,-0.20684251189231873,0.9600082635879517,-0.8434063792228699,-0.28150710463523865,0.25245288014411926,-1.0667157173156738,-0.10087812691926956,0.5124680995941162,-0.9093562960624695,-0.2311931848526001,0.4905776083469391,-0.6600532531738281,-0.30620190501213074,0.41617852449417114,-0.6338721513748169,-0.3601938784122467,0.05384623631834984,-0.986321747303009,-0.1557883769273758,0.38852229714393616,-0.7079369425773621,-0.2928208112716675,0.3733700215816498,-0.4540819823741913,-0.3396527171134949,0.2827658951282501,-0.45262184739112854,-0.3714672029018402,-0.10586459934711456,-0.8025748133659363,-0.2187444418668747,0.22717414796352386,-0.5488250851631165,-0.3504576086997986,0.23700565099716187,-0.3256758153438568,-0.3364057242870331,0.14990688860416412,-0.3232554793357849,-0.31706878542900085,-0.23303264379501343,-0.5749247074127197,-0.2877306044101715,0.0412231907248497,-0.42656660079956055,-0.36964550614356995,0.09877961128950119,-0.2778555154800415,-0.34647563099861145,0.05142098292708397,-0.26840540766716003,-0.31886881589889526
0.0,0.0,0.0,-0.2710059583187103,-0.18464037775993347,-0.14293928444385529,-0.5076689720153809,-0.48744019865989685,-0.22767914831638336,-0.7015268206596375,-0.6955673098564148,-0.29797935485839844,-0.8722029328346252,-0.8437108993530273,-0.3440606892108917,-0.17364715039730072,-1.0208072662353516,-0.13565488159656525,-0.3621286451816559,-0.7885841727256775,-0.25131189823150635,-0.3393212556838989,-0.5163259506225586,-0.3103914260864258,-0.2625259757041931,-0.47323229908943176,-0.34973496198654175,0.03611283004283905,-0.9904267191886902,-0.13323205709457397,-0.17976464331150055,-0.6697735786437988,-0.24003121256828308,-0.19599370658397675,-0.43015527725219727,-0.26006340980529785,-0.12993207573890686,-0.4670470654964447,-0.2709483802318573,0.21810142695903778,-0.8392890095710754,-0.1495486944913864,0.014133150689303875,-0.5691861510276794,-0.2618132531642914,-0.02857854589819908,-0.36626604199409485,-0.22524066269397736,0.027216820046305656,-0.4050898551940918,-0.19146861135959625,0.3758138418197632,-0.650914192199707,-0.18225005269050598,0.23175866901874542,-0.48861750960350037,-0.24512708187103271,0.16258487105369568,-0.3449643850326538,-0.21192145347595215,0.18464146554470062,-0.34887978434562683,-0.17867358028888702,0.0,0.0,0.0,0.3592873215675354,-0.2713509798049927,-0.04769912734627724,0.5920652747154236,-0.5554512739181519,-0.1176283061504364,0.7903626561164856,-0.7402564883232117,-0.2018699049949646,0.9788811206817627,-0.8685849905014038,-0.2741459310054779,0.29326918721199036,-1.0646908283233643,-0.10882183164358139,0.5782410502433777,-0.8975115418434143,-0.24275913834571838,0.547944188117981,-0.631648063659668,-0.3126642405986786,0.4733654260635376,-0.5913359522819519,-0.3619605004787445,0.09694157540798187,-0.9813691973686218,-0.16588206589221954,0.46076542139053345,-0.7052553296089172,-0.31864669919013977,0.42564529180526733,-0.4355190098285675,-0.3652888536453247,0.3248269259929657,-0.4212283492088318,-0.3918174207210541,-0.06248229369521141,-0.8018984794616699,-0.23021933436393738,0.2954714596271515,-0.5502371788024902,-0.3761867582798004,0.2889188528060913,-0.3129616975784302,-0.3593083918094635,0.19619379937648773,-0.29951536655426025,-0.33262065052986145,-0.1953161507844925,-0.5804318785667419,-0.29945066571235657,0.09226449579000473,-0.4398441016674042,-0.39108017086982727,0.1450107842683792,-0.28196799755096436,-0.3673734664916992,0.09837605059146881,-0.26505759358406067,-0.33621734380722046
0.0,0.0,0.0,-0.2872929573059082,-0.18434463441371918,-0.12149666249752045,-0.5200026631355286,-0.4992135167121887,-0.18754003942012787,-0.7016357183456421,-0.7074265480041504,-0.24590224027633667,-0.8625620603561401,-0.8653594851493835,-0.2803528904914856,-0.23146787285804749,-0.9905403852462769,-0.07506634294986725,-0.38593006134033203,-0.8499264121055603,-0.1858241707086563,-0.36173656582832336,-0.593406081199646,-0.2462945580482483,-0.2915259897708893,-0.5521965026855469,-0.28377631306648254,-0.03202643617987633,-0.9965115785598755,-0.07706473022699356,-0.20344318449497223,-0.7595829963684082,-0.18211999535560608,-0.20665034651756287,-0.5103697180747986,-0.20170441269874573,-0.13271702826023102,-0.5337268710136414,-0.2056344896554947,0.15252840518951416,-0.8876336812973022,-0.10048657655715942,-0.01135166734457016,-0.6834072470664978,-0.21182706952095032,-0.046678755432367325,-0.4714759290218353,-0.17227564752101898,0.016317768022418022,-0.5058774352073669,-0.13084307312965393,0.31933876872062683,-0.7430525422096252,-0.13896167278289795,0.1953604370355606,-0.6169862747192383,-0.1990511268377304,0.13065417110919952,-0.467056542634964,-0.16351327300071716,0.16003485023975372,-0.4645898938179016,-0.12552282214164734,0.0,0.0,0.0,0.3229804039001465,-0.2570275664329529,-0.07921300828456879,0.5382347702980042,-0.5211681723594666,-0.16914312541484833,0.7130144834518433,-0.6907074451446533,-0.2684983015060425,0.8975425362586975,-0.8200767040252686,-0.355836421251297,0.21154336631298065,-1.0629676580429077,-0.10969018191099167,0.5033122301101685,-0.9019113183021545,-0.26080644130706787,0.484749972820282,-0.6241596937179565,-0.3569681644439697,0.4083855152130127,-0.5544124841690063,-0.4188414216041565,0.02615373209118843,-0.9879369735717773,-0.15263213217258453,0.387736439704895,-0.7695485949516296,-0.2980622947216034,0.3645767271518707,-0.48072174191474915,-0.34601354598999023,0.2587466835975647,-0.4324912130832672,-0.3708229660987854,-0.1251828372478485,-0.8240043520927429,-0.20957191288471222,0.2204238772392273,-0.6332994699478149,-0.34864211082458496,0.22087189555168152,-0.3839656114578247,-0.3337304890155792,0.12875130772590637,-0.34999504685401917,-0.3072623014450073,-0.24850709736347198,-0.6116400361061096,-0.27490702271461487,0.02233373001217842,-0.5177488923072815,-0.3563707172870636,0.06698068976402283,-0.35254016518592834,-0.32657933235168457,0.01569727435708046,-0.31814780831336975,-0.29156026244163513
0.0,0.0,0.0,-0.27673161029815674,-0.17869798839092255,-0.11901607364416122,-0.5070697665214539,-0.49336302280426025,-0.17984481155872345,-0.6859567761421204,-0.7064405083656311,-0.2332657277584076,-0.8368450999259949,-0.8631225824356079,-0.26151105761528015,-0.22870033979415894,-0.982068657875061,-0.07151610404253006,-0.38638925552368164,-0.8548044562339783,-0.18220901489257812,-0.3513846695423126,-0.5896012187004089,-0.23716233670711517,-0.2795049846172333,-0.5381004810333252,-0.2690254747867584,-0.038494255393743515,-0.9965862035751343,-0.07303500920534134,-0.22038142383098602,-0.7562920451164246,-0.18350748717784882,-0.2073066085577011,-0.4899352192878723,-0.2002021223306656,-0.12501856684684753,-0.5148837566375732,-0.1981201171875,0.13867633044719696,-0.8931871056556702,-0.09653431177139282,-0.03434954956173897,-0.6784842610359192,-0.21112966537475586,-0.05694746598601341,-0.45485955476760864,-0.17166008055210114,0.014528081752359867,-0.5014801621437073,-0.12790240347385406,0.2956565320491791,-0.7511832118034363,-0.1345464289188385,0.1602361798286438,-0.6141183972358704,-0.1937362551689148,0.1073346883058548,-0.4567030072212219,-0.15962845087051392,0.15233983099460602,-0.46474048495292664,-0.12227083742618561,0.0,0.0,0.0,0.3028500974178314,-0.27113673090934753,-0.06620720773935318,0.5064578056335449,-0.5605155229568481,-0.1414075791835785,0.6700869798660278,-0.7573772668838501,-0.22749373316764832,0.8465315699577332,-0.8996091485023499,-0.3014639616012573,0.1884622424840927,-1.0645416975021362,-0.08151670545339584,0.4795604348182678,-0.9347282648086548,-0.22365950047969818,0.46218615770339966,-0.6613463759422302,-0.3112124800682068,0.3853224217891693,-0.5969546437263489,-0.3665871322154999,0.010167457163333893,-0.9920498728752136,-0.12543390691280365,0.36933958530426025,-0.7976230978965759,-0.26483678817749023,0.3500097990036011,-0.5152631402015686,-0.3068290948867798,0.24922209978103638,-0.4675264060497284,-0.324552983045578,-0.1342945694923401,-0.8338618278503418,-0.18354091048240662,0.2058115005493164,-0.664627730846405,-0.31939324736595154,0.21134257316589355,-0.41867098212242126,-0.30420780181884766,0.12386546283960342,-0.37919023633003235,-0.27513664960861206,-0.2536025047302246,-0.6272055506706238,-0.24895401298999786,0.02263118140399456,-0.5386102795600891,-0.32833361625671387,0.06877629458904266,-0.369159460067749,-0.2995370924472809,0.01870894245803356,-0.3293097913265228,-0.2629120349884033
0.0,0.0,0.0,-0.27843770384788513,-0.17887911200523376,-0.12504276633262634,-0.5070347785949707,-0.47997331619262695,-0.19555218517780304,-0.6842732429504395,-0.6921601295471191,-0.2566521167755127,-0.8387668132781982,-0.852026641368866,-0.2923918068408966,-0.21110010147094727,-0.9924206733703613,-0.09533810615539551,-0.3888989984989166,-0.829428493976593,-0.20843584835529327,-0.34970036149024963,-0.5585823059082031,-0.2635365426540375,-0.27204784750938416,-0.5094995498657227,-0.29600003361701965,-0.018970778211951256,-0.9952157139778137,-0.09584254771471024,-0.21885259449481964,-0.7282032370567322,-0.20623214542865753,-0.20763951539993286,-0.4684218168258667,-0.22295689582824707,-0.12902487814426422,-0.49426740407943726,-0.22385965287685394,0.15611810982227325,-0.8786279559135437,-0.11661813408136368,-0.029718566685914993,-0.6473947763442993,-0.23034168779850006,-0.05276614427566528,-0.4297982156276703,-0.18974880874156952,0.014455449767410755,-0.47341394424438477,-0.14778202772140503,0.3110382854938507,-0.7214567065238953,-0.1523788869380951,0.1723458617925644,-0.5761407017707825,-0.2119111716747284,0.1182490810751915,-0.42359083890914917,-0.177002415060997,0.15785843133926392,-0.42948824167251587,-0.13984480500221252,0.0,0.0,0.0,0.32407593727111816,-0.28409019112586975,-0.053590547293424606,0.5351126194000244,-0.5571839213371277,-0.12465286999940872,0.7035524249076843,-0.7395360469818115,-0.20887801051139832,0.8704365491867065,-0.8900113105773926,-0.28151842951774597,0.2250998467206955,-1.0724093914031982,-0.09659049659967422,0.5056322813034058,-0.927198052406311,-0.2395523637533188,0.49680331349372864,-0.6526510715484619,-0.32177630066871643,0.4265402853488922,-0.5846864581108093,-0.37328478693962097,0.042163729667663574,-0.9882069826126099,-0.1472044736146927,0.4025551676750183,-0.7452170252799988,-0.2880706191062927,0.37931427359580994,-0.46409207582473755,-0.3285418748855591,0.27760669589042664,-0.42502444982528687,-0.3488462269306183,-0.10537657886743546,-0.8117565512657166,-0.2093789279460907,0.24797175824642181,-0.5960081219673157,-0.3482310175895691,0.24560149013996124,-0.3569343388080597,-0.3329932987689972,0.15326008200645447,-0.3281612694263458,-0.30569782853126526,-0.22916141152381897,-0.5860089063644409,-0.2771978974342346,0.04771357402205467,-0.47760239243507385,-0.36037489771842957,0.09459099173545837,-0.32650578022003174,-0.3340649902820587,0.04856426268815994,-0.30095136165618896,-0.29994234442710876
0.0,0.0,0.0,-0.2586936950683594,-0.18296711146831512,-0.1358979344367981,-0.4768493175506592,-0.48035770654678345,-0.21569959819316864,-0.653638482093811,-0.6889493465423584,-0.2824721932411194,-0.805823802947998,-0.8411394953727722,-0.32451575994491577,-0.15925277769565582,-1.0178155899047852,-0.12311097234487534,-0.3411143124103546,-0.8132740259170532,-0.23614932596683502,-0.317056268453598,-0.5436955094337463,-0.2935539782047272,-0.244284525513649,-0.4932660162448883,-0.33014196157455444,0.043637715280056,-0.9915952086448669,-0.12179791182279587,-0.15851230919361115,-0.702486515045166,-0.22779124975204468,-0.17304851114749908,-0.45058223605155945,-0.24696782231330872,-0.1057828813791275,-0.47457656264305115,-0.2544041872024536,0.21972641348838806,-0.8433223962783813,-0.13906314969062805,0.03568859398365021,-0.5990709066390991,-0.2497958391904831,-0.011165344156324863,-0.3917352259159088,-0.21291756629943848,0.04197153076529503,-0.42978575825691223,-0.17709778249263763,0.3703773021697998,-0.6543838977813721,-0.17192025482654572,0.24568548798561096,-0.5155242085456848,-0.23332157731056213,0.16930419206619263,-0.3703349530696869,-0.19928744435310364,0.18602098524570465,-0.3723801374435425,-0.1638721376657486,0.0,0.0,0.0,0.334938645362854,-0.2827188968658447,-0.034589290618896484,0.5540754795074463,-0.5597938895225525,-0.1013898029923439,0.7449648380279541,-0.7307608723640442,-0.18383824825286865,0.9136147499084473,-0.8721516728401184,-0.25509804487228394,0.23951229453086853,-1.0807054042816162,-0.11336620151996613,0.5486974120140076,-0.9326658844947815,-0.24831794202327728,0.536971390247345,-0.6607131361961365,-0.31659653782844543,0.45924779772758484,-0.6065495014190674,-0.36194491386413574,0.05131249129772186,-0.9833405017852783,-0.17438040673732758,0.44294536113739014,-0.7068501710891724,-0.31584763526916504,0.41572272777557373,-0.4394005239009857,-0.35466355085372925,0.30737537145614624,-0.4239620566368103,-0.37968647480010986,-0.09602291136980057,-0.7916684150695801,-0.2415492981672287,0.28380200266838074,-0.552383303642273,-0.37674468755722046,0.27919596433639526,-0.3183671534061432,-0.35586026310920715,0.17954903841018677,-0.30363351106643677,-0.3309929072856903,-0.21422673761844635,-0.5562163591384888,-0.312742680311203,0.08243541419506073,-0.4377538859844208,-0.3956056535243988,0.1315879076719284,-0.2844795286655426,-0.3680439293384552,0.0785619392991066,-0.2642914354801178,-0.33666151762008667
0.0,0.0,0.0,-0.25058966875076294,-0.18504299223423004,-0.14336943626403809,-0.46482551097869873,-0.49718570709228516,-0.22597439587116241,-0.6444917321205139,-0.7205332517623901,-0.2950608730316162,-0.8029512763023376,-0.8891687393188477,-0.3389738202095032,-0.14212733507156372,-1.0214749574661255,-0.12350277602672577,-0.3039931356906891,-0.8050287961959839,-0.24646811187267303,-0.29057908058166504,-0.5416406393051147,-0.31021320819854736,-0.22651250660419464,-0.49895426630973816,-0.34927889704704285,0.062356285750865936,-0.9907806515693665,-0.12027198821306229,-0.12171754986047745,-0.6896578669548035,-0.23468773066997528,-0.14935706555843353,-0.4466681480407715,-0.25803136825561523,-0.09074694663286209,-0.4790078401565552,-0.2664477527141571,0.2398494929075241,-0.8421705961227417,-0.13749317824840546,0.06667597591876984,-0.5850860476493835,-0.2558614909648895,0.01226405892521143,-0.38591259717941284,-0.22185228765010834,0.06071753427386284,-0.4349133372306824,-0.18603545427322388,0.391267865896225,-0.6565715074539185,-0.17101114988327026,0.27446505427360535,-0.5059469938278198,-0.23651912808418274,0.19742171466350555,-0.3688029646873474,-0.20460279285907745,0.21216216683387756,-0.38238656520843506,-0.16974446177482605,0.0,0.0,0.0,0.33962875604629517,-0.26698654890060425,-0.03547724708914757,0.5500355958938599,-0.5450725555419922,-0.1031196266412735,0.7365341186523438,-0.72906494140625,-0.18607446551322937,0.9136867523193359,-0.8685412406921387,-0.254396915435791,0.2466459572315216,-1.0790966749191284,-0.11020093411207199,0.5936054587364197,-0.9164595007896423,-0.251046359539032,0.5635495185852051,-0.6512982249259949,-0.3179982006549835,0.4711761176586151,-0.6191266775131226,-0.36265820264816284,0.06624080240726471,-0.9827068448066711,-0.17291457951068878,0.4882717728614807,-0.708541989326477,-0.3261289596557617,0.4406929016113281,-0.4501435458660126,-0.3603784441947937,0.3210896849632263,-0.4455966055393219,-0.381109356880188,-0.07648661732673645,-0.7899205088615417,-0.24377818405628204,0.3234362304210663,-0.5427799820899963,-0.3847706913948059,0.30176159739494324,-0.3157963752746582,-0.3567577004432678,0.19399331510066986,-0.31101614236831665,-0.32739245891571045,-0.1931089162826538,-0.5554301142692566,-0.3196309208869934,0.12086249887943268,-0.42418819665908813,-0.4048871397972107,0.1515318900346756,-0.27482616901397705,-0.37950506806373596,0.07910329103469849,-0.26674672961235046,-0.351450115442276
0.0,0.0,0.0,-0.24869079887866974,-0.19274994730949402,-0.12983492016792297,-0.4605673551559448,-0.5235247611999512,-0.20376569032669067,-0.6266113519668579,-0.7585874795913696,-0.26776325702667236,-0.7743436098098755,-0.9249345660209656,-0.30746176838874817,-0.152829110622406,-1.003097414970398,-0.0946662425994873,-0.2887473404407501,-0.8740445971488953,-0.2211599498987198,-0.27559247612953186,-0.6119421720504761,-0.2927354574203491,-0.2194192111492157,-0.548804759979248,-0.3360375463962555,0.04797803983092308,-0.9942331314086914,-0.09590935707092285,-0.1109037846326828,-0.765190601348877,-0.21491360664367676,-0.13064059615135193,-0.508127748966217,-0.24298308789730072,-0.07354667782783508,-0.5181772708892822,-0.2514783442020416,0.22508616745471954,-0.8652316331863403,-0.1190054789185524,0.083551324903965,-0.6602503657341003,-0.23843534290790558,0.035406943410634995,-0.45869123935699463,-0.20532019436359406,0.08275149762630463,-0.5050075054168701,-0.16921839118003845,0.3779601752758026,-0.6981638073921204,-0.15734386444091797,0.27513834834098816,-0.5640186667442322,-0.2186862975358963,0.19628529250621796,-0.4180672764778137,-0.18632350862026215,0.2089451253414154,-0.43371012806892395,-0.1529749631881714,0.0,0.0,0.0,0.32143962383270264,-0.2551993429660797,-0.037275850772857666,0.519716739654541,-0.5181781053543091,-0.10430660843849182,0.6885157227516174,-0.6973491311073303,-0.1869628131389618,0.8451398015022278,-0.8381300568580627,-0.25485286116600037,0.24507451057434082,-1.079001784324646,-0.08610367029905319,0.600967526435852,-0.9367465972900391,-0.2236080765724182,0.5794274806976318,-0.6744809746742249,-0.2919875979423523,0.49773645401000977,-0.6351790428161621,-0.3372359573841095,0.07645290344953537,-0.9859977960586548,-0.14820003509521484,0.5063250064849854,-0.7347987294197083,-0.2841324508190155,0.4624786674976349,-0.4811251759529114,-0.3089965283870697,0.3519611656665802,-0.48257482051849365,-0.3237956166267395,-0.058741986751556396,-0.7959480285644531,-0.2220127284526825,0.3510446846485138,-0.5747899413108826,-0.3537217974662781,0.3279232382774353,-0.33946874737739563,-0.3196476399898529,0.2307681292295456,-0.3267149031162262,-0.2869957387447357,-0.16443681716918945,-0.5589137673377991,-0.30228713154792786,0.15980328619480133,-0.4472838342189789,-0.3847995102405548,0.17963090538978577,-0.28828373551368713,-0.35553425550460815,0.11265195906162262,-0.26217854022979736,-0.32385990023612976
0.0,0.0,0.0,-0.25719785690307617,-0.18800710141658783,-0.1292719542980194,-0.47166797518730164,-0.5187084674835205,-0.20210787653923035,-0.6436127424240112,-0.7496320605278015,-0.265720397233963,-0.7981568574905396,-0.9049814939498901,-0.30500587821006775,-0.16360925137996674,-0.9978076815605164,-0.09107235074043274,-0.299454927444458,-0.8706482648849487,-0.21489134430885315,-0.28494954109191895,-0.6071174144744873,-0.28376391530036926,-0.22946785390377045,-0.550715982913971,-0.32695648074150085,0.035009898245334625,-0.9949935078620911,-0.09360650926828384,-0.12730462849140167,-0.7675604820251465,-0.21371601521968842,-0.1412111222743988,-0.5071662664413452,-0.24076338112354279,-0.07822273671627045,-0.5290080308914185,-0.24881218373775482,0.21179145574569702,-0.8688544631004333,-0.11824319511651993,0.06519071757793427,-0.6690831184387207,-0.2377699911594391,0.01967153325676918,-0.46032384037971497,-0.20145824551582336,0.07162344455718994,-0.5145712494850159,-0.1642744541168213,0.36359837651252747,-0.7031810879707336,-0.15836232900619507,0.2511470317840576,-0.5674789547920227,-0.2202555239200592,0.18223704397678375,-0.4206368029117584,-0.18736281991004944,0.20966792106628418,-0.4448282718658447,-0.15459294617176056,0.0,0.0,0.0,0.31375864148139954,-0.25770699977874756,-0.04815028980374336,0.5104774236679077,-0.512196958065033,-0.12420922517776489,0.6805931329727173,-0.6833509802818298,-0.21366724371910095,0.8379567861557007,-0.8249577283859253,-0.2874723970890045,0.21510732173919678,-1.0809427499771118,-0.10215573012828827,0.571904718875885,-0.927555501461029,-0.24491484463214874,0.5477991700172424,-0.6692886352539062,-0.3183034360408783,0.45600301027297974,-0.6347090005874634,-0.36735787987709045,0.04219657555222511,-0.9861518740653992,-0.1603868007659912,0.4667940139770508,-0.7378522157669067,-0.30168408155441284,0.42623665928840637,-0.48236140608787537,-0.33038708567619324,0.3106458783149719,-0.4750296175479889,-0.3490908443927765,-0.09499476850032806,-0.7955933809280396,-0.2308751791715622,0.3077508807182312,-0.5866098403930664,-0.36726105213165283,0.2932024896144867,-0.3563035726547241,-0.33809399604797363,0.19331461191177368,-0.3386954665184021,-0.30905237793922424,-0.20430167019367218,-0.5579317808151245,-0.3081580400466919,0.1175864115357399,-0.45637497305870056,-0.395858496427536,0.1428230255842209,-0.3032139837741852,-0.3716815710067749,0.07049057632684708,-0.28029173612594604,-0.34377288818359375
0.0,0.0,0.0,-0.2801523208618164,-0.20641490817070007,-0.1253972202539444,-0.5103902220726013,-0.5235568881034851,-0.19725830852985382,-0.6959861516952515,-0.7252398133277893,-0.26005345582962036,-0.8642870187759399,-0.8522542119026184,-0.29968973994255066,-0.1806042641401291,-1.0068503618240356,-0.09648189693689346,-0.3829089403152466,-0.8389612436294556,-0.20481812953948975,-0.3557420074939728,-0.5803735256195068,-0.26023346185684204,-0.27513718605041504,-0.5267831683158875,-0.2938777804374695,0.015537375584244728,-0.9952354431152344,-0.09625494480133057,-0.21909454464912415,-0.7170299887657166,-0.19740132987499237,-0.2124534547328949,-0.47667232155799866,-0.21307678520679474,-0.12335311621427536,-0.4957910478115082,-0.21665599942207336,0.18966303765773773,-0.8651664853096008,-0.11608836054801941,-0.036968737840652466,-0.6261458992958069,-0.2207561582326889,-0.05919375270605087,-0.4248977303504944,-0.18358099460601807,0.017307450994849205,-0.4547075927257538,-0.14635713398456573,0.3414652645587921,-0.69908207654953,-0.1515456587076187,0.17100444436073303,-0.55962735414505,-0.20436501502990723,0.11859526485204697,-0.4190489947795868,-0.16937355697155,0.16323404014110565,-0.4142394959926605,-0.133863627910614,0.0,0.0,0.0,0.3171238601207733,-0.28883951902389526,-0.06793675571680069,0.5263564586639404,-0.5766814947128296,-0.14783814549446106,0.6959776282310486,-0.7660181522369385,-0.2378125637769699,0.870693564414978,-0.9137213230133057,-0.31558743119239807,0.20042000710964203,-1.0849765539169312,-0.10814505070447922,0.4885816276073456,-0.9572525024414062,-0.24740345776081085,0.4747483432292938,-0.6947008371353149,-0.33047494292259216,0.4006348252296448,-0.6372203230857849,-0.3857596814632416,0.01955830305814743,-0.988001823425293,-0.1531989723443985,0.3805427551269531,-0.7915359735488892,-0.29072555899620056,0.36858972907066345,-0.5291000604629517,-0.3318649232387543,0.2724331021308899,-0.4847200810909271,-0.3545604646205902,-0.12721417844295502,-0.8053351044654846,-0.21089647710323334,0.21999238431453705,-0.6289082765579224,-0.34101438522338867,0.23370808362960815,-0.4025772511959076,-0.3275068998336792,0.1472511738538742,-0.3657726049423218,-0.30500924587249756,-0.24675947427749634,-0.5786683559417725,-0.276285320520401,0.03743191808462143,-0.4951898753643036,-0.3543122708797455,0.08883579075336456,-0.34722527861595154,-0.33103927969932556,0.03832637518644333,-0.3129649758338928,-0.302082896232605
0.0,0.0,0.0,-0.2746219336986542,-0.20399215817451477,-0.12012942880392075,-0.5024427771568298,-0.5123072862625122,-0.18845757842063904,-0.680443525314331,-0.7069803476333618,-0.24804797768592834,-0.8384407758712769,-0.8367505669593811,-0.28491494059562683,-0.18578657507896423,-1.0049211978912354,-0.09043649584054947,-0.4038196802139282,-0.8468261957168579,-0.19434478878974915,-0.3711835443973541,-0.5925471782684326,-0.24773728847503662,-0.28809505701065063,-0.5341454744338989,-0.2797643840312958,0.003161616390570998,-0.9959919452667236,-0.08938691020011902,-0.24531012773513794,-0.7263635396957397,-0.1876247525215149,-0.23039637506008148,-0.483417809009552,-0.2027318775653839,-0.14046482741832733,-0.4892127215862274,-0.20517390966415405,0.17165742814540863,-0.871378481388092,-0.10796034336090088,-0.06566523015499115,-0.6356797218322754,-0.20885133743286133,-0.08039970695972443,-0.43323150277137756,-0.17343276739120483,-0.0033423451241105795,-0.45075950026512146,-0.13690033555030823,0.31888580322265625,-0.7079616189002991,-0.1416972130537033,0.14063893258571625,-0.5693780779838562,-0.19396767020225525,0.09391938149929047,-0.4285447597503662,-0.16237382590770721,0.14083456993103027,-0.4151265323162079,-0.12832953035831451,0.0,0.0,0.0,0.303338885307312,-0.2968091666698456,-0.05209919810295105,0.5005247592926025,-0.5946760773658752,-0.11886047571897507,0.6500788927078247,-0.7972396612167358,-0.1974613517522812,0.8063454627990723,-0.9612138867378235,-0.2637007534503937,0.17163363099098206,-1.0825371742248535,-0.0936514362692833,0.45804691314697266,-0.951101541519165,-0.22703798115253448,0.44547173380851746,-0.6898022890090942,-0.30274778604507446,0.3679404854774475,-0.6374780535697937,-0.3528290092945099,-0.013381949625909328,-0.9897664785385132,-0.14206776022911072,0.34414517879486084,-0.7791702151298523,-0.27508801221847534,0.33743739128112793,-0.5168677568435669,-0.31016358733177185,0.24726130068302155,-0.477848082780838,-0.32973992824554443,-0.16026966273784637,-0.8067405819892883,-0.20118369162082672,0.18232616782188416,-0.6228553652763367,-0.3301706314086914,0.19902245700359344,-0.39669764041900635,-0.3117923140525818,0.11432567238807678,-0.36546099185943604,-0.2871299982070923,-0.27608826756477356,-0.5787544846534729,-0.2662264108657837,0.0015696055488660932,-0.49493342638015747,-0.3447466194629669,0.05283624678850174,-0.3463808298110962,-0.3190823495388031,-0.00122199731413275,-0.3168635070323944,-0.28849083185195923
0.0,0.0,0.0,-0.30925247073173523,-0.21591193974018097,-0.106697678565979,-0.530449628829956,-0.5239267349243164,-0.16905105113983154,-0.7040503621101379,-0.7209488749504089,-0.2285679429769516,-0.8523590564727783,-0.8626824021339417,-0.26259350776672363,-0.2436939924955368,-0.9884463548660278,-0.056911081075668335,-0.4786096513271332,-0.8880438208580017,-0.1695770025253296,-0.4231582283973694,-0.6278432011604309,-0.23229530453681946,-0.32538506388664246,-0.5796312093734741,-0.2706105411052704,-0.06213969737291336,-0.9958903789520264,-0.06588670611381531,-0.317745178937912,-0.7696097493171692,-0.1777283400297165,-0.2786424458026886,-0.5059143304824829,-0.1959467977285385,-0.16909854114055634,-0.5246719121932983,-0.1957135945558548,0.10650678724050522,-0.8876612782478333,-0.09711915254592896,-0.12731212377548218,-0.699482798576355,-0.21136704087257385,-0.1282329261302948,-0.46810340881347656,-0.16601277887821198,-0.02763356827199459,-0.49197885394096375,-0.1167471706867218,0.25465208292007446,-0.7371050119400024,-0.1431586891412735,0.07606451958417892,-0.6401543617248535,-0.20538869500160217,0.02670104429125786,-0.4899289309978485,-0.16903433203697205,0.08756928145885468,-0.47717398405075073,-0.12757667899131775,0.0,0.0,0.0,0.27799516916275024,-0.30058911442756653,-0.04415983334183693,0.4663040339946747,-0.6060530543327332,-0.10363167524337769,0.6081961989402771,-0.8096740245819092,-0.17615945637226105,0.7534095048904419,-0.9660247564315796,-0.23517069220542908,0.1287124752998352,-1.053463339805603,-0.07662185281515121,0.40845975279808044,-1.0063245296478271,-0.1944279819726944,0.40330833196640015,-0.7328768372535706,-0.25300541520118713,0.3213494122028351,-0.683053731918335,-0.291677325963974,-0.05562196671962738,-0.9903594255447388,-0.12686391174793243,0.2858673632144928,-0.8599898815155029,-0.2393670529127121,0.2897716462612152,-0.5708351135253906,-0.26138684153556824,0.19344370067119598,-0.5525931715965271,-0.27071550488471985,-0.2024071365594864,-0.8334150314331055,-0.1866571605205536,0.12164071202278137,-0.7023277282714844,-0.30251044034957886,0.1479533165693283,-0.44608020782470703,-0.2755216062068939,0.05910548195242882,-0.4233611226081848,-0.24537093937397003,-0.31567513942718506,-0.6257873177528381,-0.25166985392570496,-0.06739021837711334,-0.5683620572090149,-0.31962770223617554,4.071074727107771e-05,-0.39943626523017883,-0.2837390899658203,-0.042548637837171555,-0.3595424294471741,-0.24590766429901123
0.0,0.0,0.0,-0.29627618193626404,-0.17513976991176605,-0.11259900778532028,-0.52432781457901,-0.4752918481826782,-0.17608942091464996,-0.7002537250518799,-0.6667764186859131,-0.23536477982997894,-0.8470087051391602,-0.8008025288581848,-0.26952043175697327,-0.26083558797836304,-0.9740878939628601,-0.0536361038684845,-0.48351338505744934,-0.8606355786323547,-0.17664799094200134,-0.4205552935600281,-0.6050006747245789,-0.24849188327789307,-0.32678499817848206,-0.5631325244903564,-0.2909700572490692,-0.08593694120645523,-0.9945086240768433,-0.05972754582762718,-0.3253938853740692,-0.774823784828186,-0.18009957671165466,-0.27672216296195984,-0.5062054395675659,-0.20036645233631134,-0.17569684982299805,-0.5275428295135498,-0.19820424914360046,0.08148565143346786,-0.8999471068382263,-0.09057928621768951,-0.1444109082221985,-0.7094612717628479,-0.2132035344839096,-0.13464106619358063,-0.46727365255355835,-0.16755858063697815,-0.03888992965221405,-0.5029571652412415,-0.11559455096721649,0.23188500106334686,-0.7640217542648315,-0.13660767674446106,0.04924828186631203,-0.6544436812400818,-0.20270656049251556,0.015101710334420204,-0.48826807737350464,-0.16680413484573364,0.08203457295894623,-0.4902629554271698,-0.12510982155799866,0.0,0.0,0.0,0.2618209421634674,-0.30130356550216675,-0.05375871807336807,0.4467580318450928,-0.609362006187439,-0.11790112406015396,0.5922912359237671,-0.8126567006111145,-0.19139696657657623,0.7296996712684631,-0.9735901951789856,-0.24817557632923126,0.08779603987932205,-1.046304702758789,-0.08007505536079407,0.35820186138153076,-1.029015064239502,-0.19197265803813934,0.36510875821113586,-0.7549774050712585,-0.24403826892375946,0.28515663743019104,-0.7002938389778137,-0.2786453366279602,-0.08679348230361938,-0.9885749816894531,-0.12323323637247086,0.24400509893894196,-0.8958938717842102,-0.23018474876880646,0.26117151975631714,-0.6080805659294128,-0.2474733144044876,0.1669822484254837,-0.5894104242324829,-0.25401368737220764,-0.2244294136762619,-0.8417379260063171,-0.17673684656620026,0.09315067529678345,-0.7502584457397461,-0.28817448019981384,0.12879128754138947,-0.49389901757240295,-0.2591038942337036,0.037976570427417755,-0.4713102877140045,-0.22860215604305267,-0.32777079939842224,-0.6461833119392395,-0.2361159771680832,-0.07367171347141266,-0.6152181029319763,-0.3048091232776642,-0.009543330408632755,-0.44418448209762573,-0.2708112299442291,-0.06502450257539749,-0.40402260422706604,-0.23432964086532593
0.0,0.0,0.0,-0.29081088304519653,-0.1921425461769104,-0.10244520753622055,-0.5158993005752563,-0.5104538798332214,-0.15847206115722656,-0.6898292303085327,-0.7028195858001709,-0.21233110129833221,-0.8433041572570801,-0.8332713842391968,-0.24302919209003448,-0.23970210552215576,-0.9907673001289368,-0.04551387578248978,-0.4498911499977112,-0.8752647638320923,-0.1619471162557602,-0.4045732617378235,-0.6218429207801819,-0.22816015779972076,-0.31868043541908264,-0.5778404474258423,-0.26591598987579346,-0.061832495033741,-0.9965344071388245,-0.05564095452427864,-0.2912079095840454,-0.7776268720626831,-0.16718949377536774,-0.2617960274219513,-0.5127584338188171,-0.18491725623607635,-0.16657735407352448,-0.5353615880012512,-0.1820046454668045,0.10834534466266632,-0.8921706676483154,-0.08877775818109512,-0.11189013719558716,-0.7099093794822693,-0.20593418180942535,-0.11753777414560318,-0.47143107652664185,-0.16183416545391083,-0.02606421522796154,-0.5013216733932495,-0.11127841472625732,0.26088955998420715,-0.7486788630485535,-0.13570420444011688,0.09031446278095245,-0.6540101170539856,-0.1967683583498001,0.04576802998781204,-0.4921692907810211,-0.15771988034248352,0.10885237157344818,-0.4829922914505005,-0.11375492811203003,0.0,0.0,0.0,0.2786773145198822,-0.2926548421382904,-0.05171213299036026,0.46213558316230774,-0.5883615016937256,-0.11120038479566574,0.5888290405273438,-0.7918773889541626,-0.18168959021568298,0.7229734063148499,-0.9521698355674744,-0.23811952769756317,0.1319817155599594,-1.059074878692627,-0.06871344149112701,0.40652090311050415,-0.9864383935928345,-0.18690001964569092,0.39902788400650024,-0.7144882678985596,-0.25193774700164795,0.3222978711128235,-0.6604781150817871,-0.29477033019065857,-0.04420914128422737,-0.9927012324333191,-0.11220422387123108,0.2888018488883972,-0.8473223447799683,-0.2252487987279892,0.29052555561065674,-0.5746640563011169,-0.25416743755340576,0.20122425258159637,-0.5437581539154053,-0.2687530815601349,-0.18531984090805054,-0.8372419476509094,-0.16659633815288544,0.13193656504154205,-0.7026642560958862,-0.28182652592658997,0.15572595596313477,-0.4603880047798157,-0.26184120774269104,0.07289533317089081,-0.4298475980758667,-0.23645652830600739,-0.2961852252483368,-0.6326795220375061,-0.22672347724437714,-0.04578050598502159,-0.5831720232963562,-0.29631364345550537,0.011570455506443977,-0.4166007339954376,-0.2659066319465637,-0.03592531010508537,-0.3787301182746887,-0.23153382539749146
0.0,0.0,0.0,-0.2595839202404022,-0.19553375244140625,-0.14446380734443665,-0.47817617654800415,-0.5041336417198181,-0.22948871552944183,-0.6669715046882629,-0.7165408134460449,-0.3012160062789917,-0.8259621858596802,-0.872654139995575,-0.34719985723495483,-0.14339978992938995,-1.0232011079788208,-0.1266774982213974,-0.3198365569114685,-0.8181926012039185,-0.2493240386247635,-0.30506300926208496,-0.5415792465209961,-0.31392356753349304,-0.23440203070640564,-0.49292707443237305,-0.3552827835083008,0.06247536465525627,-0.9904564619064331,-0.12285304069519043,-0.1390351951122284,-0.7012484073638916,-0.2369297444820404,-0.1639431118965149,-0.45396775007247925,-0.25843125581741333,-0.09819924086332321,-0.4822647273540497,-0.2669415771961212,0.23678316175937653,-0.8392065167427063,-0.13965167105197906,0.04594990983605385,-0.5903249979019165,-0.2549363374710083,-0.0072526996955275536,-0.3873458504676819,-0.21817003190517426,0.045916441828012466,-0.42941340804100037,-0.1825961321592331,0.38323110342025757,-0.6504163146018982,-0.17371398210525513,0.24680131673812866,-0.4900323152542114,-0.2353067398071289,0.1738789677619934,-0.3552062213420868,-0.20357075333595276,0.19426535069942474,-0.3725745677947998,-0.17111432552337646,0.0,0.0,0.0,0.34768086671829224,-0.27759596705436707,-0.04100654274225235,0.5647754669189453,-0.5667130947113037,-0.10831896960735321,0.7501955032348633,-0.7693701982498169,-0.18945637345314026,0.9177733063697815,-0.9410088658332825,-0.25578710436820984,0.25929883122444153,-1.0841825008392334,-0.11475929617881775,0.614392101764679,-0.9190238118171692,-0.2596125900745392,0.5822106003761292,-0.6541855931282043,-0.33180326223373413,0.4861518144607544,-0.6194190979003906,-0.38047271966934204,0.07830378413200378,-0.9817089438438416,-0.1735398769378662,0.5054681897163391,-0.697601854801178,-0.33117303252220154,0.4555317163467407,-0.4437890648841858,-0.37071070075035095,0.33499693870544434,-0.4327317476272583,-0.3954690396785736,-0.061678074300289154,-0.7835202813148499,-0.24079249799251556,0.3406817615032196,-0.5334586501121521,-0.38329195976257324,0.318569540977478,-0.31407564878463745,-0.3580918610095978,0.2135215550661087,-0.30498042702674866,-0.3314884603023529,-0.17193906009197235,-0.5429629683494568,-0.3137805163860321,0.14588883519172668,-0.4151645302772522,-0.40358826518058777,0.17379319667816162,-0.27086901664733887,-0.3826119899749756,0.10060124099254608,-0.26149782538414,-0.35726091265678406
0.0,0.0,0.0,-0.2698335647583008,-0.19262446463108063,-0.1199398934841156,-0.4984551668167114,-0.5108485817909241,-0.18543045222759247,-0.6813918948173523,-0.7235919833183289,-0.24364951252937317,-0.8344860076904297,-0.8712931275367737,-0.2767890393733978,-0.1992889642715454,-0.9913132190704346,-0.07454618066549301,-0.38143956661224365,-0.8959622383117676,-0.1876634955406189,-0.35162612795829773,-0.6342185735702515,-0.24695417284965515,-0.2775968313217163,-0.5832781195640564,-0.28208431601524353,-0.011426598764955997,-0.9971358776092529,-0.07476261258125305,-0.21081924438476562,-0.787026584148407,-0.18570926785469055,-0.20055152475833893,-0.5289812088012695,-0.202149897813797,-0.11605830490589142,-0.5502868294715881,-0.20124055445194244,0.16071487963199615,-0.8849806785583496,-0.09735593944787979,-0.026909561827778816,-0.6975957155227661,-0.21325631439685822,-0.05000750347971916,-0.4797229766845703,-0.1727205514907837,0.02698267623782158,-0.5128480195999146,-0.12834079563617706,0.31392422318458557,-0.7371760010719299,-0.1347472071647644,0.16849900782108307,-0.6224289536476135,-0.19674624502658844,0.11463113874197006,-0.469383180141449,-0.16417014598846436,0.16279345750808716,-0.4665001630783081,-0.12756730616092682,0.0,0.0,0.0,0.3096701204776764,-0.27742770314216614,-0.07527223974466324,0.511645495891571,-0.5690251588821411,-0.15430057048797607,0.6616968512535095,-0.7711026668548584,-0.24285031855106354,0.8160621523857117,-0.9403408169746399,-0.3185292184352875,0.17540672421455383,-1.0790156126022339,-0.08614823967218399,0.4783366024494171,-0.9521075487136841,-0.22875970602035522,0.4628639817237854,-0.6829047203063965,-0.3198300898075104,0.3774356245994568,-0.6310648322105408,-0.37947389483451843,0.0020623095333576202,-0.9919849038124084,-0.12633967399597168,0.3707314431667328,-0.7994750738143921,-0.25929394364356995,0.3530450761318207,-0.5315713882446289,-0.30283644795417786,0.24520303308963776,-0.4997362196445465,-0.32741978764533997,-0.13560821115970612,-0.8194906115531921,-0.18175773322582245,0.2112550586462021,-0.6614069938659668,-0.31105220317840576,0.22022981941699982,-0.4285716116428375,-0.29660481214523315,0.127348855137825,-0.4000890851020813,-0.2736699879169464,-0.24549037218093872,-0.6011854410171509,-0.24555864930152893,0.036093320697546005,-0.532106339931488,-0.3226347863674164,0.07970838993787766,-0.37361496686935425,-0.29592645168304443,0.02171199768781662,-0.3381806015968323,-0.26378580927848816
0.0,0.0,0.0,-0.26013854146003723,-0.20464278757572174,-0.11031148582696915,-0.49316418170928955,-0.5084980726242065,-0.17734995484352112,-0.6734103560447693,-0.707831859588623,-0.242449551820755,-0.8137658834457397,-0.8660825490951538,-0.28790926933288574,-0.1983039826154709,-0.9923465251922607,-0.06326369196176529,-0.3814252018928528,-0.9423811435699463,-0.19289442896842957,-0.36648184061050415,-0.6628087162971497,-0.270060271024704,-0.3004873991012573,-0.5283784866333008,-0.30904942750930786,-0.0108658941462636,-0.9976401329040527,-0.06779412925243378,-0.21666179597377777,-0.8224887847900391,-0.1930868774652481,-0.22301417589187622,-0.5078283548355103,-0.2249583750963211,-0.15446925163269043,-0.43276917934417725,-0.22711879014968872,0.16224193572998047,-0.896569550037384,-0.0948198139667511,-0.028075601905584335,-0.7427554726600647,-0.23315225541591644,-0.06980407983064651,-0.456929087638855,-0.2031421810388565,-0.01768147572875023,-0.3925707936286926,-0.1525002270936966,0.3223913908004761,-0.7528209090232849,-0.1335243582725525,0.1750255823135376,-0.683154821395874,-0.2130722850561142,0.09269774705171585,-0.47566431760787964,-0.17991064488887787,0.10213518887758255,-0.39709559082984924,-0.13354086875915527,0.0,0.0,0.0,0.2952561676502228,-0.28085529804229736,-0.07084016501903534,0.4869827330112457,-0.5701562762260437,-0.1507604867219925,0.625474750995636,-0.760183572769165,-0.23862232267856598,0.7804855704307556,-0.9238578081130981,-0.3130686283111572,0.14711225032806396,-1.0729727745056152,-0.09275981783866882,0.4500070810317993,-0.9874069690704346,-0.2331695854663849,0.47307562828063965,-0.7022807598114014,-0.3162265419960022,0.4088435173034668,-0.6141647100448608,-0.3659069538116455,-0.024435488507151604,-0.9907220602035522,-0.13368868827819824,0.33982574939727783,-0.8562846183776855,-0.26702168583869934,0.3686579763889313,-0.5553392767906189,-0.30725064873695374,0.2849093973636627,-0.4908856153488159,-0.32440245151519775,-0.1598132848739624,-0.8229397535324097,-0.18777672946453094,0.18584027886390686,-0.7073081731796265,-0.32640376687049866,0.23198439180850983,-0.44465890526771545,-0.30937570333480835,0.1574268639087677,-0.3858313262462616,-0.2777114510536194,-0.2683095633983612,-0.6062639355659485,-0.24734492599964142,0.006639190949499607,-0.5778810381889343,-0.3311757743358612,0.07752574980258942,-0.4018970727920532,-0.2963453233242035,0.03765454515814781,-0.3372149169445038,-0.25378307700157166
0.0,0.0,0.0,-0.2636919915676117,-0.2167077511548996,-0.09637629240751266,-0.486062228679657,-0.49790892004966736,-0.16390840709209442,-0.6457083821296692,-0.7024495005607605,-0.2294747531414032,-0.7923747301101685,-0.8692972660064697,-0.28214895725250244,-0.1972510814666748,-0.9934924244880676,-0.06980966776609421,-0.37663793563842773,-0.9402419924736023,-0.18476615846157074,-0.3829512298107147,-0.6646691560745239,-0.26501742005348206,-0.34860554337501526,-0.45795077085494995,-0.3048071265220642,-0.012974063865840435,-0.997285783290863,-0.07247613370418549,-0.21550394594669342,-0.8389938473701477,-0.18283365666866302,-0.2362649142742157,-0.5179104208946228,-0.22971224784851074,-0.21936805546283722,-0.3077603578567505,-0.24350905418395996,0.1519055962562561,-0.9020936489105225,-0.09042740613222122,-0.040957219898700714,-0.7386542558670044,-0.20424436032772064,-0.09510908275842667,-0.4483422040939331,-0.19645194709300995,-0.11134607344865799,-0.24746613204479218,-0.16461750864982605,0.29945093393325806,-0.7523105144500732,-0.11756496131420135,0.1422935277223587,-0.6404716968536377,-0.19580267369747162,0.05744485929608345,-0.4293009340763092,-0.18223151564598083,0.013520665466785431,-0.2753257155418396,-0.14906750619411469,0.0,0.0,0.0,0.2908402681350708,-0.2765507698059082,-0.058182284235954285,0.48484042286872864,-0.5715562701225281,-0.1334301084280014,0.6339104771614075,-0.7763112783432007,-0.21743512153625488,0.7887921333312988,-0.9504422545433044,-0.288052499294281,0.17423252761363983,-1.0821131467819214,-0.0943620502948761,0.4925459921360016,-0.9767309427261353,-0.2353057563304901,0.5217729210853577,-0.6894637942314148,-0.31173714995384216,0.4673937261104584,-0.5826932191848755,-0.35453227162361145,0.009179575368762016,-0.9898847937583923,-0.14157623052597046,0.3903166949748993,-0.8492799401283264,-0.27903497219085693,0.4260266423225403,-0.5575276017189026,-0.31377559900283813,0.3575248122215271,-0.47359851002693176,-0.3242184519767761,-0.12011495232582092,-0.8086278438568115,-0.20084938406944275,0.24271659553050995,-0.685616672039032,-0.34278059005737305,0.31421512365341187,-0.4281969964504242,-0.32382139563560486,0.2710454761981964,-0.34961628913879395,-0.2887645661830902,-0.21479493379592896,-0.5753878951072693,-0.2644822597503662,0.07861410081386566,-0.5230093002319336,-0.353048175573349,0.17204563319683075,-0.3469406068325043,-0.32142627239227295,0.1629692018032074,-0.26998817920684814,-0.27905720472335815
0.0,0.0,0.0,-0.26591160893440247,-0.21341463923454285,-0.09308779984712601,-0.48398005962371826,-0.4930481016635895,-0.15842224657535553,-0.6375735998153687,-0.7007587552070618,-0.22137713432312012,-0.7836217284202576,-0.8635860681533813,-0.2709936201572418,-0.19968929886817932,-0.9961845278739929,-0.06975685060024261,-0.3825320303440094,-0.939601719379425,-0.18174636363983154,-0.3877168893814087,-0.6619536280632019,-0.2585825026035309,-0.3522161543369293,-0.4607622027397156,-0.2969520688056946,-0.01988718844950199,-0.997079074382782,-0.07374196499586105,-0.2241401970386505,-0.834294319152832,-0.1788872331380844,-0.2460477203130722,-0.5164048075675964,-0.22121351957321167,-0.22810418903827667,-0.3142089545726776,-0.23321160674095154,0.14116427302360535,-0.8994283080101013,-0.09275723993778229,-0.05563304200768471,-0.7271403670310974,-0.20181995630264282,-0.10850542783737183,-0.4406068027019501,-0.19076232612133026,-0.11857622116804123,-0.24707232415676117,-0.1584000289440155,0.2847572863101959,-0.7470539212226868,-0.12104488164186478,0.12190277874469757,-0.6282663941383362,-0.19739097356796265,0.03891779109835625,-0.4164943993091583,-0.182671919465065,0.002682108897715807,-0.2651418149471283,-0.14900358021259308,0.0,0.0,0.0,0.29736828804016113,-0.2797519266605377,-0.056060414761304855,0.4895039200782776,-0.5815725922584534,-0.12579408288002014,0.62900710105896,-0.7970261573791504,-0.20462985336780548,0.7817894220352173,-0.9697843790054321,-0.270853191614151,0.1800718456506729,-1.0822211503982544,-0.08029858767986298,0.4852351248264313,-0.9599578976631165,-0.21991485357284546,0.5139597654342651,-0.679040789604187,-0.29997938871383667,0.46676525473594666,-0.56739342212677,-0.34431347250938416,0.01641196757555008,-0.9920256733894348,-0.1249627023935318,0.3871909976005554,-0.8403784036636353,-0.2605076730251312,0.42224663496017456,-0.5536316633224487,-0.29723337292671204,0.3586503565311432,-0.46136733889579773,-0.3072264492511749,-0.11140408366918564,-0.8144564032554626,-0.1824125349521637,0.23978237807750702,-0.6774113774299622,-0.32209745049476624,0.31014788150787354,-0.42772176861763,-0.30765148997306824,0.27057164907455444,-0.3451045751571655,-0.27392464876174927,-0.20532865822315216,-0.5851965546607971,-0.24459248781204224,0.08518686145544052,-0.5174398422241211,-0.3305080533027649,0.18114827573299408,-0.3471255898475647,-0.30269381403923035,0.17883245646953583,-0.27110493183135986,-0.26214146614074707
0.0,0.0,0.0,-0.28699377179145813,-0.18309547007083893,-0.11285565048456192,-0.5181999206542969,-0.5014511346817017,-0.174054354429245,-0.6964664459228516,-0.7144452929496765,-0.23084428906440735,-0.8626691699028015,-0.8502492308616638,-0.2654195725917816,-0.2507435381412506,-0.9835782051086426,-0.06234753876924515,-0.44338998198509216,-0.84329754114151,-0.18262991309165955,-0.396144300699234,-0.5756946802139282,-0.24969995021820068,-0.3137665092945099,-0.49559304118156433,-0.2870691120624542,-0.06800484657287598,-0.995336651802063,-0.06841271370649338,-0.283673495054245,-0.7432098388671875,-0.18448059260845184,-0.25722646713256836,-0.4687628448009491,-0.2072860598564148,-0.16939783096313477,-0.4593643844127655,-0.20798808336257935,0.10652188956737518,-0.8934454321861267,-0.09726028144359589,-0.09954822808504105,-0.6776651740074158,-0.21761569380760193,-0.10666637867689133,-0.4400399327278137,-0.178990438580513,-0.027417657896876335,-0.4519118368625641,-0.1328001618385315,0.2654910385608673,-0.7512256503105164,-0.14020681381225586,0.10307720303535461,-0.6247230768203735,-0.2035895437002182,0.06289960443973541,-0.4594203531742096,-0.16780294477939606,0.11886674165725708,-0.44955483078956604,-0.12704350054264069,0.0,0.0,0.0,0.2972528040409088,-0.2446819692850113,-0.05458385869860649,0.4911227822303772,-0.5341401100158691,-0.11666062474250793,0.6229294538497925,-0.7545271515846252,-0.18850280344486237,0.7578378319740295,-0.9461182355880737,-0.24743510782718658,0.21081504225730896,-1.058766484260559,-0.07004011422395706,0.4908037781715393,-0.8780049085617065,-0.20367510616779327,0.46898216009140015,-0.598755419254303,-0.284326434135437,0.3934366703033447,-0.545568585395813,-0.3358422815799713,0.032060638070106506,-0.9929282665252686,-0.11430463939905167,0.37547779083251953,-0.7461929321289062,-0.2393447607755661,0.35504084825515747,-0.4724772274494171,-0.2734750211238861,0.2680380046367645,-0.4413837194442749,-0.2917499840259552,-0.11841078102588654,-0.8359495401382446,-0.17149539291858673,0.21307948231697083,-0.6257423162460327,-0.30309760570526123,0.21868224442005157,-0.37720686197280884,-0.28247255086898804,0.13889381289482117,-0.34257760643959045,-0.2540771961212158,-0.24139273166656494,-0.6275686621665955,-0.23428663611412048,0.033913422375917435,-0.530476450920105,-0.3178923428058624,0.06991425156593323,-0.35087984800338745,-0.2886818051338196,0.010710983537137508,-0.3083115816116333,-0.25269120931625366
0.0,0.0,0.0,-0.31429192423820496,-0.1175183430314064,-0.09816024452447891,-0.5813228487968445,-0.36307838559150696,-0.1596626192331314,-0.7981569170951843,-0.5037302374839783,-0.2204718440771103,-0.9739815592765808,-0.5882033109664917,-0.257506400346756,-0.39675769209861755,-0.9006389379501343,-0.04210003837943077,-0.5809813737869263,-0.7659409046173096,-0.16113664209842682,-0.4904337227344513,-0.5218879580497742,-0.23431403934955597,-0.40546146035194397,-0.49769338965415955,-0.2804972529411316,-0.22768011689186096,-0.9722076058387756,-0.05453569442033768,-0.4102839231491089,-0.7290422320365906,-0.17160728573799133,-0.33444491028785706,-0.4680243730545044,-0.19448384642601013,-0.24553275108337402,-0.5181031227111816,-0.197332501411438,-0.047917984426021576,-0.9184921383857727,-0.08915551006793976,-0.22443267703056335,-0.7114242911338806,-0.20624911785125732,-0.1918707638978958,-0.4615199565887451,-0.15634337067604065,-0.10655947774648666,-0.5147289633750916,-0.10521091520786285,0.11495260149240494,-0.8197938203811646,-0.13753248751163483,-0.03100513480603695,-0.674488365650177,-0.19796563684940338,-0.04970462620258331,-0.4998248517513275,-0.15735168755054474,0.014429891481995583,-0.5247578024864197,-0.11561241000890732,0.0,0.0,0.0,0.2799018323421478,-0.32222023606300354,-0.053100574761629105,0.45397651195526123,-0.6565762758255005,-0.11248407512903214,0.5752010345458984,-0.89235520362854,-0.18283820152282715,0.7088853120803833,-1.0867539644241333,-0.24146796762943268,0.1098274514079094,-1.0919657945632935,-0.08473274111747742,0.39215943217277527,-0.9805041551589966,-0.21878936886787415,0.40912362933158875,-0.7118486762046814,-0.2977047264575958,0.34653958678245544,-0.6472590565681458,-0.34777501225471497,-0.08197309076786041,-0.9882760047912598,-0.12880577147006989,0.2798004746437073,-0.7847406268119812,-0.2546357810497284,0.303357869386673,-0.5120618939399719,-0.28957414627075195,0.22482925653457642,-0.4701145887374878,-0.30852389335632324,-0.22794264554977417,-0.7959783673286438,-0.18413127958774567,0.11861198395490646,-0.6156304478645325,-0.3148292899131775,0.16126878559589386,-0.3784942924976349,-0.2986767888069153,0.08673316240310669,-0.3429104685783386,-0.27288818359375,-0.3421289324760437,-0.5655161142349243,-0.24479013681411743,-0.061173345893621445,-0.483859658241272,-0.3264640271663666,0.015340358018875122,-0.32435405254364014,-0.29955729842185974,-0.024046897888183594,-0.28344398736953735,-0.26490598917007446
0.0,0.0,0.0,-0.31460368633270264,-0.06748305261135101,-0.11434783786535263,-0.6064326763153076,-0.2552374303340912,-0.18667669594287872,-0.8464406132698059,-0.3512621819972992,-0.25627148151397705,-1.034416913986206,-0.4074045717716217,-0.30135226249694824,-0.4835987091064453,-0.845710813999176,-0.06220362335443497,-0.6473333239555359,-0.7082746028900146,-0.19426731765270233,-0.541352391242981,-0.4626951813697815,-0.27068743109703064,-0.4513576924800873,-0.4264596402645111,-0.3153442442417145,-0.31007668375968933,-0.9481368660926819,-0.06992097944021225,-0.45502644777297974,-0.6967077255249023,-0.1964634507894516,-0.36385855078697205,-0.4246231019496918,-0.22087766230106354,-0.28258216381073,-0.4741284251213074,-0.22199663519859314,-0.11617733538150787,-0.9273455142974854,-0.10159450769424438,-0.2580573856830597,-0.6992599368095398,-0.2299596667289734,-0.21323943138122559,-0.439291775226593,-0.1815919727087021,-0.13707347214221954,-0.4939669668674469,-0.12768985331058502,0.06549356132745743,-0.8587443828582764,-0.14780505001544952,-0.05784808099269867,-0.701670229434967,-0.2146271914243698,-0.06745034456253052,-0.5084947943687439,-0.17244425415992737,-0.011518310755491257,-0.5237662196159363,-0.12682023644447327,0.0,0.0,0.0,0.26833096146583557,-0.38094034790992737,-0.016506068408489227,0.3791485130786896,-0.7915344834327698,-0.05670732632279396,0.45339837670326233,-1.1167889833450317,-0.10961426049470901,0.5175460577011108,-1.4099481105804443,-0.15132415294647217,0.09833810478448868,-1.1471949815750122,-0.1139073371887207,0.47577083110809326,-1.0468279123306274,-0.24162805080413818,0.4932941496372223,-0.795205295085907,-0.29308077692985535,0.3917281925678253,-0.7348796725273132,-0.3273291289806366,-0.06675122678279877,-0.9820674657821655,-0.17631717026233673,0.3961797058582306,-0.7801077365875244,-0.3040753901004791,0.3877735733985901,-0.548692524433136,-0.3254952132701874,0.25882217288017273,-0.5378687381744385,-0.34805426001548767,-0.1809091418981552,-0.7268985509872437,-0.2431180626153946,0.2540239095687866,-0.5641235709190369,-0.3715397119522095,0.2646538317203522,-0.35876360535621643,-0.3366106152534485,0.14901135861873627,-0.34222376346588135,-0.31055307388305664,-0.2630472481250763,-0.4394174814224243,-0.31162524223327637,0.0598706491291523,-0.38032445311546326,-0.4058172106742859,0.1062682569026947,-0.26505595445632935,-0.38386669754981995,0.021777259185910225,-0.2507514953613281,-0.35900622606277466
0.0,0.0,0.0,-0.29959815740585327,-0.13930730521678925,-0.11423493176698685,-0.5512667298316956,-0.4062698483467102,-0.17860595881938934,-0.7519760131835938,-0.5758851170539856,-0.23960791528224945,-0.9075970649719238,-0.7089861631393433,-0.27561572194099426,-0.33564528822898865,-0.9384428858757019,-0.05092483386397362,-0.5444726347923279,-0.8176893591880798,-0.1791229099035263,-0.4664859473705292,-0.5581256747245789,-0.25644147396087646,-0.3731801509857178,-0.5074962973594666,-0.3014083206653595,-0.16353826224803925,-0.9849672317504883,-0.055631086230278015,-0.3735503852367401,-0.7564394474029541,-0.18042783439159393,-0.31423985958099365,-0.47635695338249207,-0.205695241689682,-0.2224591076374054,-0.4990558922290802,-0.2059374749660492,0.01105752494186163,-0.912483274936676,-0.08525887131690979,-0.1840626299381256,-0.7068443298339844,-0.21098937094211578,-0.16607320308685303,-0.4511628746986389,-0.16480624675750732,-0.08021340519189835,-0.49034181237220764,-0.11117565631866455,0.17116296291351318,-0.796916663646698,-0.12976568937301636,0.015118103474378586,-0.6623705625534058,-0.19354578852653503,-0.016473116353154182,-0.48664984107017517,-0.15485666692256927,0.04267002269625664,-0.497428834438324,-0.11151213198900223,0.0,0.0,0.0,0.253579318523407,-0.31789928674697876,-0.04110168293118477,0.40936633944511414,-0.6525837182998657,-0.09464840590953827,0.5240777134895325,-0.9009169340133667,-0.16147267818450928,0.6382756233215332,-1.1157318353652954,-0.21763604879379272,0.03903258591890335,-1.070745587348938,-0.06812309473752975,0.35063546895980835,-1.0468685626983643,-0.18864743411540985,0.40062499046325684,-0.7690750360488892,-0.25683435797691345,0.34488150477409363,-0.6789180040359497,-0.29990869760513306,-0.13549184799194336,-0.9837515950202942,-0.11779101192951202,0.2476619929075241,-0.8647013902664185,-0.2212146520614624,0.29262691736221313,-0.5801888108253479,-0.24391862750053406,0.20680391788482666,-0.5239691734313965,-0.2580084800720215,-0.2665614187717438,-0.7969437837600708,-0.17859555780887604,0.10080192983150482,-0.6907684803009033,-0.2978473901748657,0.15253829956054688,-0.4379837214946747,-0.2761036157608032,0.07301612943410873,-0.38467973470687866,-0.24997004866600037,-0.36268773674964905,-0.5568907260894775,-0.24335165321826935,-0.09450823813676834,-0.5432886481285095,-0.32238316535949707,-0.007714299019426107,-0.39018431305885315,-0.2920491695404053,-0.03429866209626198,-0.3320510685443878,-0.25639379024505615
0.0,0.0,0.0,-0.2794741988182068,-0.2152845412492752,-0.09486297518014908,-0.47992178797721863,-0.5032341480255127,-0.16169573366641998,-0.637721836566925,-0.6984342336654663,-0.22717660665512085,-0.7688955068588257,-0.8683348298072815,-0.2699874937534332,-0.19890989363193512,-1.0104758739471436,-0.055392004549503326,-0.4414481222629547,-0.9052430987358093,-0.17652377486228943,-0.4226016402244568,-0.6374190449714661,-0.2480875551700592,-0.3504476249217987,-0.5260398983955383,-0.2845141887664795,-0.030486715957522392,-0.9971803426742554,-0.06857099384069443,-0.2949981689453125,-0.7812987565994263,-0.17422664165496826,-0.28059616684913635,-0.5082449913024902,-0.19696813821792603,-0.1939607858657837,-0.4853954017162323,-0.19856290519237518,0.12565010786056519,-0.8801094889640808,-0.10228744149208069,-0.12830515205860138,-0.6889529824256897,-0.20280158519744873,-0.13370272517204285,-0.4452143609523773,-0.15999867022037506,-0.0510159395635128,-0.4351097345352173,-0.11488369852304459,0.26636677980422974,-0.7148826718330383,-0.14955873787403107,0.07676637172698975,-0.6184371709823608,-0.20111161470413208,0.033000025898218155,-0.4590437710285187,-0.1610223650932312,0.08570843189954758,-0.42923781275749207,-0.11685620248317719,0.0,0.0,0.0,0.3050306439399719,-0.21726061403751373,-0.05346480756998062,0.5377410054206848,-0.47472724318504333,-0.11118187010288239,0.7140225172042847,-0.649878203868866,-0.17874163389205933,0.8588178753852844,-0.786723792552948,-0.22862495481967926,0.23647083342075348,-0.9965522289276123,-0.06163825839757919,0.49562087655067444,-0.9343721270561218,-0.17638352513313293,0.4767746031284332,-0.655695915222168,-0.2295447438955307,0.3934766948223114,-0.6076557040214539,-0.25953996181488037,0.0546015128493309,-0.9935662746429443,-0.09922078251838684,0.3578559160232544,-0.8249125480651855,-0.20536598563194275,0.3399840295314789,-0.5225455164909363,-0.22420735657215118,0.24192261695861816,-0.5287526845932007,-0.22763599455356598,-0.10008670389652252,-0.8915331363677979,-0.14756587147712708,0.18341252207756042,-0.7496692538261414,-0.25457555055618286,0.19101832807064056,-0.47491756081581116,-0.21964241564273834,0.10099171847105026,-0.46989884972572327,-0.18245810270309448,-0.22952745854854584,-0.7390556335449219,-0.20189884305000305,0.0024124470073729753,-0.66153484582901,-0.2599290907382965,0.05390259623527527,-0.46439898014068604,-0.2145826369524002,0.005553252995014191,-0.4267955422401428,-0.1676740199327469
0.0,0.0,0.0,-0.2729012072086334,-0.21147000789642334,-0.10403892397880554,-0.4782004952430725,-0.5392001271247864,-0.16647371649742126,-0.6434786319732666,-0.7461341619491577,-0.22793002426624298,-0.790880560874939,-0.8996642231941223,-0.26694467663764954,-0.18720202147960663,-1.0117939710617065,-0.045265018939971924,-0.42849770188331604,-0.8995772004127502,-0.17782390117645264,-0.3984076678752899,-0.6255316734313965,-0.2607939541339874,-0.31620529294013977,-0.5417413115501404,-0.3069221079349518,-0.01578531228005886,-0.9982556104660034,-0.05689059942960739,-0.29097723960876465,-0.786541223526001,-0.1796235591173172,-0.2711724638938904,-0.5002082586288452,-0.20547956228256226,-0.17704042792320251,-0.4838334619998932,-0.20537646114826202,0.14125074446201324,-0.879098117351532,-0.09328779578208923,-0.11319652199745178,-0.6951009631156921,-0.21164079010486603,-0.12043627351522446,-0.4496169090270996,-0.16861310601234436,-0.0324566625058651,-0.45939260721206665,-0.11807992309331894,0.28340834379196167,-0.7194843292236328,-0.14457571506500244,0.09247290343046188,-0.6135249733924866,-0.20181283354759216,0.048444293439388275,-0.4574526846408844,-0.16253122687339783,0.10721107572317123,-0.44825831055641174,-0.11851990967988968,0.0,0.0,0.0,0.2825474441051483,-0.2623608708381653,-0.033355146646499634,0.4878038167953491,-0.5330419540405273,-0.08559667319059372,0.6379276514053345,-0.7092976570129395,-0.15185654163360596,0.7715132832527161,-0.8534290790557861,-0.20530280470848083,0.17326059937477112,-1.029451847076416,-0.06446899473667145,0.443058580160141,-0.9684614539146423,-0.1742093712091446,0.44765955209732056,-0.692935585975647,-0.2307557463645935,0.38065874576568604,-0.6275633573532104,-0.26574352383613586,-0.00657840259373188,-0.993389904499054,-0.11460016667842865,0.3147255480289459,-0.8266614675521851,-0.21132101118564606,0.3204087018966675,-0.5388152003288269,-0.23074278235435486,0.23517122864723206,-0.5205370783805847,-0.24052558839321136,-0.15651309490203857,-0.8606706857681274,-0.17296084761619568,0.15085875988006592,-0.7041627168655396,-0.2782253324985504,0.16770313680171967,-0.4409950375556946,-0.25225183367729187,0.08254159986972809,-0.4183913469314575,-0.22382397949695587,-0.28182825446128845,-0.6747433543205261,-0.23487651348114014,-0.03657057136297226,-0.6038017272949219,-0.29870256781578064,0.025078199803829193,-0.41946810483932495,-0.2606186270713806,-0.012382443994283676,-0.37241408228874207,-0.2200774997472763
0.0,0.0,0.0,-0.2775663435459137,-0.21915589272975922,-0.11103523522615433,-0.5033600926399231,-0.5334830284118652,-0.18046525120735168,-0.6855998039245605,-0.7270727157592773,-0.24690215289592743,-0.8467441201210022,-0.8673639893531799,-0.2918702960014343,-0.16245384514331818,-1.0189241170883179,-0.07171621173620224,-0.38408634066581726,-0.8733780980110168,-0.19888775050640106,-0.3692900538444519,-0.5905185341835022,-0.27471843361854553,-0.2963242828845978,-0.48266637325286865,-0.3160519003868103,0.028418103232979774,-0.9963420033454895,-0.08059144020080566,-0.23111848533153534,-0.7373102307319641,-0.1896122545003891,-0.22859515249729156,-0.4662646949291229,-0.2134304642677307,-0.1423167735338211,-0.44707536697387695,-0.219290629029274,0.19774781167507172,-0.8609529733657837,-0.11164350062608719,-0.04919968172907829,-0.6309101581573486,-0.22033320367336273,-0.0703866183757782,-0.4019855260848999,-0.18414349853992462,0.007561104372143745,-0.4103544354438782,-0.1443922072649002,0.346584290266037,-0.6842474937438965,-0.1576513648033142,0.16213969886302948,-0.5523321628570557,-0.20539650321006775,0.11273845285177231,-0.40077880024909973,-0.165524423122406,0.1628776639699936,-0.3885174095630646,-0.12586237490177155,0.0,0.0,0.0,0.3225386142730713,-0.29296019673347473,-0.032845985144376755,0.5191524028778076,-0.5911960601806641,-0.09269649535417557,0.6814959049224854,-0.7927667498588562,-0.1674295961856842,0.8477838039398193,-0.9487916231155396,-0.2292616069316864,0.22368907928466797,-1.0887562036514282,-0.09971541166305542,0.5455112457275391,-0.9020063281059265,-0.23267944157123566,0.528161346912384,-0.633853554725647,-0.30021220445632935,0.4429924488067627,-0.5901641845703125,-0.34690171480178833,0.04125337675213814,-0.9863695502281189,-0.15928973257541656,0.4355033338069916,-0.6963735222816467,-0.30381903052330017,0.40679967403411865,-0.4478161036968231,-0.34450164437294006,0.2983611524105072,-0.43943819403648376,-0.37104663252830505,-0.1017271876335144,-0.7902025580406189,-0.22513392567634583,0.27416902780532837,-0.5421715378761292,-0.3623741567134857,0.27198633551597595,-0.3181719481945038,-0.3408946692943573,0.17423593997955322,-0.30689066648483276,-0.31633707880973816,-0.21586716175079346,-0.5515848994255066,-0.295133501291275,0.08232521265745163,-0.4131879210472107,-0.3839062452316284,0.12644697725772858,-0.268098384141922,-0.3612323999404907,0.06358420848846436,-0.25920307636260986,-0.3331158459186554
0.0,0.0,0.0,-0.2703385055065155,-0.19671469926834106,-0.1205071210861206,-0.5081148743629456,-0.5061182379722595,-0.193606898188591,-0.7071466445922852,-0.7010679841041565,-0.2609688639640808,-0.8816019892692566,-0.8321125507354736,-0.30619460344314575,-0.1958584189414978,-1.0055040121078491,-0.08649766445159912,-0.4024544954299927,-0.8440886735916138,-0.21612867712974548,-0.37903356552124023,-0.5667275786399841,-0.29149192571640015,-0.3055925965309143,-0.47825515270233154,-0.3338312804698944,-0.0012115724384784698,-0.9958581328392029,-0.09091264754533768,-0.24065211415290833,-0.7204000949859619,-0.20416709780693054,-0.23283371329307556,-0.45289483666419983,-0.2275971621274948,-0.14982640743255615,-0.44749781489372253,-0.2334357351064682,0.175581157207489,-0.8689730167388916,-0.11755821108818054,-0.05231958627700806,-0.6267234086990356,-0.23231001198291779,-0.07073880732059479,-0.40325021743774414,-0.1958433985710144,0.003436178434640169,-0.4219824969768524,-0.1555752456188202,0.3331370949745178,-0.7011340856552124,-0.15946178138256073,0.16068589687347412,-0.5535408854484558,-0.21455244719982147,0.1121283769607544,-0.401999294757843,-0.17774401605129242,0.15877479314804077,-0.3964543640613556,-0.13976624608039856,0.0,0.0,0.0,0.3283956050872803,-0.291123628616333,-0.04493571072816849,0.5240395665168762,-0.5972121357917786,-0.11277273297309875,0.6900358200073242,-0.8134867548942566,-0.19257453083992004,0.8586782217025757,-0.984762966632843,-0.2572490870952606,0.2169460505247116,-1.093996524810791,-0.12001971900463104,0.5577440857887268,-0.9205589294433594,-0.26115113496780396,0.5342527031898499,-0.6560348868370056,-0.3289383053779602,0.442715048789978,-0.6177154779434204,-0.37558913230895996,0.03328672796487808,-0.9836485385894775,-0.17699579894542694,0.4517698884010315,-0.7108725905418396,-0.33696895837783813,0.420875608921051,-0.4590848684310913,-0.3785865306854248,0.30840665102005005,-0.4452616274356842,-0.40459394454956055,-0.10926859080791473,-0.7794716954231262,-0.24143564701080322,0.2859114408493042,-0.5390361547470093,-0.3897062838077545,0.28338170051574707,-0.31508851051330566,-0.36567965149879456,0.18287929892539978,-0.3013996183872223,-0.33815881609916687,-0.2228408008813858,-0.5369386076927185,-0.3109642267227173,0.08849035948514938,-0.41135576367378235,-0.40699678659439087,0.1331266313791275,-0.26961058378219604,-0.38705846667289734,0.06598000228404999,-0.2602786123752594,-0.3609694838523865
0.0,0.0,0.0,-0.2889988124370575,-0.11226210743188858,-0.11668039858341217,-0.5714240074157715,-0.34484049677848816,-0.1847703605890274,-0.8010468482971191,-0.4734310209751129,-0.24839259684085846,-0.9793895483016968,-0.5519113540649414,-0.28901320695877075,-0.3762744665145874,-0.9174150228500366,-0.07004018872976303,-0.5157908797264099,-0.7716084122657776,-0.1956307291984558,-0.45155346393585205,-0.5153447389602661,-0.2658945620059967,-0.3759918212890625,-0.4706522226333618,-0.3053874373435974,-0.1842006891965866,-0.9799644947052002,-0.07576093077659607,-0.31887227296829224,-0.7411381006240845,-0.19171182811260223,-0.2761836349964142,-0.4715185761451721,-0.2116202861070633,-0.20044180750846863,-0.5062283873558044,-0.2118128538131714,0.012765573337674141,-0.9239413738250732,-0.10467035323381424,-0.11310505867004395,-0.7094094753265381,-0.22870896756649017,-0.1099647805094719,-0.4674910306930542,-0.18819989264011383,-0.04412093013525009,-0.5143886208534241,-0.1411687284708023,0.19567497074604034,-0.8266604542732239,-0.14769253134727478,0.09395366907119751,-0.6956714391708374,-0.2087438851594925,0.05260026827454567,-0.5044032335281372,-0.1679433137178421,0.08877705037593842,-0.49705371260643005,-0.12532150745391846,0.0,0.0,0.0,0.30960148572921753,-0.32981938123703003,-0.018338747322559357,0.4869179427623749,-0.6896606087684631,-0.07520408928394318,0.6341789960861206,-0.9621893167495728,-0.14368431270122528,0.765629768371582,-1.2146443128585815,-0.19638431072235107,0.19138604402542114,-1.1163123846054077,-0.13673000037670135,0.5903313755989075,-0.9618911743164062,-0.2730970084667206,0.5729790925979614,-0.7032773494720459,-0.3236285150051117,0.46244949102401733,-0.6672146916389465,-0.3571774959564209,0.024089697748422623,-0.9782662391662598,-0.20594875514507294,0.504730761051178,-0.7182171940803528,-0.3523826599121094,0.4652412235736847,-0.48295414447784424,-0.3716759979724884,0.33697113394737244,-0.4905557632446289,-0.3917229175567627,-0.10110416263341904,-0.7417871952056885,-0.27844226360321045,0.3600028157234192,-0.5268912315368652,-0.41564613580703735,0.33416470885276794,-0.3124123811721802,-0.36688339710235596,0.216292604804039,-0.3076479732990265,-0.33193716406822205,-0.1949230134487152,-0.4663250148296356,-0.35340967774391174,0.14838962256908417,-0.375100702047348,-0.4490906596183777,0.1659357249736786,-0.23470273613929749,-0.41850024461746216,0.07039345055818558,-0.22560139000415802,-0.3888798654079437
0.0,0.0,0.0,-0.3156798183917999,-0.11837096512317657,-0.10798241943120956,-0.5841145515441895,-0.3717759847640991,-0.17027363181114197,-0.7903047204017639,-0.5337509512901306,-0.23265737295150757,-0.9712278842926025,-0.6254316568374634,-0.273264080286026,-0.38819780945777893,-0.915542483329773,-0.04277629405260086,-0.5392864346504211,-0.8119985461235046,-0.17031261324882507,-0.4686601161956787,-0.5508220791816711,-0.24767053127288818,-0.3828723728656769,-0.4732111990451813,-0.2904350161552429,-0.1995360404253006,-0.9784128665924072,-0.05379217118024826,-0.34416013956069946,-0.7698752284049988,-0.17365005612373352,-0.29556187987327576,-0.48572713136672974,-0.20409663021564484,-0.21280407905578613,-0.49163565039634705,-0.20772503316402435,-0.003456743434071541,-0.9260547161102295,-0.0884161964058876,-0.1395227015018463,-0.7445437908172607,-0.215623140335083,-0.13348855078220367,-0.48011407256126404,-0.1748736947774887,-0.06080715358257294,-0.4971020519733429,-0.12300555408000946,0.18083277344703674,-0.8302714228630066,-0.13647989928722382,0.07018442451953888,-0.7196226716041565,-0.2001631259918213,0.026034191250801086,-0.5265109539031982,-0.1557617038488388,0.06470729410648346,-0.5077527165412903,-0.10690754652023315,0.0,0.0,0.0,0.3051745891571045,-0.2567872107028961,-0.03081672452390194,0.5026558637619019,-0.5123723745346069,-0.08602603524923325,0.6447659730911255,-0.7125747799873352,-0.15706324577331543,0.7917298078536987,-0.877504289150238,-0.2185530662536621,0.24545376002788544,-1.052024483680725,-0.0297002661973238,0.5329868197441101,-0.8775233626365662,-0.1503162384033203,0.5293516516685486,-0.6005145311355591,-0.2343108355998993,0.46339550614356995,-0.5437461137771606,-0.2891938388347626,0.07701306790113449,-0.9938589930534363,-0.07945635914802551,0.4203670024871826,-0.7321926355361938,-0.1739927977323532,0.41797101497650146,-0.4676790237426758,-0.20283275842666626,0.3388371765613556,-0.4424663186073303,-0.22256386280059814,-0.06899728626012802,-0.8457117080688477,-0.14200091361999512,0.26658082008361816,-0.6135669350624084,-0.24250413477420807,0.2744656503200531,-0.37060609459877014,-0.216575026512146,0.19813425838947296,-0.3398067057132721,-0.19043534994125366,-0.19065231084823608,-0.6429206728935242,-0.2103942185640335,0.0734204351902008,-0.514187216758728,-0.2674931585788727,0.12013784795999527,-0.33928585052490234,-0.2307550609111786,0.08197104930877686,-0.2930477559566498,-0.19259905815124512
0.0,0.0,0.0,-0.2929173707962036,-0.14473681151866913,-0.10133250802755356,-0.5384581685066223,-0.42489907145500183,-0.15712766349315643,-0.7230940461158752,-0.6135271787643433,-0.2126510590314865,-0.8726819753646851,-0.7474609017372131,-0.24463872611522675,-0.32465770840644836,-0.9397144317626953,-0.031088756397366524,-0.5026186108589172,-0.8489765524864197,-0.15772247314453125,-0.4378018379211426,-0.5927428007125854,-0.23457494378089905,-0.3563595712184906,-0.5237089991569519,-0.27698957920074463,-0.14662067592144012,-0.9882850646972656,-0.04236752912402153,-0.32326191663742065,-0.7961172461509705,-0.16387628018856049,-0.2756364345550537,-0.5196474194526672,-0.19172321259975433,-0.19013507664203644,-0.5354332327842712,-0.19280411303043365,0.03470266982913017,-0.9211440682411194,-0.07791401445865631,-0.1309012770652771,-0.7591191530227661,-0.20409952104091644,-0.1265479326248169,-0.5024560689926147,-0.15927718579769135,-0.04613713547587395,-0.5322508811950684,-0.10547977685928345,0.2004472017288208,-0.8099614977836609,-0.12673421204090118,0.06397727131843567,-0.7145440578460693,-0.19360136985778809,0.025753073394298553,-0.5311610102653503,-0.1519172042608261,0.0816720500588417,-0.5272065997123718,-0.10478197038173676,0.0,0.0,0.0,0.27860498428344727,-0.21144801378250122,-0.04069603234529495,0.4824526011943817,-0.4719219505786896,-0.09572053700685501,0.6350014209747314,-0.6645780205726624,-0.16271723806858063,0.7742964029312134,-0.8214898705482483,-0.21548627316951752,0.20988155901432037,-1.0197383165359497,-0.04809820279479027,0.4842122495174408,-0.9064983129501343,-0.17215199768543243,0.4698772430419922,-0.6196934580802917,-0.24219095706939697,0.3962148129940033,-0.5544174313545227,-0.28271064162254333,0.041420962661504745,-0.9945628046989441,-0.09554632753133774,0.3701031804084778,-0.7959457635879517,-0.20325683057308197,0.35035574436187744,-0.49781811237335205,-0.22591786086559296,0.25739848613739014,-0.48037129640579224,-0.23368433117866516,-0.10682747513055801,-0.8763394355773926,-0.15541596710681915,0.20560772716999054,-0.7030963897705078,-0.2735576927661896,0.1978769153356552,-0.43352842330932617,-0.2453228235244751,0.10524401068687439,-0.41325119137763977,-0.21042507886886597,-0.2360910177230835,-0.7008087635040283,-0.21904903650283813,0.018307242542505264,-0.6224676370620728,-0.2874651849269867,0.0494220070540905,-0.43237733840942383,-0.24566009640693665,-0.01182794850319624,-0.390003502368927,-0.2002619057893753
0.0,0.0,0.0,-0.2681918442249298,-0.23017080128192902,-0.09792929142713547,-0.4487546384334564,-0.5562863945960999,-0.15729397535324097,-0.5761836171150208,-0.7886826992034912,-0.21811118721961975,-0.6877912878990173,-0.9862410426139832,-0.2534596621990204,-0.17144283652305603,-1.0072426795959473,-0.035594817250967026,-0.4032697379589081,-1.001039981842041,-0.16645748913288116,-0.3832715153694153,-0.7129291296005249,-0.23931550979614258,-0.3075457513332367,-0.5865592360496521,-0.27526578307151794,0.00013215480430517346,-0.9988958239555359,-0.04697994515299797,-0.2649908661842346,-0.8534203767776489,-0.1701478213071823,-0.2554730176925659,-0.5528184771537781,-0.1914377361536026,-0.16023100912570953,-0.5225039124488831,-0.1865694373846054,0.15556439757347107,-0.8870657086372375,-0.08354887366294861,-0.08848641812801361,-0.7738173604011536,-0.20606021583080292,-0.10687099397182465,-0.5091341137886047,-0.15742744505405426,-0.01474989764392376,-0.48550182580947876,-0.1007300317287445,0.29127922654151917,-0.7299763560295105,-0.13417072594165802,0.11117710918188095,-0.6797290444374084,-0.20428360998630524,0.05031731352210045,-0.5135707259178162,-0.16805672645568848,0.10044371336698532,-0.473177969455719,-0.12202361226081848,0.0,0.0,0.0,0.2698206305503845,-0.2517348527908325,-0.03373878076672554,0.4529687464237213,-0.5466091632843018,-0.08276897668838501,0.5781741142272949,-0.7628169059753418,-0.14515145123004913,0.6992321014404297,-0.9328227043151855,-0.19264928996562958,0.13131821155548096,-1.048004150390625,-0.03311236575245857,0.4477742910385132,-0.9789600968360901,-0.15065112709999084,0.4585143029689789,-0.6972628831863403,-0.21885621547698975,0.3855575919151306,-0.6039906144142151,-0.2584533393383026,-0.020808052271604538,-0.996618390083313,-0.07949097454547882,0.3458184599876404,-0.8565000295639038,-0.18193206191062927,0.34568721055984497,-0.5733305215835571,-0.20301662385463715,0.25533196330070496,-0.521710216999054,-0.21041561663150787,-0.13992714881896973,-0.8600316047668457,-0.13833890855312347,0.2051023691892624,-0.7460811734199524,-0.24459001421928406,0.21754705905914307,-0.4888001084327698,-0.21626074612140656,0.1365780234336853,-0.43447527289390564,-0.18298734724521637,-0.22990690171718597,-0.6721683740615845,-0.2019353061914444,0.052032049745321274,-0.6510439515113831,-0.26317107677459717,0.08669847249984741,-0.48110508918762207,-0.22671549022197723,0.02611474320292473,-0.421188086271286,-0.18665842711925507
0.0,0.0,0.0,-0.27313679456710815,-0.22701197862625122,-0.09646608680486679,-0.4637356400489807,-0.5417158603668213,-0.15746498107910156,-0.5982311964035034,-0.7661192417144775,-0.22010110318660736,-0.715067446231842,-0.954826295375824,-0.25782766938209534,-0.19183993339538574,-1.0035396814346313,-0.03626751899719238,-0.4208647608757019,-0.9829548597335815,-0.16663235425949097,-0.3929435908794403,-0.7037020921707153,-0.23941271007061005,-0.3126906156539917,-0.583278477191925,-0.27523887157440186,-0.018463963642716408,-0.9985991716384888,-0.04958602041006088,-0.2721118628978729,-0.8469288349151611,-0.1723497062921524,-0.2588045299053192,-0.5529979467391968,-0.19447937607765198,-0.1671125441789627,-0.524827241897583,-0.18999961018562317,0.1416088342666626,-0.8911895751953125,-0.08764138072729111,-0.09177214652299881,-0.769860029220581,-0.21195858716964722,-0.10924655944108963,-0.5047948360443115,-0.16363397240638733,-0.022085247561335564,-0.4826793670654297,-0.10614639520645142,0.2847119867801666,-0.7368402481079102,-0.13936059176921844,0.11163193732500076,-0.6907750964164734,-0.2097872495651245,0.04904412850737572,-0.51659095287323,-0.17065241932868958,0.09353718906641006,-0.4697837233543396,-0.12203808128833771,0.0,0.0,0.0,0.26385217905044556,-0.24457044899463654,-0.04213322699069977,0.43927666544914246,-0.5355733633041382,-0.09610260277986526,0.5607047080993652,-0.761481523513794,-0.1618812531232834,0.6716688275337219,-0.9516971707344055,-0.21265238523483276,0.12865333259105682,-1.0490062236785889,-0.044109564274549484,0.4390922486782074,-0.9794560670852661,-0.16912801563739777,0.4478702247142792,-0.6951315402984619,-0.24235811829566956,0.37237706780433655,-0.6103866100311279,-0.2856646180152893,-0.026517346501350403,-0.995635986328125,-0.08947497606277466,0.3407076895236969,-0.8524078130722046,-0.19680991768836975,0.34103789925575256,-0.5679428577423096,-0.21968361735343933,0.2474737912416458,-0.5204892158508301,-0.2289993315935135,-0.15122804045677185,-0.8550176620483398,-0.14831599593162537,0.19326071441173553,-0.7347575426101685,-0.2583295404911041,0.20708304643630981,-0.48346343636512756,-0.2304781824350357,0.12232822179794312,-0.4363236427307129,-0.19910697638988495,-0.24721314013004303,-0.6601333022117615,-0.2126084864139557,0.02869246155023575,-0.625410795211792,-0.2754317820072174,0.06437263637781143,-0.4584992527961731,-0.2392718493938446,0.0007447857642546296,-0.4055117070674896,-0.20050330460071564
0.0,0.0,0.0,-0.2974768280982971,-0.17366239428520203,-0.09975307434797287,-0.5547621846199036,-0.46327418088912964,-0.1610461324453354,-0.7688542008399963,-0.6311949491500854,-0.22223329544067383,-0.9465950131416321,-0.726060688495636,-0.26154929399490356,-0.30621424317359924,-0.9531176686286926,-0.04200860857963562,-0.48701056838035583,-0.8592413067817688,-0.16566088795661926,-0.44049912691116333,-0.600212037563324,-0.23785480856895447,-0.36676883697509766,-0.530947744846344,-0.2785321772098541,-0.12410437315702438,-0.9907873868942261,-0.05420742928981781,-0.3161073625087738,-0.7870873212814331,-0.17266836762428284,-0.2831989526748657,-0.5115320682525635,-0.19626536965370178,-0.19506166875362396,-0.5289182066917419,-0.19756515324115753,0.05663864687085152,-0.913198709487915,-0.0893414244055748,-0.12979522347450256,-0.7430424094200134,-0.21281574666500092,-0.13317187130451202,-0.4897192120552063,-0.16892381012439728,-0.04945797473192215,-0.5188083052635193,-0.1185096725821495,0.21908313035964966,-0.7953732013702393,-0.1374315321445465,0.06563923507928848,-0.6910434365272522,-0.20034462213516235,0.02556842379271984,-0.5094353556632996,-0.15888838469982147,0.08519629389047623,-0.50651615858078,-0.11478112637996674,0.0,0.0,0.0,0.28728818893432617,-0.2858133912086487,-0.053371578454971313,0.4559321403503418,-0.5976043939590454,-0.1166766956448555,0.569698691368103,-0.8420230150222778,-0.18910746276378632,0.6904883980751038,-1.0522868633270264,-0.24804939329624176,0.135476753115654,-1.0821516513824463,-0.08846603333950043,0.452645868062973,-0.9741911888122559,-0.21955785155296326,0.4704703092575073,-0.6857813596725464,-0.2906031012535095,0.3985745310783386,-0.6065101027488708,-0.3353329002857208,-0.03464052453637123,-0.9903415441513062,-0.13425233960151672,0.3507571518421173,-0.8030486702919006,-0.2559822201728821,0.3546016216278076,-0.5241142511367798,-0.283896803855896,0.2541411221027374,-0.4839964210987091,-0.2997615337371826,-0.16643156111240387,-0.8078550100326538,-0.19162218272686005,0.2008180022239685,-0.6552503705024719,-0.31689760088920593,0.22531946003437042,-0.4131665527820587,-0.291556715965271,0.13714663684368134,-0.37553808093070984,-0.26347315311431885,-0.26784083247184753,-0.573965847492218,-0.25436627864837646,0.02980162389576435,-0.5240810513496399,-0.3346959352493286,0.08153980225324631,-0.36087918281555176,-0.3031001389026642,0.021846743300557137,-0.3099815249443054,-0.26702776551246643
0.0,0.0,0.0,-0.3086360692977905,-0.1841583549976349,-0.08135351538658142,-0.5477582216262817,-0.45285817980766296,-0.13836663961410522,-0.7292407155036926,-0.6321480870246887,-0.20060831308364868,-0.8693892955780029,-0.7709423303604126,-0.2395412176847458,-0.301058292388916,-0.9594671130180359,-0.023967310786247253,-0.5104902982711792,-0.9041742086410522,-0.15031133592128754,-0.44614937901496887,-0.6323561668395996,-0.22413168847560883,-0.3569791316986084,-0.548410177230835,-0.2639181315898895,-0.12617696821689606,-0.9909734129905701,-0.04528806731104851,-0.34440878033638,-0.8298226594924927,-0.16761769354343414,-0.2983667552471161,-0.531365156173706,-0.18826186656951904,-0.20413124561309814,-0.530143678188324,-0.18396534025669098,0.04911220818758011,-0.9196377396583557,-0.08939860761165619,-0.1534310132265091,-0.8008198142051697,-0.21542882919311523,-0.14909285306930542,-0.5128316283226013,-0.16109994053840637,-0.05828672647476196,-0.5112268328666687,-0.09954424947500229,0.20985938608646393,-0.7979077100753784,-0.1455080360174179,0.049574363976716995,-0.7376764416694641,-0.21155643463134766,-0.0004269384080544114,-0.5396621823310852,-0.1646617203950882,0.05565197020769119,-0.5101794600486755,-0.11281542479991913,0.0,0.0,0.0,0.2629300653934479,-0.272824764251709,-0.043373994529247284,0.437330037355423,-0.5750817060470581,-0.09600329399108887,0.5540977120399475,-0.8051410913467407,-0.16137252748012543,0.6568753719329834,-1.011345386505127,-0.21390078961849213,0.10521768778562546,-1.0586954355239868,-0.03530111163854599,0.3972296118736267,-0.9780964851379395,-0.15949313342571259,0.4176868796348572,-0.69971764087677,-0.24051804840564728,0.3580143451690674,-0.6064881086349487,-0.288958877325058,-0.05705335736274719,-0.9953654408454895,-0.07741131633520126,0.29206791520118713,-0.8432775139808655,-0.1836477816104889,0.30515655875205994,-0.5733088850975037,-0.21472203731536865,0.22273695468902588,-0.5145066976547241,-0.22968411445617676,-0.1870846301317215,-0.846952497959137,-0.13340936601161957,0.14829353988170624,-0.7207757234573364,-0.24445326626300812,0.1700831949710846,-0.48049747943878174,-0.22662599384784698,0.0926366075873375,-0.4233703017234802,-0.20082926750183105,-0.28894758224487305,-0.6452636122703552,-0.1947527974843979,-0.015772255137562752,-0.6095991730690002,-0.26229217648506165,0.03043697029352188,-0.4451921284198761,-0.23305261135101318,-0.02231569215655327,-0.3848048448562622,-0.1970209777355194
0.0,0.0,0.0,-0.2762535512447357,-0.20746544003486633,-0.08842616528272629,-0.4913961589336395,-0.520017147064209,-0.1486090123653412,-0.6640070080757141,-0.7279199361801147,-0.21287225186824799,-0.8169921636581421,-0.8659378886222839,-0.2547191381454468,-0.20750489830970764,-0.9879775047302246,-0.02806372195482254,-0.41525799036026,-0.9560143947601318,-0.15543587505817413,-0.38350170850753784,-0.6759855151176453,-0.2286423146724701,-0.30705931782722473,-0.5831878185272217,-0.2669154107570648,-0.0368947833776474,-0.9982113838195801,-0.04704093560576439,-0.2591319680213928,-0.854263424873352,-0.16900841891765594,-0.24135412275791168,-0.5483083724975586,-0.18869860470294952,-0.15096236765384674,-0.5329692363739014,-0.18283551931381226,0.12722569704055786,-0.906744658946991,-0.08960872888565063,-0.0829017385840416,-0.7974028587341309,-0.21850447356700897,-0.09739603102207184,-0.5151552557945251,-0.16816076636314392,-0.008360596373677254,-0.5093209147453308,-0.10810065269470215,0.27784019708633423,-0.7729843854904175,-0.14416174590587616,0.1128302589058876,-0.7366669178009033,-0.2115788608789444,0.058001454919576645,-0.541767418384552,-0.16463512182235718,0.11372533440589905,-0.5032051801681519,-0.1118658185005188,0.0,0.0,0.0,0.26905855536460876,-0.2481948882341385,-0.05549200624227524,0.44457146525382996,-0.5486087799072266,-0.11119949072599411,0.5550345182418823,-0.7841837406158447,-0.17632652819156647,0.6616067290306091,-0.9899364709854126,-0.2283836305141449,0.1556626260280609,-1.054480791091919,-0.04537767171859741,0.4448763132095337,-0.9610869884490967,-0.1772996336221695,0.46064597368240356,-0.665095865726471,-0.26228994131088257,0.40277037024497986,-0.5605168342590332,-0.31077632308006287,-0.009613336063921452,-0.9966628551483154,-0.08105996251106262,0.33328351378440857,-0.8179177045822144,-0.19517244398593903,0.3332316279411316,-0.5302838683128357,-0.22937878966331482,0.2487587183713913,-0.4660118818283081,-0.24278494715690613,-0.14400559663772583,-0.8549023866653442,-0.1319158971309662,0.18345582485198975,-0.6969127655029297,-0.24832718074321747,0.19568516314029694,-0.449649840593338,-0.22952529788017273,0.11959300190210342,-0.3972240686416626,-0.1999354362487793,-0.2518925368785858,-0.661680281162262,-0.1887427717447281,0.014875389635562897,-0.5993574261665344,-0.25714728236198425,0.05473887920379639,-0.42620769143104553,-0.2242652028799057,0.00025762099539861083,-0.36796486377716064,-0.1837320625782013
0.0,0.0,0.0,-0.2898882031440735,-0.19652271270751953,-0.1080683022737503,-0.5131785273551941,-0.5142675638198853,-0.1696942150592804,-0.6903649568557739,-0.7199316620826721,-0.22863774001598358,-0.8485789895057678,-0.8629864454269409,-0.2642211616039276,-0.23452192544937134,-0.9973537921905518,-0.04472509026527405,-0.4523696303367615,-0.8847100138664246,-0.17066174745559692,-0.4141656756401062,-0.6223987340927124,-0.2459084689617157,-0.33030208945274353,-0.541427731513977,-0.286773681640625,-0.06168349087238312,-0.9967148900032043,-0.05248453468084335,-0.29767876863479614,-0.7741626501083374,-0.1718301773071289,-0.2737075388431549,-0.5024365782737732,-0.1981448233127594,-0.18444125354290009,-0.4923478364944458,-0.19857899844646454,0.10338816046714783,-0.888471245765686,-0.08476394414901733,-0.12064135074615479,-0.6937480568885803,-0.20507334172725677,-0.12407876551151276,-0.4577874541282654,-0.1673639565706253,-0.03765058144927025,-0.4744596481323242,-0.1194208487868309,0.2537428140640259,-0.7413446307182312,-0.13127721846103668,0.07490234822034836,-0.6359497904777527,-0.19260311126708984,0.03709517791867256,-0.4759080111980438,-0.15624551475048065,0.09773154556751251,-0.46858295798301697,-0.1132969781756401,0.0,0.0,0.0,0.3029504418373108,-0.25636419653892517,-0.058740731328725815,0.47683069109916687,-0.5862083435058594,-0.1153007224202156,0.5846179127693176,-0.8661243319511414,-0.18064390122890472,0.7147279381752014,-1.1054068803787231,-0.23359619081020355,0.2364639788866043,-1.0619322061538696,-0.09652692079544067,0.5426977872848511,-0.8721134066581726,-0.2501748204231262,0.521381139755249,-0.5845708847045898,-0.3280256688594818,0.4404047131538391,-0.5257501602172852,-0.37329116463661194,0.044137049466371536,-0.9892416000366211,-0.1394740641117096,0.4327177405357361,-0.6828517317771912,-0.291162371635437,0.3892393708229065,-0.39098528027534485,-0.3232433795928955,0.27992069721221924,-0.36801156401634216,-0.33445408940315247,-0.11843009293079376,-0.8252432346343994,-0.196346715092659,0.2537989020347595,-0.5551072359085083,-0.35728758573532104,0.23633356392383575,-0.2876332998275757,-0.3321342170238495,0.1427290141582489,-0.27134305238723755,-0.29253149032592773,-0.26189732551574707,-0.6018834710121155,-0.257914274930954,0.03738660737872124,-0.45929843187332153,-0.36329010128974915,0.07550809532403946,-0.2762964963912964,-0.3371571898460388,0.017443595454096794,-0.25266575813293457,-0.2974821627140045
0.0,0.0,0.0,-0.30243101716041565,-0.17781104147434235,-0.1053125411272049,-0.5499957203865051,-0.4623475968837738,-0.1732921451330185,-0.7560191750526428,-0.640308678150177,-0.24052807688713074,-0.9293389320373535,-0.7508216500282288,-0.28541427850723267,-0.2880550026893616,-0.9682572484016418,-0.0473342202603817,-0.4982675611972809,-0.8512013554573059,-0.1747618317604065,-0.4477487802505493,-0.597891628742218,-0.25238236784935,-0.36332669854164124,-0.5317685604095459,-0.2960200011730194,-0.10988272726535797,-0.9922236204147339,-0.05846407637000084,-0.3326297998428345,-0.7663228511810303,-0.1781846284866333,-0.2933770716190338,-0.5021166205406189,-0.20265193283557892,-0.19767194986343384,-0.5146019458770752,-0.2039967030286789,0.06540416926145554,-0.9050898551940918,-0.0935094952583313,-0.14891213178634644,-0.7162182927131653,-0.21597076952457428,-0.14381951093673706,-0.47582724690437317,-0.17352014780044556,-0.051632948219776154,-0.49782440066337585,-0.12359858304262161,0.22432051599025726,-0.776790201663971,-0.14266857504844666,0.05226694419980049,-0.6698523163795471,-0.20658783614635468,0.01778770424425602,-0.5020520687103271,-0.16765165328979492,0.08255603909492493,-0.4936981201171875,-0.12377980351448059,0.0,0.0,0.0,0.310234397649765,-0.26552513241767883,-0.05110560730099678,0.4748419523239136,-0.6155393123626709,-0.10476531088352203,0.5724045634269714,-0.920076847076416,-0.16700834035873413,0.692598819732666,-1.1759427785873413,-0.2189464420080185,0.24245209991931915,-1.0667941570281982,-0.10907194763422012,0.5574372410774231,-0.8860869407653809,-0.2593536674976349,0.5540212392807007,-0.609194815158844,-0.3324691355228424,0.48341605067253113,-0.5324278473854065,-0.37428387999534607,0.0465792678296566,-0.987189531326294,-0.1526014506816864,0.43669393658638,-0.6780996918678284,-0.29131248593330383,0.4060781002044678,-0.4090343415737152,-0.3143393099308014,0.29901123046875,-0.3884088397026062,-0.32635992765426636,-0.11531020700931549,-0.8140780329704285,-0.20897378027439117,0.2630670368671417,-0.51475989818573,-0.3561546802520752,0.2512991428375244,-0.2706679105758667,-0.3274105191230774,0.15796947479248047,-0.2582864463329315,-0.2929615080356598,-0.2570631802082062,-0.5903745889663696,-0.26990821957588196,0.0458354689180851,-0.3940780758857727,-0.3700909912586212,0.08525077998638153,-0.22782625257968903,-0.3489415645599365,0.02339182421565056,-0.2159910649061203,-0.3174525201320648
0.0,0.0,0.0,-0.30314821004867554,-0.13784287869930267,-0.11517272889614105,-0.5722317099571228,-0.39818835258483887,-0.1829688847064972,-0.7936001420021057,-0.5544725060462952,-0.24721021950244904,-0.9681737422943115,-0.6531885266304016,-0.28817132115364075,-0.35341086983680725,-0.9315144419670105,-0.05311724171042442,-0.5411771535873413,-0.798027515411377,-0.18401098251342773,-0.474697470664978,-0.5468594431877136,-0.2653995156288147,-0.3913957178592682,-0.4922180473804474,-0.31222376227378845,-0.17066991329193115,-0.9835749864578247,-0.058754075318574905,-0.3637767434120178,-0.740630567073822,-0.18228383362293243,-0.3074350655078888,-0.47811850905418396,-0.21063877642154694,-0.21513846516609192,-0.5049980282783508,-0.21507935225963593,0.013646814972162247,-0.9167023301124573,-0.0892256498336792,-0.17343208193778992,-0.7025296688079834,-0.2140023410320282,-0.15852110087871552,-0.4633175730705261,-0.17330357432365417,-0.07331414520740509,-0.5085603594779968,-0.12542301416397095,0.17974945902824402,-0.8067038059234619,-0.13446485996246338,0.02158321812748909,-0.6675239205360413,-0.19814547896385193,-0.0002670697867870331,-0.49462783336639404,-0.16059578955173492,0.06612377613782883,-0.5084676742553711,-0.11942704021930695,0.0,0.0,0.0,0.3232334554195404,-0.2734296917915344,-0.03623594716191292,0.48124033212661743,-0.641684889793396,-0.07747416943311691,0.5714325904846191,-0.949031412601471,-0.12823759019374847,0.6652770042419434,-1.226814866065979,-0.1665281057357788,0.25903555750846863,-1.0733202695846558,-0.10605377703905106,0.5926569700241089,-0.9007624983787537,-0.23800751566886902,0.5775762796401978,-0.6279898881912231,-0.28584977984428406,0.48691457509994507,-0.5783638954162598,-0.3125341236591339,0.06250514090061188,-0.9859219193458557,-0.15508417785167694,0.47756415605545044,-0.6756717562675476,-0.28601861000061035,0.4327832758426666,-0.4108505845069885,-0.29858675599098206,0.3106139898300171,-0.41789647936820984,-0.30355048179626465,-0.0914306491613388,-0.7914115786552429,-0.2132313847541809,0.3031080961227417,-0.5035178661346436,-0.34961748123168945,0.2887188494205475,-0.267080157995224,-0.31196609139442444,0.18134576082229614,-0.2714327275753021,-0.2740711271762848,-0.21996937692165375,-0.5570172071456909,-0.2745482623577118,0.08945444226264954,-0.3774912357330322,-0.3699129521846771,0.12370013445615768,-0.2225237637758255,-0.34542956948280334,0.04925548657774925,-0.2236373871564865,-0.3124734163284302
0.0,0.0,0.0,-0.29503288865089417,-0.15503686666488647,-0.11453518271446228,-0.5520350337028503,-0.4346868693828583,-0.18093810975551605,-0.7695646286010742,-0.6039499640464783,-0.24446696043014526,-0.9466788172721863,-0.7087984085083008,-0.2852213382720947,-0.31341952085494995,-0.9523955583572388,-0.04229839891195297,-0.5065080523490906,-0.8222119212150574,-0.17143595218658447,-0.4484027326107025,-0.5670731663703918,-0.25261178612709045,-0.3635861277580261,-0.5069245100021362,-0.29861170053482056,-0.13831216096878052,-0.9892493486404419,-0.04749203473329544,-0.34303420782089233,-0.7540295720100403,-0.17009669542312622,-0.29205745458602905,-0.4867396652698517,-0.19834543764591217,-0.19836243987083435,-0.5017425417900085,-0.20093561708927155,0.036489617079496384,-0.911161482334137,-0.07839001715183258,-0.16188134253025055,-0.7021413445472717,-0.20331943035125732,-0.14589917659759521,-0.4643462300300598,-0.16590313613414764,-0.059637684375047684,-0.5015180706977844,-0.11826343834400177,0.19516141712665558,-0.7929283380508423,-0.12383145838975906,0.02952493354678154,-0.661149799823761,-0.18537336587905884,0.007577477488666773,-0.4921749234199524,-0.14862880110740662,0.07233943790197372,-0.4996787905693054,-0.10721742361783981,0.0,0.0,0.0,0.3137145936489105,-0.274966299533844,-0.040219951421022415,0.4725452959537506,-0.6345769166946411,-0.08271007984876633,0.5643967390060425,-0.9341492652893066,-0.13513530790805817,0.6651262640953064,-1.2027019262313843,-0.17590591311454773,0.24994158744812012,-1.071372628211975,-0.096410371363163,0.5764215588569641,-0.88750821352005,-0.2338385432958603,0.5544801354408264,-0.622188925743103,-0.2933546304702759,0.4651658833026886,-0.5725575685501099,-0.32910019159317017,0.0555461049079895,-0.9879806637763977,-0.14425253868103027,0.4585914611816406,-0.6710493564605713,-0.28034651279449463,0.4126666188240051,-0.41257649660110474,-0.30139341950416565,0.29666760563850403,-0.406223863363266,-0.3122808635234833,-0.10199162364006042,-0.8048865795135498,-0.20296929776668549,0.28290683031082153,-0.504996120929718,-0.34654971957206726,0.2612660229206085,-0.26832354068756104,-0.31619375944137573,0.15761466324329376,-0.2672620415687561,-0.28174710273742676,-0.23674516379833221,-0.574664294719696,-0.2654229700565338,0.06828999519348145,-0.38654816150665283,-0.3666163682937622,0.09349080175161362,-0.22631001472473145,-0.34747353196144104,0.016981100663542747,-0.22514377534389496,-0.31767699122428894
0.0,0.0,0.0,-0.2753801643848419,-0.20880481600761414,-0.09285829961299896,-0.48590826988220215,-0.5148357152938843,-0.1538788080215454,-0.6604920625686646,-0.7014684081077576,-0.2173163890838623,-0.8242813944816589,-0.8321713209152222,-0.26212310791015625,-0.2215515673160553,-1.002633810043335,-0.03269033506512642,-0.4345839321613312,-0.8869021534919739,-0.1634148508310318,-0.40253061056137085,-0.6211084723472595,-0.25130149722099304,-0.3192417621612549,-0.520549476146698,-0.2996422350406647,-0.05208783596754074,-0.9973686933517456,-0.05042316019535065,-0.29073989391326904,-0.7885300517082214,-0.16564098000526428,-0.26995453238487244,-0.5092141628265381,-0.1970662623643875,-0.1823517233133316,-0.47885680198669434,-0.20218238234519958,0.1124507486820221,-0.8874935507774353,-0.09178519248962402,-0.11335167288780212,-0.710333526134491,-0.20771875977516174,-0.12011362612247467,-0.4694672226905823,-0.17291198670864105,-0.03968184441328049,-0.47023653984069824,-0.12764044106006622,0.2651999592781067,-0.7365027666091919,-0.14597640931606293,0.09279035031795502,-0.6465979218482971,-0.19830574095249176,0.0414690263569355,-0.4850660264492035,-0.15703479945659637,0.08943499624729156,-0.4620317816734314,-0.1123681589961052,0.0,0.0,0.0,0.29787278175354004,-0.2858472168445587,-0.04871504381299019,0.45448118448257446,-0.6493538022041321,-0.09831751883029938,0.5468425154685974,-0.9549599885940552,-0.1563282012939453,0.6455923318862915,-1.2272977828979492,-0.20332251489162445,0.20512622594833374,-1.085438847541809,-0.10489235818386078,0.5346368551254272,-0.9164993166923523,-0.2436297982931137,0.5357050895690918,-0.6559114456176758,-0.30871397256851196,0.460175096988678,-0.5915847420692444,-0.3474084734916687,0.023293644189834595,-0.9886806607246399,-0.14821600914001465,0.43143197894096375,-0.6834502220153809,-0.2804332971572876,0.3976586163043976,-0.4344130754470825,-0.30490994453430176,0.28055912256240845,-0.42287591099739075,-0.31984665989875793,-0.12330466508865356,-0.7996565699577332,-0.20289304852485657,0.26514944434165955,-0.5200909972190857,-0.3432946801185608,0.2502085864543915,-0.2908826172351837,-0.31738319993019104,0.14955396950244904,-0.2828792333602905,-0.28702616691589355,-0.2477365881204605,-0.5612540245056152,-0.2621765434741974,0.06298374384641647,-0.39142245054244995,-0.3634589612483978,0.09880822151899338,-0.23866498470306396,-0.34703075885772705,0.03038221225142479,-0.22760355472564697,-0.31888073682785034
0.0,0.0,0.0,-0.2790839970111847,-0.22768373787403107,-0.10441172868013382,-0.48240911960601807,-0.5432561635971069,-0.16985338926315308,-0.6454839706420898,-0.7469385266304016,-0.23068048059940338,-0.7999865412712097,-0.8922686576843262,-0.271672785282135,-0.15539152920246124,-1.024825930595398,-0.06483142822980881,-0.38685962557792664,-0.8786035776138306,-0.18030154705047607,-0.368289977312088,-0.6124373078346252,-0.25306373834609985,-0.29062384366989136,-0.5182906985282898,-0.2947101891040802,0.021597350016236305,-0.9970542788505554,-0.07359528541564941,-0.2413327693939209,-0.745802640914917,-0.16987989842891693,-0.23561787605285645,-0.4894271790981293,-0.19387073814868927,-0.15406286716461182,-0.46054530143737793,-0.20236241817474365,0.18050530552864075,-0.8616994619369507,-0.10276934504508972,-0.071625716984272,-0.6365479230880737,-0.2014443427324295,-0.08468952029943466,-0.41967129707336426,-0.16960597038269043,-0.01031470112502575,-0.4149889647960663,-0.13520415127277374,0.32569098472595215,-0.6837490200996399,-0.14567825198173523,0.1373155415058136,-0.5631459951400757,-0.19544072449207306,0.09340620040893555,-0.4158766567707062,-0.1608283519744873,0.14056652784347534,-0.3906579613685608,-0.12380525469779968,0.0,0.0,0.0,0.3134121298789978,-0.29177114367485046,-0.04159480333328247,0.477271169424057,-0.6579491496086121,-0.08653798699378967,0.5767466425895691,-0.9678444266319275,-0.13929499685764313,0.6783035397529602,-1.247491717338562,-0.18100564181804657,0.24852514266967773,-1.0825014114379883,-0.1138060986995697,0.5845765471458435,-0.8775826096534729,-0.24566571414470673,0.5661370754241943,-0.6073243021965027,-0.30265936255455017,0.45815953612327576,-0.5667321681976318,-0.3376002609729767,0.05394846573472023,-0.9855080246925354,-0.16082125902175903,0.4615772068500519,-0.6580120325088501,-0.28291958570480347,0.42489615082740784,-0.40327703952789307,-0.30351969599723816,0.29604771733283997,-0.41276347637176514,-0.3207019567489624,-0.10011971741914749,-0.7904932498931885,-0.21633769571781158,0.2785371243953705,-0.5071282982826233,-0.3464379906654358,0.2695295214653015,-0.2771158814430237,-0.316927045583725,0.1571609526872635,-0.2829378843307495,-0.2896925210952759,-0.2323751449584961,-0.5552405714988708,-0.2754320800304413,0.0741497278213501,-0.3931969404220581,-0.3679417669773102,0.10783849656581879,-0.2354331612586975,-0.34471821784973145,0.029662325978279114,-0.22598713636398315,-0.3156345784664154
0.0,0.0,0.0,-0.27363231778144836,-0.23459435999393463,-0.10351616144180298,-0.4803730249404907,-0.559149444103241,-0.16910748183727264,-0.6431092619895935,-0.7661810517311096,-0.23358626663684845,-0.792471170425415,-0.9084303379058838,-0.2769351005554199,-0.14162276685237885,-1.0218809843063354,-0.05345833674073219,-0.37123334407806396,-0.9172955751419067,-0.1759268343448639,-0.35865291953086853,-0.6566339135169983,-0.25275981426239014,-0.2811436057090759,-0.5677075982093811,-0.2951270341873169,0.03318504989147186,-0.9973646402359009,-0.06451760232448578,-0.22272475063800812,-0.7874795198440552,-0.1757453829050064,-0.22433990240097046,-0.526328444480896,-0.201318621635437,-0.13614170253276825,-0.4961473345756531,-0.20444346964359283,0.19241249561309814,-0.8673790097236633,-0.09792869538068771,-0.04883982613682747,-0.695610523223877,-0.21061494946479797,-0.07421888411045074,-0.4722575843334198,-0.17623429000377655,0.011150571517646313,-0.46351414918899536,-0.132473886013031,0.3374548852443695,-0.7007832527160645,-0.1456221640110016,0.1591382771730423,-0.6275691986083984,-0.20258298516273499,0.10315143316984177,-0.48263978958129883,-0.16583794355392456,0.15283825993537903,-0.45186251401901245,-0.12301131337881088,0.0,0.0,0.0,0.2880398631095886,-0.20734427869319916,-0.051497604697942734,0.49165990948677063,-0.4733753204345703,-0.10848294198513031,0.6288796067237854,-0.6881230473518372,-0.17564435303211212,0.7691226005554199,-0.8643909096717834,-0.2323865443468094,0.21783700585365295,-1.0358355045318604,-0.057199280709028244,0.48722800612449646,-0.8784167170524597,-0.1777302771806717,0.47614073753356934,-0.6064113974571228,-0.2546458840370178,0.4012027084827423,-0.5577372908592224,-0.30220216512680054,0.03043440543115139,-0.9948762059211731,-0.09641115367412567,0.35132500529289246,-0.7388814687728882,-0.19757747650146484,0.3409471809864044,-0.47397923469543457,-0.22956134378910065,0.2551179826259613,-0.45988520979881287,-0.24872495234012604,-0.13146083056926727,-0.8570548892021179,-0.1481124609708786,0.17402830719947815,-0.630805492401123,-0.25751638412475586,0.18095582723617554,-0.3884998857975006,-0.23970292508602142,0.10376225411891937,-0.37157970666885376,-0.21652324497699738,-0.2697945833206177,-0.6696459650993347,-0.205277681350708,-0.02421281673014164,-0.5472468733787537,-0.27086302638053894,0.023293539881706238,-0.36857596039772034,-0.23947671055793762,-0.019280245527625084,-0.3280067443847656,-0.2033419907093048
0.0,0.0,0.0,-0.26989486813545227,-0.22999297082424164,-0.1000303104519844,-0.47414323687553406,-0.5606890320777893,-0.16088023781776428,-0.6344842314720154,-0.7626468539237976,-0.22177940607070923,-0.7781404256820679,-0.9030410051345825,-0.2603854537010193,-0.14602376520633698,-1.0178135633468628,-0.04318895563483238,-0.37202635407447815,-0.9352127909660339,-0.16906991600990295,-0.356114000082016,-0.6659367680549622,-0.24487535655498505,-0.2824740409851074,-0.5738967657089233,-0.28531599044799805,0.025658508762717247,-0.9981404542922974,-0.055292319506406784,-0.23027904331684113,-0.8062904477119446,-0.17453068494796753,-0.2263271063566208,-0.5289390683174133,-0.19977931678295135,-0.13659116625785828,-0.5054372549057007,-0.19894130527973175,0.18279455602169037,-0.8725613951683044,-0.09094598144292831,-0.055889204144477844,-0.7138486504554749,-0.20959177613258362,-0.07590103894472122,-0.47772446274757385,-0.17283090949058533,0.012582378461956978,-0.4820610582828522,-0.1252477914094925,0.3244808614253998,-0.7099310755729675,-0.1403360366821289,0.14586547017097473,-0.6373608708381653,-0.19810618460178375,0.09651981294155121,-0.4850854277610779,-0.160777747631073,0.1554868519306183,-0.46764564514160156,-0.11721587181091309,0.0,0.0,0.0,0.29684051871299744,-0.22488735616207123,-0.05955139920115471,0.5116828083992004,-0.4910013973712921,-0.12072296440601349,0.6539413332939148,-0.6834447383880615,-0.1907256692647934,0.7928826212882996,-0.8428938984870911,-0.2471611350774765,0.23400473594665527,-1.0236384868621826,-0.07490280270576477,0.4809565246105194,-0.9199659824371338,-0.1970595419406891,0.4603731036186218,-0.6426538825035095,-0.2650679647922516,0.3842598795890808,-0.5828792452812195,-0.30627235770225525,0.05241016671061516,-0.9922189116477966,-0.11293728649616241,0.3537408113479614,-0.7899296879768372,-0.22705920040607452,0.33574971556663513,-0.5014057159423828,-0.257701575756073,0.24342480301856995,-0.4810546040534973,-0.26986661553382874,-0.10424042493104935,-0.8671815395355225,-0.16239045560359955,0.18640641868114471,-0.6781831979751587,-0.28012213110923767,0.1857466995716095,-0.42176342010498047,-0.26047438383102417,0.09655385464429855,-0.40347474813461304,-0.23163820803165436,-0.2396635115146637,-0.6883421540260315,-0.21753136813640594,0.0005094081279821694,-0.5927754044532776,-0.28848904371261597,0.04305349662899971,-0.4128235876560211,-0.25532978773117065,-0.0081407455727458,-0.37685155868530273,-0.21555298566818237
0.0,0.0,0.0,-0.27785491943359375,-0.23112067580223083,-0.09237715601921082,-0.48093950748443604,-0.5529837608337402,-0.15650103986263275,-0.6379858255386353,-0.7564051747322083,-0.22347372770309448,-0.7790429592132568,-0.9046247005462646,-0.26746463775634766,-0.15410791337490082,-1.0122630596160889,-0.0467185340821743,-0.39328882098197937,-0.9702743887901306,-0.17320136725902557,-0.36973536014556885,-0.6942602396011353,-0.24362075328826904,-0.29002735018730164,-0.6015917062759399,-0.2803976535797119,0.014068818651139736,-0.9978147745132446,-0.06455794721841812,-0.2424902617931366,-0.838448703289032,-0.18661364912986755,-0.23359525203704834,-0.5427416563034058,-0.20542499423027039,-0.13879112899303436,-0.5278164744377136,-0.19978295266628265,0.17094379663467407,-0.8812196850776672,-0.10493064671754837,-0.0659627690911293,-0.7531561255455017,-0.22819674015045166,-0.08672492951154709,-0.49226900935173035,-0.17976152896881104,0.007506747264415026,-0.49011996388435364,-0.12325312942266464,0.31331363320350647,-0.7251393795013428,-0.15834756195545197,0.13825656473636627,-0.6799495816230774,-0.22109770774841309,0.07946333289146423,-0.5118959546089172,-0.17705421149730682,0.13630180060863495,-0.4803164005279541,-0.12731046974658966,0.0,0.0,0.0,0.28785431385040283,-0.2254149317741394,-0.051340360194444656,0.5002284646034241,-0.49027663469314575,-0.11064957827329636,0.6476858854293823,-0.6805108189582825,-0.1798180639743805,0.7764158248901367,-0.8456472158432007,-0.23444019258022308,0.21852000057697296,-1.0203889608383179,-0.0698360949754715,0.4724479615688324,-0.920686662197113,-0.1841222196817398,0.44546785950660706,-0.6451808214187622,-0.24396808445453644,0.3599495589733124,-0.601248025894165,-0.2820078134536743,0.03931784629821777,-0.9929428696632385,-0.11188624799251556,0.3464893102645874,-0.7988995909690857,-0.21906828880310059,0.32655200362205505,-0.5137417912483215,-0.24493806064128876,0.23113825917243958,-0.5093309879302979,-0.2568957209587097,-0.11429446935653687,-0.8726519346237183,-0.1639394462108612,0.18129459023475647,-0.7003817558288574,-0.27692481875419617,0.18013980984687805,-0.43891972303390503,-0.2527129650115967,0.08617991209030151,-0.4251619875431061,-0.22413568198680878,-0.24546706676483154,-0.6982908248901367,-0.22100548446178436,0.00331172626465559,-0.613960862159729,-0.2917311489582062,0.03727065399289131,-0.4270884096622467,-0.2576656639575958,-0.02762722410261631,-0.3907577395439148,-0.21900725364685059
0.0,0.0,0.0,-0.2749372124671936,-0.2214331030845642,-0.09515745937824249,-0.48667198419570923,-0.5411019921302795,-0.158959299325943,-0.655633807182312,-0.7429673671722412,-0.22525754570960999,-0.7982041835784912,-0.8880656361579895,-0.26772749423980713,-0.179457888007164,-1.0060334205627441,-0.04293420910835266,-0.4085978865623474,-0.9752978682518005,-0.1747530996799469,-0.3820781707763672,-0.6972044110298157,-0.2479100227355957,-0.3062639832496643,-0.601821780204773,-0.28533652424812317,-0.00789569690823555,-0.9982849955558777,-0.058006592094898224,-0.2555082440376282,-0.8471018671989441,-0.1850787252187729,-0.2412215620279312,-0.5442135334014893,-0.2038501501083374,-0.14759573340415955,-0.5336960554122925,-0.19642947614192963,0.15221528708934784,-0.887577474117279,-0.09711307287216187,-0.07868850231170654,-0.7574841380119324,-0.22457461059093475,-0.09602760523557663,-0.4912531077861786,-0.1749122589826584,-0.003495059907436371,-0.49632906913757324,-0.11596608906984329,0.2945379614830017,-0.7383741140365601,-0.14928388595581055,0.11755737662315369,-0.6827123761177063,-0.21302281320095062,0.06641945242881775,-0.5114798545837402,-0.16905847191810608,0.12837955355644226,-0.4917789101600647,-0.1190389022231102,0.0,0.0,0.0,0.28714892268180847,-0.22858700156211853,-0.056579262018203735,0.49840888381004333,-0.49404609203338623,-0.11662089079618454,0.6466631889343262,-0.6921842694282532,-0.18569451570510864,0.7769760489463806,-0.8626561164855957,-0.23993483185768127,0.21591408550739288,-1.0195902585983276,-0.06997991353273392,0.4695683717727661,-0.9333251118659973,-0.18902085721492767,0.44555699825286865,-0.655425488948822,-0.2520087957382202,0.3635674715042114,-0.5979950428009033,-0.29002419114112854,0.037242766469717026,-0.9933586120605469,-0.10886550694704056,0.34192556142807007,-0.8064021468162537,-0.2192886769771576,0.32147228717803955,-0.5169338583946228,-0.24544762074947357,0.22752076387405396,-0.5044630765914917,-0.2551944851875305,-0.11571372300386429,-0.8733605146408081,-0.15935474634170532,0.1779538094997406,-0.6983587741851807,-0.2735288143157959,0.1757846474647522,-0.439105749130249,-0.2497638761997223,0.08564111590385437,-0.4255296587944031,-0.2195613533258438,-0.24630405008792877,-0.6987531185150146,-0.21556004881858826,-0.0024059710558503866,-0.6131048202514648,-0.2849740982055664,0.03342830389738083,-0.42926254868507385,-0.2508721351623535,-0.024818677455186844,-0.39387062191963196,-0.2112269401550293
0.0,0.0,0.0,-0.26886439323425293,-0.2287246137857437,-0.09758197516202927,-0.4764845371246338,-0.5463219881057739,-0.16415181756019592,-0.6476464867591858,-0.7446049451828003,-0.23233355581760406,-0.7929953932762146,-0.8931459188461304,-0.27732253074645996,-0.1526174545288086,-1.0077381134033203,-0.049494728446006775,-0.3837617337703705,-0.9618299007415771,-0.1757355034351349,-0.3624013662338257,-0.689215362071991,-0.24543282389640808,-0.28873875737190247,-0.6030486822128296,-0.2824423313140869,0.018180858343839645,-0.9978051781654358,-0.06367310881614685,-0.23281294107437134,-0.8372660279273987,-0.18663433194160461,-0.22360137104988098,-0.5448085069656372,-0.2060116082429886,-0.13079892098903656,-0.5349420309066772,-0.20167377591133118,0.17740491032600403,-0.8841692805290222,-0.10068584978580475,-0.05837278440594673,-0.7549510598182678,-0.22662681341171265,-0.07948098331689835,-0.4961782395839691,-0.18036098778247833,0.012674733996391296,-0.49705252051353455,-0.12559133768081665,0.31922510266304016,-0.7324451208114624,-0.15072081983089447,0.1404290348291397,-0.6808466911315918,-0.21694393455982208,0.08572450280189514,-0.5105031728744507,-0.17635783553123474,0.14606080949306488,-0.48275578022003174,-0.1294078528881073,0.0,0.0,0.0,0.29443275928497314,-0.24294926226139069,-0.045500222593545914,0.5071219205856323,-0.5160601139068604,-0.10316479206085205,0.6613415479660034,-0.7012063264846802,-0.17272505164146423,0.8088270425796509,-0.8466810584068298,-0.2301938682794571,0.20995795726776123,-1.036774754524231,-0.06398177891969681,0.4718366861343384,-0.9373367428779602,-0.18098562955856323,0.44756564497947693,-0.6660463809967041,-0.249947652220726,0.36652106046676636,-0.619464635848999,-0.2956926226615906,0.026686470955610275,-0.9935479760169983,-0.11022830754518509,0.34511759877204895,-0.801002025604248,-0.21701456606388092,0.3280057907104492,-0.5230788588523865,-0.24781300127506256,0.23330315947532654,-0.5087959170341492,-0.2655983567237854,-0.12740880250930786,-0.8568031787872314,-0.1665389984846115,0.17746545374393463,-0.6814040541648865,-0.27478843927383423,0.1817624568939209,-0.43278273940086365,-0.2536357045173645,0.09155631810426712,-0.4159131348133087,-0.22950957715511322,-0.2558777332305908,-0.6677718758583069,-0.22817815840244293,-0.0060868593864142895,-0.5852485299110413,-0.2926737070083618,0.034209370613098145,-0.4099190831184387,-0.2585747241973877,-0.02352161519229412,-0.37491339445114136,-0.22227776050567627
0.0,0.0,0.0,-0.2785052955150604,-0.21994714438915253,-0.09697815775871277,-0.4948558509349823,-0.5354225635528564,-0.160532146692276,-0.6703892946243286,-0.7252258062362671,-0.22471153736114502,-0.8217594623565674,-0.843636155128479,-0.2660137712955475,-0.17981162667274475,-1.0013618469238281,-0.05044129118323326,-0.39973288774490356,-0.9421263933181763,-0.17147420346736908,-0.3739696443080902,-0.6716402769088745,-0.23916570842266083,-0.3018907606601715,-0.5868520736694336,-0.2760917842388153,-0.007963606156408787,-0.997924268245697,-0.06390421837568283,-0.24679699540138245,-0.8161298036575317,-0.18046756088733673,-0.23355765640735626,-0.5331882834434509,-0.19926248490810394,-0.1432148814201355,-0.526961624622345,-0.19628015160560608,0.1523311734199524,-0.8841814398765564,-0.0994609072804451,-0.07128387689590454,-0.7368116974830627,-0.21799468994140625,-0.0904136672616005,-0.4874343276023865,-0.17345082759857178,-0.0008241287432610989,-0.49401408433914185,-0.1220596432685852,0.2956256568431854,-0.7312771677970886,-0.14831362664699554,0.1274283528327942,-0.6625847220420837,-0.2076421082019806,0.07416702061891556,-0.49933090806007385,-0.167136088013649,0.13126936554908752,-0.4797890782356262,-0.12231247127056122,0.0,0.0,0.0,0.31289201974868774,-0.2597631514072418,-0.05291334167122841,0.5228918790817261,-0.5528141260147095,-0.11210092902183533,0.6759861707687378,-0.7580357193946838,-0.1816864162683487,0.8257834315299988,-0.927008867263794,-0.2398831993341446,0.20695875585079193,-1.060791015625,-0.07802068442106247,0.47948068380355835,-0.8942757844924927,-0.2039615958929062,0.4570469558238983,-0.6347761750221252,-0.28014886379241943,0.378939151763916,-0.5889565348625183,-0.33119669556617737,0.023042485117912292,-0.9922909736633301,-0.12176910042762756,0.36345532536506653,-0.7592484951019287,-0.24446913599967957,0.3456028699874878,-0.5041279196739197,-0.27995729446411133,0.2533056437969208,-0.4693524241447449,-0.3000001013278961,-0.12839734554290771,-0.8351677656173706,-0.17703835666179657,0.19348584115505219,-0.6360617876052856,-0.30014219880104065,0.20270833373069763,-0.40756234526634216,-0.2842416763305664,0.12169720232486725,-0.3787805438041687,-0.2618279457092285,-0.2522737979888916,-0.627623975276947,-0.23840101063251495,0.017311057075858116,-0.5219947695732117,-0.31730443239212036,0.05950409173965454,-0.35557788610458374,-0.29413145780563354,0.00625160476192832,-0.31846559047698975,-0.26485347747802734
0.0,0.0,0.0,-0.2721284329891205,-0.22355835139751434,-0.10043427348136902,-0.48836708068847656,-0.5317922234535217,-0.16810353100299835,-0.6741101145744324,-0.7160513401031494,-0.23579314351081848,-0.8272467255592346,-0.8292252421379089,-0.28109320998191833,-0.173700749874115,-1.001753330230713,-0.04975822567939758,-0.39866331219673157,-0.9321762919425964,-0.17260034382343292,-0.37200021743774414,-0.6701504588127136,-0.24571886658668518,-0.2961888611316681,-0.5938807129859924,-0.2867979407310486,-0.003036371199414134,-0.9980984926223755,-0.06156415864825249,-0.24886663258075714,-0.8129233121871948,-0.1790594756603241,-0.23138533532619476,-0.5405370593070984,-0.2009652853012085,-0.1361156553030014,-0.5385529398918152,-0.200575590133667,0.15499253571033478,-0.8830862641334534,-0.09594771265983582,-0.07452987879514694,-0.7354344129562378,-0.21287745237350464,-0.09031495451927185,-0.49707546830177307,-0.17088378965854645,0.0017723487690091133,-0.5106417536735535,-0.12195996195077896,0.29583603143692017,-0.7300890684127808,-0.14403890073299408,0.12076428532600403,-0.6611296534538269,-0.1997024118900299,0.06989649683237076,-0.5033936500549316,-0.15966886281967163,0.12997907400131226,-0.48802781105041504,-0.11631165444850922,0.0,0.0,0.0,0.31673017144203186,-0.27573275566101074,-0.04928575083613396,0.5293867588043213,-0.5716001391410828,-0.1072983592748642,0.6837505102157593,-0.7687966823577881,-0.17849038541316986,0.83531254529953,-0.9290869235992432,-0.23965534567832947,0.20658597350120544,-1.0629081726074219,-0.07182612270116806,0.46951907873153687,-0.9109495878219604,-0.19675514101982117,0.45608705282211304,-0.656059205532074,-0.27504727244377136,0.3815450966358185,-0.608168363571167,-0.32752785086631775,0.021126361563801765,-0.9928205609321594,-0.11773291975259781,0.35255008935928345,-0.7624235153198242,-0.23886872828006744,0.3442811965942383,-0.5098868608474731,-0.27922940254211426,0.25430095195770264,-0.4767366051673889,-0.30290699005126953,-0.1299881488084793,-0.8335805535316467,-0.1745859831571579,0.18767444789409637,-0.633181095123291,-0.2974427342414856,0.2035113424062729,-0.4049912989139557,-0.28672531247138977,0.12371942400932312,-0.37806665897369385,-0.2670036852359772,-0.2532552182674408,-0.6248236894607544,-0.23712141811847687,0.010601287707686424,-0.5227656364440918,-0.3154633343219757,0.05660077556967735,-0.36201387643814087,-0.29345282912254333,0.0053396448493003845,-0.3273073136806488,-0.2645375728607178
0.0,0.0,0.0,-0.2731612026691437,-0.2152620404958725,-0.10286539047956467,-0.493436336517334,-0.529977560043335,-0.1700298935174942,-0.6752605438232422,-0.7244715690612793,-0.2369583249092102,-0.832021176815033,-0.8436681032180786,-0.2812589704990387,-0.1733524352312088,-1.0031087398529053,-0.057896025478839874,-0.38906151056289673,-0.9449052214622498,-0.18006417155265808,-0.3670845925807953,-0.6719558835029602,-0.24692946672439575,-0.2973620891571045,-0.578130841255188,-0.2825188934803009,0.0005648592486977577,-0.9975969195365906,-0.0692824274301529,-0.23418612778186798,-0.8214649558067322,-0.1889277547597885,-0.22526752948760986,-0.5304998159408569,-0.20847313106060028,-0.13822050392627716,-0.5138903856277466,-0.20473748445510864,0.16194503009319305,-0.8830632567405701,-0.10290096700191498,-0.05954025685787201,-0.735373318195343,-0.22508998215198517,-0.08180327713489532,-0.48298120498657227,-0.1820833832025528,0.003750726580619812,-0.4857083261013031,-0.1301112323999405,0.30687883496284485,-0.7310150861740112,-0.1497698426246643,0.13964787125587463,-0.6640436053276062,-0.20993047952651978,0.08654739707708359,-0.49955105781555176,-0.16898615658283234,0.1410645842552185,-0.4791756868362427,-0.12325222790241241,0.0,0.0,0.0,0.31442344188690186,-0.2679506838321686,-0.05367739871144295,0.5272881388664246,-0.5642776489257812,-0.11390594393014908,0.6852908134460449,-0.7633577585220337,-0.18605077266693115,0.8365583419799805,-0.9220806956291199,-0.24811668694019318,0.19889970123767853,-1.063185453414917,-0.07885506004095078,0.4635339677333832,-0.9162754416465759,-0.20645897090435028,0.44662046432495117,-0.6571953892707825,-0.2850690484046936,0.37078553438186646,-0.6097533702850342,-0.3374796509742737,0.011373737826943398,-0.9922432899475098,-0.12378981709480286,0.34543249011039734,-0.762860119342804,-0.24854791164398193,0.33309969305992126,-0.5016551613807678,-0.2890406548976898,0.23998133838176727,-0.4710206687450409,-0.31201454997062683,-0.14181379973888397,-0.8320869207382202,-0.17994259297847748,0.17900097370147705,-0.6264046430587769,-0.3080596327781677,0.19220201671123505,-0.3912084102630615,-0.2980140745639801,0.11033282428979874,-0.36816316843032837,-0.2775198519229889,-0.26659372448921204,-0.6227138638496399,-0.24169841408729553,-0.0035969209857285023,-0.5206738114356995,-0.3235175609588623,0.04368676617741585,-0.3523852527141571,-0.30132240056991577,-0.005815218668431044,-0.3163691461086273,-0.27149340510368347
0.0,0.0,0.0,-0.26615041494369507,-0.2160434126853943,-0.09805826097726822,-0.4760586619377136,-0.5303909182548523,-0.1627821922302246,-0.6508479714393616,-0.7267215251922607,-0.22861652076244354,-0.8039721846580505,-0.8527557253837585,-0.2732214033603668,-0.1641497164964676,-1.0084770917892456,-0.04307170584797859,-0.38486048579216003,-0.9346643686294556,-0.16914002597332,-0.3647533059120178,-0.667773962020874,-0.24519360065460205,-0.2921949028968811,-0.5713489651679993,-0.28559693694114685,0.00659364927560091,-0.9984074234962463,-0.05602831020951271,-0.24238543212413788,-0.8143426775932312,-0.17651845514774323,-0.23097513616085052,-0.5355415344238281,-0.20253807306289673,-0.14320582151412964,-0.5135505795478821,-0.20214717090129852,0.1651126593351364,-0.8816335797309875,-0.09197570383548737,-0.06832539290189743,-0.7298902273178101,-0.21078331768512726,-0.08106542378664017,-0.48993250727653503,-0.1738811582326889,0.0062298765406012535,-0.4965168833732605,-0.12641862034797668,0.30799052119255066,-0.7275106906890869,-0.14095720648765564,0.13054604828357697,-0.6586904525756836,-0.196259543299675,0.0884990245103836,-0.5012327432632446,-0.15731045603752136,0.15170161426067352,-0.48615431785583496,-0.11346340924501419,0.0,0.0,0.0,0.3150286376476288,-0.2718680500984192,-0.05730881169438362,0.5238861441612244,-0.5574539303779602,-0.12292193621397018,0.6744754910469055,-0.7559690475463867,-0.1992151141166687,0.8258991241455078,-0.9171836376190186,-0.2632768154144287,0.20567868649959564,-1.0655750036239624,-0.08328830450773239,0.47776785492897034,-0.910041868686676,-0.2140100598335266,0.4522921144962311,-0.6566488742828369,-0.2947312295436859,0.37118959426879883,-0.6171461939811707,-0.34977778792381287,0.02287612482905388,-0.991513192653656,-0.1279774159193039,0.3641386330127716,-0.7666504383087158,-0.25756070017814636,0.3446595370769501,-0.5122632384300232,-0.29724857211112976,0.2509254813194275,-0.47996222972869873,-0.3200262188911438,-0.12689748406410217,-0.828829824924469,-0.18436330556869507,0.19819314777851105,-0.6390712261199951,-0.3107021450996399,0.20689089596271515,-0.4157426655292511,-0.2951608896255493,0.12470071017742157,-0.3892737925052643,-0.27292802929878235,-0.24894852936267853,-0.616422712802887,-0.24761301279067993,0.0242550540715456,-0.5182863473892212,-0.32697969675064087,0.0680319145321846,-0.35947203636169434,-0.3037683963775635,0.014545358717441559,-0.3294188380241394,-0.27480387687683105
0.0,0.0,0.0,-0.25804901123046875,-0.21647413074970245,-0.10027920454740524,-0.47274377942085266,-0.5327227711677551,-0.1647283136844635,-0.654557466506958,-0.7301694750785828,-0.22907832264900208,-0.8136588931083679,-0.8514483571052551,-0.2726118862628937,-0.1501506268978119,-1.0119496583938599,-0.04603093862533569,-0.3705829381942749,-0.9215172529220581,-0.16563734412193298,-0.35911083221435547,-0.6550392508506775,-0.23880891501903534,-0.2891601026058197,-0.5649527907371521,-0.2785481810569763,0.020450053736567497,-0.998172402381897,-0.05686473101377487,-0.22581236064434052,-0.797724723815918,-0.16588042676448822,-0.22286206483840942,-0.52495938539505,-0.1880454123020172,-0.14035092294216156,-0.5056325197219849,-0.18858455121517181,0.177910715341568,-0.8754083514213562,-0.0901978611946106,-0.05446479842066765,-0.7109198570251465,-0.20153898000717163,-0.07789038866758347,-0.47648051381111145,-0.166082963347435,-3.8723868783563375e-05,-0.47673019766807556,-0.12189891934394836,0.3195589780807495,-0.7127190232276917,-0.13680559396743774,0.1468796283006668,-0.6414287686347961,-0.18822133541107178,0.0911850854754448,-0.4858810007572174,-0.14980407059192657,0.1385691910982132,-0.4573472738265991,-0.107509084045887,0.0,0.0,0.0,0.32610005140304565,-0.2817703187465668,-0.04485997185111046,0.5342159271240234,-0.5696282386779785,-0.10268642753362656,0.693044126033783,-0.7692995667457581,-0.173781156539917,0.8447239995002747,-0.9293552041053772,-0.2336563616991043,0.2158564180135727,-1.0715360641479492,-0.07879573851823807,0.4943178594112396,-0.9080262780189514,-0.20610874891281128,0.4832115173339844,-0.6578841209411621,-0.28106310963630676,0.41037172079086304,-0.6119820475578308,-0.3314923048019409,0.03471844643354416,-0.9911845922470093,-0.12785829603672028,0.38499367237091064,-0.7341477870941162,-0.25525963306427,0.3677711486816406,-0.48578086495399475,-0.29425400495529175,0.2735879123210907,-0.4602847695350647,-0.3177192807197571,-0.1098940372467041,-0.8189876675605774,-0.18710173666477203,0.2285175770521164,-0.597616970539093,-0.31468167901039124,0.23778189718723297,-0.37948474287986755,-0.30202990770339966,0.15632860362529755,-0.3603019714355469,-0.28150492906570435,-0.22875027358531952,-0.5960902571678162,-0.2518180012702942,0.05029653385281563,-0.4824521541595459,-0.3336939811706543,0.09695128351449966,-0.3318033218383789,-0.31335899233818054,0.04764270782470703,-0.3069756031036377,-0.2858603298664093
0.0,0.0,0.0,-0.25951048731803894,-0.22239820659160614,-0.10501104593276978,-0.47029852867126465,-0.5274732112884521,-0.1767687052488327,-0.6493611335754395,-0.7219217419624329,-0.24757342040538788,-0.8062059879302979,-0.8502553105354309,-0.2979547083377838,-0.12969712913036346,-1.0137650966644287,-0.06680918484926224,-0.35455307364463806,-0.9175060391426086,-0.19238847494125366,-0.3496857285499573,-0.6433305740356445,-0.2690959572792053,-0.28112027049064636,-0.5420548319816589,-0.3115575611591339,0.04679647833108902,-0.9958940744400024,-0.07749220728874207,-0.20813500881195068,-0.788463830947876,-0.1909359097480774,-0.21318712830543518,-0.5123247504234314,-0.2154749184846878,-0.13056965172290802,-0.48964738845825195,-0.21929311752319336,0.20482750236988068,-0.8665503263473511,-0.10957469791173935,-0.034692782908678055,-0.6868389248847961,-0.2226991057395935,-0.06469934433698654,-0.45349788665771484,-0.18615545332431793,0.010558448731899261,-0.45260298252105713,-0.14303916692733765,0.3439222276210785,-0.6970862746238708,-0.15540803968906403,0.17018435895442963,-0.6032339334487915,-0.20571626722812653,0.11287540942430496,-0.45401501655578613,-0.16605988144874573,0.15877313911914825,-0.432832807302475,-0.12456624209880829,0.0,0.0,0.0,0.3215101361274719,-0.2796442210674286,-0.03668583557009697,0.524270236492157,-0.5883517861366272,-0.09098435193300247,0.6764417290687561,-0.8048929572105408,-0.15956661105155945,0.8300727009773254,-0.9774808287620544,-0.21704533696174622,0.2326134294271469,-1.0773441791534424,-0.08757302165031433,0.5442663431167603,-0.8780542016029358,-0.21856503188610077,0.5186784267425537,-0.6087789535522461,-0.29159367084503174,0.425537109375,-0.5753720998764038,-0.34245944023132324,0.042992476373910904,-0.988686203956604,-0.14370523393154144,0.42310911417007446,-0.6901423931121826,-0.2765530049800873,0.3901832401752472,-0.44208863377571106,-0.31621265411376953,0.2767069637775421,-0.441942423582077,-0.34400880336761475,-0.10875719785690308,-0.8044153451919556,-0.20803365111351013,0.25121229887008667,-0.5489668250083923,-0.3382827639579773,0.2457532435655594,-0.3240228593349457,-0.3190477788448334,0.1442805975675583,-0.31924349069595337,-0.2981472909450531,-0.2331283837556839,-0.5723534822463989,-0.27713075280189514,0.0583164356648922,-0.43606308102607727,-0.36265912652015686,0.1011468768119812,-0.2864731252193451,-0.33924129605293274,0.037344180047512054,-0.27140671014785767,-0.311593234539032
0.0,0.0,0.0,-0.2597607970237732,-0.22075068950653076,-0.11048977822065353,-0.47650566697120667,-0.5328314900398254,-0.1831265538930893,-0.6636973023414612,-0.733259916305542,-0.2537075877189636,-0.8229057788848877,-0.8514178395271301,-0.30299267172813416,-0.13914085924625397,-1.013089895248413,-0.0645572766661644,-0.35900384187698364,-0.9190521836280823,-0.18636852502822876,-0.3511767089366913,-0.6492926478385925,-0.2593613862991333,-0.282157301902771,-0.5556128621101379,-0.2999427318572998,0.037898652255535126,-0.9966374635696411,-0.07264615595340729,-0.21406997740268707,-0.7965851426124573,-0.18700778484344482,-0.21634049713611603,-0.5288488864898682,-0.211030974984169,-0.12979447841644287,-0.5090836882591248,-0.21334467828273773,0.19685465097427368,-0.8693950772285461,-0.1029571071267128,-0.04122205823659897,-0.7017968893051147,-0.21679414808750153,-0.06942616403102875,-0.47481992840766907,-0.18121689558029175,0.01256831269711256,-0.47834306955337524,-0.1381588727235794,0.33790454268455505,-0.7057927846908569,-0.14773865044116974,0.15846773982048035,-0.6228189468383789,-0.19939425587654114,0.10212818533182144,-0.4695248603820801,-0.16084639728069305,0.15324021875858307,-0.446696937084198,-0.11987681686878204,0.0,0.0,0.0,0.3254539668560028,-0.27063891291618347,-0.0514991320669651,0.5363979935646057,-0.5626136660575867,-0.11282455921173096,0.692475438117981,-0.7622824311256409,-0.1861308068037033,0.8525984883308411,-0.9110308885574341,-0.24816210567951202,0.22431580722332,-1.073303461074829,-0.0853063091635704,0.505683958530426,-0.8985487222671509,-0.21829698979854584,0.48650816082954407,-0.6398307681083679,-0.2973283529281616,0.4087211787700653,-0.5964107513427734,-0.3492392599582672,0.03695813938975334,-0.9906537532806396,-0.13129815459251404,0.3883476257324219,-0.7329909801483154,-0.26302048563957214,0.3670317530632019,-0.47981345653533936,-0.3007079064846039,0.272127628326416,-0.4480617344379425,-0.32138943672180176,-0.11534345149993896,-0.8190078735351562,-0.18883754312992096,0.2218116968870163,-0.5929836630821228,-0.3182147443294525,0.22945985198020935,-0.3734014332294464,-0.30528199672698975,0.1468285173177719,-0.3490712642669678,-0.28315505385398865,-0.23981128633022308,-0.598938524723053,-0.25247707962989807,0.043089400976896286,-0.47917139530181885,-0.3332107961177826,0.08446139842271805,-0.32534465193748474,-0.3130100965499878,0.028547652065753937,-0.29720863699913025,-0.2852960526943207
0.0,0.0,0.0,-0.2837910056114197,-0.2294715791940689,-0.08961153775453568,-0.4966965317726135,-0.5415840744972229,-0.15358206629753113,-0.67106693983078,-0.7441506385803223,-0.2206592559814453,-0.8210299611091614,-0.8924367427825928,-0.2654682397842407,-0.2038246989250183,-0.9999520182609558,-0.04288439452648163,-0.40083733201026917,-0.9668136239051819,-0.16752271354198456,-0.36951231956481934,-0.6829892992973328,-0.24040451645851135,-0.2936156690120697,-0.5885210633277893,-0.2810865640640259,-0.02291114442050457,-0.9977603554725647,-0.0628437027335167,-0.2397259622812271,-0.851965606212616,-0.1806047558784485,-0.2335500419139862,-0.5560121536254883,-0.2021408975124359,-0.1461886167526245,-0.5392122268676758,-0.20155151188373566,0.1486807018518448,-0.8927339315414429,-0.10434994846582413,-0.052013203501701355,-0.7924888730049133,-0.22767940163612366,-0.0862574502825737,-0.516255795955658,-0.1752316653728485,-0.004357022698968649,-0.5053327679634094,-0.11777155101299286,0.3070201277732849,-0.7464868426322937,-0.1580161601305008,0.15086209774017334,-0.7131474614143372,-0.21835345029830933,0.08223208785057068,-0.5283586382865906,-0.1669996827840805,0.13296210765838623,-0.4923688471317291,-0.11442204564809799,0.0,0.0,0.0,0.28592467308044434,-0.24619653820991516,-0.05385681614279747,0.4924173355102539,-0.515400767326355,-0.12029827386140823,0.648980438709259,-0.6919861435890198,-0.19775936007499695,0.8038851618766785,-0.823714017868042,-0.2600616216659546,0.18827994167804718,-1.0327739715576172,-0.06897104531526566,0.4627535939216614,-0.951572835445404,-0.1871565580368042,0.43857747316360474,-0.6739468574523926,-0.2502639889717102,0.3507993817329407,-0.6314622759819031,-0.2906075417995453,0.015734506770968437,-0.9935672879219055,-0.11214505881071091,0.34514009952545166,-0.825774073600769,-0.2216646671295166,0.3277156352996826,-0.5331835746765137,-0.2448989599943161,0.22937870025634766,-0.5261455774307251,-0.25451305508613586,-0.1311320662498474,-0.8689466118812561,-0.1666536033153534,0.18186625838279724,-0.7213547229766846,-0.2798764705657959,0.18525660037994385,-0.45677685737609863,-0.25288107991218567,0.09019661694765091,-0.4387848973274231,-0.2218356430530548,-0.2561163008213043,-0.6922428011894226,-0.22714848816394806,-0.006528201047331095,-0.6259857416152954,-0.29259008169174194,0.03262468799948692,-0.44191408157348633,-0.2554783225059509,-0.029020605608820915,-0.40292027592658997,-0.21583980321884155
0.0,0.0,0.0,-0.29955336451530457,-0.2312099188566208,-0.07105237990617752,-0.5349537134170532,-0.5359449982643127,-0.1378360539674759,-0.7344696521759033,-0.7526780366897583,-0.21630984544754028,-0.9091665744781494,-0.9139775037765503,-0.2761714458465576,-0.23085592687129974,-0.9977068305015564,-0.037425003945827484,-0.4394681751728058,-1.0751616954803467,-0.18245621025562286,-0.41600993275642395,-0.7649943232536316,-0.2616693079471588,-0.3409616947174072,-0.6259111166000366,-0.300641268491745,-0.04390668869018555,-0.9965744018554688,-0.0700836181640625,-0.2670159935951233,-0.973393976688385,-0.20982038974761963,-0.2564297914505005,-0.6206717491149902,-0.23014582693576813,-0.16538941860198975,-0.5689476728439331,-0.22312915325164795,0.14036498963832855,-0.9235499501228333,-0.12457020580768585,-0.07111234217882156,-0.9268707036972046,-0.26903805136680603,-0.09232211112976074,-0.5819094777107239,-0.2032165676355362,-0.0036662896163761616,-0.5322826504707336,-0.13071434199810028,0.3140043318271637,-0.8058651685714722,-0.18794859945774078,0.14171606302261353,-0.852885365486145,-0.25958749651908875,0.07582207024097443,-0.6137111783027649,-0.19450390338897705,0.13213618099689484,-0.5436450242996216,-0.12875279784202576,0.0,0.0,0.0,0.2802112400531769,-0.22570104897022247,-0.06502529978752136,0.4977264106273651,-0.48343226313591003,-0.1301581710577011,0.6584457755088806,-0.6701223850250244,-0.20229731500148773,0.7853506803512573,-0.8202071189880371,-0.255226194858551,0.19722868502140045,-1.0066156387329102,-0.06688038259744644,0.44823217391967773,-0.9735269546508789,-0.1863376945257187,0.4271486699581146,-0.6870807409286499,-0.24069377779960632,0.3394702672958374,-0.6354143023490906,-0.269207626581192,0.03256065770983696,-0.9946126937866211,-0.0984145998954773,0.32315173745155334,-0.8569759130477905,-0.20498064160346985,0.30330991744995117,-0.5444992780685425,-0.2179291546344757,0.20296519994735718,-0.5528945326805115,-0.21508225798606873,-0.1102832704782486,-0.8964793682098389,-0.1431019902229309,0.16514182090759277,-0.780852198600769,-0.25541868805885315,0.1662951111793518,-0.49433061480522156,-0.2159222811460495,0.06880299001932144,-0.4801526963710785,-0.17243096232414246,-0.235212042927742,-0.7467681765556335,-0.19434498250484467,-0.010416331700980663,-0.6979823112487793,-0.2568049728870392,0.02611158974468708,-0.4980778992176056,-0.2094547003507614,-0.03757128491997719,-0.45424729585647583,-0.15864603221416473
0.0,0.0,0.0,-0.2965731918811798,-0.2204286754131317,-0.06737293303012848,-0.5299803614616394,-0.537216067314148,-0.12850210070610046,-0.719182014465332,-0.7531527280807495,-0.20070673525333405,-0.8883113861083984,-0.9060525894165039,-0.2534882724285126,-0.23212125897407532,-0.994600236415863,-0.04152320697903633,-0.4392763078212738,-1.069433569908142,-0.18070361018180847,-0.40777745842933655,-0.7590354681015015,-0.2510835826396942,-0.33264413475990295,-0.6370809674263,-0.28389230370521545,-0.05576818063855171,-0.9957508444786072,-0.07328101247549057,-0.2696128785610199,-0.9682875275611877,-0.20830044150352478,-0.2523368000984192,-0.6227672100067139,-0.22128944098949432,-0.16450901329517365,-0.5818957686424255,-0.20932883024215698,0.12147641181945801,-0.9234737753868103,-0.12592677772045135,-0.08217554539442062,-0.9313912391662598,-0.26613569259643555,-0.0973171666264534,-0.5906156897544861,-0.19906814396381378,-0.009825048968195915,-0.5441716313362122,-0.12600599229335785,0.2922564446926117,-0.8078353404998779,-0.18699921667575836,0.12754791975021362,-0.8666583895683289,-0.25661301612854004,0.06432536989450455,-0.6300651431083679,-0.19240692257881165,0.1166069284081459,-0.5564700961112976,-0.1270446926355362,0.0,0.0,0.0,0.2736150026321411,-0.22718290984630585,-0.06279898434877396,0.4880368411540985,-0.480286180973053,-0.12711995840072632,0.6421716809272766,-0.6624507904052734,-0.19738048315048218,0.755612313747406,-0.821964681148529,-0.2474457025527954,0.18166927993297577,-1.004015564918518,-0.0693083330988884,0.4328448176383972,-0.9732759594917297,-0.18567752838134766,0.41009750962257385,-0.6897849440574646,-0.2360841929912567,0.3191368281841278,-0.6433731317520142,-0.2627861201763153,0.018431227654218674,-0.9947425723075867,-0.10073482245206833,0.3070336580276489,-0.8587090969085693,-0.20793838798999786,0.2881966233253479,-0.5456194281578064,-0.2208249717950821,0.18748292326927185,-0.5558838844299316,-0.21881148219108582,-0.12273262441158295,-0.89891117811203,-0.14418569207191467,0.15007159113883972,-0.7943054437637329,-0.2573046386241913,0.1531684845685959,-0.5049851536750793,-0.2160034328699112,0.054900266230106354,-0.4872349798679352,-0.1718270629644394,-0.24529215693473816,-0.7511274218559265,-0.19348172843456268,-0.025625944137573242,-0.7132219076156616,-0.25837087631225586,0.010630722157657146,-0.5146260261535645,-0.2111222743988037,-0.05474642291665077,-0.47107890248298645,-0.1601802557706833
0.0,0.0,0.0,-0.27019351720809937,-0.22942611575126648,-0.06392093747854233,-0.48560234904289246,-0.5502108335494995,-0.11675675213336945,-0.6556165814399719,-0.7658702731132507,-0.18061132729053497,-0.8112778067588806,-0.9210367202758789,-0.2248375117778778,-0.20198474824428558,-0.9992108941078186,-0.017668208107352257,-0.40092578530311584,-1.031154751777649,-0.15132379531860352,-0.37734663486480713,-0.7368170619010925,-0.22429512441158295,-0.3030828833580017,-0.6245249509811401,-0.2594999670982361,-0.028152797371149063,-0.9984326362609863,-0.04837090149521828,-0.24480803310871124,-0.9167434573173523,-0.17208780348300934,-0.23383015394210815,-0.5933122038841248,-0.1851557493209839,-0.14475470781326294,-0.5637770891189575,-0.17464327812194824,0.14233152568340302,-0.9121078252792358,-0.10160950571298599,-0.0641138032078743,-0.864940345287323,-0.2333483099937439,-0.08004553616046906,-0.5557170510292053,-0.17450633645057678,0.007902136072516441,-0.531974732875824,-0.1085110455751419,0.305087149143219,-0.7813662886619568,-0.16387201845645905,0.14078053832054138,-0.8017189502716064,-0.23087471723556519,0.08323003351688385,-0.5883553624153137,-0.1747816503047943,0.1386580467224121,-0.5334915518760681,-0.11556141078472137,0.0,0.0,0.0,0.26004642248153687,-0.2836536467075348,-0.03633226454257965,0.44749900698661804,-0.571621298789978,-0.08909783512353897,0.5888631343841553,-0.7741497755050659,-0.1573978215456009,0.7091546654701233,-0.9461454749107361,-0.21259622275829315,0.11041121929883957,-1.0389823913574219,-0.026939623057842255,0.37206926941871643,-1.0048195123672485,-0.14166845381259918,0.3716728985309601,-0.7267382740974426,-0.21441592276096344,0.3041093349456787,-0.6684310436248779,-0.2610427141189575,-0.04639187827706337,-0.9961284399032593,-0.07467178255319595,0.2673960030078888,-0.8630906939506531,-0.17548926174640656,0.265613853931427,-0.5796160101890564,-0.20528051257133484,0.17653314769268036,-0.5627146363258362,-0.21956393122673035,-0.1700410097837448,-0.8676589727401733,-0.13482601940631866,0.12891806662082672,-0.754193902015686,-0.2386164665222168,0.14404402673244476,-0.4979487657546997,-0.21555092930793762,0.05935942381620407,-0.4703900218009949,-0.18754246830940247,-0.27113279700279236,-0.6893293857574463,-0.20026366412639618,-0.03723350912332535,-0.6474200487136841,-0.25769972801208496,0.008237450383603573,-0.4678846597671509,-0.21963001787662506,-0.04168891906738281,-0.4215300381183624,-0.17921388149261475
0.0,0.0,0.0,-0.27955085039138794,-0.2324356883764267,-0.08202335238456726,-0.48394775390625,-0.5593846440315247,-0.140743687748909,-0.6506445407867432,-0.7764292359352112,-0.20499329268932343,-0.7987498641014099,-0.9338701963424683,-0.24663890898227692,-0.1858537793159485,-1.0037603378295898,-0.029807236045598984,-0.4053538739681244,-0.9838710427284241,-0.15491366386413574,-0.37444165349006653,-0.6971675157546997,-0.22480390965938568,-0.2928279936313629,-0.6098899841308594,-0.26262497901916504,-0.016555817797780037,-0.9984666705131531,-0.05282216519117355,-0.2542092502117157,-0.8658270835876465,-0.1739361733198166,-0.23994392156600952,-0.5548399090766907,-0.18883396685123444,-0.14419543743133545,-0.5436617732048035,-0.18140362203121185,0.14501191675662994,-0.894934892654419,-0.0985729992389679,-0.07636973261833191,-0.8112373948097229,-0.22727838158607483,-0.09475390613079071,-0.5183649659156799,-0.16952358186244965,0.0004707971529569477,-0.508018970489502,-0.10580387711524963,0.29345813393592834,-0.7485541701316833,-0.15591348707675934,0.12439021468162537,-0.7382801175117493,-0.22462135553359985,0.06176677346229553,-0.5422106385231018,-0.17394225299358368,0.11793695390224457,-0.49761199951171875,-0.11892163753509521,0.0,0.0,0.0,0.2701578736305237,-0.29231736063957214,-0.04842454195022583,0.4520210921764374,-0.5982203483581543,-0.10523691773414612,0.5742055177688599,-0.8205199241638184,-0.17335878312587738,0.6942147016525269,-1.0088775157928467,-0.22632922232151031,0.10213688015937805,-1.04863440990448,-0.05213082581758499,0.3824104070663452,-1.0010383129119873,-0.16805757582187653,0.38139376044273376,-0.7195844054222107,-0.23284852504730225,0.3094833493232727,-0.6555434465408325,-0.2744719088077545,-0.06493630260229111,-0.9933613538742065,-0.09495542198419571,0.2705831527709961,-0.8669314980506897,-0.20136243104934692,0.27331650257110596,-0.580487847328186,-0.22573919594287872,0.1847822219133377,-0.5542318820953369,-0.23604951798915863,-0.19630268216133118,-0.8507230281829834,-0.15000773966312408,0.12636148929595947,-0.7340086102485657,-0.2613022029399872,0.14388273656368256,-0.4807542562484741,-0.2384909987449646,0.05557645484805107,-0.4509252607822418,-0.21058712899684906,-0.2988665699958801,-0.6576961278915405,-0.21066461503505707,-0.04595363512635231,-0.6138888001441956,-0.27811846137046814,0.005615764297544956,-0.44683194160461426,-0.2470783293247223,-0.0459623746573925,-0.4082789421081543,-0.21129347383975983
0.0,0.0,0.0,-0.2731925845146179,-0.2404351532459259,-0.08353687077760696,-0.47408556938171387,-0.568875253200531,-0.1424092799425125,-0.6386356353759766,-0.787282407283783,-0.2066454291343689,-0.7795870900154114,-0.9531821012496948,-0.24834567308425903,-0.1641206443309784,-1.0079224109649658,-0.025779513642191887,-0.395076721906662,-0.9839990735054016,-0.1520090252161026,-0.3688352704048157,-0.7018163204193115,-0.2265320122241974,-0.28583359718322754,-0.6124812364578247,-0.26724010705947876,0.002561642089858651,-0.998871922492981,-0.04741601273417473,-0.24929316341876984,-0.8680294752120972,-0.1673506200313568,-0.23780924081802368,-0.5659733414649963,-0.18530622124671936,-0.1398012638092041,-0.5505087375640869,-0.18018297851085663,0.15879185497760773,-0.8914526700973511,-0.0924624651670456,-0.07199345529079437,-0.8022172451019287,-0.21689170598983765,-0.09035674482584,-0.5246533751487732,-0.16383738815784454,0.006450487766414881,-0.5166459679603577,-0.10422149300575256,0.300971120595932,-0.7406813502311707,-0.14978909492492676,0.12912684679031372,-0.7253702878952026,-0.21363316476345062,0.06547453999519348,-0.5412841439247131,-0.16571517288684845,0.11971309036016464,-0.49860379099845886,-0.11363231390714645,0.0,0.0,0.0,0.26340723037719727,-0.2855352759361267,-0.05479564517736435,0.4398515820503235,-0.5898191332817078,-0.114444799721241,0.5583078861236572,-0.8135139346122742,-0.18397454917430878,0.6790189146995544,-1.0031208992004395,-0.2386011928319931,0.10711575299501419,-1.0506712198257446,-0.0551665760576725,0.37401217222213745,-0.9952592253684998,-0.17670920491218567,0.3730510175228119,-0.7148500680923462,-0.24663487076759338,0.3015439212322235,-0.6482840776443481,-0.290256142616272,-0.06045284867286682,-0.9937068819999695,-0.09429794549942017,0.26598799228668213,-0.8648487329483032,-0.20499026775360107,0.2700708508491516,-0.5773298740386963,-0.23154978454113007,0.1811894178390503,-0.5445783138275146,-0.24148064851760864,-0.19348537921905518,-0.8520787358283997,-0.14670872688293457,0.12226154655218124,-0.7330757975578308,-0.26128923892974854,0.14159764349460602,-0.48014602065086365,-0.23912103474140167,0.05433930084109306,-0.4494537115097046,-0.20988723635673523,-0.29861554503440857,-0.6612525582313538,-0.20514513552188873,-0.04649655520915985,-0.6168678402900696,-0.27371615171432495,0.0029968430753797293,-0.4446018934249878,-0.24200619757175446,-0.052621904760599136,-0.40536096692085266,-0.20466743409633636
0.0,0.0,0.0,-0.2646757662296295,-0.22996295988559723,-0.0872587040066719,-0.4666456878185272,-0.5655996203422546,-0.14203862845897675,-0.6339792609214783,-0.7787889242172241,-0.20107212662696838,-0.7731000185012817,-0.9354909062385559,-0.23610880970954895,-0.17757105827331543,-1.0070308446884155,-0.025031818076968193,-0.3901367783546448,-0.9688186049461365,-0.15047132968902588,-0.36450082063674927,-0.691088855266571,-0.2189866602420807,-0.2889385223388672,-0.6024731397628784,-0.25412172079086304,-0.007170685101300478,-0.9989824295043945,-0.04452677443623543,-0.246023491024971,-0.8504574298858643,-0.16766898334026337,-0.23019883036613464,-0.5520220398902893,-0.18558049201965332,-0.13596199452877045,-0.5469751358032227,-0.17738495767116547,0.15340788662433624,-0.8883598446846008,-0.08804608136415482,-0.0734662264585495,-0.7748852372169495,-0.21594585478305817,-0.08642430603504181,-0.5023224949836731,-0.1670377105474472,0.007080582436174154,-0.5093450546264648,-0.10821341723203659,0.2979026138782501,-0.7369109988212585,-0.1438532918691635,0.12321401387453079,-0.6991012096405029,-0.208476260304451,0.07006397098302841,-0.5227186679840088,-0.1640511304140091,0.1298205852508545,-0.500424861907959,-0.11397204548120499,0.0,0.0,0.0,0.2705822288990021,-0.28251317143440247,-0.05233141407370567,0.4518468976020813,-0.580109179019928,-0.11006217449903488,0.5738516449928284,-0.7938156127929688,-0.17845503985881805,0.6913333535194397,-0.973157525062561,-0.23174689710140228,0.12065882235765457,-1.050575613975525,-0.053664710372686386,0.38730424642562866,-1.001887321472168,-0.172045037150383,0.3826448917388916,-0.7225924134254456,-0.23893924057483673,0.3087655305862427,-0.6596929430961609,-0.2809312641620636,-0.04833316430449486,-0.9944168925285339,-0.09380277991294861,0.27818772196769714,-0.8591665029525757,-0.20204328000545502,0.2798246741294861,-0.5728722214698792,-0.22812992334365845,0.1919790655374527,-0.5483052134513855,-0.23843911290168762,-0.1811930239200592,-0.8515177369117737,-0.14671440422534943,0.13332267105579376,-0.7259005308151245,-0.25706154108047485,0.1513018012046814,-0.4752804934978485,-0.23465505242347717,0.06685536354780197,-0.4480944275856018,-0.20650354027748108,-0.2857302129268646,-0.6606765389442444,-0.2058902382850647,-0.03454585373401642,-0.6100024580955505,-0.2707473337650299,0.01394176296889782,-0.4407913088798523,-0.23903942108154297,-0.03742968663573265,-0.4052562117576599,-0.20241867005825043
0.0,0.0,0.0,-0.2644258439540863,-0.21157927811145782,-0.0994257926940918,-0.46907326579093933,-0.5296838879585266,-0.16241422295570374,-0.6365746855735779,-0.746573805809021,-0.22666272521018982,-0.7816686034202576,-0.9015235900878906,-0.2665153443813324,-0.19636544585227966,-0.9940050840377808,-0.040512897074222565,-0.4090999662876129,-0.9518203139305115,-0.17274773120880127,-0.3774622976779938,-0.6757235527038574,-0.24547414481639862,-0.3015020787715912,-0.5814934372901917,-0.2826229929924011,-0.025004049763083458,-0.9982050657272339,-0.05441965162754059,-0.2543174922466278,-0.8471103310585022,-0.18333369493484497,-0.23465436697006226,-0.543278694152832,-0.2034662961959839,-0.1437426656484604,-0.5323802828788757,-0.19599932432174683,0.13782861828804016,-0.8975749015808105,-0.09305837005376816,-0.07789614796638489,-0.7754157185554504,-0.2259102165699005,-0.08999993652105331,-0.5006519556045532,-0.17617648839950562,-0.0008001771639101207,-0.5017416477203369,-0.11544059962034225,0.2847016453742981,-0.7549824714660645,-0.14483417570590973,0.11700166016817093,-0.7052309513092041,-0.2152276635169983,0.06663480401039124,-0.526657223701477,-0.1726086288690567,0.12424222379922867,-0.5038148164749146,-0.12219222635030746,0.0,0.0,0.0,0.26029402017593384,-0.2742929756641388,-0.04749278351664543,0.42867937684059143,-0.5587588548660278,-0.10483883321285248,0.5405294299125671,-0.7773706912994385,-0.1736716628074646,0.6316797733306885,-0.9745129346847534,-0.22911225259304047,0.09749195724725723,-1.0685447454452515,-0.04382507875561714,0.3775707483291626,-1.0006221532821655,-0.1650335192680359,0.3828400671482086,-0.7297960519790649,-0.24142970144748688,0.30931639671325684,-0.6776443719863892,-0.28960224986076355,-0.05944259837269783,-0.9943730235099792,-0.08768633753061295,0.2815060019493103,-0.8553460240364075,-0.1919848471879959,0.2849777936935425,-0.5864869952201843,-0.22248542308807373,0.19261300563812256,-0.5522273182868958,-0.2387039214372635,-0.18361754715442657,-0.8421934843063354,-0.1447475552558899,0.14029233157634735,-0.7213513851165771,-0.2521805167198181,0.1635686159133911,-0.4825741648674011,-0.22914950549602509,0.08187150210142136,-0.4425564110279083,-0.2023928314447403,-0.28320908546447754,-0.6389115452766418,-0.20784993469715118,-0.02585909701883793,-0.5995535254478455,-0.27018091082572937,0.025480585172772408,-0.4241935908794403,-0.23297448456287384,-0.02402161993086338,-0.366694837808609,-0.1930035799741745
0.0,0.0,0.0,-0.26044386625289917,-0.20108766853809357,-0.10782136023044586,-0.47019973397254944,-0.5254589319229126,-0.16959567368030548,-0.644605815410614,-0.7307233214378357,-0.2302522510290146,-0.8054569959640503,-0.8611147999763489,-0.2697933316230774,-0.19236494600772858,-0.9956356883049011,-0.0421149767935276,-0.38021209836006165,-0.9116944074630737,-0.17285603284835815,-0.3614358901977539,-0.6437326073646545,-0.2524885833263397,-0.2955246865749359,-0.5407630205154419,-0.29358330368995667,-0.018313225358724594,-0.9985998868942261,-0.04962759464979172,-0.23048454523086548,-0.8086003661155701,-0.16901332139968872,-0.22121630609035492,-0.5260098576545715,-0.19659724831581116,-0.1417061686515808,-0.5069313645362854,-0.19689616560935974,0.14640532433986664,-0.8898472785949707,-0.08196936547756195,-0.05562160536646843,-0.7261691689491272,-0.20559418201446533,-0.07515205442905426,-0.48061102628707886,-0.1712847501039505,-0.0008802373777143657,-0.4859902858734131,-0.12369349598884583,0.2977485656738281,-0.7414593696594238,-0.12757283449172974,0.14154399931430817,-0.6648206114768982,-0.1851927638053894,0.0868508368730545,-0.4985196888446808,-0.146201491355896,0.1311047226190567,-0.47800278663635254,-0.10214883089065552,0.0,0.0,0.0,0.26823094487190247,-0.2974422574043274,-0.0441271997988224,0.42591598629951477,-0.6316392421722412,-0.09981884807348251,0.5282564759254456,-0.8855112195014954,-0.16691088676452637,0.6349251866340637,-1.1012283563613892,-0.2218698412179947,0.11171543598175049,-1.1014151573181152,-0.08270055800676346,0.42114678025245667,-0.938136100769043,-0.2207782119512558,0.41259855031967163,-0.670176088809967,-0.30457404255867004,0.3288876712322235,-0.6289542317390442,-0.3608115613460541,-0.0643017366528511,-0.9890382885932922,-0.13292330503463745,0.3221156895160675,-0.7488276362419128,-0.25942376255989075,0.30500370264053345,-0.5024740695953369,-0.2925414741039276,0.20712946355342865,-0.4812227487564087,-0.31607282161712646,-0.19831086695194244,-0.7917194962501526,-0.19547085464000702,0.1739070564508438,-0.5998106598854065,-0.322756826877594,0.1823779046535492,-0.38454750180244446,-0.3038092851638794,0.09602254629135132,-0.3583781123161316,-0.28422167897224426,-0.301209956407547,-0.5450668334960938,-0.26425838470458984,-0.0002904924040194601,-0.4596739113330841,-0.3497045040130615,0.036259960383176804,-0.3154198229312897,-0.33182626962661743,-0.030395695939660072,-0.2899106740951538,-0.3087683320045471
0.0,0.0,0.0,-0.25836795568466187,-0.20179115235805511,-0.1109815463423729,-0.4771827459335327,-0.5182486772537231,-0.17742103338241577,-0.6531972289085388,-0.7210693955421448,-0.24115672707557678,-0.802915096282959,-0.8581101894378662,-0.2827253043651581,-0.18646074831485748,-0.9981521368026733,-0.05803306773304939,-0.38440364599227905,-0.9122873544692993,-0.1869378536939621,-0.3614947497844696,-0.6389327645301819,-0.262403666973114,-0.29049190878868103,-0.5318544507026672,-0.30159294605255127,-0.011828809045255184,-0.9978792071342468,-0.06400937587022781,-0.23304234445095062,-0.802340030670166,-0.18596522510051727,-0.22335843741893768,-0.5211718678474426,-0.21328182518482208,-0.14286932349205017,-0.4942805767059326,-0.21383033692836761,0.15209618210792542,-0.8878626823425293,-0.09354850649833679,-0.05803603678941727,-0.7166686058044434,-0.21579204499721527,-0.07500839978456497,-0.47600072622299194,-0.18102490901947021,0.0015414950903505087,-0.4775819182395935,-0.13457629084587097,0.3023039996623993,-0.7405237555503845,-0.1368730664253235,0.13703760504722595,-0.6525987386703491,-0.1951528638601303,0.09180773794651031,-0.48910728096961975,-0.15866445004940033,0.14412802457809448,-0.47256797552108765,-0.11668413132429123,0.0,0.0,0.0,0.2935046851634979,-0.31525787711143494,-0.05437685549259186,0.46482452750205994,-0.6381630301475525,-0.11302869021892548,0.5793781876564026,-0.8781422972679138,-0.18290171027183533,0.7002613544464111,-1.0835845470428467,-0.24051855504512787,0.1318899691104889,-1.1008368730545044,-0.08236699551343918,0.4316686987876892,-0.974746584892273,-0.21841788291931152,0.43997544050216675,-0.7099317908287048,-0.2966209352016449,0.3673243224620819,-0.6532513499259949,-0.34688401222229004,-0.04648742079734802,-0.9908055067062378,-0.12705661356449127,0.33431193232536316,-0.771220326423645,-0.260200172662735,0.32708391547203064,-0.5194056034088135,-0.299690842628479,0.22630074620246887,-0.48639044165611267,-0.3217248022556305,-0.18140320479869843,-0.7956192493438721,-0.18420258164405823,0.1825055629014969,-0.5985260605812073,-0.314333438873291,0.19599860906600952,-0.3844602108001709,-0.30225640535354614,0.10706355422735214,-0.3644779622554779,-0.2814358174800873,-0.2866077721118927,-0.5561630725860596,-0.24780456721782684,0.009938018396496773,-0.4591113030910492,-0.3298645615577698,0.06068238988518715,-0.3199475109577179,-0.31209295988082886,0.0071642762050032616,-0.2978270947933197,-0.28577494621276855
0.0,0.0,0.0,-0.2619689106941223,-0.20332908630371094,-0.10865014046430588,-0.47882136702537537,-0.5221485495567322,-0.17295421659946442,-0.6578545570373535,-0.719989538192749,-0.23496580123901367,-0.8118613362312317,-0.8537035584449768,-0.27402636408805847,-0.1901444047689438,-0.9975885152816772,-0.05705239251255989,-0.3938390016555786,-0.9119488000869751,-0.182787224650383,-0.36892229318618774,-0.6456536650657654,-0.25355151295661926,-0.29715391993522644,-0.5625457167625427,-0.2912106513977051,-0.014780337922275066,-0.9978213310241699,-0.06429746747016907,-0.23917703330516815,-0.7977310419082642,-0.18455278873443604,-0.2283911108970642,-0.5205704569816589,-0.20732249319553375,-0.14327625930309296,-0.5146303176879883,-0.20583145320415497,0.15002834796905518,-0.8865070939064026,-0.09483867883682251,-0.06292443722486496,-0.7162456512451172,-0.2175522744655609,-0.0824599638581276,-0.474701464176178,-0.17805130779743195,-0.0012623276561498642,-0.4866405129432678,-0.12894055247306824,0.29926514625549316,-0.7384774684906006,-0.13909919559955597,0.1341431587934494,-0.6535957455635071,-0.20033176243305206,0.08562012016773224,-0.4923882782459259,-0.1628875583410263,0.14118710160255432,-0.4792405664920807,-0.11988331377506256,0.0,0.0,0.0,0.297146737575531,-0.3091663420200348,-0.05185551941394806,0.46743297576904297,-0.6297204494476318,-0.10839004069566727,0.5759307146072388,-0.8768128752708435,-0.1761091649532318,0.6866804957389832,-1.0956361293792725,-0.23165066540241241,0.13701631128787994,-1.0977648496627808,-0.07551856338977814,0.43806496262550354,-0.9698024392127991,-0.21009086072444916,0.44885802268981934,-0.7092489004135132,-0.2886969745159149,0.3774048388004303,-0.6549617052078247,-0.33878397941589355,-0.0391104631125927,-0.9920089840888977,-0.11995240300893784,0.3398986756801605,-0.7799651026725769,-0.24894562363624573,0.33462613821029663,-0.525001049041748,-0.28576743602752686,0.23524652421474457,-0.489161878824234,-0.3060334026813507,-0.1750156283378601,-0.8010600805282593,-0.1771446168422699,0.18745243549346924,-0.611624538898468,-0.3068547248840332,0.19969677925109863,-0.39034077525138855,-0.2931746244430542,0.10972435772418976,-0.36631178855895996,-0.2708618938922882,-0.2814089357852936,-0.564380943775177,-0.24030619859695435,0.014689707197248936,-0.4755946695804596,-0.3222954571247101,0.05974939092993736,-0.32698309421539307,-0.3021906912326813,0.00021254064631648362,-0.2979752719402313,-0.2739785313606262
0.0,0.0,0.0,-0.2613084614276886,-0.23149937391281128,-0.10008576512336731,-0.43986383080482483,-0.583540141582489,-0.1548261046409607,-0.5771082043647766,-0.8113211989402771,-0.21003589034080505,-0.7197794318199158,-0.9714380502700806,-0.24584797024726868,-0.12462010979652405,-1.0247043371200562,-0.033055420964956284,-0.3393458425998688,-0.935394287109375,-0.16444210708141327,-0.3352513611316681,-0.6624029278755188,-0.24949997663497925,-0.27041009068489075,-0.5401434898376465,-0.29553383588790894,0.04852377623319626,-0.997697651386261,-0.0473802350461483,-0.2033819705247879,-0.8165739178657532,-0.1681361198425293,-0.20999959111213684,-0.525498628616333,-0.20092149078845978,-0.12613917887210846,-0.48057711124420166,-0.2044879049062729,0.20652291178703308,-0.8635108470916748,-0.0863942950963974,-0.025080488994717598,-0.7060451507568359,-0.20770733058452606,-0.05618070065975189,-0.46353012323379517,-0.1732601523399353,0.020930491387844086,-0.45704057812690735,-0.12686683237552643,0.34778261184692383,-0.6891372203826904,-0.13893026113510132,0.18134212493896484,-0.6034802198410034,-0.19875560700893402,0.12035903334617615,-0.4483758211135864,-0.16080139577388763,0.168216735124588,-0.4312936067581177,-0.11715193837881088,0.0,0.0,0.0,0.3071715235710144,-0.2709941565990448,-0.05996391549706459,0.5095536112785339,-0.5693353414535522,-0.1242830753326416,0.6514341235160828,-0.7853090763092041,-0.1994793713092804,0.7972351312637329,-0.9656413793563843,-0.26369771361351013,0.17971697449684143,-1.074301838874817,-0.08287478238344193,0.46321889758110046,-0.9324612617492676,-0.22094814479351044,0.45166081190109253,-0.6682097911834717,-0.3076893091201782,0.3763887882232666,-0.6160927414894104,-0.3640221655368805,-0.009425000287592411,-0.9920167326927185,-0.12575367093086243,0.34152930974960327,-0.7693605422973633,-0.25581032037734985,0.33285263180732727,-0.5099998712539673,-0.29648709297180176,0.24437054991722107,-0.4707690179347992,-0.3189449608325958,-0.16111476719379425,-0.8198941349983215,-0.18172380328178406,0.1741148680448532,-0.6211063265800476,-0.311172217130661,0.18967944383621216,-0.39569127559661865,-0.3006398379802704,0.10979991406202316,-0.3661167621612549,-0.2801845073699951,-0.2825421690940857,-0.6005504131317139,-0.2445780634880066,-0.0026807482354342937,-0.49780142307281494,-0.32611754536628723,0.0459621399641037,-0.3369567394256592,-0.30617010593414307,-0.0037966228555887938,-0.30101391673088074,-0.2781650424003601
0.0,0.0,0.0,-0.2594541907310486,-0.23877620697021484,-0.10922970622777939,-0.44836321473121643,-0.5894940495491028,-0.1680345982313156,-0.5914755463600159,-0.8246868252754211,-0.22380779683589935,-0.7274332046508789,-1.0064759254455566,-0.2573032081127167,-0.1411639302968979,-1.0274147987365723,-0.048425909131765366,-0.3723215162754059,-0.9259670972824097,-0.17954042553901672,-0.36512112617492676,-0.651281476020813,-0.25816306471824646,-0.29415982961654663,-0.5396815538406372,-0.29935115575790405,0.0403992123901844,-0.997614860534668,-0.05596918612718582,-0.2257753312587738,-0.790608823299408,-0.17579002678394318,-0.2318217158317566,-0.5121027231216431,-0.2040812373161316,-0.1499636024236679,-0.469356894493103,-0.2060880959033966,0.20176756381988525,-0.8629963397979736,-0.08821719139814377,-0.04805660620331764,-0.677099347114563,-0.20910058915615082,-0.07220544666051865,-0.4439079463481903,-0.17505407333374023,0.007452166173607111,-0.43363770842552185,-0.12969450652599335,0.34702998399734497,-0.6896975636482239,-0.13494867086410522,0.15731514990329742,-0.5875473618507385,-0.19994796812534332,0.10549964755773544,-0.4321105480194092,-0.16721324622631073,0.15622778236865997,-0.40943771600723267,-0.12586310505867004,0.0,0.0,0.0,0.3059644401073456,-0.27585840225219727,-0.05469879135489464,0.5149185657501221,-0.5724513530731201,-0.12129480391740799,0.6660308241844177,-0.7781587243080139,-0.20005281269550323,0.8207151293754578,-0.9433101415634155,-0.2677663266658783,0.18140745162963867,-1.063888430595398,-0.09111100435256958,0.45162785053253174,-0.9491826295852661,-0.22140979766845703,0.443055123090744,-0.6844354271888733,-0.29977086186408997,0.3648543059825897,-0.635261058807373,-0.3522145748138428,-0.011184144765138626,-0.9903585314750671,-0.13807588815689087,0.32716473937034607,-0.7865197062492371,-0.2610819935798645,0.3298064172267914,-0.5209474563598633,-0.298088937997818,0.23932038247585297,-0.4941810071468353,-0.32060039043426514,-0.16612622141838074,-0.8233365416526794,-0.19553840160369873,0.15949013829231262,-0.6377466320991516,-0.3194366991519928,0.18626733124256134,-0.40237295627593994,-0.30478402972221375,0.10439665615558624,-0.37672117352485657,-0.28392893075942993,-0.2877757251262665,-0.6072632074356079,-0.2590497136116028,-0.023042786866426468,-0.5100187659263611,-0.3366931676864624,0.0386461578309536,-0.3503771722316742,-0.3118976056575775,-0.0052366843447089195,-0.3124289810657501,-0.2817721366882324
0.0,0.0,0.0,-0.25841665267944336,-0.242771178483963,-0.10639049112796783,-0.4382367432117462,-0.5952239632606506,-0.1648183912038803,-0.5718444585800171,-0.8241314888000488,-0.2214520126581192,-0.7013282775878906,-1.0022919178009033,-0.2565533518791199,-0.11539017409086227,-1.0294849872589111,-0.04580063000321388,-0.3413788080215454,-0.9171202182769775,-0.17799648642539978,-0.3356603682041168,-0.6362999081611633,-0.2599983811378479,-0.2663419544696808,-0.5227797031402588,-0.3036035895347595,0.0644037052989006,-0.9962838888168335,-0.057189133018255234,-0.19590407609939575,-0.79500412940979,-0.1769404262304306,-0.20606663823127747,-0.5122309923171997,-0.20728181302547455,-0.12491536885499954,-0.4718072712421417,-0.21047228574752808,0.22257660329341888,-0.8574438095092773,-0.09299183636903763,-0.02324686571955681,-0.6779133081436157,-0.21263635158538818,-0.05127833038568497,-0.4388028681278229,-0.17844493687152863,0.02712298557162285,-0.4287452697753906,-0.1335054486989975,0.3623115122318268,-0.6764665842056274,-0.14343753457069397,0.18027997016906738,-0.5748634338378906,-0.2038068175315857,0.127793550491333,-0.4220167398452759,-0.16793543100357056,0.1792740672826767,-0.40150076150894165,-0.12552420794963837,0.0,0.0,0.0,0.3051164746284485,-0.28228580951690674,-0.048009585589170456,0.5089386105537415,-0.5715193152427673,-0.10864568501710892,0.6555348038673401,-0.7697243690490723,-0.18218837678432465,0.804688036441803,-0.9237205386161804,-0.24407781660556793,0.18428467214107513,-1.069815754890442,-0.07384777069091797,0.4481963515281677,-0.9360325336456299,-0.20260755717754364,0.43368783593177795,-0.679512083530426,-0.28226879239082336,0.3575204908847809,-0.634563148021698,-0.3348850905895233,-0.006403874605894089,-0.9926150441169739,-0.12113776057958603,0.32189562916755676,-0.7739813327789307,-0.24388036131858826,0.32007578015327454,-0.5151141285896301,-0.2817825675010681,0.23630701005458832,-0.48595330119132996,-0.3041277825832367,-0.15891817212104797,-0.8237752318382263,-0.17911970615386963,0.15851394832134247,-0.6314038634300232,-0.29998281598091125,0.18068702518939972,-0.4054729640483856,-0.28400319814682007,0.10225457698106766,-0.38012784719467163,-0.2619687020778656,-0.28039777278900146,-0.6079586148262024,-0.24304726719856262,-0.018080130219459534,-0.5069782733917236,-0.3145810663700104,0.03559088706970215,-0.35136544704437256,-0.28722327947616577,-0.015290453098714352,-0.3215862512588501,-0.2559683322906494
0.0,0.0,0.0,-0.2586384117603302,-0.24267934262752533,-0.10638854652643204,-0.44188398122787476,-0.5940789580345154,-0.16542722284793854,-0.5808408260345459,-0.8198623657226562,-0.22250597178936005,-0.71202152967453,-0.9929274320602417,-0.2576969861984253,-0.12039545178413391,-1.027732253074646,-0.0490177646279335,-0.35089343786239624,-0.9320989847183228,-0.1796407252550125,-0.3461040258407593,-0.6505866050720215,-0.25862905383110046,-0.27807462215423584,-0.5310527682304382,-0.29999908804893494,0.056210633367300034,-0.9966671466827393,-0.05911857262253761,-0.20941142737865448,-0.8068831562995911,-0.1789959967136383,-0.2173929512500763,-0.521892249584198,-0.20656482875347137,-0.13359543681144714,-0.47687768936157227,-0.2072615921497345,0.21202820539474487,-0.8613887429237366,-0.09353736788034439,-0.037346601486206055,-0.6955695152282715,-0.2117307484149933,-0.06433404982089996,-0.4547480046749115,-0.17541193962097168,0.01643631048500538,-0.44121307134628296,-0.12879572808742523,0.35039082169532776,-0.6836809515953064,-0.14263416826725006,0.16687676310539246,-0.592341423034668,-0.2019437700510025,0.11408648639917374,-0.43966418504714966,-0.16559770703315735,0.16545027494430542,-0.4168962836265564,-0.12273979932069778,0.0,0.0,0.0,0.304841011762619,-0.2785755693912506,-0.055524636059999466,0.5129973888397217,-0.5735112428665161,-0.12055504322052002,0.6607186794281006,-0.7733999490737915,-0.19672751426696777,0.8116610050201416,-0.9307942390441895,-0.2605690062046051,0.187273308634758,-1.0645917654037476,-0.08332226425409317,0.44693440198898315,-0.9586003422737122,-0.21249699592590332,0.4419533610343933,-0.6963406801223755,-0.28919440507888794,0.3712679445743561,-0.6420918703079224,-0.33902865648269653,-0.0026081425603479147,-0.9917575120925903,-0.1281026303768158,0.3233882486820221,-0.8018858432769775,-0.25236162543296814,0.3294453024864197,-0.5317925214767456,-0.2887076437473297,0.24606582522392273,-0.49955084919929504,-0.30759313702583313,-0.1550920158624649,-0.8282402157783508,-0.18408215045928955,0.16141876578330994,-0.6563407778739929,-0.3076572120189667,0.18808622658252716,-0.42146074771881104,-0.2922767400741577,0.10886449366807938,-0.39577949047088623,-0.26874759793281555,-0.275180459022522,-0.6185129880905151,-0.24612195789813995,-0.010774554684758186,-0.5291179418563843,-0.3201935589313507,0.04327782243490219,-0.36832255125045776,-0.29293790459632874,-0.008822581730782986,-0.3352586328983307,-0.26038259267807007
0.0,0.0,0.0,-0.2813495099544525,-0.22267886996269226,-0.09134066104888916,-0.47840169072151184,-0.5512277483940125,-0.14947253465652466,-0.6366522312164307,-0.7596359252929688,-0.21022066473960876,-0.7883612513542175,-0.9050461053848267,-0.2493765950202942,-0.1904538869857788,-1.0062761306762695,-0.02831692062318325,-0.4101739823818207,-0.9380801320075989,-0.15066571533679962,-0.38044238090515137,-0.6658795475959778,-0.2275797426700592,-0.29362252354621887,-0.5765471458435059,-0.27071651816368103,-0.01784110814332962,-0.9987581968307495,-0.04651579260826111,-0.25410881638526917,-0.8257629871368408,-0.15812227129936218,-0.2417425811290741,-0.5396905541419983,-0.18046066164970398,-0.14660976827144623,-0.5251250267028809,-0.1793656349182129,0.1451038271188736,-0.8854504227638245,-0.08803751319646835,-0.07487830519676208,-0.7500138282775879,-0.2049487978219986,-0.09505180269479752,-0.4940968453884125,-0.1582706868648529,-0.004065243527293205,-0.49176156520843506,-0.10427974164485931,0.29320961236953735,-0.7319542765617371,-0.1425904631614685,0.12794429063796997,-0.6882308721542358,-0.2013631910085678,0.06455658376216888,-0.5194438695907593,-0.1540718823671341,0.11565949022769928,-0.48154956102371216,-0.10265859961509705,0.0,0.0,0.0,0.27885353565216064,-0.2846526503562927,-0.042226217687129974,0.4704537093639374,-0.5791054964065552,-0.09918153285980225,0.6047013401985168,-0.7814624905586243,-0.16949816048145294,0.7350298762321472,-0.9398682117462158,-0.22653695940971375,0.13852465152740479,-1.0526126623153687,-0.06813640892505646,0.4022344946861267,-1.005361557006836,-0.18650448322296143,0.40759485960006714,-0.7294653654098511,-0.2506645917892456,0.33414676785469055,-0.6655221581459045,-0.2907291352748871,-0.04461686313152313,-0.9922176599502563,-0.11624714732170105,0.28216296434402466,-0.8491420745849609,-0.2250211536884308,0.2923394739627838,-0.5604079961776733,-0.24901366233825684,0.20202796161174774,-0.5341905951499939,-0.25887882709503174,-0.19263674318790436,-0.8431875705718994,-0.17445385456085205,0.12497257441282272,-0.6994709968566895,-0.28589358925819397,0.14675778150558472,-0.444153368473053,-0.2615150511264801,0.05826346203684807,-0.4196452796459198,-0.23238259553909302,-0.3100603222846985,-0.6444480419158936,-0.23770558834075928,-0.05384431779384613,-0.5771288275718689,-0.303117036819458,0.002615387784317136,-0.40177664160728455,-0.2680288851261139,-0.04858376830816269,-0.35935255885124207,-0.22953777015209198
0.0,0.0,0.0,-0.2941882014274597,-0.20246551930904388,-0.08397705852985382,-0.5219781398773193,-0.48931771516799927,-0.14540818333625793,-0.6996757984161377,-0.6850252747535706,-0.21184679865837097,-0.8410638570785522,-0.8462424874305725,-0.2554163932800293,-0.2570062577724457,-0.9778437614440918,-0.038815222680568695,-0.46356001496315,-0.9595872163772583,-0.1681647151708603,-0.4164046347141266,-0.6768088340759277,-0.2394951432943344,-0.3380703330039978,-0.5718013644218445,-0.2761269509792328,-0.0793003961443901,-0.9950563907623291,-0.05978474020957947,-0.2958458960056305,-0.8640705943107605,-0.18627624213695526,-0.26542890071868896,-0.5517331957817078,-0.20662720501422882,-0.17970946431159973,-0.5262438058853149,-0.20163512229919434,0.09639780223369598,-0.9133535027503967,-0.1026032418012619,-0.107406385242939,-0.8187053203582764,-0.23468436300754547,-0.11232486367225647,-0.5214797854423523,-0.18060697615146637,-0.02696596458554268,-0.4998762309551239,-0.11813046038150787,0.25868910551071167,-0.7842823266983032,-0.15648168325424194,0.09580102562904358,-0.7529467940330505,-0.22698280215263367,0.04280080646276474,-0.551425576210022,-0.17853476107120514,0.09589260071516037,-0.5090631246566772,-0.12467769533395767,0.0,0.0,0.0,0.2715339958667755,-0.2946743071079254,-0.03779177367687225,0.46054595708847046,-0.5875456929206848,-0.09160147607326508,0.5910349488258362,-0.7921907305717468,-0.15897402167320251,0.7022401094436646,-0.9597821235656738,-0.21058419346809387,0.11764614284038544,-1.0450955629348755,-0.059518881142139435,0.40364810824394226,-1.0256458520889282,-0.17198775708675385,0.4092200696468353,-0.7413597702980042,-0.2273532897233963,0.3327409327030182,-0.6708702445030212,-0.2622276842594147,-0.056838810443878174,-0.992536187171936,-0.10789474099874496,0.2819395065307617,-0.8782532215118408,-0.2118755280971527,0.29277366399765015,-0.5818459987640381,-0.23099789023399353,0.2009410858154297,-0.5609714984893799,-0.23887678980827332,-0.19349190592765808,-0.8496123552322388,-0.1656709909439087,0.13147154450416565,-0.747096836566925,-0.27308976650238037,0.155239999294281,-0.48178988695144653,-0.2434443235397339,0.06270287930965424,-0.4506567418575287,-0.21256157755851746,-0.30066460371017456,-0.6559933423995972,-0.2281389981508255,-0.046029847115278244,-0.6206075549125671,-0.29305797815322876,0.012586543336510658,-0.4472213089466095,-0.25679561495780945,-0.03871757164597511,-0.40477582812309265,-0.21790896356105804
0.0,0.0,0.0,-0.2972755432128906,-0.1946779191493988,-0.08532243967056274,-0.5292075276374817,-0.4888293445110321,-0.14581015706062317,-0.7191646695137024,-0.6799468398094177,-0.21126097440719604,-0.8789415955543518,-0.823870837688446,-0.2548791170120239,-0.2624499797821045,-0.9727068543434143,-0.02629278227686882,-0.4683416187763214,-0.9230983257293701,-0.15461374819278717,-0.42072564363479614,-0.6559299230575562,-0.2319888472557068,-0.33981528878211975,-0.5729417204856873,-0.2750150263309479,-0.09059304744005203,-0.9947899580001831,-0.046752531081438065,-0.30616217851638794,-0.8373039960861206,-0.16978400945663452,-0.27185767889022827,-0.5446801781654358,-0.19361206889152527,-0.1805114895105362,-0.5395156145095825,-0.1929939091205597,0.08087222278118134,-0.9128263592720032,-0.0903424546122551,-0.12369325011968613,-0.7927641868591309,-0.21695135533809662,-0.1253216564655304,-0.5159987807273865,-0.16713780164718628,-0.03688732534646988,-0.5154231190681458,-0.1105041354894638,0.23867098987102509,-0.7865861654281616,-0.1459471434354782,0.07497286796569824,-0.7328974604606628,-0.21301257610321045,0.028063539415597916,-0.5423882603645325,-0.16836561262607574,0.08662202954292297,-0.5141620635986328,-0.11931952834129333,0.0,0.0,0.0,0.26655420660972595,-0.2930990755558014,-0.032145481556653976,0.4515560269355774,-0.5892833471298218,-0.0809321403503418,0.5758261680603027,-0.7919331789016724,-0.1431126892566681,0.6847198009490967,-0.9477946162223816,-0.19002705812454224,0.10341645777225494,-1.0473220348358154,-0.05818740651011467,0.38068804144859314,-1.0259816646575928,-0.16697818040847778,0.39243853092193604,-0.746702253818512,-0.22070439159870148,0.3192371428012848,-0.6761667728424072,-0.2542063295841217,-0.070754773914814,-0.9916179776191711,-0.10810916125774384,0.2639794945716858,-0.8780550956726074,-0.2090681493282318,0.27816042304039,-0.5849379897117615,-0.22783887386322021,0.18744173645973206,-0.559913158416748,-0.23474819958209991,-0.20867225527763367,-0.8482455611228943,-0.1664615422487259,0.11463412642478943,-0.7361838221549988,-0.2731654942035675,0.13818953931331635,-0.4730588495731354,-0.24706873297691345,0.04578515142202377,-0.44511711597442627,-0.21731777489185333,-0.31667062640190125,-0.6543337106704712,-0.22853614389896393,-0.06116659939289093,-0.6134621500968933,-0.2926727533340454,-0.0028091564308851957,-0.43785029649734497,-0.2573077082633972,-0.05469124764204025,-0.39297837018966675,-0.21856017410755157
0.0,0.0,0.0,-0.30921682715415955,-0.17373564839363098,-0.08255471289157867,-0.5500434637069702,-0.4379834830760956,-0.14455482363700867,-0.7441504597663879,-0.6110910177230835,-0.212093323469162,-0.8973664045333862,-0.743202805519104,-0.2561090886592865,-0.3389315605163574,-0.9407424330711365,-0.031121907755732536,-0.5376307368278503,-0.9153530597686768,-0.1633853167295456,-0.4619747996330261,-0.6372001767158508,-0.24132733047008514,-0.3721165657043457,-0.5487245321273804,-0.28390783071517944,-0.1608259379863739,-0.9855776429176331,-0.052647314965724945,-0.3690352439880371,-0.8385965824127197,-0.1780862957239151,-0.3109462559223175,-0.5345363616943359,-0.20056483149528503,-0.22074085474014282,-0.5329131484031677,-0.19833685457706451,0.021259954199194908,-0.9290833473205566,-0.09696396440267563,-0.17329135537147522,-0.8124210238456726,-0.2230546921491623,-0.15527640283107758,-0.5183557271957397,-0.16626618802547455,-0.06523694097995758,-0.51984041929245,-0.10437434166669846,0.18789000809192657,-0.8230395317077637,-0.15309110283851624,0.02237771451473236,-0.7694138288497925,-0.21509906649589539,-0.015819737687706947,-0.5639965534210205,-0.1631004810333252,0.04588703438639641,-0.5380988717079163,-0.10942398756742477,0.0,0.0,0.0,0.2646731436252594,-0.2995535135269165,-0.05618739500641823,0.44211581349372864,-0.6087993383407593,-0.11628831177949905,0.5543352961540222,-0.8273218274116516,-0.18440420925617218,0.6591647863388062,-1.0144398212432861,-0.23769430816173553,0.07294236123561859,-1.063732385635376,-0.07919295132160187,0.34296905994415283,-1.0356932878494263,-0.19583359360694885,0.3645487427711487,-0.7600806951522827,-0.26130351424217224,0.30013200640678406,-0.687380850315094,-0.30445730686187744,-0.104196697473526,-0.9875079393386841,-0.11819952726364136,0.23241013288497925,-0.8730583190917969,-0.22569134831428528,0.2598888576030731,-0.5932934880256653,-0.25341200828552246,0.17479956150054932,-0.5545175671577454,-0.2677009105682373,-0.23880626261234283,-0.8225705027580261,-0.16771118342876434,0.0857350155711174,-0.7016434073448181,-0.27541959285736084,0.12679558992385864,-0.4630016088485718,-0.25639891624450684,0.0451076477766037,-0.43231552839279175,-0.2338365614414215,-0.3386691212654114,-0.6112805008888245,-0.2236076295375824,-0.07735506445169449,-0.5487755537033081,-0.2889903783798218,-0.010613496415317059,-0.3895399570465088,-0.2619297206401825,-0.058334656059741974,-0.35207629203796387,-0.23082859814167023
0.0,0.0,0.0,-0.32182273268699646,-0.17139622569084167,-0.07951977849006653,-0.5661989450454712,-0.4425268769264221,-0.13811613619327545,-0.7632951736450195,-0.6156640648841858,-0.2032179981470108,-0.9216322898864746,-0.737838864326477,-0.24576875567436218,-0.35597771406173706,-0.9319107532501221,-0.023353392258286476,-0.5650392174720764,-0.9133211970329285,-0.15258632600307465,-0.4777164161205292,-0.6354484558105469,-0.2328111082315445,-0.3828900158405304,-0.5539534091949463,-0.27870479226112366,-0.1799338310956955,-0.9826398491859436,-0.0451960563659668,-0.3918760418891907,-0.8434708714485168,-0.16729092597961426,-0.3226498067378998,-0.5457670092582703,-0.19146321713924408,-0.23036324977874756,-0.5505682229995728,-0.1921914666891098,0.0012885808246210217,-0.9274969696998596,-0.08933603763580322,-0.1954452097415924,-0.8263046741485596,-0.21148869395256042,-0.169969379901886,-0.5337133407592773,-0.1523967981338501,-0.07828261703252792,-0.5367298722267151,-0.09050943702459335,0.16465753316879272,-0.8218427300453186,-0.14520086348056793,0.003941432572901249,-0.7704746127128601,-0.20483806729316711,-0.0336633026599884,-0.5670032501220703,-0.15051841735839844,0.027106348425149918,-0.5403114557266235,-0.09613076597452164,0.0,0.0,0.0,0.264614075422287,-0.3044548034667969,-0.049064453691244125,0.44053027033805847,-0.6206030249595642,-0.10490322858095169,0.5483360290527344,-0.8390072584152222,-0.1706250160932541,0.6499098539352417,-1.017600655555725,-0.22063009440898895,0.06344432383775711,-1.0576711893081665,-0.07181312888860703,0.3314237892627716,-1.0449347496032715,-0.18388059735298157,0.3575444221496582,-0.7651942372322083,-0.24119208753108978,0.29217907786369324,-0.6916462779045105,-0.27863574028015137,-0.11299913376569748,-0.9870498776435852,-0.1138581708073616,0.21876023709774017,-0.8841691017150879,-0.2164989709854126,0.25329333543777466,-0.5955435037612915,-0.23600271344184875,0.1682363748550415,-0.5665720105171204,-0.24486416578292847,-0.2459985464811325,-0.828503429889679,-0.16604480147361755,0.07616132497787476,-0.7231330871582031,-0.2720566391944885,0.12153252214193344,-0.4727250635623932,-0.24640269577503204,0.03601795807480812,-0.4413208067417145,-0.2196173071861267,-0.34490513801574707,-0.6229351162910461,-0.2241550087928772,-0.08675741404294968,-0.5740000009536743,-0.28925374150276184,-0.014198900200426579,-0.41143426299095154,-0.25889500975608826,-0.06063356250524521,-0.3717435300350189,-0.22538457810878754
0.0,0.0,0.0,-0.3045696020126343,-0.21221086382865906,-0.07287873327732086,-0.5301639437675476,-0.5076454877853394,-0.1264142394065857,-0.7121963500976562,-0.6967076659202576,-0.1876148283481598,-0.8565964698791504,-0.8428618311882019,-0.22574186325073242,-0.2767368257045746,-0.9666522741317749,-0.012624552473425865,-0.5095018148422241,-0.9466627836227417,-0.13599297404289246,-0.4355015456676483,-0.664930522441864,-0.2131178230047226,-0.3370278775691986,-0.5872780680656433,-0.25821158289909363,-0.10826827585697174,-0.9934543967247009,-0.036419399082660675,-0.35039228200912476,-0.8575150966644287,-0.15284648537635803,-0.2915078401565552,-0.5576835870742798,-0.17369677126407623,-0.18850363790988922,-0.5581238269805908,-0.17410580813884735,0.059987761080265045,-0.916549563407898,-0.0824873223900795,-0.16097517311573029,-0.8222103714942932,-0.1984139233827591,-0.14798837900161743,-0.5334814190864563,-0.13965533673763275,-0.051034316420555115,-0.5328947305679321,-0.08000362664461136,0.21203340590000153,-0.7886616587638855,-0.1403641700744629,0.03847235068678856,-0.7585555911064148,-0.19717910885810852,-0.008223917335271835,-0.5680615305900574,-0.14597757160663605,0.054110437631607056,-0.5373119115829468,-0.09477122128009796,0.0,0.0,0.0,0.2689919173717499,-0.25445303320884705,-0.06148676946759224,0.46416082978248596,-0.5408596992492676,-0.12214197963476181,0.5930798053741455,-0.7544036507606506,-0.18761956691741943,0.6834119558334351,-0.9354622960090637,-0.2332707643508911,0.128932923078537,-1.0236830711364746,-0.08234865963459015,0.38033562898635864,-1.0065064430236816,-0.19136223196983337,0.3758436143398285,-0.7261764407157898,-0.23734070360660553,0.2895946204662323,-0.6696184873580933,-0.26459231972694397,-0.05090509355068207,-0.9920852184295654,-0.11478476971387863,0.25192955136299133,-0.8729686737060547,-0.2196892946958542,0.26064392924308777,-0.5712911486625671,-0.23612909018993378,0.16470180451869965,-0.5655386447906494,-0.2396250218153,-0.19852186739444733,-0.8708649277687073,-0.15666037797927856,0.09040351957082748,-0.7599433660507202,-0.2654258906841278,0.11964280903339386,-0.489619642496109,-0.23202623426914215,0.0277594942599535,-0.4707379639148712,-0.1974746733903885,-0.3159092664718628,-0.7002118825912476,-0.20433124899864197,-0.0815437063574791,-0.6420989036560059,-0.2701408863067627,-0.02137739025056362,-0.45659106969833374,-0.23302625119686127,-0.07821967452764511,-0.4164343476295471,-0.19221428036689758
0.0,0.0,0.0,-0.27271997928619385,-0.24409715831279755,-0.08437424898147583,-0.46827223896980286,-0.5609238743782043,-0.14141978323459625,-0.6259284615516663,-0.7675672769546509,-0.20310111343860626,-0.7543581128120422,-0.9350088238716125,-0.23946435749530792,-0.16568110883235931,-0.9980594515800476,-0.02717246301472187,-0.4353896677494049,-0.9718644618988037,-0.1490309238433838,-0.400848388671875,-0.6947077512741089,-0.21997375786304474,-0.3123784363269806,-0.6068530678749084,-0.2596515417098999,-0.004074462223798037,-0.9989565014839172,-0.04548947513103485,-0.3036988079547882,-0.851232647895813,-0.16117464005947113,-0.27501925826072693,-0.5562015175819397,-0.17713592946529388,-0.16561895608901978,-0.5484904646873474,-0.17334455251693726,0.14413271844387054,-0.8971409201622009,-0.08722604066133499,-0.13129493594169617,-0.7869529128074646,-0.20335544645786285,-0.1337253600358963,-0.5174928307533264,-0.15022630989551544,-0.02854899689555168,-0.5036206841468811,-0.09366250783205032,0.27343156933784485,-0.7449419498443604,-0.1429336816072464,0.07942354679107666,-0.702269434928894,-0.20768620073795319,0.020564638078212738,-0.5403692722320557,-0.16940316557884216,0.07319587469100952,-0.49907925724983215,-0.12485820800065994,0.0,0.0,0.0,0.27611473202705383,-0.2601890563964844,-0.0583755299448967,0.48579275608062744,-0.5355082750320435,-0.11893642693758011,0.6259533762931824,-0.7347533106803894,-0.1861596554517746,0.719138503074646,-0.9090920090675354,-0.2339869737625122,0.13915641605854034,-1.0192017555236816,-0.0842624381184578,0.3910180926322937,-1.008501410484314,-0.19597561657428741,0.3966084122657776,-0.7312901616096497,-0.24120673537254333,0.31091466546058655,-0.6767594814300537,-0.26680952310562134,-0.044417280703783035,-0.9918356537818909,-0.11953713744878769,0.2541666626930237,-0.8643698692321777,-0.22418689727783203,0.27212318778038025,-0.5591250061988831,-0.2391236424446106,0.1734776496887207,-0.5617026090621948,-0.24331243336200714,-0.19881954789161682,-0.8732379078865051,-0.1640673726797104,0.08383993059396744,-0.7602928280830383,-0.27549442648887634,0.12048838287591934,-0.4807462692260742,-0.23831941187381744,0.025562552735209465,-0.4622804522514343,-0.20138341188430786,-0.3268488645553589,-0.7033681869506836,-0.21397769451141357,-0.09993144869804382,-0.6509088277816772,-0.28145670890808105,-0.030781680718064308,-0.46100419759750366,-0.23924142122268677,-0.08546467125415802,-0.41549959778785706,-0.1945320963859558
0.0,0.0,0.0,-0.25239595770835876,-0.24612727761268616,-0.0881730318069458,-0.424819678068161,-0.5621519088745117,-0.14525797963142395,-0.5677016973495483,-0.7779553532600403,-0.20369155704975128,-0.6917765140533447,-0.9551941156387329,-0.2376609444618225,-0.13336274027824402,-1.013195276260376,-0.03709063306450844,-0.39032286405563354,-0.9712558388710022,-0.1564701795578003,-0.37279707193374634,-0.694742739200592,-0.22330032289028168,-0.29889965057373047,-0.5858686566352844,-0.25825199484825134,0.027618449181318283,-0.9982473254203796,-0.052340324968099594,-0.26570820808410645,-0.849446713924408,-0.16712871193885803,-0.2491712123155594,-0.5512263178825378,-0.18596380949020386,-0.15609902143478394,-0.5142000317573547,-0.18152540922164917,0.1703881174325943,-0.8798659443855286,-0.08973350375890732,-0.10769031196832657,-0.7529608011245728,-0.20235145092010498,-0.1107887476682663,-0.49287962913513184,-0.1574709266424179,-0.01851138472557068,-0.4726954400539398,-0.10663329809904099,0.2936062216758728,-0.7100013494491577,-0.14042717218399048,0.09174500405788422,-0.6396806240081787,-0.20130646228790283,0.03878678008913994,-0.4851347506046295,-0.16751021146774292,0.08819947391748428,-0.4549367427825928,-0.12639641761779785,0.0,0.0,0.0,0.2708064913749695,-0.27505171298980713,-0.039213210344314575,0.4674069881439209,-0.561558723449707,-0.09090408682823181,0.6020860075950623,-0.7628414034843445,-0.15292485058307648,0.7033923268318176,-0.9416484236717224,-0.20009221136569977,0.13694490492343903,-1.0309942960739136,-0.06421230733394623,0.38254350423812866,-0.9986718893051147,-0.16593526303768158,0.3847479522228241,-0.7326171398162842,-0.2206166684627533,0.3144388496875763,-0.6706091165542603,-0.25810956954956055,-0.047138068825006485,-0.9931929707527161,-0.1065162792801857,0.2526583671569824,-0.8526908755302429,-0.20534905791282654,0.26003795862197876,-0.5740099549293518,-0.23532649874687195,0.16990186274051666,-0.5599603652954102,-0.2533016800880432,-0.19113664329051971,-0.8597342371940613,-0.155120387673378,0.08962340652942657,-0.7265742421150208,-0.2515471279621124,0.11794774234294891,-0.48277518153190613,-0.22747433185577393,0.03411494195461273,-0.4672527015209198,-0.20462524890899658,-0.3032907545566559,-0.6784356832504272,-0.20832283794879913,-0.07686590403318405,-0.6051846146583557,-0.2662082314491272,-0.011226571165025234,-0.4345729947090149,-0.23066365718841553,-0.059376850724220276,-0.39852243661880493,-0.1942855268716812
0.0,0.0,0.0,-0.26247113943099976,-0.19444386661052704,-0.1009533703327179,-0.4904566705226898,-0.49845942854881287,-0.166642963886261,-0.6843821406364441,-0.6912713646888733,-0.23299270868301392,-0.8575620055198669,-0.7992594242095947,-0.278477281332016,-0.22062073647975922,-0.995222806930542,-0.04416203126311302,-0.38685348629951477,-0.9032748937606812,-0.17409519851207733,-0.37003013491630554,-0.6342000961303711,-0.24995210766792297,-0.30944550037384033,-0.5374234318733215,-0.2890799045562744,-0.03818374127149582,-0.9976131319999695,-0.05753282830119133,-0.22523026168346405,-0.7885943651199341,-0.17635680735111237,-0.21813051402568817,-0.5068055391311646,-0.2009466588497162,-0.143109992146492,-0.4995270073413849,-0.2001364827156067,0.137398824095726,-0.8918247222900391,-0.09467766433954239,-0.04163433983922005,-0.7165641784667969,-0.21648678183555603,-0.05908937007188797,-0.47593456506729126,-0.18036586046218872,0.011392902582883835,-0.49552351236343384,-0.1339365839958191,0.29688894748687744,-0.7477051615715027,-0.14431531727313995,0.1574075073003769,-0.656179666519165,-0.20108972489833832,0.10436563938856125,-0.48670271039009094,-0.16063034534454346,0.14757657051086426,-0.4794785678386688,-0.11658280342817307,0.0,0.0,0.0,0.2964969277381897,-0.2492920309305191,-0.041698846966028214,0.4923914074897766,-0.5135290026664734,-0.10241363942623138,0.637767493724823,-0.7045235633850098,-0.17747539281845093,0.7836419939994812,-0.8659278154373169,-0.24336883425712585,0.23162762820720673,-1.0547469854354858,-0.07431407272815704,0.4741034507751465,-0.882328987121582,-0.20576030015945435,0.4704405963420868,-0.6271814703941345,-0.28768390417099,0.4097936451435089,-0.578131377696991,-0.3403685688972473,0.041710015386343,-0.9914313554763794,-0.12379048764705658,0.35448935627937317,-0.7040431499481201,-0.2373468279838562,0.34739699959754944,-0.46061328053474426,-0.27298399806022644,0.2676246166229248,-0.4376369118690491,-0.2970781624317169,-0.11798535287380219,-0.8324087262153625,-0.1844513714313507,0.19120196998119354,-0.5745677947998047,-0.2977971136569977,0.20323899388313293,-0.36099109053611755,-0.2822763919830322,0.13149823248386383,-0.346479594707489,-0.26433318853378296,-0.25389745831489563,-0.619574785232544,-0.25151342153549194,0.011926539242267609,-0.46912822127342224,-0.3213792145252228,0.06335058063268661,-0.3094157576560974,-0.2950490713119507,0.02350904606282711,-0.2796747386455536,-0.2652900516986847
0.0,0.0,0.0,-0.271786093711853,-0.1910589039325714,-0.11178421229124069,-0.5125892162322998,-0.5051512718200684,-0.1849626749753952,-0.7191988229751587,-0.7308212518692017,-0.2569747567176819,-0.8902204632759094,-0.879374086856842,-0.3065135180950165,-0.2458498775959015,-0.9847480058670044,-0.07107117772102356,-0.36693593859672546,-1.019263505935669,-0.20848390460014343,-0.3529602289199829,-0.7140956521034241,-0.27995580434799194,-0.3008534014225006,-0.5809598565101624,-0.31518328189849854,-0.03459903970360756,-0.9961807131767273,-0.08016783744096756,-0.1659679412841797,-0.9137895703315735,-0.21119704842567444,-0.19091367721557617,-0.5839201211929321,-0.23475410044193268,-0.1415049433708191,-0.5518115758895874,-0.2318885773420334,0.16034072637557983,-0.9031125903129578,-0.11176757514476776,0.046328090131282806,-0.8366971611976624,-0.24842117726802826,-0.010946845635771751,-0.545426070690155,-0.19727453589439392,0.032073188573122025,-0.5325883030891418,-0.13776107132434845,0.33379030227661133,-0.772262692451477,-0.15457189083099365,0.24152183532714844,-0.760383129119873,-0.2163805365562439,0.15943896770477295,-0.5469011664390564,-0.1571512520313263,0.17861226201057434,-0.5051502585411072,-0.09896139800548553,0.0,0.0,0.0,0.3068482279777527,-0.2541419565677643,-0.056210100650787354,0.49235546588897705,-0.5475137233734131,-0.12337362766265869,0.6184000968933105,-0.7693846225738525,-0.2011381983757019,0.7557738423347473,-0.9580671787261963,-0.26589006185531616,0.17510145902633667,-1.0811156034469604,-0.06299072504043579,0.5085810422897339,-0.9160966277122498,-0.20893387496471405,0.49235111474990845,-0.6292812824249268,-0.303263783454895,0.414460152387619,-0.5473350286483765,-0.3616928160190582,0.013078762218356133,-0.9941149950027466,-0.10753771662712097,0.4166284203529358,-0.7801608443260193,-0.23847897350788116,0.38975346088409424,-0.5065761804580688,-0.2734575867652893,0.2902930676937103,-0.4600258767604828,-0.2918611466884613,-0.11186941713094711,-0.8243227005004883,-0.16786110401153564,0.2774314284324646,-0.6355031728744507,-0.295719176530838,0.26586663722991943,-0.3948962688446045,-0.26986831426620483,0.17597481608390808,-0.35155701637268066,-0.2394760102033615,-0.20875322818756104,-0.6065372228622437,-0.23566587269306183,0.11189164966344833,-0.5069952011108398,-0.3125944137573242,0.13591592013835907,-0.33462637662887573,-0.2822003662586212,0.07048120349645615,-0.28680723905563354,-0.24752476811408997
0.0,0.0,0.0,-0.2612762451171875,-0.21949782967567444,-0.1223229244351387,-0.4853898882865906,-0.544278085231781,-0.2043413370847702,-0.6960811018943787,-0.7917220592498779,-0.282441645860672,-0.8635220527648926,-0.9518030881881714,-0.3355160653591156,-0.20045989751815796,-1.0016331672668457,-0.0935039073228836,-0.3112926185131073,-1.06931734085083,-0.23360295593738556,-0.3017148971557617,-0.762850284576416,-0.2988086938858032,-0.26001185178756714,-0.622551679611206,-0.329253613948822,0.01184689812362194,-0.9954096674919128,-0.09496978670358658,-0.11569400131702423,-0.9546213150024414,-0.2327178567647934,-0.15205933153629303,-0.6195451617240906,-0.25209081172943115,-0.10679106414318085,-0.5841891765594482,-0.24657730758190155,0.2032599300146103,-0.8887476921081543,-0.11868114769458771,0.09948388487100601,-0.8693460822105408,-0.26117026805877686,0.022783301770687103,-0.5716138482093811,-0.20375420153141022,0.05451782047748566,-0.53920978307724,-0.1398209184408188,0.3706309497356415,-0.7454273700714111,-0.1541781723499298,0.2985311448574066,-0.7652129530906677,-0.22726167738437653,0.19564804434776306,-0.5577033162117004,-0.17079058289527893,0.19673685729503632,-0.5047361850738525,-0.11324254423379898,0.0,0.0,0.0,0.31932881474494934,-0.2704783082008362,-0.02663380838930607,0.48419246077537537,-0.5643995404243469,-0.07699546962976456,0.6010466814041138,-0.7980265021324158,-0.14109346270561218,0.7082267999649048,-1.0103609561920166,-0.19068443775177002,0.20336274802684784,-1.0829095840454102,-0.05002463608980179,0.5547674298286438,-0.9492025375366211,-0.1809065192937851,0.5572287440299988,-0.6716350317001343,-0.25443753600120544,0.492174357175827,-0.563870370388031,-0.2970263361930847,0.06257155537605286,-0.9927666783332825,-0.10246515274047852,0.48236677050590515,-0.7862293124198914,-0.21897633373737335,0.4712759852409363,-0.5144196152687073,-0.2403285652399063,0.3869701027870178,-0.4568052887916565,-0.2505316436290741,-0.043130919337272644,-0.8136110305786133,-0.16769187152385712,0.35832613706588745,-0.6263580322265625,-0.2836959660053253,0.34099000692367554,-0.3851289749145508,-0.2516685128211975,0.2504851222038269,-0.3357256352901459,-0.21885231137275696,-0.11898662149906158,-0.5861735939979553,-0.2377074956893921,0.19744162261486053,-0.48761817812919617,-0.31206852197647095,0.21628138422966003,-0.3200605809688568,-0.28479811549186707,0.15324530005455017,-0.2718724012374878,-0.2529691755771637
0.0,0.0,0.0,-0.28026631474494934,-0.1734517365694046,-0.11447925120592117,-0.546429455280304,-0.4596825838088989,-0.19785459339618683,-0.7898620963096619,-0.6605132222175598,-0.2825537919998169,-0.9898338913917542,-0.7847970724105835,-0.3472750186920166,-0.3118492066860199,-0.9596245288848877,-0.08536393195390701,-0.42330363392829895,-1.0577346086502075,-0.23901674151420593,-0.3907682001590729,-0.740766704082489,-0.318983256816864,-0.3296564817428589,-0.5736192464828491,-0.3559803068637848,-0.08931393176317215,-0.991592288017273,-0.09363656491041183,-0.20101429522037506,-0.9731221795082092,-0.2430715560913086,-0.20479734241962433,-0.6060989499092102,-0.2704735994338989,-0.15844428539276123,-0.526362955570221,-0.2657887935638428,0.12261117249727249,-0.9277138710021973,-0.12479200959205627,0.021925032138824463,-0.9079341888427734,-0.2788172662258148,-0.020942017436027527,-0.5699913501739502,-0.22715380787849426,0.00832166988402605,-0.5034468770027161,-0.16067028045654297,0.32013872265815735,-0.8261513710021973,-0.1657969355583191,0.2309289276599884,-0.8533109426498413,-0.2364654242992401,0.15544220805168152,-0.6057519912719727,-0.17472334206104279,0.15964803099632263,-0.5303120613098145,-0.11176889389753342,0.0,0.0,0.0,0.3032245337963104,-0.24184808135032654,-0.05187592655420303,0.5047112703323364,-0.5051118731498718,-0.12246634066104889,0.6634044647216797,-0.704914927482605,-0.20357902348041534,0.8166630268096924,-0.8731215596199036,-0.2717614471912384,0.19319653511047363,-1.0592173337936401,-0.06965371966362,0.5098069310188293,-0.9350375533103943,-0.20181898772716522,0.5081117749214172,-0.6499907374382019,-0.28337112069129944,0.43412038683891296,-0.5734614133834839,-0.3341154158115387,0.03211691975593567,-0.9927037358283997,-0.1162230521440506,0.4115096628665924,-0.8088843822479248,-0.2338143289089203,0.39861953258514404,-0.5235477089881897,-0.2638203501701355,0.29921966791152954,-0.48087000846862793,-0.27851787209510803,-0.09728538990020752,-0.8393455147743225,-0.17591221630573273,0.26819783449172974,-0.6699221730232239,-0.2941274344921112,0.27239853143692017,-0.422589510679245,-0.27097287774086,0.18583907186985016,-0.38488274812698364,-0.242497518658638,-0.19901134073734283,-0.6323754191398621,-0.24138803780078888,0.10064008831977844,-0.5406782031059265,-0.3104509115219116,0.12978476285934448,-0.36435335874557495,-0.27759283781051636,0.0652010589838028,-0.31471678614616394,-0.2410881072282791
