hand0_x0,hand0_y0,hand0_z0,hand0_x1,hand0_y1,hand0_z1,hand0_x2,hand0_y2,hand0_z2,hand0_x3,hand0_y3,hand0_z3,hand0_x4,hand0_y4,hand0_z4,hand0_x5,hand0_y5,hand0_z5,hand0_x6,hand0_y6,hand0_z6,hand0_x7,hand0_y7,hand0_z7,hand0_x8,hand0_y8,hand0_z8,hand0_x9,hand0_y9,hand0_z9,hand0_x10,hand0_y10,hand0_z10,hand0_x11,hand0_y11,hand0_z11,hand0_x12,hand0_y12,hand0_z12,hand0_x13,hand0_y13,hand0_z13,hand0_x14,hand0_y14,hand0_z14,hand0_x15,hand0_y15,hand0_z15,hand0_x16,hand0_y16,hand0_z16,hand0_x17,hand0_y17,hand0_z17,hand0_x18,hand0_y18,hand0_z18,hand0_x19,hand0_y19,hand0_z19,hand0_x20,hand0_y20,hand0_z20,hand1_x0,hand1_y0,hand1_z0,hand1_x1,hand1_y1,hand1_z1,hand1_x2,hand1_y2,hand1_z2,hand1_x3,hand1_y3,hand1_z3,hand1_x4,hand1_y4,hand1_z4,hand1_x5,hand1_y5,hand1_z5,hand1_x6,hand1_y6,hand1_z6,hand1_x7,hand1_y7,hand1_z7,hand1_x8,hand1_y8,hand1_z8,hand1_x9,hand1_y9,hand1_z9,hand1_x10,hand1_y10,hand1_z10,hand1_x11,hand1_y11,hand1_z11,hand1_x12,hand1_y12,hand1_z12,hand1_x13,hand1_y13,hand1_z13,hand1_x14,hand1_y14,hand1_z14,hand1_x15,hand1_y15,hand1_z15,hand1_x16,hand1_y16,hand1_z16,hand1_x17,hand1_y17,hand1_z17,hand1_x18,hand1_y18,hand1_z18,hand1_x19,hand1_y19,hand1_z19,hand1_x20,hand1_y20,hand1_z20
0.0,0.0,0.0,-0.34904971718788147,0.20503054559230804,-0.0029839605558663607,-0.6865395307540894,0.20011676847934723,-0.017237093299627304,-0.9462064504623413,0.1966429352760315,-0.06257594376802444,-1.1492923498153687,0.16984106600284576,-0.09912645816802979,-0.6697286367416382,-0.6245203018188477,0.15610113739967346,-0.9438707232475281,-0.545823872089386,0.04924013465642929,-1.1076549291610718,-0.2874127924442291,-0.0710034891963005,-1.194634199142456,-0.027572104707360268,-0.1473884880542755,-0.6442511677742004,-0.7594195008277893,0.0906776413321495,-1.0063310861587524,-0.6455466151237488,0.0040730745531618595,-1.1639511585235596,-0.3280288875102997,-0.09600921720266342,-1.2260184288024902,-0.027077721431851387,-0.1612381786108017,-0.61143559217453,-0.8232710361480713,0.0002527640899643302,-0.9844663143157959,-0.6703117489814758,-0.09520305693149567,-1.1254361867904663,-0.3150237202644348,-0.1622719168663025,-1.1693470478057861,-0.006440442055463791,-0.1962418556213379,-0.5878169536590576,-0.7725558876991272,-0.0966368168592453,-0.9044471979141235,-0.5730106830596924,-0.1769743114709854,-1.051074504852295,-0.30543068051338196,-0.21733123064041138,-1.124402642250061,-0.05244404450058937,-0.23509299755096436,0.0,0.0,0.0,0.37554237246513367,0.1178002879023552,0.041645463556051254,0.6146032214164734,0.1106315329670906,0.010891761630773544,0.828220546245575,0.11951051652431488,-0.06194640323519707,0.98587566614151,0.05326000601053238,-0.11847316473722458,0.5403279066085815,-0.7953032851219177,0.12180076539516449,0.9247018098831177,-0.5986109375953674,0.011868812143802643,0.9882864952087402,-0.2947876751422882,-0.09282312542200089,0.9542633891105652,-0.05352966859936714,-0.14691153168678284,0.5245199799537659,-0.8504387140274048,0.040407389402389526,0.9887630343437195,-0.6237433552742004,-0.05709697678685188,1.0234447717666626,-0.2893126308917999,-0.12263079732656479,0.9544181823730469,-0.03839941695332527,-0.14788398146629333,0.536774754524231,-0.8025877475738525,-0.0539579838514328,0.9935176968574524,-0.5756915807723999,-0.13875453174114227,1.0049340724945068,-0.24771945178508759,-0.14396782219409943,0.9145484566688538,-0.009930906817317009,-0.12060634791851044,0.5716862082481384,-0.6744492650032043,-0.15156163275241852,0.9291445016860962,-0.4568958580493927,-0.188779816031456,0.9611170291900635,-0.23275114595890045,-0.16550472378730774,0.9076626896858215,-0.06354653090238571,-0.13160556554794312
0.0,0.0,0.0,-0.34360018372535706,0.2135264128446579,-0.009602544829249382,-0.6914629936218262,0.20568040013313293,-0.02246357500553131,-0.9596362113952637,0.1991894543170929,-0.06598366796970367,-1.168327808380127,0.17693288624286652,-0.09912624955177307,-0.6910914182662964,-0.5942279100418091,0.1557261198759079,-0.9649050235748291,-0.5579503774642944,0.04418119788169861,-1.1243538856506348,-0.29288598895072937,-0.0765734314918518,-1.199583888053894,-0.02085837908089161,-0.15210065245628357,-0.6628895998001099,-0.7429512143135071,0.09274071455001831,-1.021126389503479,-0.6611688137054443,-0.0021882622968405485,-1.1839418411254883,-0.3400995135307312,-0.10599206387996674,-1.2475059032440186,-0.03186652436852455,-0.17142628133296967,-0.6217496991157532,-0.8291006684303284,0.0029110878240317106,-0.9979618787765503,-0.701870322227478,-0.10263265669345856,-1.143762469291687,-0.3369992971420288,-0.17656441032886505,-1.1885802745819092,-0.017168676480650902,-0.21239537000656128,-0.5856617093086243,-0.8061431050300598,-0.09332792460918427,-0.9136022925376892,-0.6101579070091248,-0.1813562959432602,-1.0687159299850464,-0.32873013615608215,-0.22794948518276215,-1.1458611488342285,-0.06243278831243515,-0.2493780106306076,0.0,0.0,0.0,0.37345772981643677,0.13718359172344208,0.04368698224425316,0.6087530255317688,0.13272510468959808,0.014585958793759346,0.8220930099487305,0.14567266404628754,-0.056829094886779785,0.9744705557823181,0.07889682799577713,-0.11132081598043442,0.5449514389038086,-0.7827529907226562,0.1245003268122673,0.9313637614250183,-0.5813124179840088,0.01998046785593033,0.9839714765548706,-0.2808493375778198,-0.07903265953063965,0.9323070645332336,-0.04547464847564697,-0.12927870452404022,0.5365074872970581,-0.8428118228912354,0.04275369271636009,1.0034253597259521,-0.6084531545639038,-0.04511287808418274,1.030118703842163,-0.27724796533584595,-0.10220763832330704,0.9489273428916931,-0.034919410943984985,-0.12347526103258133,0.5536863207817078,-0.7974616289138794,-0.05253643915057182,1.0097949504852295,-0.5578703284263611,-0.12702186405658722,1.0136442184448242,-0.2355297952890396,-0.12723961472511292,0.9146910905838013,-0.005952794104814529,-0.10356675833463669,0.5918128490447998,-0.6659361720085144,-0.15158653259277344,0.9460736513137817,-0.43999943137168884,-0.17940858006477356,0.9753990769386292,-0.22216761112213135,-0.1537155956029892,0.918197751045227,-0.05978478118777275,-0.1210789754986763
0.0,0.0,0.0,-0.3486659824848175,0.20754745602607727,-0.005920680705457926,-0.6999895572662354,0.19764165580272675,-0.017416492104530334,-0.9723470211029053,0.1912814974784851,-0.059591274708509445,-1.1922508478164673,0.18408502638339996,-0.09151818603277206,-0.6814637184143066,-0.6070245504379272,0.16194848716259003,-0.9528437256813049,-0.5517451763153076,0.05635681375861168,-1.1070406436920166,-0.2845592796802521,-0.06165419891476631,-1.1828051805496216,-0.01438109390437603,-0.13613861799240112,-0.6497607231140137,-0.753852367401123,0.09755813330411911,-1.0110530853271484,-0.6554417014122009,0.008553114719688892,-1.167158603668213,-0.3365936577320099,-0.09394441545009613,-1.2288037538528442,-0.029725082218647003,-0.15933966636657715,-0.6087148785591125,-0.8340311646461487,0.0072124432772397995,-0.9869798421859741,-0.6956939101219177,-0.09217588603496552,-1.126250982284546,-0.33129647374153137,-0.16280782222747803,-1.1698411703109741,-0.013501635752618313,-0.19733071327209473,-0.5757571458816528,-0.80157870054245,-0.08934377878904343,-0.9026756882667542,-0.5986645817756653,-0.1746600866317749,-1.0517964363098145,-0.31877467036247253,-0.2198849767446518,-1.126365065574646,-0.05589685216546059,-0.24020026624202728,0.0,0.0,0.0,0.3775130808353424,0.12917406857013702,0.053469300270080566,0.6164431571960449,0.12000617384910583,0.031334154307842255,0.8226209878921509,0.1288849413394928,-0.03419885039329529,0.9776268601417542,0.06620921939611435,-0.084175243973732,0.5474776029586792,-0.7808852791786194,0.13750845193862915,0.9191861748695374,-0.5754600167274475,0.04207107052206993,0.9733820557594299,-0.2823931872844696,-0.05502563342452049,0.934698224067688,-0.05052616074681282,-0.10753470659255981,0.5367740988731384,-0.8420531749725342,0.05310378223657608,0.9854308366775513,-0.59746915102005,-0.031056784093379974,1.0121859312057495,-0.2687380015850067,-0.09371606260538101,0.9334720969200134,-0.025066832080483437,-0.12003443390130997,0.5531768798828125,-0.7970526814460754,-0.04273197054862976,0.9949983358383179,-0.5538176894187927,-0.1143876314163208,0.9977620244026184,-0.23098312318325043,-0.1184408888220787,0.8992737531661987,-0.0007305642939172685,-0.09823475778102875,0.5925506949424744,-0.6707594990730286,-0.14134497940540314,0.9396979808807373,-0.4399310350418091,-0.1685454547405243,0.959839403629303,-0.22418798506259918,-0.14462938904762268,0.8945116996765137,-0.06715670228004456,-0.11340571939945221
0.0,0.0,0.0,-0.34577253460884094,0.21622547507286072,-0.009359929710626602,-0.6904869079589844,0.21509580314159393,-0.022380180656909943,-0.9596489071846008,0.20641857385635376,-0.06669353693723679,-1.1584817171096802,0.14765320718288422,-0.10020802170038223,-0.6912376880645752,-0.5876144766807556,0.16526776552200317,-0.962250292301178,-0.5272275805473328,0.0607793815433979,-1.1123417615890503,-0.2653791904449463,-0.056225813925266266,-1.1824570894241333,-0.0010790942469611764,-0.13016055524349213,-0.6642590165138245,-0.7405067682266235,0.1020280048251152,-1.0234909057617188,-0.6408432722091675,0.011593512259423733,-1.1713449954986572,-0.32463884353637695,-0.09129597991704941,-1.228779911994934,-0.02251856029033661,-0.1554969996213913,-0.6261984705924988,-0.8284748196601868,0.012355399318039417,-1.0044142007827759,-0.6921867728233337,-0.09030250459909439,-1.133546233177185,-0.324765145778656,-0.16130419075489044,-1.1684370040893555,-0.004068916663527489,-0.1941039264202118,-0.5957911610603333,-0.8001394867897034,-0.0838351920247078,-0.919424831867218,-0.5940684080123901,-0.1722443550825119,-1.065183401107788,-0.31045854091644287,-0.2179076075553894,-1.1362066268920898,-0.04445391520857811,-0.23712024092674255,0.0,0.0,0.0,0.3717237710952759,0.127790167927742,0.06470885127782822,0.5975030660629272,0.12672059237957,0.05031402036547661,0.7953561544418335,0.14239028096199036,-0.009615134447813034,0.9270987510681152,0.06416425108909607,-0.05513087287545204,0.5318698287010193,-0.7915429472923279,0.14867030084133148,0.9109377861022949,-0.5755282044410706,0.058084696531295776,0.959395170211792,-0.2695399820804596,-0.03682154417037964,0.9143645763397217,-0.03937916085124016,-0.0875522568821907,0.525120735168457,-0.8487875461578369,0.06170882284641266,0.9796819090843201,-0.5953896641731262,-0.01421439554542303,1.0003060102462769,-0.2615143358707428,-0.07419712841510773,0.9174222946166992,-0.02089938335120678,-0.10057686269283295,0.54415363073349,-0.7989884614944458,-0.03562550991773605,0.9912028908729553,-0.5482593178749084,-0.10131002217531204,0.9864211678504944,-0.2212105691432953,-0.10441117733716965,0.8827182054519653,0.007857817225158215,-0.08406151086091995,0.584722638130188,-0.6684443950653076,-0.13450099527835846,0.9355735778808594,-0.43718868494033813,-0.15536893904209137,0.9550725221633911,-0.21725736558437347,-0.12765073776245117,0.8908053040504456,-0.05655459314584732,-0.09441602230072021
0.0,0.0,0.0,-0.35630595684051514,0.23170597851276398,-0.008407048881053925,-0.7070846557617188,0.23975953459739685,-0.021634388715028763,-0.9856504797935486,0.2316626012325287,-0.06749702244997025,-1.1877634525299072,0.17548158764839172,-0.10258042067289352,-0.700009286403656,-0.5736809372901917,0.169901505112648,-0.9708356857299805,-0.5612024068832397,0.0632525086402893,-1.130280613899231,-0.3046366572380066,-0.05398000031709671,-1.2034504413604736,-0.03807612136006355,-0.12784413993358612,-0.6712138652801514,-0.7335447072982788,0.10669651627540588,-1.0382347106933594,-0.6738335490226746,0.01029629074037075,-1.1967175006866455,-0.3573542535305023,-0.09890273213386536,-1.2542974948883057,-0.0478949211537838,-0.16605310142040253,-0.6311152577400208,-0.8330475091934204,0.016513491049408913,-1.0181225538253784,-0.7075542211532593,-0.09204923361539841,-1.1597002744674683,-0.33584997057914734,-0.1742819845676422,-1.1994483470916748,-0.004297517705708742,-0.21347124874591827,-0.596538245677948,-0.8229594826698303,-0.07928569614887238,-0.933738112449646,-0.6112397909164429,-0.16915389895439148,-1.0877165794372559,-0.3221857249736786,-0.22202520072460175,-1.1646982431411743,-0.045580849051475525,-0.2468237578868866,0.0,0.0,0.0,0.3840314745903015,0.12372373044490814,0.04491725564002991,0.6253545880317688,0.11978086084127426,0.018769117072224617,0.8300849199295044,0.12907922267913818,-0.049916669726371765,0.9869130253791809,0.06548338383436203,-0.10220181941986084,0.5432206392288208,-0.7817855477333069,0.12094806879758835,0.9313841462135315,-0.5859887599945068,0.019500307738780975,0.9895158410072327,-0.28313055634498596,-0.07541682571172714,0.9537668824195862,-0.046134378761053085,-0.12441197037696838,0.5298576951026917,-0.8471633195877075,0.039562031626701355,0.9995108842849731,-0.6166144013404846,-0.04979473724961281,1.0291775465011597,-0.2838841676712036,-0.10507141053676605,0.9526965618133545,-0.03734438121318817,-0.12516595423221588,0.5474652051925659,-0.8046424388885498,-0.0546034574508667,1.0081554651260376,-0.5727463364601135,-0.13159653544425964,1.0117745399475098,-0.24960920214653015,-0.13127943873405457,0.9145691990852356,-0.010964646004140377,-0.10644098371267319,0.59199059009552,-0.677916944026947,-0.15239839255809784,0.9519078135490417,-0.46281832456588745,-0.1839509904384613,0.9789232611656189,-0.24228951334953308,-0.15988995134830475,0.9220812916755676,-0.06870163232088089,-0.127401664853096
0.0,0.0,0.0,-0.3624909520149231,0.3236619830131531,-0.01586984097957611,-0.7572340369224548,0.4454485774040222,-0.020856838673353195,-1.0968785285949707,0.4203934669494629,-0.07022280991077423,-1.3627264499664307,0.28605136275291443,-0.11154668778181076,-0.8380101323127747,-0.30127641558647156,0.27194520831108093,-1.1368662118911743,-0.3021194338798523,0.16871555149555206,-1.3452805280685425,-0.07066349685192108,0.038477856665849686,-1.4732450246810913,0.1790660321712494,-0.048421233892440796,-0.8459867835044861,-0.4948306977748871,0.198617622256279,-1.2158758640289307,-0.4843001067638397,0.09013880789279938,-1.4404655694961548,-0.1963561773300171,-0.05121403560042381,-1.5720899105072021,0.11946628242731094,-0.14076121151447296,-0.8185359835624695,-0.692084789276123,0.08733614534139633,-1.2254178524017334,-0.6514415740966797,-0.05997079610824585,-1.3921184539794922,-0.280798077583313,-0.17162036895751953,-1.4468170404434204,0.08158183842897415,-0.21828992664813995,-0.7620088458061218,-0.881942629814148,-0.03010517731308937,-1.1356083154678345,-0.7430307865142822,-0.15488256514072418,-1.3013250827789307,-0.4141366183757782,-0.2186947911977768,-1.3671482801437378,-0.07703032344579697,-0.24558964371681213,0.0,0.0,0.0,0.3598253130912781,0.23362958431243896,0.043117955327034,0.6621379256248474,0.30478984117507935,0.03961627557873726,0.9335525631904602,0.3397580087184906,-0.026550590991973877,1.1516093015670776,0.2576718032360077,-0.08301631361246109,0.6948136687278748,-0.5516003370285034,0.3204205334186554,0.9401639103889465,-0.6352989673614502,0.24270150065422058,1.0430413484573364,-0.38553279638290405,0.13135385513305664,1.0289472341537476,-0.14744003117084503,0.07159081101417542,0.7011980414390564,-0.6732441782951355,0.23465630412101746,1.0548795461654663,-0.6847563982009888,0.13972102105617523,1.151396632194519,-0.3482060730457306,0.022168196737766266,1.0970473289489746,-0.06522423774003983,-0.029557570815086365,0.6989392638206482,-0.7434771656990051,0.120135597884655,1.0916621685028076,-0.6610971093177795,0.004598784260451794,1.1560399532318115,-0.2773387134075165,-0.07221507281064987,1.0723172426223755,0.03074125200510025,-0.0806640014052391,0.6912603974342346,-0.7411714792251587,0.0029036321211606264,1.0426369905471802,-0.5663824081420898,-0.0809813141822815,1.1298420429229736,-0.2720840573310852,-0.1125224307179451,1.0875895023345947,-0.007299881428480148,-0.1055130735039711
0.0,0.0,0.0,-0.35822805762290955,0.24313680827617645,0.008630206808447838,-0.7158434987068176,0.2913985848426819,-0.006199186202138662,-0.9788231253623962,0.27476489543914795,-0.0626576766371727,-1.1861971616744995,0.1764446347951889,-0.109148770570755,-0.7976096272468567,-0.46814024448394775,0.1904478222131729,-1.0750652551651,-0.5518977046012878,0.057108618319034576,-1.2479287385940552,-0.31062373518943787,-0.08112360537052155,-1.3318265676498413,-0.027789512649178505,-0.163527712225914,-0.7663350105285645,-0.6339954733848572,0.10382874310016632,-1.1164636611938477,-0.675551176071167,-0.020407263189554214,-1.2984243631362915,-0.3851715624332428,-0.14278994500637054,-1.3658491373062134,-0.06695601344108582,-0.2115912139415741,-0.7064169645309448,-0.7701734304428101,-0.012287049554288387,-1.0878833532333374,-0.7725241184234619,-0.13740003108978271,-1.2408181428909302,-0.426158607006073,-0.21390590071678162,-1.2812352180480957,-0.08616358041763306,-0.24223950505256653,-0.6154182553291321,-0.8448705673217773,-0.13405519723892212,-0.959463894367218,-0.7092690467834473,-0.23339635133743286,-1.1145561933517456,-0.42467808723449707,-0.27610287070274353,-1.1813584566116333,-0.14204588532447815,-0.28840887546539307,0.0,0.0,0.0,0.37311211228370667,0.2362002283334732,0.08066200464963913,0.6292959451675415,0.26989230513572693,0.07791943103075027,0.8371617197990417,0.3147428035736084,0.013459462672472,1.0201940536499023,0.2512471377849579,-0.03767423331737518,0.5635658502578735,-0.7055334448814392,0.28001609444618225,0.8802049160003662,-0.5830544233322144,0.20226261019706726,0.9279579520225525,-0.28453966975212097,0.10026116669178009,0.8447207808494568,-0.03822522982954979,0.05282209441065788,0.5484540462493896,-0.8157583475112915,0.1836751252412796,0.9617928266525269,-0.5911616683006287,0.12645205855369568,0.9967684149742126,-0.24602225422859192,0.051414765417575836,0.8898774981498718,0.00935774389654398,0.017837228253483772,0.570419430732727,-0.8295559287071228,0.06691957265138626,1.0201404094696045,-0.5618979334831238,-0.004668578505516052,1.0081443786621094,-0.20102542638778687,-0.02787077985703945,0.8673953413963318,0.050624918192625046,-0.011988190934062004,0.6193675398826599,-0.7560608983039856,-0.050685495138168335,1.0211551189422607,-0.5075026154518127,-0.08135151118040085,1.0559163093566895,-0.2256878763437271,-0.05882462114095688,0.9727961421012878,0.005640581715852022,-0.021952982991933823
0.0,0.0,0.0,-0.350143164396286,0.23454517126083374,0.02003677748143673,-0.6859457492828369,0.27870118618011475,0.018624886870384216,-0.9359412789344788,0.29535019397735596,-0.026564892381429672,-1.1352919340133667,0.21541403234004974,-0.06419773399829865,-0.7958858013153076,-0.4714201092720032,0.22408396005630493,-1.0458238124847412,-0.4897119998931885,0.11570870131254196,-1.1863781213760376,-0.255568265914917,-0.0059750983491539955,-1.2458268404006958,0.0014580307761207223,-0.07922716438770294,-0.7655971050262451,-0.6276743412017822,0.1410178542137146,-1.089067816734314,-0.6117674708366394,0.0367816761136055,-1.2244983911514282,-0.32443320751190186,-0.0819106251001358,-1.2585927248001099,-0.018297933042049408,-0.14826835691928864,-0.7110099792480469,-0.752698540687561,0.02996513806283474,-1.0553617477416992,-0.6616178750991821,-0.08338360488414764,-1.1831787824630737,-0.31219783425331116,-0.1680309772491455,-1.2108877897262573,0.006786693818867207,-0.2012183964252472,-0.6384229063987732,-0.8029933571815491,-0.08466267585754395,-0.9666488170623779,-0.619361937046051,-0.1715923696756363,-1.102990984916687,-0.3333507478237152,-0.2138623744249344,-1.158271312713623,-0.06311478465795517,-0.22687400877475739,0.0,0.0,0.0,0.37384116649627686,0.20162776112556458,0.09630711376667023,0.6473096609115601,0.22509892284870148,0.10271386057138443,0.8816331028938293,0.2617761492729187,0.03785351291298866,1.0925718545913696,0.20332390069961548,-0.022350147366523743,0.5739248394966125,-0.6757179498672485,0.3236539661884308,0.7956600189208984,-0.7302363514900208,0.2493012696504593,0.881557285785675,-0.5375272631645203,0.14250902831554413,0.8592711091041565,-0.3464858829975128,0.08618730306625366,0.5661981701850891,-0.7968687415122986,0.21076010167598724,0.9493066072463989,-0.6565614342689514,0.12748417258262634,1.017310380935669,-0.3182518184185028,0.025977235287427902,0.9236330986022949,-0.05712086334824562,-0.01794351451098919,0.5832969546318054,-0.8213707804679871,0.07726261764764786,0.999761700630188,-0.5932673811912537,-0.018126754090189934,1.0136606693267822,-0.22508211433887482,-0.06580831110477448,0.8940185904502869,0.03389821574091911,-0.05944313853979111,0.6287599802017212,-0.7665283679962158,-0.05541069060564041,1.0007704496383667,-0.5407118797302246,-0.10242216289043427,1.0529553890228271,-0.26057687401771545,-0.09514626860618591,0.988249659538269,-0.03512423858046532,-0.0660344809293747
0.0,0.0,0.0,-0.358979195356369,0.28892743587493896,0.00859056320041418,-0.7270218729972839,0.3849540054798126,0.018651645630598068,-1.0180535316467285,0.38905975222587585,-0.01720614545047283,-1.2503825426101685,0.282476544380188,-0.043954137712717056,-0.8070899248123169,-0.37153780460357666,0.2683599591255188,-1.0835795402526855,-0.3922242224216461,0.1716381311416626,-1.2784619331359863,-0.163905531167984,0.04941599816083908,-1.3875360488891602,0.0878056213259697,-0.030343761667609215,-0.8121697902679443,-0.5514482855796814,0.19048619270324707,-1.1624232530593872,-0.5611229538917542,0.09818384051322937,-1.354453444480896,-0.275739461183548,-0.025252699851989746,-1.4346654415130615,0.04006975516676903,-0.10138209909200668,-0.7878639101982117,-0.7252243161201477,0.0785389393568039,-1.1732338666915894,-0.6757349967956543,-0.03381521627306938,-1.3337057828903198,-0.3067164719104767,-0.12542332708835602,-1.3727879524230957,0.04485585540533066,-0.16563093662261963,-0.7327104210853577,-0.8632108569145203,-0.039974112063646317,-1.0859057903289795,-0.6953206062316895,-0.13139277696609497,-1.2475204467773438,-0.36970609426498413,-0.17959077656269073,-1.3092589378356934,-0.05039529129862785,-0.19945897161960602,0.0,0.0,0.0,0.36964109539985657,0.18628709018230438,0.02200855128467083,0.6620315909385681,0.2368992418050766,-0.005487652961164713,0.9082024693489075,0.27992987632751465,-0.08478512614965439,1.1344094276428223,0.2268238514661789,-0.153816357254982,0.7000802755355835,-0.6097961068153381,0.2087106704711914,0.927479088306427,-0.6119779348373413,0.08595643192529678,0.9761840105056763,-0.33914312720298767,-0.04584452509880066,0.9215599894523621,-0.09701705724000931,-0.11285315454006195,0.6786441206932068,-0.7237304449081421,0.12512566149234772,1.0068037509918213,-0.5925832986831665,0.001458037062548101,1.0642040967941284,-0.2597346305847168,-0.11599395424127579,1.003043532371521,0.010526594705879688,-0.17002716660499573,0.6450402140617371,-0.7674038410186768,0.01585967466235161,1.0004231929779053,-0.5569835305213928,-0.11613139510154724,1.0183998346328735,-0.19674113392829895,-0.17660553753376007,0.9285570383071899,0.08016782999038696,-0.17572757601737976,0.6097390055656433,-0.7348800897598267,-0.09797166287899017,0.9320884346961975,-0.5331587791442871,-0.18355423212051392,1.016404151916504,-0.2751891016960144,-0.2003529816865921,1.0047221183776855,-0.043326836079359055,-0.18340665102005005
0.0,0.0,0.0,-0.34752538800239563,0.40114715695381165,-0.021100109443068504,-0.7773348689079285,0.5212704539299011,-0.01293105911463499,-1.135467529296875,0.5172950625419617,-0.04886137321591377,-1.4557691812515259,0.501550018787384,-0.07748013734817505,-0.8625030517578125,-0.21336139738559723,0.27567771077156067,-1.169392466545105,-0.2153499573469162,0.16601113975048065,-1.3693300485610962,0.04227396845817566,0.03578122705221176,-1.4631175994873047,0.30785682797431946,-0.047618567943573,-0.8701643347740173,-0.4485330581665039,0.20403946936130524,-1.239807367324829,-0.4399540424346924,0.09052997082471848,-1.4080491065979004,-0.12636108696460724,-0.042083047330379486,-1.4635387659072876,0.18832586705684662,-0.11919143795967102,-0.8465847373008728,-0.6747252941131592,0.09228505194187164,-1.2689493894577026,-0.6193862557411194,-0.06349367648363113,-1.4152237176895142,-0.22750480473041534,-0.1587369590997696,-1.4448672533035278,0.12601719796657562,-0.18851126730442047,-0.7945756316184998,-0.8799560070037842,-0.025814736261963844,-1.19235098361969,-0.7029061317443848,-0.16346776485443115,-1.3605363368988037,-0.3451334238052368,-0.22027860581874847,-1.4176303148269653,-0.0037140308413654566,-0.23636701703071594,0.0,0.0,0.0,0.3553277254104614,0.17427895963191986,0.028906503692269325,0.6518007516860962,0.22487935423851013,-0.0002470527542755008,0.8852111101150513,0.25311562418937683,-0.07684489339590073,1.0703446865081787,0.18061257898807526,-0.1433285027742386,0.7141788601875305,-0.617773711681366,0.15288469195365906,1.015071988105774,-0.6097698211669922,0.03762254863977432,1.1149176359176636,-0.32533353567123413,-0.07479003071784973,1.0974656343460083,-0.060224778950214386,-0.13035543262958527,0.6630727648735046,-0.7452785968780518,0.06995919346809387,1.0373618602752686,-0.6413220763206482,-0.046602632850408554,1.113674521446228,-0.30260056257247925,-0.13923579454421997,1.0594128370285034,-0.02842777594923973,-0.17714470624923706,0.6153451204299927,-0.7922918200492859,-0.032316289842128754,1.0044569969177246,-0.621468722820282,-0.15190812945365906,1.0581001043319702,-0.2619772255420685,-0.19026541709899902,0.9981483817100525,0.01739812083542347,-0.18044541776180267,0.5740152597427368,-0.7512438297271729,-0.1377190798521042,0.9125871658325195,-0.5678865313529968,-0.21598364412784576,0.9968612790107727,-0.31750383973121643,-0.22070524096488953,0.9870214462280273,-0.09830412268638611,-0.19796022772789001
0.0,0.0,0.0,-0.3574400842189789,0.2904628813266754,-0.012604285031557083,-0.7259258031845093,0.32526707649230957,-0.03411644324660301,-1.0251681804656982,0.338034451007843,-0.08953239023685455,-1.2920010089874268,0.31909340620040894,-0.13400982320308685,-0.7577952742576599,-0.4724021255970001,0.15281495451927185,-1.0580816268920898,-0.46733614802360535,0.023587020114064217,-1.2642565965652466,-0.18952074646949768,-0.10083657503128052,-1.3476454019546509,0.11492498219013214,-0.17308087646961212,-0.734906792640686,-0.6730722188949585,0.08298058807849884,-1.11444091796875,-0.5786333084106445,-0.022214381024241447,-1.2732844352722168,-0.24480582773685455,-0.1198849081993103,-1.319596767425537,0.0674663707613945,-0.17871151864528656,-0.6980310678482056,-0.8208320140838623,-0.017483817413449287,-1.130622386932373,-0.6326565742492676,-0.14888164401054382,-1.25832200050354,-0.24455980956554413,-0.212250217795372,-1.2715295553207397,0.08176541328430176,-0.23237380385398865,-0.6538735628128052,-0.8756505250930786,-0.12318521738052368,-1.0447087287902832,-0.594520628452301,-0.2347264140844345,-1.1921182870864868,-0.26655900478363037,-0.2758238911628723,-1.240394949913025,0.02311169169843197,-0.2875494658946991,0.0,0.0,0.0,0.3525400161743164,0.11581620573997498,0.05700267106294632,0.6387333273887634,0.15145546197891235,0.030279124155640602,0.8529362678527832,0.18992599844932556,-0.04219880700111389,1.0068203210830688,0.1124400720000267,-0.10516003519296646,0.6691904664039612,-0.6961532235145569,0.1288822442293167,0.9936882853507996,-0.6260929107666016,0.013186023570597172,1.097787618637085,-0.32287344336509705,-0.10297735035419464,1.091564416885376,-0.057587917894124985,-0.16429637372493744,0.612497866153717,-0.7898052334785461,0.03246518224477768,0.9981094598770142,-0.639799177646637,-0.07442400604486465,1.0865216255187988,-0.300054132938385,-0.16561610996723175,1.0434346199035645,-0.02356044203042984,-0.20934776961803436,0.5705866813659668,-0.7893567085266113,-0.07491481304168701,0.9549846649169922,-0.6077966094017029,-0.1732073426246643,1.028467059135437,-0.26001405715942383,-0.1998627930879593,0.983771026134491,0.01252081897109747,-0.19203414022922516,0.5406664609909058,-0.697137713432312,-0.18382713198661804,0.8596571683883667,-0.5040329098701477,-0.24685487151145935,0.9388397932052612,-0.25599783658981323,-0.24043536186218262,0.9296048283576965,-0.038766779005527496,-0.2138117402791977
0.0,0.0,0.0,-0.35392943024635315,0.2209629863500595,0.019751304760575294,-0.7067177295684814,0.22767744958400726,0.017782261595129967,-0.9807823896408081,0.24132481217384338,-0.02059090882539749,-1.2100656032562256,0.24869519472122192,-0.05104120448231697,-0.7275248169898987,-0.549900472164154,0.18325957655906677,-1.0045348405838013,-0.46312040090560913,0.07342568039894104,-1.1750644445419312,-0.1888309270143509,-0.04557865858078003,-1.263480544090271,0.09746965765953064,-0.1176372691988945,-0.6954935789108276,-0.7107996344566345,0.10513126105070114,-1.055668830871582,-0.5627596378326416,0.02242249809205532,-1.206946849822998,-0.2407103180885315,-0.07082413882017136,-1.2711660861968994,0.0758318230509758,-0.13046427071094513,-0.6501359343528748,-0.8022286295890808,0.001607216545380652,-1.042799949645996,-0.5982425212860107,-0.10090797394514084,-1.1556400060653687,-0.23918376863002777,-0.15453791618347168,-1.1790528297424316,0.0735698863863945,-0.17419469356536865,-0.6056346893310547,-0.7788187265396118,-0.10607542842626572,-0.9523464441299438,-0.5164512395858765,-0.19419671595096588,-1.0877209901809692,-0.22762510180473328,-0.22587603330612183,-1.14909029006958,0.03572642058134079,-0.23419198393821716,0.0,0.0,0.0,0.3986511528491974,0.09745875000953674,0.0810450091958046,0.653732419013977,0.10901684314012527,0.057550735771656036,0.8482942581176758,0.1372113823890686,-0.01667928509414196,0.9988987445831299,0.0850343108177185,-0.08228211849927902,0.6296204924583435,-0.7572843432426453,0.12728062272071838,0.9958583116531372,-0.6480901837348938,0.010462388396263123,1.0997198820114136,-0.34632208943367004,-0.10354313999414444,1.091568112373352,-0.08541658520698547,-0.1639358252286911,0.5823264718055725,-0.8127524852752686,0.018145976588129997,1.0244773626327515,-0.6431806087493896,-0.08412288874387741,1.0935568809509277,-0.3003826141357422,-0.16011984646320343,1.0368984937667847,-0.03902939334511757,-0.19569292664527893,0.5579968094825745,-0.7584328055381775,-0.09879116714000702,0.9967479109764099,-0.5888579487800598,-0.18341660499572754,1.0343517065048218,-0.2593953013420105,-0.1857893019914627,0.9572322368621826,-0.018681954592466354,-0.1652449667453766,0.5532419681549072,-0.6112795472145081,-0.21583600342273712,0.8960995674133301,-0.4522969126701355,-0.25464490056037903,0.9384992718696594,-0.22540344297885895,-0.2226150929927826,0.8927602767944336,-0.034050606191158295,-0.1833290159702301
0.0,0.0,0.0,-0.35776105523109436,0.16202372312545776,-0.0009620795608498156,-0.6668390035629272,0.18814177811145782,-0.028469495475292206,-0.9094347357749939,0.20759470760822296,-0.0904531255364418,-1.0945544242858887,0.14934948086738586,-0.1425270438194275,-0.7391587495803833,-0.5889075398445129,0.14513732492923737,-1.0131733417510986,-0.5391910076141357,0.020051227882504463,-1.133388638496399,-0.27503231167793274,-0.10831520706415176,-1.18397855758667,-0.005387675948441029,-0.1851675659418106,-0.6980980634689331,-0.7122023701667786,0.07366770505905151,-1.0635305643081665,-0.6004722118377686,-0.04432811215519905,-1.1674391031265259,-0.2861727178096771,-0.16889090836048126,-1.1924489736557007,0.015247595496475697,-0.2411137819290161,-0.6434963941574097,-0.7810952663421631,-0.021414408460259438,-0.9951814413070679,-0.6027822494506836,-0.14688661694526672,-1.0963362455368042,-0.25201451778411865,-0.23562002182006836,-1.119773030281067,0.06419842690229416,-0.2719675600528717,-0.5869237780570984,-0.7449629306793213,-0.11921487748622894,-0.8904373645782471,-0.5270217657089233,-0.21315693855285645,-1.0052412748336792,-0.2736179530620575,-0.2593919634819031,-1.0639034509658813,-0.026520727202296257,-0.2755308747291565,0.0,0.0,0.0,0.3772520124912262,0.11968647688627243,0.06265591830015182,0.611890971660614,0.11314794421195984,0.0424649752676487,0.8020943403244019,0.12208861857652664,-0.020683612674474716,0.9419194459915161,0.04521257430315018,-0.06799771636724472,0.5572550296783447,-0.7973043918609619,0.11649009585380554,0.9534882307052612,-0.5983375906944275,0.021852584555745125,1.008326768875122,-0.28094831109046936,-0.06856337934732437,0.9660080075263977,-0.05380825698375702,-0.11473368108272552,0.5383155941963196,-0.8421697020530701,0.03108842298388481,1.0049293041229248,-0.6171697974205017,-0.04551653936505318,1.038232684135437,-0.27696406841278076,-0.09401850402355194,0.9651767015457153,-0.04219954088330269,-0.11341091245412827,0.5450336337089539,-0.7826118469238281,-0.0632682517170906,1.0016964673995972,-0.5670462250709534,-0.12442945688962936,1.0092514753341675,-0.24289318919181824,-0.11634461581707001,0.9137462377548218,-0.02163960598409176,-0.09202557057142258,0.5764815807342529,-0.6422357559204102,-0.15905597805976868,0.9265474677085876,-0.434581995010376,-0.17428748309612274,0.9382098913192749,-0.21735069155693054,-0.1395643651485443,0.8654904961585999,-0.057621002197265625,-0.10360324382781982
0.0,0.0,0.0,-0.3620414435863495,0.17224344611167908,-0.01044496614485979,-0.6735321879386902,0.21139949560165405,-0.04973868653178215,-0.9204035401344299,0.2306060791015625,-0.12058840692043304,-1.09007728099823,0.13802528381347656,-0.17843341827392578,-0.7338507175445557,-0.6051110029220581,0.13721060752868652,-1.0200481414794922,-0.5511191487312317,0.016266176477074623,-1.1313621997833252,-0.2989722788333893,-0.11173644661903381,-1.1696335077285767,-0.039024338126182556,-0.18807004392147064,-0.6886354088783264,-0.721158504486084,0.07557571679353714,-1.0497639179229736,-0.5939565300941467,-0.03250768408179283,-1.1455340385437012,-0.2966296374797821,-0.1501242220401764,-1.150794506072998,-0.01686028018593788,-0.21951666474342346,-0.631769061088562,-0.781022310256958,-0.008849428966641426,-0.9781461954116821,-0.6125187277793884,-0.10882111638784409,-1.0921880006790161,-0.2816782295703888,-0.17830945551395416,-1.1101891994476318,0.013513806276023388,-0.20637474954128265,-0.5751819610595703,-0.7305057048797607,-0.09884811192750931,-0.8664191365242004,-0.5426390767097473,-0.1677815467119217,-0.9937871098518372,-0.3043290376663208,-0.1998041719198227,-1.0481057167053223,-0.07863320410251617,-0.2069903314113617,0.0,0.0,0.0,0.3718253970146179,0.11102838814258575,0.05116885527968407,0.6092774868011475,0.09293855726718903,0.027938302606344223,0.8074513673782349,0.095531165599823,-0.03836974874138832,0.9543518424034119,0.030400866642594337,-0.09034809470176697,0.5231541991233826,-0.8052981495857239,0.13939809799194336,0.8857254385948181,-0.6214589476585388,0.04111399129033089,0.9385214447975159,-0.3209555149078369,-0.05931168049573898,0.8908458352088928,-0.07661262154579163,-0.11109307408332825,0.5117515921592712,-0.8573933839797974,0.05465245619416237,0.9580081105232239,-0.6254258751869202,-0.028506295755505562,0.9873776435852051,-0.3001994490623474,-0.09343937784433365,0.9110159873962402,-0.05297181010246277,-0.12077495455741882,0.5273650884628296,-0.8072559833526611,-0.042558737099170685,0.9675784111022949,-0.5697550773620605,-0.11663216352462769,0.9732949137687683,-0.2530789375305176,-0.1268574297428131,0.8838474154472351,-0.020134665071964264,-0.10922551155090332,0.5680601000785828,-0.6733056306838989,-0.14216461777687073,0.9107117652893066,-0.47046956419944763,-0.17413435876369476,0.9502723813056946,-0.24436365067958832,-0.1531216949224472,0.9113649129867554,-0.06022878736257553,-0.12225101888179779
0.0,0.0,0.0,-0.3609313666820526,0.27076324820518494,-0.01544821448624134,-0.7439581155776978,0.35629919171333313,-0.03544389456510544,-1.0526301860809326,0.3300206661224365,-0.0969606339931488,-1.3055623769760132,0.22860147058963776,-0.14613692462444305,-0.8420808911323547,-0.3761807084083557,0.20410676300525665,-1.1292171478271484,-0.45841872692108154,0.0652419775724411,-1.2945188283920288,-0.2121446579694748,-0.07270657271146774,-1.3681905269622803,0.03906044363975525,-0.15318618714809418,-0.8193414211273193,-0.5586600303649902,0.12875784933567047,-1.2012321949005127,-0.6385645866394043,-0.015856245532631874,-1.3596495389938354,-0.33591845631599426,-0.14268794655799866,-1.3935027122497559,-0.02655680663883686,-0.2041134387254715,-0.7639226317405701,-0.7306711077690125,0.01961216889321804,-1.1575571298599243,-0.7722614407539368,-0.12765547633171082,-1.280766248703003,-0.41342294216156006,-0.2050015926361084,-1.2839933633804321,-0.07682812958955765,-0.22038549184799194,-0.6684627532958984,-0.8703843951225281,-0.09659870713949203,-1.0204741954803467,-0.7660504579544067,-0.20569893717765808,-1.174195408821106,-0.46945226192474365,-0.24865171313285828,-1.2305877208709717,-0.17486883699893951,-0.2549104690551758,0.0,0.0,0.0,0.4023807644844055,0.23741355538368225,0.009420637041330338,0.7412964105606079,0.3432685136795044,-0.041610948741436005,1.0450814962387085,0.4284000098705292,-0.15491695702075958,1.336100697517395,0.35779792070388794,-0.2564103305339813,0.6591029167175293,-0.6058818697929382,0.2539616525173187,0.9209284782409668,-0.6301125884056091,0.12047033756971359,0.995346188545227,-0.33126944303512573,-0.024990901350975037,0.9429131746292114,-0.06267748773097992,-0.09475983679294586,0.6449135541915894,-0.7459843754768372,0.1661137342453003,1.0214569568634033,-0.6242697834968567,0.031056825071573257,1.080461025238037,-0.2616991400718689,-0.1031598150730133,0.9805781841278076,0.012142626568675041,-0.16146475076675415,0.6365684866905212,-0.8146395683288574,0.04672352969646454,1.0611079931259155,-0.6161878108978271,-0.10432472825050354,1.0663702487945557,-0.20686542987823486,-0.17554335296154022,0.9387170076370239,0.08073647320270538,-0.17039154469966888,0.6399610042572021,-0.8018782138824463,-0.07720717787742615,1.044171929359436,-0.6036595702171326,-0.1631239503622055,1.127871036529541,-0.2978425920009613,-0.1702936291694641,1.0781646966934204,-0.03412160649895668,-0.1416526734828949
0.0,0.0,0.0,-0.34770646691322327,0.3039644658565521,-0.04382758587598801,-0.7464392185211182,0.4108814299106598,-0.08014605939388275,-1.0645897388458252,0.38466113805770874,-0.14922864735126495,-1.3309423923492432,0.2872121036052704,-0.20436537265777588,-0.8492319583892822,-0.3564940392971039,0.1493767499923706,-1.1459968090057373,-0.4279204308986664,-0.003327983897179365,-1.3262479305267334,-0.17323894798755646,-0.14778386056423187,-1.4193158149719238,0.09778030961751938,-0.23286372423171997,-0.8279351592063904,-0.5545812845230103,0.08344460278749466,-1.2054579257965088,-0.606168806552887,-0.06359589099884033,-1.3852685689926147,-0.29619327187538147,-0.18719550967216492,-1.453057050704956,0.01819327101111412,-0.2516053020954132,-0.7682174444198608,-0.7279902696609497,-0.017267420887947083,-1.1648526191711426,-0.7411354780197144,-0.17354737222194672,-1.2914925813674927,-0.36664193868637085,-0.24943986535072327,-1.3094544410705566,-0.023566309362649918,-0.2661297023296356,-0.6681448817253113,-0.860150933265686,-0.12676945328712463,-1.0217221975326538,-0.7209517359733582,-0.24963808059692383,-1.1738420724868774,-0.4092959463596344,-0.2979244887828827,-1.23511803150177,-0.11172053217887878,-0.30731526017189026,0.0,0.0,0.0,0.3653677701950073,0.2915269136428833,-0.02039111591875553,0.706569254398346,0.36211517453193665,-0.06863223761320114,0.9939125180244446,0.35205644369125366,-0.1700478345155716,1.2677311897277832,0.2510712742805481,-0.2583092153072357,0.7118887901306152,-0.5431022047996521,0.2193751037120819,0.9515300393104553,-0.6667315363883972,0.07787354290485382,1.0151256322860718,-0.45307067036628723,-0.06153861805796623,0.963462233543396,-0.22004476189613342,-0.12537327408790588,0.7018715739250183,-0.6957026720046997,0.15288585424423218,1.0813143253326416,-0.659602701663971,0.005138241220265627,1.1450709104537964,-0.3159392178058624,-0.11849392205476761,1.0619252920150757,-0.032735008746385574,-0.1635029911994934,0.6874176263809204,-0.794217586517334,0.05051960423588753,1.1205413341522217,-0.6462311744689941,-0.12779468297958374,1.1183630228042603,-0.23428156971931458,-0.20629970729351044,0.9851111173629761,0.07622037827968597,-0.1989917755126953,0.6711525917053223,-0.8266062140464783,-0.056552764028310776,1.0671337842941284,-0.6052892208099365,-0.17908363044261932,1.1348942518234253,-0.2734173536300659,-0.21167093515396118,1.0709561109542847,0.009249519556760788,-0.1953386664390564
0.0,0.0,0.0,-0.3495287299156189,0.1981799155473709,-0.050389621406793594,-0.7056289911270142,0.27092140913009644,-0.1024358719587326,-0.9891453385353088,0.2775588929653168,-0.18425479531288147,-1.2277653217315674,0.17615869641304016,-0.2539936900138855,-0.8372161984443665,-0.4518977105617523,0.12398268282413483,-1.117478847503662,-0.5097754597663879,-0.035479020327329636,-1.2505918741226196,-0.27107343077659607,-0.18850202858448029,-1.3071153163909912,-0.004928492940962315,-0.27800023555755615,-0.782345712184906,-0.6192888021469116,0.06645682454109192,-1.1273730993270874,-0.6563099026679993,-0.09879771620035172,-1.2526357173919678,-0.3602234721183777,-0.24252405762672424,-1.278706669807434,-0.052494343370199203,-0.3165060877799988,-0.6933284401893616,-0.7602894902229309,-0.023139776661992073,-1.0267484188079834,-0.7628439664840698,-0.18302878737449646,-1.1273170709609985,-0.4178448021411896,-0.27938634157180786,-1.1337412595748901,-0.09087423980236053,-0.30989593267440796,-0.5723021030426025,-0.8484543561935425,-0.1202629879117012,-0.8668670654296875,-0.7340098023414612,-0.23612923920154572,-0.9917142987251282,-0.4643484354019165,-0.29193437099456787,-1.0434560775756836,-0.2046375274658203,-0.3089772164821625,0.0,0.0,0.0,0.38582196831703186,0.24272562563419342,0.1435050517320633,0.6303468942642212,0.29530441761016846,0.17412862181663513,0.8310695886611938,0.3555046021938324,0.120970219373703,0.9940991401672363,0.28520557284355164,0.06335613876581192,0.5689055323600769,-0.6483008861541748,0.4003526568412781,0.7117058038711548,-0.745364248752594,0.3926917314529419,0.7656089067459106,-0.7508922219276428,0.31947895884513855,0.74275803565979,-0.7572833895683289,0.26970937848091125,0.5783786177635193,-0.7694900035858154,0.27085670828819275,0.9746348261833191,-0.5983008742332458,0.22641971707344055,1.033717393875122,-0.2541855573654175,0.1302383691072464,0.9288933873176575,-0.011724572628736496,0.08645734190940857,0.619863748550415,-0.7954046130180359,0.12807264924049377,1.0695738792419434,-0.5486195683479309,0.057172298431396484,1.0782092809677124,-0.15751424431800842,-0.00045628391671925783,0.946575939655304,0.10097375512123108,-0.0030876235105097294,0.6962966918945312,-0.7390552163124084,-0.008524958044290543,1.089381456375122,-0.5331493020057678,-0.03864172101020813,1.1114692687988281,-0.24007359147071838,-0.026652788743376732,1.0032297372817993,-0.009589696303009987,0.0035054690670222044
0.0,0.0,0.0,-0.35704952478408813,0.18580572307109833,-0.017542829737067223,-0.6870300769805908,0.24874787032604218,-0.05544935166835785,-0.9381041526794434,0.2567513585090637,-0.12690246105194092,-1.1266690492630005,0.14668899774551392,-0.18818755447864532,-0.7983749508857727,-0.5099485516548157,0.13546137511730194,-1.0608569383621216,-0.5363026857376099,-0.006857151165604591,-1.1866868734359741,-0.2977120280265808,-0.14690709114074707,-1.2376561164855957,-0.03740796819329262,-0.2300320267677307,-0.7519368529319763,-0.6558389663696289,0.06682949513196945,-1.080633282661438,-0.6257984638214111,-0.06825155764818192,-1.2043988704681396,-0.34321698546409607,-0.1946725994348526,-1.238630771636963,-0.05581950768828392,-0.26610687375068665,-0.6763743162155151,-0.7721537351608276,-0.029515476897358894,-1.004715919494629,-0.7036232352256775,-0.16707760095596313,-1.1109200716018677,-0.3811073899269104,-0.2506364583969116,-1.1234896183013916,-0.07313129305839539,-0.28095605969429016,-0.5756995677947998,-0.8205803632736206,-0.1311657577753067,-0.8683410286903381,-0.6586525440216064,-0.23509520292282104,-0.9910846948623657,-0.4065825939178467,-0.2823517620563507,-1.042964220046997,-0.1607002317905426,-0.29672756791114807,0.0,0.0,0.0,0.33782586455345154,0.22000043094158173,0.04309657961130142,0.5786262154579163,0.2750784456729889,0.0061043123714625835,0.8007946014404297,0.33705011010169983,-0.08152294903993607,0.9960598945617676,0.26455801725387573,-0.1555863618850708,0.5537025332450867,-0.7350916266441345,0.18317292630672455,0.8727874159812927,-0.5581557750701904,0.07444478571414948,0.9509966969490051,-0.24863512814044952,-0.0459410659968853,0.9068529605865479,0.02536717802286148,-0.10773981362581253,0.5530585050582886,-0.8275843262672424,0.09607548266649246,0.9373928308486938,-0.5696584582328796,0.010705052874982357,0.9845497012138367,-0.21775436401367188,-0.0775546282529831,0.8944712281227112,0.05736490339040756,-0.11975114792585373,0.5745697617530823,-0.8177215456962585,-0.008902064524590969,0.9849279522895813,-0.5265258550643921,-0.103888139128685,0.9901654124259949,-0.15741944313049316,-0.12959809601306915,0.8769175410270691,0.1132228821516037,-0.11221004277467728,0.6213008165359497,-0.7205636501312256,-0.11632341146469116,0.9896208047866821,-0.47399386763572693,-0.1649974286556244,1.0325407981872559,-0.19522103667259216,-0.14493370056152344,0.9649664163589478,0.04098721221089363,-0.10600441694259644
0.0,0.0,0.0,-0.3411456048488617,0.172991544008255,-0.027779554948210716,-0.6652328968048096,0.2128037065267563,-0.07100754976272583,-0.9197182655334473,0.22202876210212708,-0.1426582634449005,-1.0951168537139893,0.10272037237882614,-0.2013670951128006,-0.7489598393440247,-0.5783687829971313,0.12109555304050446,-1.013306736946106,-0.555840015411377,-0.014909089542925358,-1.1357272863388062,-0.31204789876937866,-0.1489289253950119,-1.187369465827942,-0.0534096322953701,-0.22736692428588867,-0.6991812586784363,-0.7121585011482239,0.06305477768182755,-1.0356496572494507,-0.6268717646598816,-0.060784805566072464,-1.1451060771942139,-0.3345029950141907,-0.17841385304927826,-1.1637870073318481,-0.048101529479026794,-0.24293020367622375,-0.6253337860107422,-0.7972047924995422,-0.02110661007463932,-0.9552610516548157,-0.6634610295295715,-0.14594100415706635,-1.0664722919464111,-0.33569440245628357,-0.2190079391002655,-1.0868481397628784,-0.03869670256972313,-0.24186426401138306,-0.5400371551513672,-0.7869316935539246,-0.11132656037807465,-0.8333891034126282,-0.6001315116882324,-0.20454822480678558,-0.9578218460083008,-0.3567191958427429,-0.2438814342021942,-1.013468623161316,-0.12801671028137207,-0.2507365047931671,0.0,0.0,0.0,0.3534989356994629,0.19489598274230957,0.0452040396630764,0.6102741956710815,0.19640107452869415,0.020318882539868355,0.84908127784729,0.21589960157871246,-0.046701401472091675,1.0449934005737305,0.15470467507839203,-0.09709937125444412,0.5242671966552734,-0.7769826650619507,0.1609959453344345,0.8945001363754272,-0.5935235023498535,0.07051997631788254,0.9736344218254089,-0.2765376567840576,-0.025233635678887367,0.9376652240753174,-0.005449104588478804,-0.07227755337953568,0.5209522247314453,-0.8492952585220337,0.08547692745923996,0.9726760983467102,-0.6092038750648499,0.018413349986076355,1.0240620374679565,-0.2519901394844055,-0.040130168199539185,0.9481948018074036,0.029237793758511543,-0.0651249885559082,0.5447478890419006,-0.8110525608062744,-0.005066255107522011,1.009074091911316,-0.547276496887207,-0.07199336588382721,1.017952561378479,-0.19210296869277954,-0.08071056008338928,0.9120774865150452,0.0698404386639595,-0.06227927654981613,0.5938807725906372,-0.6848660111427307,-0.09808233380317688,0.9720768928527832,-0.44107264280319214,-0.1212298572063446,0.9995678067207336,-0.1839451938867569,-0.09797641634941101,0.9284036755561829,0.02668631635606289,-0.06638027727603912
0.0,0.0,0.0,-0.33794838190078735,0.1633184403181076,-0.010777566581964493,-0.6563243865966797,0.17497171461582184,-0.047329504042863846,-0.9020392894744873,0.19848276674747467,-0.11085309088230133,-1.101151704788208,0.16626137495040894,-0.16398893296718597,-0.6989647150039673,-0.6466858386993408,0.09445696324110031,-0.9835053086280823,-0.5453327298164368,-0.025525223463773727,-1.08775794506073,-0.2717144787311554,-0.14171257615089417,-1.114952564239502,-0.004949899390339851,-0.20831216871738434,-0.6533604264259338,-0.756256103515625,0.03459642082452774,-1.0145457983016968,-0.5802373290061951,-0.07226777821779251,-1.0960118770599365,-0.25180584192276,-0.16641847789287567,-1.0937691926956177,0.02534477971494198,-0.21599797904491425,-0.5942834615707397,-0.7890725135803223,-0.04527412727475166,-0.9494757056236267,-0.5785014033317566,-0.15333513915538788,-1.0428197383880615,-0.2295418232679367,-0.20644408464431763,-1.0491448640823364,0.05361837148666382,-0.2195005565881729,-0.5435023307800293,-0.7060585618019104,-0.1295279562473297,-0.8413233160972595,-0.4916064143180847,-0.2110556662082672,-0.95565265417099,-0.2533193826675415,-0.23801451921463013,-1.0049560070037842,-0.04476634040474892,-0.23765698075294495,0.0,0.0,0.0,0.3718011975288391,0.14666146039962769,0.08551434427499771,0.6166946887969971,0.161032035946846,0.07232892513275146,0.8229928612709045,0.19398237764835358,0.008026093244552612,0.9642945528030396,0.10156150907278061,-0.045054253190755844,0.6018617153167725,-0.7650480270385742,0.16806305944919586,0.9583224654197693,-0.6050205230712891,0.06975090503692627,1.0310081243515015,-0.28548115491867065,-0.03596065193414688,0.9927610754966736,-0.013396026566624641,-0.08953701704740524,0.5699900388717651,-0.8190378546714783,0.06548546254634857,1.0066522359848022,-0.6038946509361267,-0.014519071206450462,1.0545979738235474,-0.26006650924682617,-0.08389414846897125,0.9856511950492859,0.00541753601282835,-0.11574988812208176,0.5650471448898315,-0.7741201519966125,-0.04711123928427696,1.0013072490692139,-0.5394454598426819,-0.11573968827724457,1.022756814956665,-0.20252655446529388,-0.12185335904359818,0.9390762448310852,0.042001232504844666,-0.1033523753285408,0.5873407125473022,-0.6391422748565674,-0.15959519147872925,0.9414193630218506,-0.4394494891166687,-0.17679931223392487,0.9707110524177551,-0.21037641167640686,-0.14256350696086884,0.9162275195121765,-0.027918195351958275,-0.10445215553045273
0.0,0.0,0.0,-0.36018338799476624,0.1534833014011383,0.02111187018454075,-0.6817471385002136,0.15861296653747559,0.006799967959523201,-0.9352557063102722,0.17499032616615295,-0.04275861382484436,-1.1344690322875977,0.17075961828231812,-0.08324594795703888,-0.7067906856536865,-0.6331801414489746,0.16386541724205017,-0.9602009654045105,-0.5632445812225342,0.067464180290699,-1.0806747674942017,-0.31861644983291626,-0.038348738104104996,-1.1368581056594849,-0.06917545944452286,-0.10341700911521912,-0.662876546382904,-0.7435635328292847,0.0877949446439743,-1.0118178129196167,-0.6022733449935913,0.0047441041097044945,-1.1097990274429321,-0.29835590720176697,-0.08692552149295807,-1.1388142108917236,-0.020383864641189575,-0.14088277518749237,-0.6074636578559875,-0.7871459722518921,-0.0092933876439929,-0.9483760595321655,-0.5837079286575317,-0.10298365354537964,-1.0543246269226074,-0.254130482673645,-0.1575538069009781,-1.089443564414978,0.032410915940999985,-0.17763304710388184,-0.5622726678848267,-0.713049590587616,-0.1094299778342247,-0.8566442131996155,-0.49114125967025757,-0.18035615980625153,-0.9812496304512024,-0.24997633695602417,-0.20647147297859192,-1.0523031949996948,-0.027936045080423355,-0.21183091402053833,0.0,0.0,0.0,0.3815036714076996,0.1224372610449791,0.061068687587976456,0.645165205001831,0.1407030075788498,0.023782961070537567,0.8532007336616516,0.1839781552553177,-0.057735636830329895,1.0143848657608032,0.11198346316814423,-0.12827084958553314,0.6195209622383118,-0.7621991634368896,0.07292238622903824,0.9975801706314087,-0.6298899054527283,-0.06547188013792038,1.0875881910324097,-0.31371423602104187,-0.18586233258247375,1.0660275220870972,-0.05412876605987549,-0.245011568069458,0.5749708414077759,-0.8177317380905151,-0.026894651353359222,1.034567952156067,-0.6112601161003113,-0.14650458097457886,1.0743390321731567,-0.2546320855617523,-0.217095747590065,0.9972556829452515,-0.0017074958886951208,-0.24322868883609772,0.550483226776123,-0.7643505334854126,-0.13449835777282715,0.9805219769477844,-0.544305145740509,-0.2324938029050827,0.9986287355422974,-0.20607604086399078,-0.23002776503562927,0.9150682687759399,0.02402055822312832,-0.20120030641555786,0.5432548522949219,-0.6220691204071045,-0.24258558452129364,0.8782925009727478,-0.4193578064441681,-0.2863621115684509,0.9167782664299011,-0.181550994515419,-0.25236308574676514,0.8789684176445007,0.0013316175900399685,-0.2086286097764969
0.0,0.0,0.0,-0.35970747470855713,0.24531030654907227,-0.025763370096683502,-0.748522937297821,0.3213057816028595,-0.055060140788555145,-1.0677775144577026,0.38042008876800537,-0.1163298562169075,-1.336803913116455,0.3595864474773407,-0.16409742832183838,-0.7992058992385864,-0.45294079184532166,0.16465599834918976,-1.0742427110671997,-0.45634374022483826,0.04022698104381561,-1.2330970764160156,-0.18160982429981232,-0.08642906695604324,-1.2997851371765137,0.10652943700551987,-0.16271263360977173,-0.7635675072669983,-0.637427806854248,0.10320094972848892,-1.1103835105895996,-0.5610707998275757,0.0017226015916094184,-1.2398896217346191,-0.23940472304821014,-0.09361427277326584,-1.285719394683838,0.051775407046079636,-0.1513916403055191,-0.7003235220909119,-0.7739911079406738,0.00813438929617405,-1.0969171524047852,-0.6413714289665222,-0.11971497535705566,-1.2109596729278564,-0.2691303789615631,-0.17498540878295898,-1.2307072877883911,0.053200721740722656,-0.18909654021263123,-0.6244922280311584,-0.8294558525085449,-0.0936870276927948,-0.9887570142745972,-0.6042003035545349,-0.19750288128852844,-1.136298656463623,-0.3074759244918823,-0.2329206019639969,-1.204438328742981,-0.03406473249197006,-0.2407294660806656,0.0,0.0,0.0,0.36281663179397583,0.13846547901630402,0.04332330450415611,0.6367473602294922,0.17069314420223236,0.00851999782025814,0.861812174320221,0.21834222972393036,-0.06839467585086823,1.0433332920074463,0.16454359889030457,-0.13404379785060883,0.6585738658905029,-0.7087984681129456,0.11046159267425537,1.0016385316848755,-0.573721170425415,-0.005951044615358114,1.1031781435012817,-0.2849075198173523,-0.11715079843997955,1.093129277229309,-0.04138895869255066,-0.1750396192073822,0.6094603538513184,-0.7924603223800659,0.023763498291373253,1.01702880859375,-0.5720002055168152,-0.07634469121694565,1.0834341049194336,-0.24086445569992065,-0.15190988779067993,1.0306626558303833,0.009082227945327759,-0.18673169612884521,0.5740045309066772,-0.7740336060523987,-0.07479038089513779,0.9687986373901367,-0.534752368927002,-0.1658632606267929,1.0121947526931763,-0.20369665324687958,-0.18015258014202118,0.9475575089454651,0.04404756426811218,-0.16513273119926453,0.5522986054420471,-0.6681525111198425,-0.17627505958080292,0.8653997182846069,-0.4392574727535248,-0.2293863296508789,0.9135380387306213,-0.19108684360980988,-0.21441835165023804,0.8781697154045105,0.014983972534537315,-0.18288494646549225
0.0,0.0,0.0,-0.32779085636138916,0.2813224792480469,-0.029633712023496628,-0.7174367308616638,0.37496334314346313,-0.05957990512251854,-0.9894410967826843,0.34825214743614197,-0.11870076507329941,-1.1791948080062866,0.20357702672481537,-0.15981794893741608,-0.8221373558044434,-0.4269942045211792,0.1320003867149353,-1.0824090242385864,-0.5389841794967651,-0.0036055061500519514,-1.2225948572158813,-0.27432915568351746,-0.13004246354103088,-1.2656633853912354,-0.015855196863412857,-0.20389853417873383,-0.7887782454490662,-0.610859215259552,0.06840990483760834,-1.1121609210968018,-0.6907943487167358,-0.05031929165124893,-1.2502330541610718,-0.3888956606388092,-0.1413070410490036,-1.2703278064727783,-0.10541654378175735,-0.18593670427799225,-0.7252703905105591,-0.7578026056289673,-0.027440231293439865,-1.0913376808166504,-0.7608904838562012,-0.15375113487243652,-1.2262718677520752,-0.40312430262565613,-0.20493517816066742,-1.2430403232574463,-0.08632035553455353,-0.21360105276107788,-0.6319855451583862,-0.8454779982566833,-0.13130079209804535,-0.9800642132759094,-0.6976169347763062,-0.22958435118198395,-1.1301565170288086,-0.41371792554855347,-0.25927218794822693,-1.192699670791626,-0.15623800456523895,-0.26056525111198425,0.0,0.0,0.0,0.3578813672065735,0.1456381380558014,0.04262540861964226,0.6324171423912048,0.2011570781469345,0.014373953454196453,0.8613318800926208,0.2414039522409439,-0.06570489704608917,1.0476585626602173,0.15365161001682281,-0.13142190873622894,0.6554616093635559,-0.6729878187179565,0.21056386828422546,0.9339087605476379,-0.6078123450279236,0.11561623960733414,1.0043742656707764,-0.31022247672080994,0.009521370753645897,0.9660425782203674,-0.06750456243753433,-0.045010317116975784,0.6256756782531738,-0.7698889970779419,0.12570154666900635,0.988896369934082,-0.6420384645462036,0.03924361616373062,1.0459526777267456,-0.2981995940208435,-0.040882404893636703,0.9793601036071777,-0.04477062076330185,-0.07554017007350922,0.6106290221214294,-0.7859896421432495,0.020084625110030174,0.9915809631347656,-0.6225341558456421,-0.06932885944843292,1.0471595525741577,-0.2690827548503876,-0.09803420305252075,0.9771711230278015,0.005874245893210173,-0.08807101100683212,0.6091915369033813,-0.7144243121147156,-0.08966432511806488,0.9441331028938293,-0.5041419863700867,-0.142775759100914,1.0129694938659668,-0.2451522946357727,-0.1391291320323944,0.9782525897026062,-0.029005812481045723,-0.11463242769241333
0.0,0.0,0.0,-0.3548170328140259,0.2544477880001068,-0.03526592627167702,-0.7416776418685913,0.357888400554657,-0.07146509736776352,-1.0320433378219604,0.3527214527130127,-0.14066843688488007,-1.2678643465042114,0.23058658838272095,-0.19809648394584656,-0.8364399075508118,-0.40713098645210266,0.13620199263095856,-1.1159714460372925,-0.4643295109272003,-0.016785461455583572,-1.2967023849487305,-0.21152755618095398,-0.16227670013904572,-1.3975123167037964,0.05150222405791283,-0.25093597173690796,-0.8005548119544983,-0.5957727432250977,0.0645509585738182,-1.1555564403533936,-0.637345016002655,-0.08798880875110626,-1.3334543704986572,-0.3287101984024048,-0.21602801978588104,-1.401546835899353,-0.02354508265852928,-0.2849723696708679,-0.7293668985366821,-0.7578135132789612,-0.03985130041837692,-1.0982601642608643,-0.7646227478981018,-0.1998334676027298,-1.2273790836334229,-0.3985866606235504,-0.2801930904388428,-1.2490102052688599,-0.06477567553520203,-0.30162182450294495,-0.625077486038208,-0.8709725737571716,-0.1518571972846985,-0.9643170833587646,-0.7470554113388062,-0.2761206328868866,-1.1166293621063232,-0.4536482095718384,-0.3257264494895935,-1.182066559791565,-0.17105986177921295,-0.3376212418079376,0.0,0.0,0.0,0.3462796211242676,0.23246745765209198,0.09384257346391678,0.6125187873840332,0.265628844499588,0.11536015570163727,0.84037184715271,0.30175620317459106,0.07169028371572495,1.0263828039169312,0.24545249342918396,0.03641123324632645,0.6061895489692688,-0.6508879661560059,0.32657885551452637,0.8730888962745667,-0.6184608340263367,0.2616358995437622,0.951266348361969,-0.33350279927253723,0.15931585431098938,0.9071534276008606,-0.07679267227649689,0.10815142840147018,0.5982621908187866,-0.7686412930488586,0.2264353185892105,0.9801622033119202,-0.6289072036743164,0.16604231297969818,1.0513663291931152,-0.27973809838294983,0.07126475870609283,0.9804097414016724,-0.007922431454062462,0.025817541405558586,0.6049421429634094,-0.7992684245109558,0.10526427626609802,1.016784906387329,-0.5976386666297913,0.018557704985141754,1.0555529594421387,-0.21829445660114288,-0.03607694432139397,0.9574556946754456,0.058936744928359985,-0.037668317556381226,0.6258119940757751,-0.7489550709724426,-0.013695778325200081,0.9969010949134827,-0.5620659589767456,-0.0668126791715622,1.0681976079940796,-0.27398407459259033,-0.06812436878681183,1.025918960571289,-0.026701627299189568,-0.04531405493617058
0.0,0.0,0.0,-0.3607620894908905,0.22950948774814606,-0.04430903494358063,-0.7216543555259705,0.3388098180294037,-0.09851664304733276,-1.017486810684204,0.34045761823654175,-0.18638204038143158,-1.2634261846542358,0.22446280717849731,-0.2649909257888794,-0.8666293025016785,-0.3821258246898651,0.13861481845378876,-1.169417142868042,-0.41179317235946655,-0.023315463215112686,-1.3312634229660034,-0.18580769002437592,-0.1867341548204422,-1.4226444959640503,0.07602517306804657,-0.2870636284351349,-0.8251182436943054,-0.5605575442314148,0.0703926682472229,-1.1878503561019897,-0.5755702257156372,-0.1040177196264267,-1.3465802669525146,-0.28546571731567383,-0.2653101980686188,-1.4085068702697754,0.04166954383254051,-0.3546781539916992,-0.7391250133514404,-0.7234002351760864,-0.029802264645695686,-1.100594162940979,-0.7351827621459961,-0.20291300117969513,-1.2212635278701782,-0.38745853304862976,-0.314102441072464,-1.2440886497497559,-0.03399685025215149,-0.35522890090942383,-0.6130194067955017,-0.8449640274047852,-0.13672953844070435,-0.9250097870826721,-0.7350428700447083,-0.2683258652687073,-1.055176854133606,-0.4545685052871704,-0.3340393602848053,-1.1109017133712769,-0.16807164251804352,-0.35833510756492615,0.0,0.0,0.0,0.4080868065357208,0.25214943289756775,0.11311450600624084,0.6730305552482605,0.2135794758796692,0.1383378803730011,0.8633768558502197,0.22401362657546997,0.09485884010791779,1.0537656545639038,0.196909099817276,0.05793704465031624,0.5503702759742737,-0.7167285680770874,0.3224179148674011,0.8210448622703552,-0.6017950773239136,0.26373353600502014,0.840969979763031,-0.3781590759754181,0.16727620363235474,0.75480717420578,-0.18570943176746368,0.11773701757192612,0.5315357446670532,-0.8198313117027283,0.21294689178466797,0.964018702507019,-0.5822698473930359,0.16663095355033875,1.023492693901062,-0.25415369868278503,0.08775676041841507,0.9410122632980347,0.005962258670479059,0.05099809169769287,0.56201171875,-0.8090983033180237,0.0853789746761322,1.0264697074890137,-0.5442750453948975,0.030592866241931915,1.0684802532196045,-0.18034347891807556,-0.006093075033277273,0.9727611541748047,0.08433764427900314,-0.004339366685599089,0.6402223110198975,-0.7224767208099365,-0.040451157838106155,1.0402332544326782,-0.5062487721443176,-0.04973248764872551,1.068033218383789,-0.2249174565076828,-0.026384280994534492,0.9839308857917786,0.0042114704847335815,0.004704102408140898
0.0,0.0,0.0,-0.33831438422203064,0.21818822622299194,-0.0379454530775547,-0.6990160346031189,0.29900962114334106,-0.08456265181303024,-0.9812255501747131,0.311286062002182,-0.16106994450092316,-1.2125959396362305,0.21986979246139526,-0.2269408404827118,-0.828456699848175,-0.45423364639282227,0.11233487725257874,-1.1180697679519653,-0.49320369958877563,-0.04412127286195755,-1.2648571729660034,-0.2554631233215332,-0.1914006471633911,-1.3265268802642822,0.011583434417843819,-0.27736058831214905,-0.7778648138046265,-0.6266043186187744,0.047889407724142075,-1.131787657737732,-0.6325976848602295,-0.11239617317914963,-1.2697010040283203,-0.32784321904182434,-0.24807634949684143,-1.3077644109725952,-0.015545359812676907,-0.3178914487361908,-0.6908243894577026,-0.7681238651275635,-0.046091776341199875,-1.0422000885009766,-0.734481692314148,-0.208212211728096,-1.1553417444229126,-0.38413602113723755,-0.30271580815315247,-1.1703487634658813,-0.05878414958715439,-0.3322520852088928,-0.5751452445983887,-0.8435314893722534,-0.14546704292297363,-0.8922863006591797,-0.6835652589797974,-0.2700560688972473,-1.0209553241729736,-0.4024268090724945,-0.328000009059906,-1.074753761291504,-0.1424170881509781,-0.3450573980808258,0.0,0.0,0.0,0.416754812002182,0.2569113075733185,0.05777839198708534,0.6839058995246887,0.22091670334339142,0.060011912137269974,0.8645662665367126,0.2207321673631668,0.011738457717001438,1.0357897281646729,0.15649303793907166,-0.021539662033319473,0.5431373715400696,-0.7415003776550293,0.224660724401474,0.8702136278152466,-0.5494046807289124,0.14954204857349396,0.9493448138237,-0.2349616289138794,0.05050347000360489,0.9049590229988098,0.015294980257749557,-0.0019432235276326537,0.5272400379180908,-0.8378175497055054,0.14170290529727936,0.9421665072441101,-0.5748735666275024,0.0864768773317337,1.0136082172393799,-0.22354699671268463,0.009797901846468449,0.9455947875976562,0.03835248202085495,-0.02975778840482235,0.5526198148727417,-0.8186547160148621,0.04118804261088371,0.9926860928535461,-0.5548912286758423,-0.021134894341230392,1.0483167171478271,-0.18943968415260315,-0.0499781034886837,0.9638029932975769,0.07020833343267441,-0.04616205766797066,0.6189127564430237,-0.7095868587493896,-0.06174946948885918,1.003483772277832,-0.4858417510986328,-0.091948501765728,1.0494648218154907,-0.1991354525089264,-0.07375747710466385,0.9720177054405212,0.03852377459406853,-0.04420872777700424
0.0,0.0,0.0,-0.32237502932548523,0.1642412543296814,-0.015634683892130852,-0.6473467946052551,0.1998606026172638,-0.0545455738902092,-0.8829278945922852,0.22410915791988373,-0.12207075953483582,-1.0658756494522095,0.14937978982925415,-0.1804903745651245,-0.7647297382354736,-0.5659657120704651,0.09056463092565536,-1.0428911447525024,-0.4985472857952118,-0.05014381185173988,-1.1633520126342773,-0.2501646876335144,-0.17997494339942932,-1.1994496583938599,0.0007569798617623746,-0.2538449764251709,-0.7058756947517395,-0.7078610062599182,0.025928860530257225,-1.045781135559082,-0.5907111763954163,-0.1036825180053711,-1.1502702236175537,-0.27749112248420715,-0.21297518908977509,-1.161733627319336,0.007790242787450552,-0.2714013159275055,-0.6211901903152466,-0.7945924401283264,-0.061368536204099655,-0.9452793002128601,-0.628619372844696,-0.1907002180814743,-1.037689447402954,-0.2892340123653412,-0.2579401433467865,-1.0427954196929932,-0.009262300096452236,-0.27852481603622437,-0.5251618027687073,-0.7816560864448547,-0.15319210290908813,-0.8041378855705261,-0.5744644999504089,-0.25099673867225647,-0.9176581501960754,-0.322376549243927,-0.2902238070964813,-0.9657192230224609,-0.10764128714799881,-0.2987605631351471,0.0,0.0,0.0,0.3612614572048187,0.21433599293231964,0.04265911877155304,0.6163114309310913,0.23467224836349487,0.018733598291873932,0.8605301380157471,0.2616783082485199,-0.048749007284641266,1.0658797025680542,0.18248498439788818,-0.09887290745973587,0.5178456902503967,-0.7644493579864502,0.171670600771904,0.8962571024894714,-0.5902242660522461,0.07336004078388214,0.9923281073570251,-0.2624996304512024,-0.0311263594776392,0.9536904096603394,0.025393107905983925,-0.08159814029932022,0.5140433311462402,-0.8527113795280457,0.09296636283397675,0.9814566969871521,-0.604049801826477,0.015881797298789024,1.0429567098617554,-0.23896940052509308,-0.055279336869716644,0.956718921661377,0.041637059301137924,-0.08725035190582275,0.539537250995636,-0.8305604457855225,-0.0027399903628975153,1.0242564678192139,-0.5752747058868408,-0.08566853404045105,1.0474730730056763,-0.20504474639892578,-0.10284828394651413,0.9356421232223511,0.0615837499499321,-0.08614178746938705,0.5874010324478149,-0.7235128283500671,-0.10064882040023804,0.983434796333313,-0.4692406952381134,-0.1428370624780655,1.013732671737671,-0.1904035359621048,-0.12465673685073853,0.9347947835922241,0.03337471932172775,-0.09197811782360077
0.0,0.0,0.0,-0.34220758080482483,0.15551283955574036,-0.025672672316432,-0.6611740589141846,0.1874026656150818,-0.07286259531974792,-0.9021974205970764,0.19767341017723083,-0.14639629423618317,-1.068176507949829,0.09582322835922241,-0.20929847657680511,-0.7574881911277771,-0.5822148323059082,0.08295334130525589,-1.052430272102356,-0.49631088972091675,-0.05789962783455849,-1.164107322692871,-0.25305312871932983,-0.1910702884197235,-1.200531005859375,-0.009541514329612255,-0.2674885392189026,-0.6957152485847473,-0.7178494930267334,0.025930874049663544,-1.0572190284729004,-0.5786807537078857,-0.10620857030153275,-1.1459661722183228,-0.27872541546821594,-0.22249598801136017,-1.145288109779358,-0.0050253672525286674,-0.2859211564064026,-0.6130117177963257,-0.796521008014679,-0.052663665264844894,-0.9487676620483398,-0.6255050301551819,-0.178338885307312,-1.034562349319458,-0.2991091310977936,-0.24590755999088287,-1.0330778360366821,-0.025830930098891258,-0.2666548490524292,-0.5259007811546326,-0.769737720489502,-0.13662642240524292,-0.8049570918083191,-0.5710857510566711,-0.22728300094604492,-0.9183865785598755,-0.3323311507701874,-0.2639012634754181,-0.9661248922348022,-0.12267466634511948,-0.27111175656318665,0.0,0.0,0.0,0.36952245235443115,0.1752999722957611,0.030885469168424606,0.6201619505882263,0.17596520483493805,-0.004284422378987074,0.8511895537376404,0.19400765001773834,-0.0776810497045517,1.0431395769119263,0.12969233095645905,-0.13379229605197906,0.5617972016334534,-0.7635210752487183,0.11667709797620773,0.935371458530426,-0.575892448425293,0.015934642404317856,1.0105938911437988,-0.2628016471862793,-0.08588815480470657,0.9677388668060303,-0.008948593400418758,-0.1397130936384201,0.5498059391975403,-0.8342183828353882,0.0423458069562912,0.9972448945045471,-0.5950211882591248,-0.034892719238996506,1.0415633916854858,-0.2431362122297287,-0.09497043490409851,0.9577184915542603,0.011832847259938717,-0.12428915500640869,0.5623176693916321,-0.7912408113479614,-0.04575567692518234,1.0192687511444092,-0.5585082173347473,-0.11976321786642075,1.0328189134597778,-0.2122207134962082,-0.12050092220306396,0.9306265115737915,0.03353046998381615,-0.09998175501823425,0.5986500978469849,-0.6550067067146301,-0.13756702840328217,0.9676148891448975,-0.43942251801490784,-0.1735033541917801,0.9939911365509033,-0.19894999265670776,-0.14827847480773926,0.9260205030441284,-0.014317696914076805,-0.11543227732181549
0.0,0.0,0.0,-0.3422080874443054,0.15582816302776337,-0.021030519157648087,-0.654906153678894,0.186699777841568,-0.06966570764780045,-0.8952287435531616,0.20652037858963013,-0.14329823851585388,-1.0552880764007568,0.11964581161737442,-0.2033976912498474,-0.7244652509689331,-0.6238683462142944,0.07829619944095612,-1.0145286321640015,-0.5467426180839539,-0.04924730956554413,-1.1191798448562622,-0.2971952259540558,-0.17054004967212677,-1.1489588022232056,-0.054947931319475174,-0.2424568384885788,-0.6711428165435791,-0.740993857383728,0.022258002310991287,-1.034597396850586,-0.587833046913147,-0.08957017213106155,-1.1156607866287231,-0.2927156388759613,-0.1844063401222229,-1.1065802574157715,-0.04145516827702522,-0.23765790462493896,-0.5993590354919434,-0.7942008972167969,-0.054536279290914536,-0.9472475051879883,-0.6019107699394226,-0.16025519371032715,-1.0440181493759155,-0.2825563848018646,-0.20675241947174072,-1.0496444702148438,-0.02272634580731392,-0.21949151158332825,-0.5259509086608887,-0.7333698868751526,-0.13757289946079254,-0.8115490674972534,-0.5237041115760803,-0.21633653342723846,-0.9303537607192993,-0.28990107774734497,-0.24328811466693878,-0.9824955463409424,-0.09085675328969955,-0.24581560492515564,0.0,0.0,0.0,0.38288426399230957,0.1475817710161209,0.022071149200201035,0.6461019515991211,0.1425027996301651,-0.01929483376443386,0.8924523591995239,0.15517383813858032,-0.10175033658742905,1.1080256700515747,0.11476532369852066,-0.1663181036710739,0.5705652236938477,-0.756424605846405,0.11976343393325806,0.9320891499519348,-0.6168981194496155,0.0014073984930291772,1.0049830675125122,-0.3008398413658142,-0.10975250601768494,0.9622917175292969,-0.03434747830033302,-0.16559407114982605,0.5517990589141846,-0.832702100276947,0.04609743878245354,0.9961872696876526,-0.6372981667518616,-0.051816176623106,1.0440598726272583,-0.28570565581321716,-0.11920257657766342,0.9646680951118469,-0.022797681391239166,-0.14545954763889313,0.558289647102356,-0.8055828809738159,-0.044941212981939316,1.0073798894882202,-0.5902101993560791,-0.13556814193725586,1.0160632133483887,-0.2444169819355011,-0.1426946073770523,0.91481614112854,0.004267590586096048,-0.1192241981625557,0.5926654934883118,-0.6892686486244202,-0.14102703332901,0.9545196890830994,-0.46781420707702637,-0.18479962646961212,0.9786006808280945,-0.22219064831733704,-0.16387031972408295,0.9093616604804993,-0.0309463944286108,-0.1301852911710739
0.0,0.0,0.0,-0.35449323058128357,0.14517442882061005,-0.010583839379251003,-0.6664868593215942,0.1703529804944992,-0.049587201327085495,-0.9056131839752197,0.19483555853366852,-0.11911681294441223,-1.095130205154419,0.16135825216770172,-0.1805560439825058,-0.7443245053291321,-0.6000734567642212,0.11161317676305771,-1.0292037725448608,-0.5026252865791321,-0.01695132441818714,-1.1524691581726074,-0.2485482394695282,-0.14889927208423615,-1.2046817541122437,0.00028451933758333325,-0.2283322513103485,-0.6893656849861145,-0.7229545712471008,0.04595256969332695,-1.0443319082260132,-0.5561325550079346,-0.07172073423862457,-1.1434767246246338,-0.24428953230381012,-0.1935318261384964,-1.1645677089691162,0.035471782088279724,-0.2658599317073822,-0.6164029240608215,-0.7829084992408752,-0.04045814648270607,-0.9461265206336975,-0.5925137996673584,-0.15497079491615295,-1.0545183420181274,-0.25919273495674133,-0.23000472784042358,-1.0790143013000488,0.030207322910428047,-0.25954383611679077,-0.5403252243995667,-0.7323709726333618,-0.13128022849559784,-0.826720118522644,-0.5273599028587341,-0.21425384283065796,-0.9501833319664001,-0.2929237484931946,-0.251406192779541,-1.0112860202789307,-0.07482234388589859,-0.26126110553741455,0.0,0.0,0.0,0.381710022687912,0.15100154280662537,0.07656531780958176,0.6437407732009888,0.1637326031923294,0.0638587549328804,0.8693494200706482,0.1898365169763565,-0.002935966243967414,1.0498112440109253,0.11600565910339355,-0.057195521891117096,0.6053047180175781,-0.730719804763794,0.19759492576122284,0.9499810934066772,-0.5905060172080994,0.10008615255355835,1.0246394872665405,-0.27871131896972656,-0.006341047119349241,0.9783051609992981,-0.022911660373210907,-0.06002521142363548,0.5819283127784729,-0.8071600198745728,0.099257692694664,1.0100884437561035,-0.5965521335601807,0.01944458857178688,1.0541919469833374,-0.25302359461784363,-0.052088413387537,0.9708921313285828,-0.008540546521544456,-0.08490825444459915,0.5823593735694885,-0.7825878858566284,-0.013770584017038345,1.0158987045288086,-0.5625625848770142,-0.09163504093885422,1.0297741889953613,-0.22273780405521393,-0.10685571283102036,0.9309921264648438,0.018041396513581276,-0.09206508845090866,0.6077904105186462,-0.6715772747993469,-0.12748077511787415,0.9632210731506348,-0.45878979563713074,-0.16115136444568634,1.0042387247085571,-0.21107374131679535,-0.13977760076522827,0.9532561302185059,-0.012704516761004925,-0.10829868912696838
0.0,0.0,0.0,-0.3592446446418762,0.17367272078990936,0.0019503138028085232,-0.688691258430481,0.19382359087467194,-0.020292140543460846,-0.9502223134040833,0.2145911455154419,-0.07684296369552612,-1.1721633672714233,0.22187305986881256,-0.12133634835481644,-0.7365379929542542,-0.5875579118728638,0.16589275002479553,-0.9808746576309204,-0.544559121131897,0.05910492688417435,-1.0890471935272217,-0.2955300807952881,-0.057338960468769073,-1.1278915405273438,-0.044559232890605927,-0.12984023988246918,-0.692393958568573,-0.7151681184768677,0.09552562981843948,-1.0237979888916016,-0.604583203792572,0.003267893334850669,-1.1284822225570679,-0.3101638853549957,-0.096526600420475,-1.1552761793136597,-0.038364335894584656,-0.1571948230266571,-0.6283295750617981,-0.7839967012405396,-0.0004759286530315876,-0.9587717056274414,-0.6120333075523376,-0.10232808440923691,-1.0722805261611938,-0.28221189975738525,-0.16372531652450562,-1.103628396987915,0.00776136526837945,-0.18841375410556793,-0.5640305876731873,-0.7424340844154358,-0.10177017003297806,-0.8560273051261902,-0.5240871906280518,-0.18039236962795258,-0.9822367429733276,-0.2770555019378662,-0.21403078734874725,-1.0465070009231567,-0.04972223564982414,-0.22484029829502106,0.0,0.0,0.0,0.38872459530830383,0.14295370876789093,0.057109538465738297,0.6544817686080933,0.15975865721702576,0.02965214103460312,0.8801440596580505,0.1797766387462616,-0.046001192182302475,1.066288948059082,0.10343626886606216,-0.10762151330709457,0.6253552436828613,-0.7211912870407104,0.15481846034526825,0.9768821597099304,-0.5689141154289246,0.04302047938108444,1.049330234527588,-0.2587255537509918,-0.06718222051858902,0.999174177646637,-0.032784003764390945,-0.12259985506534576,0.5945032835006714,-0.8014631867408752,0.06498157232999802,1.0215061902999878,-0.5881664156913757,-0.031750988215208054,1.053088903427124,-0.23700740933418274,-0.10257419943809509,0.9625342488288879,-0.014932427555322647,-0.13154754042625427,0.5803256630897522,-0.7819960117340088,-0.039210014045238495,1.0024538040161133,-0.5527138113975525,-0.126017764210701,1.014007806777954,-0.20830072462558746,-0.13218729197978973,0.9163691401481628,0.007573600392788649,-0.10928124189376831,0.5775008201599121,-0.6747154593467712,-0.14501872658729553,0.9231059551239014,-0.46039140224456787,-0.1815682202577591,0.9719703793525696,-0.22363480925559998,-0.15546216070652008,0.9315013885498047,-0.055074479430913925,-0.11911685019731522
0.0,0.0,0.0,-0.3637886643409729,0.15787702798843384,-0.0036157462745904922,-0.6985641121864319,0.1747012883424759,-0.027366964146494865,-0.9645630717277527,0.20846037566661835,-0.08365944027900696,-1.188016653060913,0.21391882002353668,-0.12694571912288666,-0.7236603498458862,-0.6107469797134399,0.15853795409202576,-0.9668928980827332,-0.5761822462081909,0.046397894620895386,-1.0846742391586304,-0.32403305172920227,-0.07345948368310928,-1.1322945356369019,-0.06680121272802353,-0.1472202092409134,-0.6764823198318481,-0.7307999134063721,0.09112199395895004,-1.0080193281173706,-0.6408260464668274,-0.010817425325512886,-1.1157950162887573,-0.34950095415115356,-0.11884860694408417,-1.145065426826477,-0.07391785830259323,-0.18224559724330902,-0.6111437082290649,-0.795352041721344,-0.0018256806069985032,-0.9454107284545898,-0.6275108456611633,-0.11072905361652374,-1.0650169849395752,-0.2982874810695648,-0.18286511301994324,-1.1029731035232544,-0.0034858975559473038,-0.21201738715171814,-0.5479521155357361,-0.7496173977851868,-0.09952481091022491,-0.8522104620933533,-0.5354817509651184,-0.18227966129779816,-0.9825266599655151,-0.2887248694896698,-0.22255848348140717,-1.0487785339355469,-0.057850711047649384,-0.23666751384735107,0.0,0.0,0.0,0.3802392780780792,0.14310838282108307,0.041559264063835144,0.6466420888900757,0.17331331968307495,0.0035414930898696184,0.8647266030311584,0.2057177573442459,-0.07794516533613205,1.0412670373916626,0.12075036019086838,-0.14475783705711365,0.6331883668899536,-0.7302015423774719,0.12118790298700333,0.9877740144729614,-0.5783794522285461,7.972487946972251e-05,1.0674667358398438,-0.26503071188926697,-0.11658048629760742,1.0181035995483398,-0.032715748995542526,-0.17496278882026672,0.5994160175323486,-0.7995386719703674,0.037926409393548965,1.0233895778656006,-0.5945006012916565,-0.06461688876152039,1.0746859312057495,-0.24343416094779968,-0.13905936479568481,0.9930596351623535,-0.006717420648783445,-0.17160426080226898,0.5808228850364685,-0.7724794149398804,-0.05921509861946106,1.0027737617492676,-0.5577574968338013,-0.14724162220954895,1.03324556350708,-0.2198011577129364,-0.15659578144550323,0.9424443244934082,0.00458205072209239,-0.13816235959529877,0.5745459794998169,-0.6578677892684937,-0.15907135605812073,0.9178144335746765,-0.44936493039131165,-0.19989337027072906,0.9587962031364441,-0.20987103879451752,-0.1760655790567398,0.9059320688247681,-0.03164388984441757,-0.14107991755008698
0.0,0.0,0.0,-0.36724990606307983,0.16276848316192627,-9.11961033125408e-05,-0.7063753008842468,0.17377322912216187,-0.01835918240249157,-0.9807288646697998,0.20918330550193787,-0.06890401244163513,-1.206933617591858,0.23498207330703735,-0.10715131461620331,-0.7337100505828857,-0.5888082981109619,0.17062929272651672,-0.9696779251098633,-0.5382128357887268,0.07016130536794662,-1.080562710762024,-0.29031917452812195,-0.04438639059662819,-1.1320993900299072,-0.043071258813142776,-0.11839628964662552,-0.6907715201377869,-0.7156857848167419,0.10309497267007828,-1.018442988395691,-0.6035097241401672,0.009378363378345966,-1.110001802444458,-0.3152080774307251,-0.09525253623723984,-1.137115478515625,-0.04383665323257446,-0.15781055390834808,-0.6294513940811157,-0.7852895855903625,0.01073260884732008,-0.9540577530860901,-0.5914583802223206,-0.09010299295186996,-1.069860816001892,-0.2729843854904175,-0.1583307981491089,-1.117457389831543,0.016079341992735863,-0.187832310795784,-0.5712901949882507,-0.7440667748451233,-0.08673824369907379,-0.8638287782669067,-0.5014777183532715,-0.1629886031150818,-0.9942484498023987,-0.2561649978160858,-0.2006763219833374,-1.0703402757644653,-0.027635300531983376,-0.21559806168079376,0.0,0.0,0.0,0.36805054545402527,0.14566445350646973,0.04610595107078552,0.6410307884216309,0.18056750297546387,0.009929896332323551,0.8607019186019897,0.22047702968120575,-0.06984098255634308,1.0343854427337646,0.1457158774137497,-0.1371833235025406,0.6490837931632996,-0.7212587594985962,0.11343272775411606,1.0131418704986572,-0.5708378553390503,-0.005886814557015896,1.1049834489822388,-0.2677931785583496,-0.11792171001434326,1.0796390771865845,-0.026872776448726654,-0.17471197247505188,0.6061095595359802,-0.7949584722518921,0.025928141549229622,1.0398222208023071,-0.5828897356987,-0.08159028738737106,1.0889039039611816,-0.23132458329200745,-0.15717358887195587,1.0169548988342285,0.015341808088123798,-0.18884754180908203,0.5802924036979675,-0.7671358585357666,-0.07348443567752838,1.0036201477050781,-0.5459277629852295,-0.1686365157365799,1.0323550701141357,-0.2008877396583557,-0.17906354367733002,0.9497184753417969,0.03722628206014633,-0.15896758437156677,0.5700790286064148,-0.6495349407196045,-0.1747055947780609,0.9133921265602112,-0.4432832598686218,-0.22249388694763184,0.9586228132247925,-0.19958390295505524,-0.20103447139263153,0.9176289439201355,-0.01265621930360794,-0.16600999236106873
0.0,0.0,0.0,-0.3659200370311737,0.21883580088615417,-0.006636995822191238,-0.727906346321106,0.2578420341014862,-0.02161453478038311,-1.0145587921142578,0.25381404161453247,-0.07713431119918823,-1.2624022960662842,0.2170650213956833,-0.12630786001682281,-0.8106014728546143,-0.4264698624610901,0.1871562898159027,-1.0700558423995972,-0.4549526572227478,0.05972447991371155,-1.2174779176712036,-0.21820959448814392,-0.0742950290441513,-1.2708910703659058,0.03298645839095116,-0.15323977172374725,-0.7868399024009705,-0.6062077879905701,0.11573726683855057,-1.1113888025283813,-0.6171287894248962,0.0036461614072322845,-1.2284889221191406,-0.33300215005874634,-0.10806278139352798,-1.254249095916748,-0.035912927240133286,-0.16883747279644012,-0.7313399314880371,-0.7627665400505066,0.01297804620116949,-1.0892152786254883,-0.7173877358436584,-0.10998276621103287,-1.2079625129699707,-0.37767210602760315,-0.18238399922847748,-1.227457046508789,-0.06015296280384064,-0.20590347051620483,-0.6500461101531982,-0.866413414478302,-0.09640835225582123,-0.9941401481628418,-0.6891862154006958,-0.1917797476053238,-1.1486072540283203,-0.39962488412857056,-0.23088090121746063,-1.220041036605835,-0.11363095790147781,-0.24064050614833832,0.0,0.0,0.0,0.3716963529586792,0.14862960577011108,0.021252518519759178,0.6592671275138855,0.2026493400335312,-0.013495027087628841,0.8831391930580139,0.23160262405872345,-0.09393920749425888,1.0255540609359741,0.1104130893945694,-0.16213800013065338,0.7244334816932678,-0.6343078017234802,0.1520039439201355,0.9909716844558716,-0.6458978056907654,0.026542218402028084,1.064935326576233,-0.3341319262981415,-0.10248375684022903,1.0327439308166504,-0.06770158559083939,-0.1709488183259964,0.6764141321182251,-0.7329217195510864,0.07272975146770477,1.0015734434127808,-0.6603317260742188,-0.036630984395742416,1.0676273107528687,-0.32264772057533264,-0.13816022872924805,1.0150376558303833,-0.051929913461208344,-0.1899867206811905,0.6286659240722656,-0.7616598606109619,-0.027378283441066742,0.96481853723526,-0.6462407112121582,-0.1283167004585266,1.0304259061813354,-0.31419625878334045,-0.1713629961013794,0.976341962814331,-0.03712351620197296,-0.17464600503444672,0.5820808410644531,-0.7063344120979309,-0.1339946985244751,0.8876932263374329,-0.5358964204788208,-0.1987997442483902,0.9712103605270386,-0.2960647940635681,-0.2089926153421402,0.9538188576698303,-0.07306644320487976,-0.19595204293727875
0.0,0.0,0.0,-0.3760412335395813,0.2977733910083771,-0.005912997759878635,-0.8012338280677795,0.3727080821990967,-0.006135826930403709,-1.1316335201263428,0.36041539907455444,-0.04740429297089577,-1.4194378852844238,0.3337562680244446,-0.08429043740034103,-0.8861405253410339,-0.2801685035228729,0.21328793466091156,-1.1606338024139404,-0.3468291759490967,0.09220746159553528,-1.3381521701812744,-0.13597694039344788,-0.041996438056230545,-1.4439913034439087,0.11964957416057587,-0.1277366578578949,-0.8596227765083313,-0.4917147159576416,0.13879963755607605,-1.1747074127197266,-0.5335463285446167,0.009036683477461338,-1.323922872543335,-0.2845383882522583,-0.12130554765462875,-1.3930492401123047,0.017173368483781815,-0.19331617653369904,-0.7999352216720581,-0.7102365493774414,0.03218786418437958,-1.1610647439956665,-0.6828526854515076,-0.11656153202056885,-1.3019260168075562,-0.3667305111885071,-0.1999059021472931,-1.3629544973373413,-0.02664290927350521,-0.22494147717952728,-0.7016640901565552,-0.928938090801239,-0.07945660501718521,-1.0490319728851318,-0.7747136950492859,-0.2054303139448166,-1.2210334539413452,-0.48766785860061646,-0.2555831968784332,-1.3289796113967896,-0.17505718767642975,-0.26873311400413513,0.0,0.0,0.0,0.3584369719028473,0.19341380894184113,-0.002408814150840044,0.6754118204116821,0.25644436478614807,-0.04542878270149231,0.9267846345901489,0.28573575615882874,-0.1293671876192093,1.106001377105713,0.1489838808774948,-0.1997787356376648,0.7462376356124878,-0.5955789089202881,0.14048300683498383,1.0577943325042725,-0.6081856489181519,0.01903572492301464,1.1344188451766968,-0.2960473597049713,-0.10375141352415085,1.0944242477416992,-0.05582129582762718,-0.16882073879241943,0.6905170679092407,-0.7199986577033997,0.0691964402794838,1.0644826889038086,-0.6592015027999878,-0.046233732253313065,1.1314609050750732,-0.2999715507030487,-0.1510772705078125,1.0690243244171143,-0.03772776201367378,-0.20198366045951843,0.6309863328933716,-0.7777745127677917,-0.024722803384065628,1.0190461874008179,-0.6706207394599915,-0.1337411105632782,1.0852771997451782,-0.3030589520931244,-0.18020011484622955,1.02342689037323,-0.030842985957860947,-0.18439362943172455,0.5662524104118347,-0.741411566734314,-0.12557998299598694,0.9077733159065247,-0.5715710520744324,-0.2027067244052887,0.9887079000473022,-0.2989276349544525,-0.21650002896785736,0.9572986960411072,-0.07757734507322311,-0.20604583621025085
0.0,0.0,0.0,-0.35328149795532227,0.35226619243621826,-0.030284691601991653,-0.7443529963493347,0.4644790589809418,-0.04624243825674057,-1.0726029872894287,0.4588339328765869,-0.10008424520492554,-1.3684697151184082,0.4032551050186157,-0.14530974626541138,-0.873390793800354,-0.24609634280204773,0.20302817225456238,-1.1654421091079712,-0.2880195379257202,0.066500224173069,-1.3596986532211304,-0.04521499201655388,-0.07922908663749695,-1.4643017053604126,0.22352714836597443,-0.16942228376865387,-0.8750168681144714,-0.4642484784126282,0.13718196749687195,-1.22506582736969,-0.49004054069519043,-0.002717281924560666,-1.3940961360931396,-0.2050846517086029,-0.13816677033901215,-1.4694401025772095,0.10728149861097336,-0.21094568073749542,-0.8428794145584106,-0.6876933574676514,0.03612963855266571,-1.2496470212936401,-0.6698940992355347,-0.11996179819107056,-1.3946105241775513,-0.3243749737739563,-0.20250055193901062,-1.4394322633743286,0.018955079838633537,-0.2222013622522354,-0.7666837573051453,-0.9110887050628662,-0.07293298095464706,-1.1312611103057861,-0.7500203251838684,-0.20578664541244507,-1.2980585098266602,-0.4308433532714844,-0.2571239173412323,-1.376891851425171,-0.10140981525182724,-0.2658872604370117,0.0,0.0,0.0,0.36355358362197876,0.13794109225273132,0.0317281112074852,0.6831339597702026,0.15736062824726105,-0.0030439780093729496,0.931930661201477,0.17945249378681183,-0.08396457135677338,1.1152637004852295,0.0719522088766098,-0.15489622950553894,0.6853554248809814,-0.6725207567214966,0.13562965393066406,1.0028455257415771,-0.6680112481117249,0.01723059080541134,1.1152235269546509,-0.3817102909088135,-0.09628050774335861,1.1068744659423828,-0.12643982470035553,-0.15480199456214905,0.6130275726318359,-0.7885895371437073,0.048205383121967316,1.0039899349212646,-0.7146815657615662,-0.0636294037103653,1.0931602716445923,-0.36811187863349915,-0.15398527681827545,1.0502941608428955,-0.09809451550245285,-0.19432790577411652,0.5528427362442017,-0.8243021965026855,-0.05629710108041763,0.9531593918800354,-0.707692563533783,-0.16383184492588043,1.0279563665390015,-0.34638580679893494,-0.19352342188358307,0.980185866355896,-0.07112826406955719,-0.1862000823020935,0.5073080062866211,-0.7644798755645752,-0.1644846498966217,0.8512612581253052,-0.6079871654510498,-0.23898117244243622,0.9308931231498718,-0.3370897173881531,-0.23941196501255035,0.9117110967636108,-0.10484761744737625,-0.21790212392807007
0.0,0.0,0.0,-0.3829817771911621,0.36422714591026306,-0.02181040681898594,-0.7860624194145203,0.5054365396499634,-0.03003702498972416,-1.126265525817871,0.508333683013916,-0.07846082001924515,-1.4225374460220337,0.4739372730255127,-0.12127690762281418,-0.8691352009773254,-0.24178336560726166,0.21389447152614594,-1.1525263786315918,-0.25676417350769043,0.09042303264141083,-1.350679636001587,-0.03299519419670105,-0.05017506703734398,-1.4753893613815308,0.22406622767448425,-0.14274661242961884,-0.873151421546936,-0.46683382987976074,0.1402597874403,-1.2148568630218506,-0.4484718143939972,0.004713233560323715,-1.383790373802185,-0.16674089431762695,-0.13594838976860046,-1.467631459236145,0.15460379421710968,-0.2168729603290558,-0.8493298888206482,-0.6927357912063599,0.03286106884479523,-1.2509963512420654,-0.6255927085876465,-0.13055868446826935,-1.400073766708374,-0.2687309682369232,-0.22186970710754395,-1.4509249925613403,0.09466492384672165,-0.2481941282749176,-0.7847446203231812,-0.9111096262931824,-0.08061054348945618,-1.1681053638458252,-0.7301599979400635,-0.21854498982429504,-1.3306705951690674,-0.4017442762851715,-0.2682703137397766,-1.3991512060165405,-0.05877938121557236,-0.2779390215873718,0.0,0.0,0.0,0.3854108154773712,0.13137713074684143,0.030684029683470726,0.6994774341583252,0.15390725433826447,-0.005894407629966736,0.9564681649208069,0.17439505457878113,-0.09364093840122223,1.1701148748397827,0.07081254571676254,-0.1712038367986679,0.6681159138679504,-0.6719327569007874,0.17905549705028534,0.9626584053039551,-0.6567942500114441,0.05992414802312851,1.0600486993789673,-0.35902953147888184,-0.061453934758901596,1.0373066663742065,-0.1069956123828888,-0.12430418282747269,0.6068034768104553,-0.7897975444793701,0.08949517458677292,0.9707527160644531,-0.68736732006073,-0.027643591165542603,1.0461950302124023,-0.3350387215614319,-0.12663774192333221,0.9876691102981567,-0.06679721176624298,-0.16917632520198822,0.5521394610404968,-0.8263011574745178,-0.021477924659848213,0.9379032850265503,-0.6862717270851135,-0.1365727037191391,1.0014413595199585,-0.31790173053741455,-0.17390474677085876,0.9424868226051331,-0.04194062948226929,-0.16569368541240692,0.51088547706604,-0.7694383859634399,-0.13670548796653748,0.8554863333702087,-0.6148583292961121,-0.2123774290084839,0.9296432137489319,-0.34512093663215637,-0.2133796662092209,0.8976432681083679,-0.11200292408466339,-0.1890726089477539
0.0,0.0,0.0,-0.3412785828113556,0.3023570775985718,-0.029296159744262695,-0.7463449239730835,0.4089290201663971,-0.05622652918100357,-1.0490500926971436,0.40159180760383606,-0.11703751236200333,-1.3134069442749023,0.35256603360176086,-0.16316066682338715,-0.8449503779411316,-0.3845610022544861,0.1437705010175705,-1.1262972354888916,-0.49963822960853577,-0.004079669713973999,-1.2923270463943481,-0.2528151571750641,-0.14154601097106934,-1.3569163084030151,0.022378792986273766,-0.22106267511844635,-0.8135122060775757,-0.5770768523216248,0.07197368144989014,-1.152002215385437,-0.6561911702156067,-0.06885389238595963,-1.3024685382843018,-0.3540951907634735,-0.17780838906764984,-1.3338203430175781,-0.04680422693490982,-0.23018178343772888,-0.75132817029953,-0.7479614615440369,-0.03338395431637764,-1.1350054740905762,-0.7551666498184204,-0.1813793033361435,-1.2726898193359375,-0.3844669461250305,-0.24431835114955902,-1.2888199090957642,-0.04294173792004585,-0.2523112893104553,-0.653415858745575,-0.8850691914558411,-0.14659690856933594,-1.0220614671707153,-0.7475517392158508,-0.26321175694465637,-1.1886591911315918,-0.44381406903266907,-0.3018665313720703,-1.2565702199935913,-0.15132245421409607,-0.30427777767181396,0.0,0.0,0.0,0.38359829783439636,0.21071989834308624,-0.0012824704172089696,0.7303714752197266,0.236372709274292,-0.0381181426346302,1.0152724981307983,0.23824474215507507,-0.12969647347927094,1.2552802562713623,0.12101208418607712,-0.21086271107196808,0.7243193984031677,-0.5972659587860107,0.20173002779483795,0.9991520643234253,-0.863365113735199,0.05911360681056976,1.1333463191986084,-0.6185852289199829,-0.08195483684539795,1.1096757650375366,-0.34053942561149597,-0.14956067502498627,0.6818599700927734,-0.7219889760017395,0.11746890097856522,1.0470077991485596,-0.8618399500846863,-0.039715830236673355,1.1656301021575928,-0.5095993876457214,-0.17595194280147552,1.0940794944763184,-0.2070060819387436,-0.2315223067998886,0.624518871307373,-0.8219016790390015,0.0012223059311509132,1.0291516780853271,-0.8368537425994873,-0.15548749268054962,1.1221437454223633,-0.4424014985561371,-0.2318560779094696,1.0392850637435913,-0.13549932837486267,-0.23530757427215576,0.5588557720184326,-0.854032039642334,-0.12077099829912186,0.9399925470352173,-0.7835530042648315,-0.23047615587711334,1.0558586120605469,-0.49373483657836914,-0.2608771324157715,1.0134996175765991,-0.2338087558746338,-0.2504652440547943
0.0,0.0,0.0,-0.33772674202919006,0.2670394778251648,-0.04802197962999344,-0.7172752022743225,0.37943971157073975,-0.08571291714906693,-1.0148431062698364,0.3786732256412506,-0.15606211125850677,-1.283652901649475,0.29556119441986084,-0.21322506666183472,-0.8696581125259399,-0.35506561398506165,0.14686240255832672,-1.1669669151306152,-0.4172289967536926,-0.00799349695444107,-1.3365027904510498,-0.16660818457603455,-0.15447142720222473,-1.4241950511932373,0.10514812171459198,-0.24048103392124176,-0.8300203084945679,-0.551555335521698,0.08278260380029678,-1.1803514957427979,-0.5830255150794983,-0.06665746122598648,-1.3546372652053833,-0.2866385877132416,-0.197633758187294,-1.42475426197052,0.024756979197263718,-0.26832857728004456,-0.7539892196655273,-0.7234593033790588,-0.017780190333724022,-1.1012375354766846,-0.6818429827690125,-0.18380287289619446,-1.2155845165252686,-0.31016770005226135,-0.27786463499069214,-1.2327004671096802,0.03279251232743263,-0.3058703541755676,-0.6474447846412659,-0.853367805480957,-0.12641458213329315,-0.9728540182113647,-0.712589681148529,-0.2555871903896332,-1.1006258726119995,-0.4049246609210968,-0.3129768371582031,-1.1449248790740967,-0.10175022482872009,-0.3296717405319214,0.0,0.0,0.0,0.3572850525379181,0.1669883131980896,0.05048936605453491,0.6222020387649536,0.1649191826581955,0.045497454702854156,0.8338725566864014,0.12448898702859879,-0.012868180871009827,1.0091431140899658,0.0177862960845232,-0.05990038067102432,0.5952413082122803,-0.7006821632385254,0.23878388106822968,0.8559829592704773,-0.7097249031066895,0.14469236135482788,0.9589853286743164,-0.43655869364738464,0.034591708332300186,0.9411432147026062,-0.17994022369384766,-0.01979021355509758,0.5554699301719666,-0.8170109391212463,0.15474608540534973,0.9051998853683472,-0.7374979257583618,0.06081471964716911,0.9841520190238953,-0.4266771972179413,-0.03337179496884346,0.9360684752464294,-0.16935262084007263,-0.0737210065126419,0.5269533395767212,-0.8658047914505005,0.047837696969509125,0.9010536074638367,-0.703722357749939,-0.06097504496574402,0.9722563028335571,-0.3723818361759186,-0.11015002429485321,0.9145273566246033,-0.10310390591621399,-0.1061188355088234,0.5080887675285339,-0.8314208388328552,-0.06060408428311348,0.8573449850082397,-0.6786802411079407,-0.13196635246276855,0.9743516445159912,-0.4425952434539795,-0.14219003915786743,0.9855681657791138,-0.22015342116355896,-0.12361222505569458
0.0,0.0,0.0,-0.32827723026275635,0.22737249732017517,-0.0324348583817482,-0.690532922744751,0.3218865692615509,-0.07975742965936661,-0.9666137099266052,0.33219218254089355,-0.15865501761436462,-1.1946452856063843,0.24914391338825226,-0.2269558608531952,-0.8641224503517151,-0.40193596482276917,0.09211650490760803,-1.176788568496704,-0.43961501121520996,-0.07307714223861694,-1.30582857131958,-0.16957814991474152,-0.22163857519626617,-1.3447884321212769,0.10302594304084778,-0.30796018242836,-0.8158625960350037,-0.5778010487556458,0.022676751017570496,-1.1908717155456543,-0.5769123435020447,-0.14779338240623474,-1.3170278072357178,-0.24762968719005585,-0.2873365879058838,-1.338549017906189,0.05858726426959038,-0.35930973291397095,-0.7257851958274841,-0.7260167002677917,-0.07407450675964355,-1.072666883468628,-0.6737297773361206,-0.242802232503891,-1.1577153205871582,-0.30274006724357605,-0.33858782052993774,-1.1531128883361816,0.017813613638281822,-0.36946389079093933,-0.5992231965065002,-0.8217607736587524,-0.17534708976745605,-0.9028369784355164,-0.6768480539321899,-0.30022117495536804,-1.0109261274337769,-0.38459068536758423,-0.3552261292934418,-1.046852469444275,-0.12332583963871002,-0.37201055884361267,0.0,0.0,0.0,0.3895922303199768,0.16461801528930664,0.09802480041980743,0.650907576084137,0.13554847240447998,0.11570663005113602,0.8547251224517822,0.11484907567501068,0.06784570217132568,1.033976674079895,0.03129188343882561,0.02675609104335308,0.5434158444404602,-0.7245538234710693,0.2974132299423218,0.7737830877304077,-0.7182286977767944,0.219272181391716,0.8430984616279602,-0.5104658007621765,0.11446668952703476,0.8098331093788147,-0.30270642042160034,0.06024701148271561,0.5229576826095581,-0.8312830328941345,0.18837137520313263,0.9172793626785278,-0.6638010740280151,0.10210402309894562,0.97093266248703,-0.34270140528678894,0.007575531955808401,0.8946285843849182,-0.09865328669548035,-0.03258209303021431,0.5296269059181213,-0.8376705646514893,0.060069188475608826,0.9582157731056213,-0.5933533310890198,-0.0457669198513031,0.9599205255508423,-0.23952005803585052,-0.0949225053191185,0.8536856770515442,0.011466089636087418,-0.08942824602127075,0.5652870535850525,-0.7634817957878113,-0.06579234451055527,0.9295608997344971,-0.5722969174385071,-0.1279565393924713,0.9925485253334045,-0.31076860427856445,-0.12975499033927917,0.9607096910476685,-0.08330857753753662,-0.10645385831594467
0.0,0.0,0.0,-0.3353661000728607,0.2021387815475464,-0.015886185690760612,-0.6601499915122986,0.2853204905986786,-0.05848650634288788,-0.9029445052146912,0.34287264943122864,-0.1288541704416275,-1.066605806350708,0.2427396923303604,-0.1865691989660263,-0.7826817631721497,-0.5371163487434387,0.10040684044361115,-1.0513694286346436,-0.43856993317604065,-0.03507394716143608,-1.1371492147445679,-0.15606780350208282,-0.16616320610046387,-1.1505964994430542,0.11895601451396942,-0.24192966520786285,-0.7435526847839355,-0.6674630045890808,0.04028033837676048,-1.0756423473358154,-0.48249557614326477,-0.07720090448856354,-1.1494901180267334,-0.1668219119310379,-0.18605375289916992,-1.1382508277893066,0.120472751557827,-0.24771752953529358,-0.6771045327186584,-0.7427948713302612,-0.04202010855078697,-1.0029792785644531,-0.5163437128067017,-0.15561102330684662,-1.089455485343933,-0.16419978439807892,-0.21774382889270782,-1.0890188217163086,0.133787602186203,-0.23795947432518005,-0.5982008576393127,-0.7118809223175049,-0.1292198747396469,-0.8761886954307556,-0.4625004827976227,-0.21175046265125275,-0.9827606081962585,-0.19832491874694824,-0.24317553639411926,-1.0233285427093506,0.031150957569479942,-0.2471337616443634,0.0,0.0,0.0,0.3742159307003021,0.12576989829540253,0.021230008453130722,0.6450091004371643,0.13096773624420166,-0.02783614955842495,0.8845700621604919,0.16246987879276276,-0.12341725081205368,1.0958163738250732,0.10444853454828262,-0.20203503966331482,0.5403861403465271,-0.783898115158081,0.1267494410276413,0.8833974003791809,-0.692682683467865,-0.015843039378523827,0.9625160098075867,-0.3674863278865814,-0.1476142704486847,0.9252366423606873,-0.07740653306245804,-0.21276509761810303,0.5073594450950623,-0.8607082366943359,0.04204510524868965,0.9382152557373047,-0.7171816825866699,-0.08558160066604614,0.9950882196426392,-0.3587214946746826,-0.17443262040615082,0.9258747696876526,-0.06692402064800262,-0.20993249118328094,0.5049166679382324,-0.8445605635643005,-0.06267309933900833,0.9472031593322754,-0.6697820425033569,-0.1823979765176773,0.980499267578125,-0.3155037462711334,-0.2061031609773636,0.901656448841095,-0.033430315554142,-0.18688635528087616,0.537244975566864,-0.7401632070541382,-0.17227491736412048,0.9114598631858826,-0.559821367263794,-0.23757675290107727,0.9715158939361572,-0.30183908343315125,-0.22515714168548584,0.9359166622161865,-0.07549592107534409,-0.19319073855876923
0.0,0.0,0.0,-0.3510458171367645,0.1823676973581314,-0.011353323236107826,-0.6645399332046509,0.22713524103164673,-0.05565210059285164,-0.9051652550697327,0.27441316843032837,-0.1270471215248108,-1.0865651369094849,0.23230530321598053,-0.1846107393503189,-0.7264675498008728,-0.61960768699646,0.09829328209161758,-1.0260992050170898,-0.5132346153259277,-0.024776224046945572,-1.1044491529464722,-0.24223542213439941,-0.14602622389793396,-1.099158525466919,0.016841839998960495,-0.21567031741142273,-0.6837154626846313,-0.7285444140434265,0.04190700501203537,-1.0578926801681519,-0.526506245136261,-0.06816176325082779,-1.108781099319458,-0.2164970338344574,-0.16990992426872253,-1.067126989364624,0.033490750938653946,-0.22511962056159973,-0.6277690529823303,-0.7705426812171936,-0.03401222079992294,-0.9741494059562683,-0.5257928967475891,-0.12589231133460999,-1.059343934059143,-0.19569025933742523,-0.17750795185565948,-1.050163745880127,0.0648532584309578,-0.19438208639621735,-0.5718194842338562,-0.6956633925437927,-0.11569207906723022,-0.8516093492507935,-0.4515787363052368,-0.17676597833633423,-0.9609390497207642,-0.21044224500656128,-0.20144115388393402,-1.0033987760543823,-0.014381392858922482,-0.20328645408153534,0.0,0.0,0.0,0.38207557797431946,0.09149852395057678,0.054037321358919144,0.6376268267631531,0.08029095828533173,0.03211032226681709,0.8482011556625366,0.08651543408632278,-0.03477516770362854,1.0009058713912964,0.015023191459476948,-0.08787532150745392,0.550592839717865,-0.785500705242157,0.13889636099338531,0.914522111415863,-0.6360971331596375,0.029679181054234505,1.0136096477508545,-0.3454180061817169,-0.07826752215623856,1.0164117813110352,-0.09414128214120865,-0.135004922747612,0.5117706656455994,-0.8576922416687012,0.04954611137509346,0.9685240983963013,-0.6732844114303589,-0.05089602991938591,1.0346767902374268,-0.34597402811050415,-0.12159202992916107,0.9958125948905945,-0.08763446658849716,-0.14922372996807098,0.5061835050582886,-0.8273633718490601,-0.053078919649124146,0.9587655663490295,-0.6311311721801758,-0.14140844345092773,1.0058977603912354,-0.3123876452445984,-0.15232142806053162,0.9558945894241333,-0.06695841997861862,-0.13182997703552246,0.5322790145874023,-0.7092708945274353,-0.15829475224018097,0.8914948105812073,-0.5333809852600098,-0.19738638401031494,0.9573230743408203,-0.3155556619167328,-0.17696624994277954,0.9482638239860535,-0.13069447875022888,-0.14502586424350739
0.0,0.0,0.0,-0.35632452368736267,0.14951229095458984,-0.021251196041703224,-0.6750059723854065,0.19822056591510773,-0.07775021344423294,-0.9272615313529968,0.25296905636787415,-0.1594216674566269,-1.111634373664856,0.2253120392560959,-0.22882701456546783,-0.7249391674995422,-0.6321387887001038,0.07503680139780045,-1.0380141735076904,-0.5107219219207764,-0.06027330085635185,-1.135077953338623,-0.23415327072143555,-0.19316135346889496,-1.1573766469955444,0.04316463693976402,-0.2699568271636963,-0.6775962114334106,-0.735106885433197,0.021936561912298203,-1.0713335275650024,-0.5206867456436157,-0.1001892164349556,-1.1307423114776611,-0.20607848465442657,-0.2161279171705246,-1.1076929569244385,0.058742303401231766,-0.28249087929725647,-0.6155984401702881,-0.7739925980567932,-0.049245741218328476,-0.9720385670661926,-0.5454117059707642,-0.1502988487482071,-1.0595639944076538,-0.2189391851425171,-0.2122146338224411,-1.0578876733779907,0.05562392249703407,-0.23514984548091888,-0.5550944209098816,-0.7004457116127014,-0.12585189938545227,-0.8396057486534119,-0.46782249212265015,-0.19012846052646637,-0.9523478746414185,-0.2344808429479599,-0.21854354441165924,-1.0001811981201172,-0.03342259302735329,-0.22364290058612823,0.0,0.0,0.0,0.38313841819763184,0.09501609206199646,0.04759502410888672,0.6310394406318665,0.09531564265489578,0.01616021990776062,0.8329626321792603,0.10542397201061249,-0.058566849678754807,0.970097005367279,0.019073335453867912,-0.1193140521645546,0.5533628463745117,-0.788779079914093,0.11249099671840668,0.9222748279571533,-0.6437109708786011,-0.005897332914173603,1.0199371576309204,-0.35112544894218445,-0.11774447560310364,1.0170739889144897,-0.1032414510846138,-0.17615371942520142,0.5145117044448853,-0.8571799993515015,0.022808121517300606,0.9760521650314331,-0.6713601350784302,-0.08347643911838531,1.0418647527694702,-0.3403688967227936,-0.15326346457004547,0.9981756210327148,-0.08780273795127869,-0.18116043508052826,0.5062569379806519,-0.8233104944229126,-0.07971806824207306,0.9640058279037476,-0.637377142906189,-0.17158451676368713,1.0123646259307861,-0.31854456663131714,-0.1787533313035965,0.9590428471565247,-0.07968022674322128,-0.1568441540002823,0.528435468673706,-0.6999636888504028,-0.18524767458438873,0.8904524445533752,-0.5255540013313293,-0.22652855515480042,0.950516939163208,-0.31020572781562805,-0.20380625128746033,0.9326428174972534,-0.13528399169445038,-0.17081023752689362
0.0,0.0,0.0,-0.36091625690460205,0.1662338227033615,-0.019647788256406784,-0.6705692410469055,0.20095087587833405,-0.07076792418956757,-0.9198199510574341,0.24629656970500946,-0.14813321828842163,-1.1264890432357788,0.2498021423816681,-0.21062399446964264,-0.6971680521965027,-0.6469642519950867,0.08381836116313934,-0.9974666833877563,-0.5638145804405212,-0.03976992145180702,-1.079152226448059,-0.29878559708595276,-0.15937404334545135,-1.073512315750122,-0.047976214438676834,-0.2295292317867279,-0.6555911302566528,-0.7545676827430725,0.02877158299088478,-1.0340263843536377,-0.5912023186683655,-0.08004626631736755,-1.094101905822754,-0.2870458662509918,-0.17345115542411804,-1.0592503547668457,-0.040539175271987915,-0.2257283329963684,-0.6031175851821899,-0.7861913442611694,-0.047200758010149,-0.9717610478401184,-0.5759682059288025,-0.14745017886161804,-1.0586133003234863,-0.24196837842464447,-0.19338323175907135,-1.0466289520263672,0.022548304870724678,-0.206741601228714,-0.5580294728279114,-0.6943881511688232,-0.12962952256202698,-0.854977548122406,-0.4740590453147888,-0.20229628682136536,-0.9660219550132751,-0.23418095707893372,-0.22772973775863647,-1.0028356313705444,-0.030855009332299232,-0.23053649067878723,0.0,0.0,0.0,0.3903026282787323,0.11182285100221634,0.030266737565398216,0.669965922832489,0.12086973339319229,-0.015238931402564049,0.9030513763427734,0.13498885929584503,-0.1015714630484581,1.1034692525863647,0.05631917715072632,-0.1719028353691101,0.6200624108314514,-0.7484269142150879,0.09512756019830704,0.9826932549476624,-0.6248793601989746,-0.03511085361242294,1.067097783088684,-0.31188827753067017,-0.15196073055267334,1.0253756046295166,-0.07971752434968948,-0.2098027467727661,0.5747318863868713,-0.8182204365730286,0.014093377627432346,1.0056498050689697,-0.6404722929000854,-0.10046746581792831,1.0618726015090942,-0.2824382185935974,-0.17402786016464233,0.9876309633255005,-0.04342187941074371,-0.20288346707820892,0.5475974678993225,-0.7927104830741882,-0.08097915351390839,0.9712442755699158,-0.5969785451889038,-0.17973096668720245,1.006430983543396,-0.25502511858940125,-0.18507257103919983,0.925801157951355,-0.03195374086499214,-0.1610344499349594,0.5367794632911682,-0.6807669401168823,-0.17941845953464508,0.8835018873214722,-0.49062758684158325,-0.22862136363983154,0.9343410730361938,-0.25618261098861694,-0.20483170449733734,0.8934191465377808,-0.08588656783103943,-0.16807270050048828
0.0,0.0,0.0,-0.3597564101219177,0.217780202627182,0.011126892641186714,-0.7090155482292175,0.24624411761760712,-0.0028267670422792435,-0.9840663075447083,0.2862086892127991,-0.053503669798374176,-1.2080553770065308,0.31904757022857666,-0.09583035111427307,-0.7843250632286072,-0.5121774077415466,0.1782844215631485,-1.0239784717559814,-0.41850876808166504,0.07670103013515472,-1.1428009271621704,-0.15604381263256073,-0.042419496923685074,-1.1947903633117676,0.10284791141748428,-0.11968904733657837,-0.7458719611167908,-0.658623993396759,0.09944582730531693,-1.075507640838623,-0.5028027892112732,0.013209270313382149,-1.1618174314498901,-0.2018672674894333,-0.08456691354513168,-1.18270742893219,0.0811280757188797,-0.14583495259284973,-0.6840633749961853,-0.744560956954956,-0.004211047198623419,-1.040778398513794,-0.5412102341651917,-0.10122596472501755,-1.1258262395858765,-0.20824992656707764,-0.15497015416622162,-1.139050006866455,0.07592263072729111,-0.17565810680389404,-0.6165599822998047,-0.7191882133483887,-0.11309923231601715,-0.9556633830070496,-0.46468234062194824,-0.19267766177654266,-1.083078384399414,-0.20474563539028168,-0.22042332589626312,-1.139498233795166,0.02530224435031414,-0.2269284725189209,0.0,0.0,0.0,0.370379775762558,0.11437125504016876,0.045070674270391464,0.6547677516937256,0.13506202399730682,0.006903234403580427,0.8709083199501038,0.1687639057636261,-0.07567714899778366,1.042580485343933,0.10012754052877426,-0.14688865840435028,0.6660376787185669,-0.7206651568412781,0.09377546608448029,1.0053586959838867,-0.6439310312271118,-0.031795434653759,1.1161725521087646,-0.35427239537239075,-0.14617151021957397,1.110150933265686,-0.10656794160604477,-0.2051035463809967,0.6080313324928284,-0.793911874294281,0.001339157810434699,1.0110629796981812,-0.6471415758132935,-0.10833205282688141,1.0882982015609741,-0.3134404122829437,-0.18430520594120026,1.0359785556793213,-0.06252147257328033,-0.21780285239219666,0.5694526433944702,-0.7692874073982239,-0.10270717740058899,0.964232325553894,-0.5905912518501282,-0.1978359967470169,1.0139728784561157,-0.2620784640312195,-0.20730143785476685,0.9512707591056824,-0.022391419857740402,-0.18960252404212952,0.546654224395752,-0.6521900296211243,-0.20979337394237518,0.8646724224090576,-0.46098873019218445,-0.26203739643096924,0.9157016277313232,-0.22031451761722565,-0.2421143651008606,0.8810080885887146,-0.019471194595098495,-0.20818452537059784
0.0,0.0,0.0,-0.3502122461795807,0.22797366976737976,0.016121549531817436,-0.6880268454551697,0.23357321321964264,0.006175502203404903,-0.9693097472190857,0.26157090067863464,-0.037937942892313004,-1.200451135635376,0.2801722586154938,-0.07202555984258652,-0.695116400718689,-0.5807305574417114,0.1705501228570938,-0.978426992893219,-0.49053481221199036,0.07241154462099075,-1.1311731338500977,-0.22083593904972076,-0.03400713577866554,-1.202463984489441,0.05051792785525322,-0.09867573529481888,-0.6645846962928772,-0.7408998608589172,0.09692570567131042,-1.0581614971160889,-0.5780388116836548,0.019591951742768288,-1.1738876104354858,-0.24422124028205872,-0.06284089386463165,-1.1959611177444458,0.06192438304424286,-0.11146525293588638,-0.6287416815757751,-0.8208470344543457,-0.00016865912766661495,-1.038009524345398,-0.5758270025253296,-0.0880834236741066,-1.136274814605713,-0.20835597813129425,-0.13403046131134033,-1.1453578472137451,0.0889296904206276,-0.15011174976825714,-0.6058787107467651,-0.7652425765991211,-0.10195545107126236,-0.9511322379112244,-0.466452419757843,-0.17087650299072266,-1.0806918144226074,-0.18667900562286377,-0.19751162827014923,-1.1356009244918823,0.04906195029616356,-0.20459777116775513,0.0,0.0,0.0,0.38243380188941956,0.10865066200494766,0.05877799913287163,0.6665043234825134,0.12506867945194244,0.019710708409547806,0.8898037672042847,0.16196535527706146,-0.06469520926475525,1.0547115802764893,0.0955631360411644,-0.1410975605249405,0.6493317484855652,-0.7397921085357666,0.07166507095098495,1.0302609205245972,-0.649364173412323,-0.0622606985270977,1.145361065864563,-0.3466675877571106,-0.1827581524848938,1.1512389183044434,-0.09413935989141464,-0.24610936641693115,0.5892965197563171,-0.8072772026062012,-0.03214217349886894,1.040506362915039,-0.6443490386009216,-0.15566682815551758,1.1187676191329956,-0.28416529297828674,-0.24040287733078003,1.0679575204849243,-0.01430265698581934,-0.27816739678382874,0.5501940846443176,-0.7631881237030029,-0.14274324476718903,0.9817018508911133,-0.5891066789627075,-0.24572327733039856,1.04268479347229,-0.23938032984733582,-0.25634607672691345,0.9885069727897644,0.013934755697846413,-0.23833896219730377,0.5289315581321716,-0.6262202858924866,-0.25388169288635254,0.8708967566490173,-0.46446019411087036,-0.3106578588485718,0.9429611563682556,-0.22419734299182892,-0.28839361667633057,0.9274504780769348,-0.022974327206611633,-0.25300532579421997
0.0,0.0,0.0,-0.3418232202529907,0.2256530374288559,0.007614211644977331,-0.6661137938499451,0.23389463126659393,-0.009153556078672409,-0.9308348894119263,0.24839401245117188,-0.05807075649499893,-1.1367334127426147,0.21255435049533844,-0.09729781746864319,-0.7044868469238281,-0.5663211941719055,0.13868388533592224,-0.9964665174484253,-0.47073376178741455,0.02433909848332405,-1.161009430885315,-0.19652779400348663,-0.0927877277135849,-1.247666358947754,0.08422891050577164,-0.16309811174869537,-0.6670030355453491,-0.742124617099762,0.06601499766111374,-1.0686296224594116,-0.5768101811408997,-0.019086049869656563,-1.2006694078445435,-0.24915370345115662,-0.10416559129953384,-1.239844799041748,0.06025824323296547,-0.15597452223300934,-0.6203920245170593,-0.8353959321975708,-0.029782531782984734,-1.0425305366516113,-0.5942552089691162,-0.12326491624116898,-1.15846586227417,-0.23467113077640533,-0.16879655420780182,-1.184041976928711,0.06268087774515152,-0.1851126104593277,-0.5847164988517761,-0.7906162142753601,-0.13111142814159393,-0.9455851912498474,-0.4958115518093109,-0.20902343094348907,-1.0824501514434814,-0.21771810948848724,-0.23742453753948212,-1.1415013074874878,0.023640509694814682,-0.2437719702720642,0.0,0.0,0.0,0.37712034583091736,0.0913199633359909,0.05354469269514084,0.6657138466835022,0.09988939762115479,0.013409045524895191,0.8930913805961609,0.13346856832504272,-0.07078807055950165,1.0572563409805298,0.056751906871795654,-0.14535334706306458,0.6320945620536804,-0.7539911270141602,0.07223861664533615,0.9952431917190552,-0.6665499210357666,-0.06562329083681107,1.1014002561569214,-0.3660956919193268,-0.1858411729335785,1.1012815237045288,-0.11457917094230652,-0.24674232304096222,0.5706111788749695,-0.8207470178604126,-0.027879320085048676,1.0060677528381348,-0.6533317565917969,-0.15228666365146637,1.0743272304534912,-0.30002790689468384,-0.2338741570711136,1.02274489402771,-0.03435087576508522,-0.2673144042491913,0.5292437672615051,-0.7795772552490234,-0.13646486401557922,0.9436750411987305,-0.5905565619468689,-0.2389652281999588,1.004398226737976,-0.2492387294769287,-0.2498142421245575,0.9583645462989807,0.0007586326682940125,-0.2303963601589203,0.5041261315345764,-0.6445150971412659,-0.24624720215797424,0.8331425189971924,-0.4765864610671997,-0.3009580969810486,0.9091718196868896,-0.23512056469917297,-0.279584139585495,0.9045178294181824,-0.0304998978972435,-0.24365119636058807
0.0,0.0,0.0,-0.35898154973983765,0.30612024664878845,-0.03998206928372383,-0.7513847351074219,0.43916985392570496,-0.08433425426483154,-1.0737329721450806,0.5219740867614746,-0.16311965882778168,-1.3365750312805176,0.46331167221069336,-0.23171667754650116,-0.8850792050361633,-0.30285680294036865,0.11757153272628784,-1.1907939910888672,-0.33666542172431946,-0.02721300534904003,-1.3350169658660889,-0.06416656076908112,-0.16475534439086914,-1.3685474395751953,0.22559484839439392,-0.2451270967721939,-0.8557390570640564,-0.5143657326698303,0.05602284520864487,-1.2268160581588745,-0.5162450671195984,-0.07532154768705368,-1.3458075523376465,-0.17963816225528717,-0.1951303780078888,-1.3692502975463867,0.14816522598266602,-0.2609888017177582,-0.7864874601364136,-0.7013074159622192,-0.036326050758361816,-1.1969863176345825,-0.6387237906455994,-0.1891055703163147,-1.2926177978515625,-0.23086419701576233,-0.2703703045845032,-1.2862272262573242,0.11422950029373169,-0.2952632009983063,-0.6925435662269592,-0.8310031890869141,-0.1340411752462387,-1.0799574851989746,-0.6237369179725647,-0.25983408093452454,-1.2324353456497192,-0.2730891704559326,-0.3078954815864563,-1.2889331579208374,0.04241187125444412,-0.32012099027633667,0.0,0.0,0.0,0.3835189640522003,0.12088344246149063,-0.0003706127463374287,0.6808218359947205,0.15215595066547394,-0.05205506831407547,0.9058518409729004,0.1606912463903427,-0.13894879817962646,1.034632682800293,0.019817138090729713,-0.21167594194412231,0.6961973309516907,-0.6967838406562805,0.07249987125396729,0.9990074038505554,-0.6910029053688049,-0.06645524501800537,1.0849416255950928,-0.40362250804901123,-0.19133241474628448,1.0664335489273071,-0.15754693746566772,-0.2551525831222534,0.6200706362724304,-0.784540057182312,0.0030501005239784718,0.9775763154029846,-0.7022968530654907,-0.1179228276014328,1.0642682313919067,-0.38462966680526733,-0.2067684531211853,1.0339369773864746,-0.12622076272964478,-0.24826525151729584,0.5532696843147278,-0.7888031601905823,-0.08440792560577393,0.9140257835388184,-0.6684455275535583,-0.19401678442955017,1.0029733180999756,-0.35594889521598816,-0.2257450819015503,0.9782410860061646,-0.09325537085533142,-0.22115758061408997,0.4981633722782135,-0.701863706111908,-0.17835193872451782,0.8083831071853638,-0.5459023118019104,-0.2522847056388855,0.8917698860168457,-0.3129163384437561,-0.2589353621006012,0.8878881931304932,-0.09563347697257996,-0.24196594953536987
0.0,0.0,0.0,-0.3707965910434723,0.33626922965049744,-0.004577653016895056,-0.7914202213287354,0.43925392627716064,0.00027895622770302,-1.1298426389694214,0.4615413546562195,-0.03960544615983963,-1.425868272781372,0.44391071796417236,-0.07423339784145355,-0.8831764459609985,-0.24208123981952667,0.23150765895843506,-1.1802219152450562,-0.25148308277130127,0.1109866201877594,-1.3574374914169312,9.583757491782308e-05,-0.02286255545914173,-1.4377614259719849,0.269694060087204,-0.10791294276714325,-0.8749590516090393,-0.4596327543258667,0.15226435661315918,-1.2246918678283691,-0.46041369438171387,0.02902703918516636,-1.3702034950256348,-0.1699381321668625,-0.10286517441272736,-1.4199366569519043,0.14708483219146729,-0.1797490119934082,-0.8342923521995544,-0.6794560551643372,0.03877601400017738,-1.2413358688354492,-0.6388003826141357,-0.11430584639310837,-1.3797169923782349,-0.28039979934692383,-0.20460063219070435,-1.4197020530700684,0.07841161638498306,-0.23529833555221558,-0.7630561590194702,-0.877290666103363,-0.07928895205259323,-1.1436058282852173,-0.6848530769348145,-0.21449124813079834,-1.3060932159423828,-0.3507431447505951,-0.2706005275249481,-1.3802253007888794,-0.00988938007503748,-0.28817039728164673,0.0,0.0,0.0,0.3541858196258545,0.14418666064739227,-0.01234300248324871,0.676978349685669,0.18966072797775269,-0.06798197329044342,0.9201531410217285,0.19926391541957855,-0.15939198434352875,1.0555530786514282,0.04133757948875427,-0.23926138877868652,0.7056301236152649,-0.6651294827461243,0.07691019028425217,0.9973423480987549,-0.7135608792304993,-0.06035571172833443,1.1020042896270752,-0.4300615191459656,-0.18544819951057434,1.0930372476577759,-0.1790945678949356,-0.2504076659679413,0.6219154000282288,-0.7830595970153809,0.006235648412257433,0.983033299446106,-0.7513317465782166,-0.12515364587306976,1.0797127485275269,-0.41155141592025757,-0.22404582798480988,1.0439589023590088,-0.1416988968849182,-0.2687210440635681,0.5428516864776611,-0.8297151327133179,-0.08454177528619766,0.917391836643219,-0.7595184445381165,-0.20736677944660187,1.0150883197784424,-0.4078666567802429,-0.24556079506874084,0.9879729151725769,-0.1290227472782135,-0.2422167807817459,0.4698522984981537,-0.7804886102676392,-0.1822005957365036,0.7998461127281189,-0.6521020531654358,-0.2733680307865143,0.8983890414237976,-0.3923400640487671,-0.2859131395816803,0.8972320556640625,-0.16271112859249115,-0.2710208296775818
0.0,0.0,0.0,-0.34795281291007996,0.3953721821308136,-0.013606774620711803,-0.7684265375137329,0.5348297357559204,-0.0120678236708045,-1.1214958429336548,0.5352364182472229,-0.05425460636615753,-1.4337412118911743,0.47547492384910583,-0.0915251299738884,-0.873407244682312,-0.1975238025188446,0.24698874354362488,-1.1758369207382202,-0.1891109049320221,0.13263224065303802,-1.3887759447097778,0.050299860537052155,-0.0016976231709122658,-1.5158381462097168,0.31568190455436707,-0.09037747979164124,-0.8823332786560059,-0.43856173753738403,0.1707383394241333,-1.2418493032455444,-0.42121168971061707,0.04665612056851387,-1.437798023223877,-0.13605061173439026,-0.0957389622926712,-1.5402562618255615,0.18012206256389618,-0.18117950856685638,-0.8592236042022705,-0.6922428607940674,0.05901721119880676,-1.2671302556991577,-0.6311013102531433,-0.10368876904249191,-1.4396556615829468,-0.2705736756324768,-0.20626474916934967,-1.5065950155258179,0.09003850817680359,-0.2407975196838379,-0.8030616641044617,-0.9485639333724976,-0.05767335370182991,-1.1917957067489624,-0.7773186564445496,-0.20764677226543427,-1.38792884349823,-0.4436388909816742,-0.27241820096969604,-1.4889543056488037,-0.09754575043916702,-0.2915109395980835,0.0,0.0,0.0,0.3644019663333893,0.15555177628993988,-0.022361718118190765,0.7112736701965332,0.20422278344631195,-0.07957084476947784,0.9801456332206726,0.21719050407409668,-0.17524299025535583,1.1751410961151123,0.06620960682630539,-0.25864043831825256,0.7483900785446167,-0.603510856628418,0.09898175299167633,1.0626862049102783,-0.6842799186706543,-0.04232962056994438,1.1712899208068848,-0.40417903661727905,-0.1722990870475769,1.1574478149414062,-0.1423947662115097,-0.23916009068489075,0.6697713136672974,-0.7419216632843018,0.030961375683546066,1.046277642250061,-0.7597679495811462,-0.11161136627197266,1.1395421028137207,-0.4193994402885437,-0.22466102242469788,1.0954097509384155,-0.13398733735084534,-0.27533695101737976,0.589057981967926,-0.825087308883667,-0.06066927686333656,0.9777719974517822,-0.8022336959838867,-0.19626189768314362,1.0668574571609497,-0.4363936185836792,-0.24401766061782837,1.028102993965149,-0.13875384628772736,-0.24367085099220276,0.5070449113845825,-0.8187325596809387,-0.15979483723640442,0.8546780943870544,-0.7060761451721191,-0.26281115412712097,0.956843912601471,-0.4325210750102997,-0.28258273005485535,0.9535614252090454,-0.188651442527771,-0.27090299129486084
0.0,0.0,0.0,-0.31028902530670166,0.35368862748146057,-0.050854507833719254,-0.7290728688240051,0.45039865374565125,-0.06990693509578705,-1.0525978803634644,0.4260152280330658,-0.11970838904380798,-1.348572015762329,0.3486400842666626,-0.15423722565174103,-0.8608141541481018,-0.3328940272331238,0.16287820041179657,-1.1271066665649414,-0.41895008087158203,0.021368343383073807,-1.3067386150360107,-0.1685127168893814,-0.11607382446527481,-1.3867504596710205,0.13683174550533295,-0.194250226020813,-0.8255820870399475,-0.554481565952301,0.10471094399690628,-1.1551495790481567,-0.6210392713546753,-0.0218873992562294,-1.3145034313201904,-0.33295148611068726,-0.1327160894870758,-1.3585448265075684,-0.010780217126011848,-0.18738101422786713,-0.7561625838279724,-0.7460854053497314,0.008695807307958603,-1.149861454963684,-0.7373448610305786,-0.14416253566741943,-1.304977536201477,-0.36013883352279663,-0.2158849984407425,-1.3353586196899414,-0.001492116367444396,-0.22585837543010712,-0.6577324271202087,-0.8915040493011475,-0.0964105948805809,-1.0427378416061401,-0.7260290384292603,-0.22860267758369446,-1.224611759185791,-0.39227908849716187,-0.27607426047325134,-1.2906430959701538,-0.06314266473054886,-0.28032150864601135,0.0,0.0,0.0,0.3817388415336609,0.17094551026821136,0.011922989040613174,0.703888475894928,0.18996001780033112,-0.016281427815556526,0.9595131874084473,0.19689875841140747,-0.09257135540246964,1.1854846477508545,0.12426549196243286,-0.15557503700256348,0.7661380767822266,-0.5773934721946716,0.17758940160274506,1.0354653596878052,-0.6712968349456787,0.047695498913526535,1.114478588104248,-0.37976333498954773,-0.07827076315879822,1.0692455768585205,-0.119383305311203,-0.13901856541633606,0.6989201903343201,-0.7078461647033691,0.10229562222957611,1.0260846614837646,-0.71261066198349,-0.028440844267606735,1.086078405380249,-0.3571816682815552,-0.13415522873401642,1.0101308822631836,-0.09351341426372528,-0.17636825144290924,0.6257274746894836,-0.7939100861549377,0.0007041710196062922,0.9722179770469666,-0.7340326905250549,-0.1381468027830124,1.0255218744277954,-0.3549952208995819,-0.18815095722675323,0.9512439966201782,-0.07185129821300507,-0.17960070073604584,0.5470422506332397,-0.8111713528633118,-0.10481395572423935,0.8715121150016785,-0.6873177289962769,-0.20749814808368683,0.9656922221183777,-0.40508797764778137,-0.22602064907550812,0.9489650726318359,-0.167344868183136,-0.20782560110092163
0.0,0.0,0.0,-0.3463502824306488,0.25875693559646606,-0.01978375017642975,-0.720812976360321,0.33406341075897217,-0.040038660168647766,-1.0029921531677246,0.33628392219543457,-0.09854953736066818,-1.2481954097747803,0.25903141498565674,-0.14437615871429443,-0.7986900210380554,-0.44962775707244873,0.1822187602519989,-1.066855549812317,-0.511485755443573,0.04251042753458023,-1.2309496402740479,-0.2717173099517822,-0.09367348253726959,-1.3021305799484253,0.00437795789912343,-0.17079901695251465,-0.7698454856872559,-0.6286459565162659,0.11019175499677658,-1.1094218492507935,-0.6532804369926453,-0.024859709665179253,-1.2522281408309937,-0.36620908975601196,-0.1483183354139328,-1.2805752754211426,-0.06314960867166519,-0.2098911553621292,-0.7108511924743652,-0.7806528806686401,0.004718997981399298,-1.0910080671310425,-0.7256132960319519,-0.14239518344402313,-1.2174733877182007,-0.34982818365097046,-0.22711385786533356,-1.2248201370239258,-0.008490687236189842,-0.24755039811134338,-0.6254391670227051,-0.877426266670227,-0.10679708421230316,-0.9847608804702759,-0.7110103964805603,-0.2203132063150406,-1.1404619216918945,-0.41225069761276245,-0.2698855698108673,-1.1992284059524536,-0.1285770833492279,-0.2794422507286072,0.0,0.0,0.0,0.3886739909648895,0.21492502093315125,0.001159645151346922,0.7230842709541321,0.2554210424423218,-0.024310512468218803,0.9796003103256226,0.24207231402397156,-0.09949524700641632,1.1998618841171265,0.14030465483665466,-0.16113002598285675,0.7463605999946594,-0.5823794603347778,0.1798718422651291,1.013182282447815,-0.7349119186401367,0.03730916976928711,1.0964624881744385,-0.44791263341903687,-0.09860026836395264,1.0450283288955688,-0.1780446618795395,-0.16117505729198456,0.6989084482192993,-0.7072467803955078,0.10643777996301651,1.0416905879974365,-0.72850102186203,-0.0516774021089077,1.0989044904708862,-0.3712047338485718,-0.17350666224956512,1.0031452178955078,-0.08759801089763641,-0.2163580060005188,0.6419751644134521,-0.7818648219108582,0.004183486104011536,1.001381754875183,-0.6892812252044678,-0.15956658124923706,1.0347833633422852,-0.3082315921783447,-0.2256973385810852,0.9351896643638611,-0.01772751659154892,-0.2168835699558258,0.5741424560546875,-0.7826750874519348,-0.10242287069559097,0.9159736633300781,-0.6448008418083191,-0.21373340487480164,1.0246527194976807,-0.3818194270133972,-0.24106496572494507,1.013192057609558,-0.14473728835582733,-0.22469274699687958
0.0,0.0,0.0,-0.3368421792984009,0.21906690299510956,-0.009403351694345474,-0.6790330410003662,0.2826037108898163,-0.035548049956560135,-0.9389978647232056,0.30642151832580566,-0.09745565801858902,-1.146191954612732,0.23957028985023499,-0.15019744634628296,-0.8324405550956726,-0.4362807869911194,0.14622069895267487,-1.1205086708068848,-0.4085443615913391,0.011859113350510597,-1.2465691566467285,-0.14776568114757538,-0.12082570791244507,-1.288101077079773,0.11436507105827332,-0.20064452290534973,-0.7934962511062622,-0.6040815114974976,0.07381894439458847,-1.1483532190322876,-0.5129028558731079,-0.057741403579711914,-1.2644548416137695,-0.19051305949687958,-0.18716804683208466,-1.2875370979309082,0.11052548885345459,-0.2614860236644745,-0.7175363302230835,-0.7325896620750427,-0.02457863837480545,-1.056029200553894,-0.5879455208778381,-0.16176190972328186,-1.1452996730804443,-0.2179969847202301,-0.2528015673160553,-1.1454683542251587,0.09379599243402481,-0.2890285551548004,-0.6195799112319946,-0.775753378868103,-0.12696436047554016,-0.9177709817886353,-0.5611515045166016,-0.23351365327835083,-1.0358843803405762,-0.26568087935447693,-0.287861704826355,-1.0799033641815186,-0.008855604566633701,-0.3087948262691498,0.0,0.0,0.0,0.3789650797843933,0.19565880298614502,0.07268719375133514,0.6479195356369019,0.21245409548282623,0.0753784254193306,0.8737554550170898,0.21070684492588043,0.016179287806153297,1.0745333433151245,0.1305299997329712,-0.03355800360441208,0.6580942869186401,-0.6255348920822144,0.25829005241394043,0.9399429559707642,-0.5620818138122559,0.16285598278045654,1.0283842086791992,-0.26395294070243835,0.05036076530814171,0.9961901903152466,-0.0022597103379666805,-0.006479692179709673,0.6330201625823975,-0.7582402229309082,0.1560681164264679,1.0239903926849365,-0.6279276609420776,0.04806779697537422,1.091736912727356,-0.26927998661994934,-0.053091973066329956,1.0151185989379883,0.006411834619939327,-0.09457799047231674,0.6171385049819946,-0.8078663349151611,0.032444097101688385,1.0358920097351074,-0.6078976988792419,-0.09783028811216354,1.0630066394805908,-0.2218029797077179,-0.15436199307441711,0.9589533805847168,0.060685187578201294,-0.14790712296962738,0.6173686981201172,-0.7766659259796143,-0.08965404331684113,0.9935833215713501,-0.5918362736701965,-0.17580226063728333,1.0835949182510376,-0.32004275918006897,-0.18822120130062103,1.0595728158950806,-0.08130531758069992,-0.16801708936691284
0.0,0.0,0.0,-0.3407633602619171,0.22209922969341278,-0.00996353104710579,-0.6634655594825745,0.29758331179618835,-0.042840972542762756,-0.9092085957527161,0.33202531933784485,-0.10853655636310577,-1.101829171180725,0.2647659480571747,-0.16277329623699188,-0.8091109395027161,-0.4841252565383911,0.1338030993938446,-1.078561782836914,-0.4501715302467346,0.0036470612976700068,-1.1873737573623657,-0.18230658769607544,-0.12597909569740295,-1.2127835750579834,0.07445990294218063,-0.204661563038826,-0.7681642770767212,-0.6369657516479492,0.06479460000991821,-1.1121755838394165,-0.5302327871322632,-0.05167905241250992,-1.2139782905578613,-0.21665717661380768,-0.16518160700798035,-1.2250871658325195,0.05808839201927185,-0.23291631042957306,-0.6969706416130066,-0.7411761283874512,-0.02964707463979721,-1.0302848815917969,-0.5649082064628601,-0.1493203341960907,-1.1190050840377808,-0.2105567455291748,-0.21913905441761017,-1.1152366399765015,0.08112972974777222,-0.24655792117118835,-0.6067144870758057,-0.7520058751106262,-0.12945814430713654,-0.8951845765113831,-0.5132464170455933,-0.22251829504966736,-1.008144736289978,-0.24067936837673187,-0.26288923621177673,-1.0488667488098145,-0.005351103842258453,-0.2756756544113159,0.0,0.0,0.0,0.3673461675643921,0.19483952224254608,0.0337630920112133,0.6500405073165894,0.237319216132164,0.009761404246091843,0.8743285536766052,0.25072169303894043,-0.06615310162305832,1.0735892057418823,0.16093853116035461,-0.13124819099903107,0.6487450003623962,-0.6673614978790283,0.1906329095363617,0.9099045395851135,-0.6640892624855042,0.07263009995222092,0.9929041266441345,-0.38707298040390015,-0.04947391152381897,0.9607391357421875,-0.1383519172668457,-0.10896052420139313,0.6123021245002747,-0.7835900187492371,0.10522735863924026,0.9798942804336548,-0.6604985594749451,-0.013689343817532063,1.0464684963226318,-0.31820935010910034,-0.11551149189472198,0.978396475315094,-0.05798832327127457,-0.15922746062278748,0.5855928063392639,-0.8201782703399658,-0.0031823981553316116,0.9816945791244507,-0.6143639087677002,-0.14057064056396484,1.0158312320709229,-0.23678436875343323,-0.19597281515598297,0.927053689956665,0.04432179033756256,-0.19062429666519165,0.5729673504829407,-0.7719367146492004,-0.11300840228796005,0.9377424120903015,-0.5944027900695801,-0.20542970299720764,1.0244710445404053,-0.32446008920669556,-0.2193271964788437,1.0026652812957764,-0.08489695191383362,-0.20017127692699432
0.0,0.0,0.0,-0.33872362971305847,0.19447444379329681,-0.016068529337644577,-0.6631088852882385,0.2446317821741104,-0.05332838371396065,-0.9170570969581604,0.28711986541748047,-0.11828604340553284,-1.1127122640609741,0.2517085671424866,-0.16934317350387573,-0.7378539443016052,-0.5759567022323608,0.12118718773126602,-1.007670521736145,-0.5023209452629089,0.00493245106190443,-1.0994913578033447,-0.23956333100795746,-0.11180271208286285,-1.111248254776001,0.015808556228876114,-0.18047074973583221,-0.7014260292053223,-0.7098179459571838,0.06449805200099945,-1.0459526777267456,-0.5512896776199341,-0.03572554513812065,-1.1202987432479858,-0.23138287663459778,-0.13325023651123047,-1.1094565391540527,0.045817598700523376,-0.18688134849071503,-0.6464371085166931,-0.7803009748458862,-0.015356755815446377,-0.9842115044593811,-0.5661186575889587,-0.11468859016895294,-1.0797168016433716,-0.20861324667930603,-0.16756156086921692,-1.0881092548370361,0.08981956541538239,-0.18308289349079132,-0.586172342300415,-0.7290548086166382,-0.1012345403432846,-0.8656237721443176,-0.47642847895622253,-0.17470906674861908,-0.98185795545578,-0.2176947295665741,-0.20354972779750824,-1.0330368280410767,0.008615653030574322,-0.2065647393465042,0.0,0.0,0.0,0.3589305579662323,0.11942455172538757,0.02492210455238819,0.6555927991867065,0.09865546226501465,-0.018944276496767998,0.9166362881660461,0.13033470511436462,-0.10536976903676987,1.1444661617279053,0.0919681191444397,-0.1746964454650879,0.5666342377662659,-0.7745633721351624,0.12635807693004608,0.9178653955459595,-0.6786962151527405,-0.007377244997769594,1.0250959396362305,-0.36953797936439514,-0.12913431227207184,0.997269868850708,-0.10070599615573883,-0.18793605268001556,0.5215964913368225,-0.8519776463508606,0.045510511845350266,0.9540026783943176,-0.7304741144180298,-0.07170681655406952,1.0364031791687012,-0.3705270290374756,-0.15319977700710297,0.9789003729820251,-0.09904048591852188,-0.1851435750722885,0.5042220950126648,-0.8416268229484558,-0.053566645830869675,0.9418230652809143,-0.7044167518615723,-0.16843770444393158,1.0036249160766602,-0.3389089107513428,-0.1857653558254242,0.9410704374313354,-0.07290460169315338,-0.16350208222866058,0.5157627463340759,-0.7458906173706055,-0.1558067500591278,0.882175087928772,-0.5904970765113831,-0.22168198227882385,0.9614786505699158,-0.33382555842399597,-0.20663470029830933,0.9394888877868652,-0.1302383840084076,-0.17228716611862183
0.0,0.0,0.0,-0.3562822937965393,0.16073405742645264,-0.018417028710246086,-0.680570125579834,0.19720230996608734,-0.07058911770582199,-0.936843991279602,0.25042030215263367,-0.14607678353786469,-1.1148227453231812,0.21165966987609863,-0.20857825875282288,-0.706552267074585,-0.6484993696212769,0.07112300395965576,-1.0289734601974487,-0.5180888175964355,-0.055601704865694046,-1.1206010580062866,-0.22772803902626038,-0.18031810224056244,-1.1301923990249634,0.0479339063167572,-0.2526162266731262,-0.6663466095924377,-0.745328962802887,0.021607179194688797,-1.0728212594985962,-0.5260331630706787,-0.0910595953464508,-1.131939172744751,-0.19565412402153015,-0.19835294783115387,-1.1021368503570557,0.06987585872411728,-0.26021936535835266,-0.6150217056274414,-0.7699511647224426,-0.044473182410001755,-0.9911250472068787,-0.5347235202789307,-0.1364223212003708,-1.0737782716751099,-0.19394923746585846,-0.190317302942276,-1.0637061595916748,0.07956887781620026,-0.21029092371463776,-0.571692168712616,-0.6754593849182129,-0.11551306396722794,-0.8663285970687866,-0.42504072189331055,-0.17532947659492493,-0.9712343811988831,-0.18439356982707977,-0.20124633610248566,-1.0086709260940552,0.014642959460616112,-0.20521703362464905,0.0,0.0,0.0,0.3914416432380676,0.10405750572681427,0.032920822501182556,0.6689097285270691,0.10177430510520935,-0.011506813578307629,0.901787281036377,0.11656944453716278,-0.09585154801607132,1.08169686794281,0.03079182095825672,-0.16560006141662598,0.5835031270980835,-0.7837884426116943,0.08589337021112442,0.9686377048492432,-0.6566916704177856,-0.039962250739336014,1.0841718912124634,-0.3664584457874298,-0.15468467772006989,1.0910154581069946,-0.11857306212186813,-0.21584655344486237,0.5335378050804138,-0.8457761406898499,0.0003996332234237343,0.995008111000061,-0.6866705417633057,-0.11641515791416168,1.072593092918396,-0.3393042981624603,-0.19382482767105103,1.0317763090133667,-0.0726173147559166,-0.2264690399169922,0.5138813257217407,-0.8050544857978821,-0.09674594551324844,0.9676529169082642,-0.6446486711502075,-0.1971866637468338,1.0285307168960571,-0.3081081807613373,-0.2053719460964203,0.9782201647758484,-0.0591038279235363,-0.18509264290332794,0.525192141532898,-0.6706407070159912,-0.19693639874458313,0.8861592411994934,-0.5099607110023499,-0.25027090311050415,0.9497623443603516,-0.27585187554359436,-0.22927771508693695,0.9288427233695984,-0.08449571579694748,-0.19581229984760284
0.0,0.0,0.0,-0.3593781888484955,0.1449097990989685,-0.014843610115349293,-0.6746795773506165,0.17896895110607147,-0.06600753217935562,-0.9254337549209595,0.23092956840991974,-0.14012914896011353,-1.086923360824585,0.18965740501880646,-0.2005053460597992,-0.6864820718765259,-0.6731938123703003,0.07050696760416031,-1.0045340061187744,-0.5302451252937317,-0.049244560301303864,-1.08277428150177,-0.23940593004226685,-0.1681285947561264,-1.0796958208084106,0.030780663713812828,-0.2370176911354065,-0.6536077857017517,-0.7565281987190247,0.021494241431355476,-1.0652800798416138,-0.5217478275299072,-0.08466056734323502,-1.1055952310562134,-0.202584370970726,-0.18173623085021973,-1.0606974363327026,0.0489329919219017,-0.23679986596107483,-0.6087625026702881,-0.7713497281074524,-0.04354487359523773,-0.9891782999038696,-0.5264892578125,-0.13195985555648804,-1.0590782165527344,-0.19021441042423248,-0.17760832607746124,-1.0420588254928589,0.07920440286397934,-0.19162742793560028,-0.5709577202796936,-0.6689988970756531,-0.11332280188798904,-0.8651413917541504,-0.40978744626045227,-0.17019812762737274,-0.9641575813293457,-0.17054907977581024,-0.1905842125415802,-1.0014829635620117,0.030457885935902596,-0.19033753871917725,0.0,0.0,0.0,0.3962413966655731,0.09726265072822571,0.026614315807819366,0.6650525331497192,0.09709305316209793,-0.021514730527997017,0.878718376159668,0.10634293407201767,-0.10762831568717957,1.0290894508361816,0.015028989873826504,-0.1792186051607132,0.5950775742530823,-0.7802098393440247,0.06677209585905075,0.9738372564315796,-0.6504933834075928,-0.06331682950258255,1.098707675933838,-0.36952483654022217,-0.17997674643993378,1.1138325929641724,-0.12692710757255554,-0.24275897443294525,0.5409888625144958,-0.8408719301223755,-0.016291221603751183,0.9946509599685669,-0.6838741302490234,-0.13778726756572723,1.0773316621780396,-0.3403022289276123,-0.21310730278491974,1.0392745733261108,-0.08039256185293198,-0.2435634583234787,0.5150831341743469,-0.7949131727218628,-0.1104426383972168,0.9573855400085449,-0.6360160708427429,-0.21289820969104767,1.0162330865859985,-0.30274656414985657,-0.2164163589477539,0.962299644947052,-0.062082793563604355,-0.19269216060638428,0.518217146396637,-0.6527356505393982,-0.20855176448822021,0.8672060966491699,-0.47696810960769653,-0.2618829309940338,0.9276324510574341,-0.24837708473205566,-0.2384060025215149,0.9041180610656738,-0.06714550405740738,-0.20270106196403503
0.0,0.0,0.0,-0.36690554022789,0.15112224221229553,0.0006050189258530736,-0.6698067784309387,0.1674465835094452,-0.04215681552886963,-0.9100582599639893,0.2118847370147705,-0.11138895899057388,-1.098839282989502,0.1939193159341812,-0.1691049337387085,-0.6865062713623047,-0.6677918434143066,0.07753028720617294,-1.0079506635665894,-0.5106105208396912,-0.04057081416249275,-1.0891457796096802,-0.22432342171669006,-0.15819363296031952,-1.0950822830200195,0.03125165402889252,-0.22760726511478424,-0.651871919631958,-0.7581441402435303,0.01674593798816204,-1.060873031616211,-0.5151749849319458,-0.08504020422697067,-1.112081527709961,-0.19825777411460876,-0.17686766386032104,-1.0829765796661377,0.04629703238606453,-0.23140697181224823,-0.6082586050033569,-0.7718349099159241,-0.05971691384911537,-1.0066299438476562,-0.5246859192848206,-0.15218795835971832,-1.0765690803527832,-0.1877353936433792,-0.19494237005710602,-1.0623464584350586,0.07539813220500946,-0.20835041999816895,-0.573799192905426,-0.6691427230834961,-0.13999764621257782,-0.8848995566368103,-0.4102354645729065,-0.20663368701934814,-0.9862471222877502,-0.16802290081977844,-0.22754378616809845,-1.0230857133865356,0.038239363580942154,-0.22755850851535797,0.0,0.0,0.0,0.3796135187149048,0.10051374137401581,0.054942529648542404,0.64328932762146,0.09986026585102081,0.021071135997772217,0.8425703048706055,0.12980367243289948,-0.05344328284263611,0.9760137796401978,0.05493476986885071,-0.11804408580064774,0.6046808362007141,-0.7808942794799805,0.08189953863620758,0.9684920907020569,-0.6565366983413696,-0.03566848486661911,1.087122917175293,-0.3704870045185089,-0.1469339281320572,1.0967342853546143,-0.12985827028751373,-0.2071208357810974,0.5561106204986572,-0.8310279250144958,-0.011558539234101772,0.994609534740448,-0.6642987728118896,-0.11380300670862198,1.0735803842544556,-0.32967835664749146,-0.18742187321186066,1.0334118604660034,-0.08179739117622375,-0.22214916348457336,0.5275431871414185,-0.7728971242904663,-0.11185090243816376,0.9448124170303345,-0.6103822588920593,-0.19667622447013855,1.0099259614944458,-0.2878285050392151,-0.2043563574552536,0.9642713069915771,-0.05579788610339165,-0.18877029418945312,0.5194318294525146,-0.6210585236549377,-0.2130611687898636,0.8494167923927307,-0.4620191752910614,-0.25240713357925415,0.9222928285598755,-0.24494759738445282,-0.2276577651500702,0.9149182438850403,-0.07099538296461105,-0.19498908519744873
0.0,0.0,0.0,-0.3725306987762451,0.17131367325782776,0.02874174155294895,-0.6979352235794067,0.1625770777463913,0.018771089613437653,-0.959416389465332,0.20082110166549683,-0.029896825551986694,-1.1748753786087036,0.24334153532981873,-0.07102847844362259,-0.7123927474021912,-0.6160768270492554,0.16950762271881104,-0.9862352609634399,-0.5200486183166504,0.06780220568180084,-1.104719877243042,-0.2504013478755951,-0.04500960186123848,-1.1421178579330444,0.00876609981060028,-0.11516417562961578,-0.6676552891731262,-0.7392674088478088,0.08786389231681824,-1.0279256105422974,-0.5682030320167542,-0.001502539962530136,-1.1029027700424194,-0.24687929451465607,-0.09675353765487671,-1.095564842224121,0.0317113883793354,-0.15288527309894562,-0.6132376194000244,-0.7898843288421631,-0.014717908576130867,-0.9793744087219238,-0.559175968170166,-0.09974296391010284,-1.0594066381454468,-0.22161076962947845,-0.14830103516578674,-1.0554004907608032,0.05292566120624542,-0.1668834239244461,-0.569126546382904,-0.7181159853935242,-0.12162468582391739,-0.8841670155525208,-0.4675559997558594,-0.1801612228155136,-1.0016655921936035,-0.21920868754386902,-0.20313546061515808,-1.0478177070617676,-0.006480365991592407,-0.20927667617797852,0.0,0.0,0.0,0.3774743378162384,0.09603296965360641,0.05125226080417633,0.668678343296051,0.09132485091686249,0.01300553698092699,0.9005753397941589,0.11648371070623398,-0.07027633488178253,1.0843195915222168,0.05931022763252258,-0.1427605003118515,0.6322487592697144,-0.7509297728538513,0.0836578980088234,0.9952565431594849,-0.6949049830436707,-0.04967817664146423,1.1173696517944336,-0.4009610414505005,-0.16763588786125183,1.1166869401931763,-0.14479732513427734,-0.2266756296157837,0.5707594156265259,-0.82103431224823,-0.011675065383315086,0.9970212578773499,-0.6927513480186462,-0.13251446187496185,1.0759358406066895,-0.33939698338508606,-0.2113315314054489,1.0183554887771606,-0.07441182434558868,-0.24291549623012543,0.5333427786827087,-0.7882762551307678,-0.11651191860437393,0.9469983577728271,-0.6388365030288696,-0.21893176436424255,0.9993100166320801,-0.29455044865608215,-0.2262926697731018,0.9355412721633911,-0.04534607008099556,-0.20379267632961273,0.5160523653030396,-0.6681411266326904,-0.22287389636039734,0.8511689305305481,-0.49696794152259827,-0.2785041928291321,0.9088416695594788,-0.2524736225605011,-0.25601935386657715,0.8790448904037476,-0.05083644762635231,-0.21874338388442993
0.0,0.0,0.0,-0.37274396419525146,0.21668535470962524,0.004674081224948168,-0.7251623868942261,0.22238878905773163,-0.014769811183214188,-1.0070974826812744,0.2515864372253418,-0.06613433361053467,-1.2387405633926392,0.30199724435806274,-0.1062161773443222,-0.7300919890403748,-0.574928879737854,0.1319476217031479,-1.017351746559143,-0.5068594813346863,0.016167445108294487,-1.1565935611724854,-0.2318461537361145,-0.10089825093746185,-1.2070670127868652,0.04937824234366417,-0.17191177606582642,-0.6895439624786377,-0.7216419577598572,0.06133531033992767,-1.0685498714447021,-0.5730792880058289,-0.028227223083376884,-1.1829679012298584,-0.2423546463251114,-0.11388327926397324,-1.2084702253341675,0.05784187093377113,-0.16754929721355438,-0.6376605033874512,-0.7947348952293396,-0.03268374502658844,-1.0378539562225342,-0.5668770670890808,-0.12810735404491425,-1.1341534852981567,-0.2084798663854599,-0.16942206025123596,-1.1420197486877441,0.08193003386259079,-0.18412379920482635,-0.590968132019043,-0.7417808175086975,-0.13268154859542847,-0.9311074614524841,-0.469586580991745,-0.20959900319576263,-1.066217303276062,-0.19299300014972687,-0.23580099642276764,-1.1253529787063599,0.04449262470006943,-0.24299845099449158,0.0,0.0,0.0,0.3628045916557312,0.07673243433237076,0.046337924897670746,0.6464396119117737,0.07759140431880951,0.0036482755094766617,0.8703212738037109,0.10815063118934631,-0.08177747577428818,1.044049620628357,0.038319364190101624,-0.1576124131679535,0.6243236064910889,-0.7572128772735596,0.08311715722084045,0.9645035266876221,-0.6816200017929077,-0.04394030198454857,1.0855234861373901,-0.4085444211959839,-0.16009454429149628,1.1043050289154053,-0.16331161558628082,-0.22093833982944489,0.5592499375343323,-0.8289241790771484,-0.011148115620017052,0.9652033448219299,-0.6766048669815063,-0.1280440092086792,1.0538681745529175,-0.3458542227745056,-0.2107168287038803,1.0222448110580444,-0.08124463260173798,-0.24618251621723175,0.51495361328125,-0.7990414500236511,-0.11458849906921387,0.9072404503822327,-0.6247711777687073,-0.2120273858308792,0.981775164604187,-0.29951536655426025,-0.2254912555217743,0.9477914571762085,-0.04901048541069031,-0.20952804386615753,0.4894438087940216,-0.6803867220878601,-0.22042401134967804,0.8056821823120117,-0.503555417060852,-0.2754454016685486,0.8833235502243042,-0.2652013897895813,-0.2573603093624115,0.8801527619361877,-0.06046533212065697,-0.2233881652355194
0.0,0.0,0.0,-0.3724871873855591,0.2219180017709732,-0.0011098363902419806,-0.7322438359260559,0.23904754221439362,-0.02267668955028057,-1.0148414373397827,0.27606603503227234,-0.07584183663129807,-1.2499555349349976,0.3154597878456116,-0.11768398433923721,-0.7441327571868896,-0.5507839918136597,0.1307288259267807,-1.0255467891693115,-0.4723719358444214,0.017512977123260498,-1.1633214950561523,-0.20224596560001373,-0.10004226118326187,-1.213894248008728,0.0790710300207138,-0.17283184826374054,-0.7017920017242432,-0.7096274495124817,0.06258462369441986,-1.0682764053344727,-0.5517063140869141,-0.025615794584155083,-1.1769222021102905,-0.22742752730846405,-0.11295115947723389,-1.198878526687622,0.07382499426603317,-0.1679900884628296,-0.6444789171218872,-0.7950130701065063,-0.029539328068494797,-1.042748212814331,-0.5657503604888916,-0.12186838686466217,-1.1406193971633911,-0.20974496006965637,-0.16299407184123993,-1.150146484375,0.08377562463283539,-0.17817868292331696,-0.5894523859024048,-0.7567629814147949,-0.12848353385925293,-0.9331219792366028,-0.48329994082450867,-0.20475415885448456,-1.071304440498352,-0.21038267016410828,-0.23206740617752075,-1.1319904327392578,0.026148144155740738,-0.2396262139081955,0.0,0.0,0.0,0.35909438133239746,0.08768938481807709,0.049292780458927155,0.6411466002464294,0.10018721222877502,0.00914846733212471,0.8537110090255737,0.13783791661262512,-0.07438571006059647,1.0136997699737549,0.07440675050020218,-0.14918187260627747,0.6422167420387268,-0.7377806901931763,0.0826469212770462,0.9933231472969055,-0.6778739094734192,-0.047649260610342026,1.1092385053634644,-0.40274715423583984,-0.1648607850074768,1.118207335472107,-0.15659154951572418,-0.22464390099048615,0.5749916434288025,-0.8180794715881348,-0.011426039971411228,0.98717200756073,-0.663890540599823,-0.13258297741413116,1.0687838792800903,-0.32648539543151855,-0.2177428901195526,1.030479073524475,-0.06013523042201996,-0.25388652086257935,0.5297296047210693,-0.7996496558189392,-0.11446171253919601,0.9240013957023621,-0.6124391555786133,-0.21727918088436127,0.9894142150878906,-0.2776165008544922,-0.23599781095981598,0.9501151442527771,-0.02146831527352333,-0.2213790863752365,0.5031000971794128,-0.6913331151008606,-0.21904000639915466,0.8181621432304382,-0.5030482411384583,-0.27803024649620056,0.8941632509231567,-0.2581001818180084,-0.2650323212146759,0.8930698037147522,-0.04968336969614029,-0.23365604877471924
0.0,0.0,0.0,-0.357563853263855,0.2956410348415375,-0.05344007536768913,-0.7503511905670166,0.4385712742805481,-0.10211625695228577,-1.0792080163955688,0.508852481842041,-0.18386796116828918,-1.3546826839447021,0.42364516854286194,-0.25436335802078247,-0.8737265467643738,-0.3066307008266449,0.13078604638576508,-1.1619184017181396,-0.3191697597503662,-0.02319071628153324,-1.329073429107666,-0.0655708983540535,-0.17291654646396637,-1.3970446586608887,0.20523801445960999,-0.26166045665740967,-0.848534345626831,-0.5241293907165527,0.0726482942700386,-1.2020580768585205,-0.5131403207778931,-0.06560714542865753,-1.3305988311767578,-0.20429621636867523,-0.19001337885856628,-1.3615868091583252,0.11466806381940842,-0.2584134340286255,-0.7960624694824219,-0.7224140167236328,-0.02117105945944786,-1.1877788305282593,-0.6426916718482971,-0.17597489058971405,-1.3056695461273193,-0.27435848116874695,-0.2578745484352112,-1.3164669275283813,0.06557359546422958,-0.2828645706176758,-0.7183590531349182,-0.8685466647148132,-0.12377439439296722,-1.0886610746383667,-0.6356585025787354,-0.25131523609161377,-1.25497567653656,-0.3041380047798157,-0.3034239709377289,-1.328275442123413,0.018597492948174477,-0.31731846928596497,0.0,0.0,0.0,0.373782217502594,0.14908313751220703,-0.009205685928463936,0.6908923387527466,0.18226055800914764,-0.06356087327003479,0.9314931631088257,0.18715712428092957,-0.15175528824329376,1.0682084560394287,0.07606595754623413,-0.2256803810596466,0.7176409959793091,-0.6717413663864136,0.0624186173081398,1.0160744190216064,-0.6890668272972107,-0.07814856618642807,1.1014093160629272,-0.392285019159317,-0.2018737494945526,1.0785850286483765,-0.14222386479377747,-0.26558390259742737,0.6412347555160522,-0.7673336863517761,-0.004118586890399456,0.9963039755821228,-0.7006744742393494,-0.1273178607225418,1.0822672843933105,-0.36925795674324036,-0.21588224172592163,1.0493005514144897,-0.11329212039709091,-0.2575032413005829,0.5719698071479797,-0.779179573059082,-0.0895519107580185,0.9287997484207153,-0.6753000617027283,-0.20432846248149872,1.0192457437515259,-0.346164345741272,-0.24108536541461945,0.9952758550643921,-0.07871051132678986,-0.23984023928642273,0.5117266178131104,-0.6979342699050903,-0.18159744143486023,0.8196349740028381,-0.5380600690841675,-0.26257801055908203,0.9072864651679993,-0.2902084290981293,-0.27637869119644165,0.9052736163139343,-0.06520045548677444,-0.2644239664077759
0.0,0.0,0.0,-0.3627588450908661,0.31149375438690186,-0.012639221735298634,-0.782071053981781,0.3955765664577484,-0.012444952502846718,-1.1119694709777832,0.4072788953781128,-0.0543692409992218,-1.4063031673431396,0.37474533915519714,-0.09143318980932236,-0.8856737613677979,-0.2275591343641281,0.23512104153633118,-1.1573078632354736,-0.23768441379070282,0.12076769769191742,-1.3375235795974731,-0.0057612210512161255,-0.011377343907952309,-1.4490139484405518,0.24942368268966675,-0.09983894228935242,-0.8753802180290222,-0.4566040337085724,0.15881504118442535,-1.2051935195922852,-0.44351381063461304,0.03219204023480415,-1.3618497848510742,-0.15946553647518158,-0.10533952713012695,-1.4444032907485962,0.15314219892024994,-0.18594051897525787,-0.8295812010765076,-0.6853877902030945,0.04830733686685562,-1.2109473943710327,-0.6263149976730347,-0.10912077873945236,-1.3425523042678833,-0.2767879366874695,-0.20260371267795563,-1.3951835632324219,0.07093299925327301,-0.23415625095367432,-0.7507181763648987,-0.8934223651885986,-0.06714373826980591,-1.113803505897522,-0.7104867696762085,-0.20287171006202698,-1.2717175483703613,-0.3932209312915802,-0.25827986001968384,-1.3524526357650757,-0.07051344215869904,-0.27506786584854126,0.0,0.0,0.0,0.3476584255695343,0.13934722542762756,-0.01163219753652811,0.6826974153518677,0.18665482103824615,-0.06699665635824203,0.9320635795593262,0.19191232323646545,-0.1583237648010254,1.0675569772720337,0.013215387240052223,-0.23871780931949615,0.7399323582649231,-0.625088095664978,0.06551650166511536,1.0516114234924316,-0.6786263585090637,-0.07756609469652176,1.159690499305725,-0.41108986735343933,-0.2019486427307129,1.1546672582626343,-0.15913400053977966,-0.2645919620990753,0.6507285237312317,-0.7592783570289612,-0.006981855724006891,1.0231562852859497,-0.745881974697113,-0.14917831122875214,1.1133915185928345,-0.4080398678779602,-0.25136807560920715,1.0724760293960571,-0.12962950766086578,-0.2942342162132263,0.5655997395515442,-0.8254798650741577,-0.09836041927337646,0.9440817832946777,-0.7609569430351257,-0.23058347404003143,1.023006796836853,-0.4007633924484253,-0.2686656713485718,0.9852452278137207,-0.1163562536239624,-0.26260659098625183,0.48773863911628723,-0.7961674332618713,-0.19647635519504547,0.8187251091003418,-0.6576847434043884,-0.29562249779701233,0.9123287200927734,-0.3853597939014435,-0.31064850091934204,0.9131442904472351,-0.149485781788826,-0.29558444023132324
0.0,0.0,0.0,-0.34881189465522766,0.3693392872810364,-0.028876889497041702,-0.7872723340988159,0.4797808527946472,-0.03189099580049515,-1.1455349922180176,0.4887600839138031,-0.07371579110622406,-1.458230972290039,0.48881086707115173,-0.11077189445495605,-0.8890324234962463,-0.2146969586610794,0.20312178134918213,-1.1846792697906494,-0.23509886860847473,0.0736297145485878,-1.3855385780334473,0.014800522476434708,-0.0655265524983406,-1.5042272806167603,0.2851461172103882,-0.1559261530637741,-0.8878227472305298,-0.44026222825050354,0.13393999636173248,-1.2404953241348267,-0.45737800002098083,-0.005783373489975929,-1.4161911010742188,-0.16431903839111328,-0.14250077307224274,-1.505659818649292,0.15223726630210876,-0.21938113868236542,-0.8532137274742126,-0.6760384440422058,0.029813241213560104,-1.2659776210784912,-0.6536844968795776,-0.13903309404850006,-1.4172980785369873,-0.2920851707458496,-0.22835411131381989,-1.4726099967956543,0.06604399532079697,-0.2525312900543213,-0.7833516597747803,-0.9132880568504333,-0.0807405337691307,-1.1685563325881958,-0.74486243724823,-0.23242032527923584,-1.335880994796753,-0.40497419238090515,-0.2914234399795532,-1.4132444858551025,-0.05861666426062584,-0.30568450689315796,0.0,0.0,0.0,0.3697839379310608,0.12313824892044067,0.0035150223411619663,0.6896570920944214,0.1643882542848587,-0.04692164063453674,0.9297778606414795,0.18593403697013855,-0.1383352130651474,1.0884575843811035,0.052765052765607834,-0.21893145143985748,0.7198560237884521,-0.6476888060569763,0.10150162875652313,1.0257420539855957,-0.6852007508277893,-0.03554938733577728,1.1299183368682861,-0.40741458535194397,-0.1617710441350937,1.1176748275756836,-0.15536260604858398,-0.22712141275405884,0.6368235945701599,-0.7707114815711975,0.02143537811934948,1.0119507312774658,-0.7385651469230652,-0.113563671708107,1.1032401323318481,-0.3975140452384949,-0.21807675063610077,1.0602483749389648,-0.12230246514081955,-0.2640514075756073,0.5574221014976501,-0.8249372243881226,-0.07814420014619827,0.9410444498062134,-0.7625101804733276,-0.20326495170593262,1.028110146522522,-0.401834636926651,-0.24292726814746857,0.9934244751930237,-0.11554758995771408,-0.23879745602607727,0.48357269167900085,-0.7842820286750793,-0.18360185623168945,0.816904604434967,-0.6541632413864136,-0.27733805775642395,0.9100685119628906,-0.384189635515213,-0.2899506390094757,0.9054173231124878,-0.14553597569465637,-0.2736223042011261
0.0,0.0,0.0,-0.3468691408634186,0.36610084772109985,-0.031017716974020004,-0.7719284892082214,0.5050404667854309,-0.03865348920226097,-1.122446060180664,0.5066828727722168,-0.08338909596204758,-1.4172471761703491,0.4369056820869446,-0.11844388395547867,-0.8582475185394287,-0.28442272543907166,0.20538684725761414,-1.147571325302124,-0.32837122678756714,0.07710575312376022,-1.350847840309143,-0.08166318386793137,-0.06004568189382553,-1.4659167528152466,0.1989765614271164,-0.1468965709209442,-0.8562249541282654,-0.4976426362991333,0.13867467641830444,-1.2052342891693115,-0.510632336139679,0.005334867164492607,-1.3849557638168335,-0.22484146058559418,-0.12718814611434937,-1.4639992713928223,0.08979195356369019,-0.2007686346769333,-0.8272533416748047,-0.7140972018241882,0.03571309521794319,-1.2288984060287476,-0.6660305857658386,-0.1277717649936676,-1.3922593593597412,-0.30468860268592834,-0.22353768348693848,-1.4483306407928467,0.055531807243824005,-0.2519795596599579,-0.7637539505958557,-0.9244112968444824,-0.07362980395555496,-1.1466962099075317,-0.7245704531669617,-0.2185894399881363,-1.3235503435134888,-0.385831743478775,-0.2813253700733185,-1.4066156148910522,-0.041958633810281754,-0.29856982827186584,0.0,0.0,0.0,0.3736076056957245,0.15528371930122375,-0.014173696748912334,0.7160038948059082,0.17975501716136932,-0.0674472525715828,0.9863594174385071,0.18202398717403412,-0.16181346774101257,1.2163640260696411,0.07445628196001053,-0.24703817069530487,0.7590360641479492,-0.5976453423500061,0.11411745101213455,1.0714353322982788,-0.6739682555198669,-0.03150346130132675,1.1843229532241821,-0.42954006791114807,-0.1608051210641861,1.1632834672927856,-0.18353678286075592,-0.22191883623600006,0.6796780824661255,-0.7322514653205872,0.04295908287167549,1.0488494634628296,-0.7320180535316467,-0.10830434411764145,1.134525179862976,-0.40836453437805176,-0.2239181101322174,1.0737799406051636,-0.13113832473754883,-0.26847901940345764,0.5906257629394531,-0.810979425907135,-0.05185849219560623,0.9640225172042847,-0.7341127395629883,-0.1959359049797058,1.0218322277069092,-0.380092978477478,-0.2458118051290512,0.9597408771514893,-0.10558578372001648,-0.23784957826137543,0.5005084872245789,-0.8099105358123779,-0.1523820459842682,0.8421222567558289,-0.6973142623901367,-0.2510969638824463,0.9368702173233032,-0.4415147006511688,-0.2641383409500122,0.9282715916633606,-0.2173992097377777,-0.2431560456752777
0.0,0.0,0.0,-0.34140127897262573,0.3339523673057556,-0.011837776750326157,-0.7392874956130981,0.4466150403022766,-0.02067066915333271,-1.0426819324493408,0.4247269332408905,-0.06879405677318573,-1.2931761741638184,0.32264038920402527,-0.10547903925180435,-0.8676382303237915,-0.3091847896575928,0.20022810995578766,-1.1342742443084717,-0.37800168991088867,0.07420068234205246,-1.3112068176269531,-0.13082438707351685,-0.05499608442187309,-1.404471755027771,0.14572390913963318,-0.13326050341129303,-0.8452286720275879,-0.5205061435699463,0.12108589708805084,-1.1801837682724,-0.5682200789451599,0.0030168371740728617,-1.3369269371032715,-0.27259358763694763,-0.10586974769830704,-1.388620138168335,0.035872817039489746,-0.16424895823001862,-0.7889354825019836,-0.7100350260734558,0.006925493478775024,-1.1657925844192505,-0.6940101385116577,-0.13329660892486572,-1.2993199825286865,-0.32139456272125244,-0.20584866404533386,-1.3240978717803955,0.026881186291575432,-0.22415389120578766,-0.702930748462677,-0.8533094525337219,-0.11375514417886734,-1.0606656074523926,-0.6767284274101257,-0.22833573818206787,-1.2122160196304321,-0.35534775257110596,-0.2717874348163605,-1.2745612859725952,-0.050906356424093246,-0.2808757722377777,0.0,0.0,0.0,0.3814532458782196,0.1824565976858139,-0.030883215367794037,0.7172073125839233,0.19855621457099915,-0.07161912322044373,0.9766621589660645,0.13729383051395416,-0.15393169224262238,1.1647125482559204,-0.022020922973752022,-0.22510209679603577,0.781816303730011,-0.5541388392448425,0.1223810687661171,1.0630302429199219,-0.7165889143943787,-0.02654232084751129,1.1658024787902832,-0.4684549570083618,-0.16046841442584991,1.1413205862045288,-0.21747341752052307,-0.22559306025505066,0.7169203758239746,-0.6946378946304321,0.05918928235769272,1.0579581260681152,-0.7836601138114929,-0.11072564125061035,1.1463208198547363,-0.4615532457828522,-0.23934485018253326,1.0898680686950684,-0.17781132459640503,-0.28961244225502014,0.638545572757721,-0.8029131293296814,-0.03321957215666771,0.9929118156433105,-0.8012484312057495,-0.20817722380161285,1.06755530834198,-0.43307140469551086,-0.28615760803222656,1.0077322721481323,-0.12514491379261017,-0.2896512448787689,0.5410866141319275,-0.8454877138137817,-0.13205227255821228,0.8814504146575928,-0.7506982088088989,-0.2627609670162201,1.0026124715805054,-0.4823991656303406,-0.30902838706970215,1.0116013288497925,-0.2277103215456009,-0.30882528424263
0.0,0.0,0.0,-0.354981392621994,0.28337952494621277,-0.05483675375580788,-0.7474927306175232,0.4112781584262848,-0.0933758094906807,-1.0505192279815674,0.4159059226512909,-0.16054703295230865,-1.292260766029358,0.3027888536453247,-0.21359778940677643,-0.8767108917236328,-0.29379257559776306,0.14030572772026062,-1.171593189239502,-0.2990894019603729,-0.004445706494152546,-1.3518162965774536,-0.04811805486679077,-0.1481882929801941,-1.449238657951355,0.18338246643543243,-0.23813025653362274,-0.8569631576538086,-0.5086929202079773,0.08273852616548538,-1.2223297357559204,-0.5369342565536499,-0.062011994421482086,-1.3755985498428345,-0.21992160379886627,-0.18848438560962677,-1.4187358617782593,0.07101363688707352,-0.2562353014945984,-0.793880820274353,-0.6998790502548218,-0.00863749161362648,-1.173147439956665,-0.71382075548172,-0.1546216905117035,-1.2917754650115967,-0.34132444858551025,-0.23078575730323792,-1.2936378717422485,-0.027872387319803238,-0.2510053217411041,-0.6859775185585022,-0.8442627787590027,-0.11004482954740524,-1.0170718431472778,-0.7178565859794617,-0.21546949446201324,-1.159680962562561,-0.41912510991096497,-0.2579196095466614,-1.202681303024292,-0.15102653205394745,-0.2682630717754364,0.0,0.0,0.0,0.3913547992706299,0.1802975833415985,0.0010319561697542667,0.7229741215705872,0.22159188985824585,-0.01922338828444481,0.9881136417388916,0.2030843049287796,-0.08701393753290176,1.2139863967895508,0.09350419789552689,-0.141855850815773,0.7679058909416199,-0.533163845539093,0.19357921183109283,1.0446323156356812,-0.637117862701416,0.07207111269235611,1.1278077363967896,-0.3744931221008301,-0.04926556721329689,1.0960969924926758,-0.13482889533042908,-0.10901802778244019,0.7198913097381592,-0.6826502084732056,0.1254797726869583,1.057422161102295,-0.7291735410690308,-0.008908088319003582,1.1307902336120605,-0.41074520349502563,-0.12414458394050598,1.0724842548370361,-0.14169038832187653,-0.16988392174243927,0.6614084839820862,-0.7953243255615234,0.029265105724334717,1.0208179950714111,-0.7675246596336365,-0.11687260866165161,1.0832867622375488,-0.4054258465766907,-0.17757704854011536,1.0195024013519287,-0.10857352614402771,-0.17208603024482727,0.5935049057006836,-0.842507004737854,-0.07226639240980148,0.9359561204910278,-0.723146915435791,-0.18088820576667786,1.0551528930664062,-0.45943623781204224,-0.2103615701198578,1.0716404914855957,-0.21895746886730194,-0.19818106293678284
0.0,0.0,0.0,-0.35685649514198303,0.2584565281867981,-0.030714962631464005,-0.7294864654541016,0.34445667266845703,-0.06514708697795868,-1.025159239768982,0.3670828342437744,-0.13412387669086456,-1.2740877866744995,0.32047179341316223,-0.190847709774971,-0.8475786447525024,-0.40820494294166565,0.16420656442642212,-1.124888300895691,-0.4055204391479492,0.015503736212849617,-1.2878590822219849,-0.12922663986682892,-0.13363175094127655,-1.3758769035339355,0.16352027654647827,-0.22403760254383087,-0.8114767670631409,-0.5764130353927612,0.09619513154029846,-1.1582826375961304,-0.5165450572967529,-0.049407072365283966,-1.2921667098999023,-0.18923264741897583,-0.18996192514896393,-1.3365052938461304,0.12057965993881226,-0.2700349688529968,-0.7405029535293579,-0.7138572335243225,-0.00393481831997633,-1.0979585647583008,-0.6283778548240662,-0.15710358321666718,-1.195534110069275,-0.23961776494979858,-0.2505125105381012,-1.2006640434265137,0.1079266294836998,-0.282362699508667,-0.6379063725471497,-0.7844700217247009,-0.11062095314264297,-0.9533942341804504,-0.5856623649597168,-0.22691383957862854,-1.0809794664382935,-0.27668043971061707,-0.28319692611694336,-1.130912184715271,0.009562395513057709,-0.30216312408447266,0.0,0.0,0.0,0.37374159693717957,0.18478913605213165,0.005924768280237913,0.687070906162262,0.21025465428829193,-0.025666970759630203,0.9413443207740784,0.2159811407327652,-0.10815664380788803,1.1722949743270874,0.14602236449718475,-0.1769256740808487,0.6988632082939148,-0.615979015827179,0.20484977960586548,0.9488972425460815,-0.6820290684700012,0.07658752053976059,1.0207372903823853,-0.4057472050189972,-0.05401737615466118,0.9856902360916138,-0.14659114181995392,-0.11822894960641861,0.659861147403717,-0.7401547431945801,0.12943805754184723,1.0046334266662598,-0.7275436520576477,0.001794147421605885,1.0805995464324951,-0.40129902958869934,-0.11104211211204529,1.0369375944137573,-0.12901970744132996,-0.15843194723129272,0.6173816919326782,-0.8083377480506897,0.024302611127495766,0.9958410263061523,-0.7131441831588745,-0.12144137173891068,1.0548068284988403,-0.3440679907798767,-0.1881883144378662,0.9974320530891418,-0.04063607379794121,-0.18704788386821747,0.5750268697738647,-0.7976356744766235,-0.08529463410377502,0.9274851083755493,-0.6460313200950623,-0.18475474417209625,1.0353858470916748,-0.37640270590782166,-0.21139967441558838,1.0403729677200317,-0.12192925810813904,-0.19956111907958984
0.0,0.0,0.0,-0.3583327829837799,0.16275599598884583,0.013581426814198494,-0.685852587223053,0.1597493290901184,-0.006090139504522085,-0.9386090636253357,0.169874370098114,-0.05890675634145737,-1.144472599029541,0.1941622644662857,-0.10225839912891388,-0.7183945775032043,-0.6311658620834351,0.13489308953285217,-0.9804266095161438,-0.5344784259796143,0.022300371900200844,-1.0967059135437012,-0.27286556363105774,-0.0923151969909668,-1.1363158226013184,-0.017618991434574127,-0.161934494972229,-0.6631177067756653,-0.7461251020431519,0.059768401086330414,-1.0154966115951538,-0.5832931399345398,-0.03781845420598984,-1.1042729616165161,-0.2705884873867035,-0.13124078512191772,-1.114815354347229,-0.00022149310098029673,-0.18590101599693298,-0.594146192073822,-0.7861185073852539,-0.03644752502441406,-0.9361141920089722,-0.5553844571113586,-0.13982461392879486,-1.0387873649597168,-0.22880209982395172,-0.19251282513141632,-1.0675417184829712,0.036623261868953705,-0.2113868147134781,-0.5333678126335144,-0.7039799094200134,-0.1360175758600235,-0.835229218006134,-0.47430405020713806,-0.21228989958763123,-0.9563493728637695,-0.23797321319580078,-0.23856180906295776,-1.0182143449783325,-0.033624980598688126,-0.24470308423042297,0.0,0.0,0.0,0.38266414403915405,0.07923891395330429,0.04421557858586311,0.6784932613372803,0.07261046022176743,0.004372799303382635,0.90777188539505,0.08812965452671051,-0.07581127434968948,1.0872946977615356,0.01774783805012703,-0.14359785616397858,0.6227928400039673,-0.7670525312423706,0.06218429282307625,0.9841845631599426,-0.6766071915626526,-0.06107477843761444,1.0772645473480225,-0.38249537348747253,-0.16291438043117523,1.0703870058059692,-0.14444930851459503,-0.21349693834781647,0.5582684874534607,-0.8292097449302673,-0.02734009362757206,0.9941962361335754,-0.6775895953178406,-0.13910412788391113,1.0519535541534424,-0.3288044333457947,-0.20117174088954926,0.9933475255966187,-0.07403826713562012,-0.22198590636253357,0.5162240862846375,-0.785723865032196,-0.1254301220178604,0.9308240413665771,-0.6178430318832397,-0.21975713968276978,0.972132682800293,-0.2834332287311554,-0.21473439037799835,0.9127956032752991,-0.044068388640880585,-0.18551506102085114,0.49507272243499756,-0.648528516292572,-0.22524181008338928,0.8253743052482605,-0.49077966809272766,-0.2738731801509857,0.8802027106285095,-0.2531254291534424,-0.24461603164672852,0.8562541007995605,-0.05953650549054146,-0.20410574972629547
0.0,0.0,0.0,-0.3739555776119232,0.21780037879943848,0.026446281000971794,-0.701904296875,0.21609485149383545,0.020639538764953613,-0.9606284499168396,0.23442228138446808,-0.02331985905766487,-1.1795381307601929,0.24021770060062408,-0.05835843086242676,-0.7214164137840271,-0.5744046568870544,0.18206201493740082,-0.9835109710693359,-0.5005940794944763,0.08173076063394547,-1.1264598369598389,-0.23635223507881165,-0.03089604340493679,-1.1913717985153198,0.03984323889017105,-0.09988945722579956,-0.678500235080719,-0.7278441190719604,0.09939981997013092,-1.0390409231185913,-0.5891114473342896,0.022087257355451584,-1.1548011302947998,-0.2713748514652252,-0.06837432086467743,-1.1849418878555298,0.0323370136320591,-0.12382934987545013,-0.6269856691360474,-0.814193069934845,-0.006265570875257254,-1.010470986366272,-0.5985862612724304,-0.0929512158036232,-1.1136032342910767,-0.24987301230430603,-0.1429975926876068,-1.128294587135315,0.04222732409834862,-0.16255684196949005,-0.584692120552063,-0.7744025588035583,-0.11619268357753754,-0.9266479015350342,-0.5077444314956665,-0.18585984408855438,-1.0625231266021729,-0.23897454142570496,-0.21034346520900726,-1.121364712715149,-0.0037294654175639153,-0.2151317000389099,0.0,0.0,0.0,0.35049939155578613,0.04991503059864044,0.011963298544287682,0.6518808603286743,0.03488222882151604,-0.04802628979086876,0.8800520896911621,0.034855883568525314,-0.14088261127471924,1.0626275539398193,-0.03358466178178787,-0.22047266364097595,0.6072951555252075,-0.7757553458213806,0.030131328850984573,0.9256357550621033,-0.7252873182296753,-0.11109587550163269,1.0189794301986694,-0.44357821345329285,-0.22478525340557098,1.013045072555542,-0.20330774784088135,-0.28079962730407715,0.5204315781593323,-0.8525547385215759,-0.04797215759754181,0.907001256942749,-0.7156943082809448,-0.18045704066753387,0.9800187945365906,-0.3804381191730499,-0.2552793622016907,0.9442707300186157,-0.12180382758378983,-0.2812231779098511,0.4494498074054718,-0.8339499831199646,-0.13815391063690186,0.8313420414924622,-0.6742724180221558,-0.25576266646385193,0.9085922241210938,-0.34433433413505554,-0.2675035297870636,0.88490891456604,-0.09021348506212234,-0.24484285712242126,0.3947071135044098,-0.7234007120132446,-0.23147913813591003,0.7105321884155273,-0.5637539625167847,-0.3064091205596924,0.8036968111991882,-0.32919639348983765,-0.29670605063438416,0.8202267289161682,-0.13003848493099213,-0.26444098353385925
0.0,0.0,0.0,-0.3511863946914673,0.34484797716140747,-0.02451704815030098,-0.7619274258613586,0.4719339907169342,-0.031531840562820435,-1.110662579536438,0.5302377939224243,-0.0827140212059021,-1.4323146343231201,0.5287948846817017,-0.12415129691362381,-0.8381922245025635,-0.28206372261047363,0.2716611623764038,-1.1480728387832642,-0.28921836614608765,0.15780292451381683,-1.3551725149154663,-0.03159269690513611,0.022067684680223465,-1.4704267978668213,0.23793575167655945,-0.06627876311540604,-0.8422715067863464,-0.5019054412841797,0.19664588570594788,-1.2203706502914429,-0.5063166618347168,0.07107794284820557,-1.4072301387786865,-0.1955784559249878,-0.07525089383125305,-1.4893946647644043,0.1322072446346283,-0.16051264107227325,-0.8259656429290771,-0.7246805429458618,0.08172759413719177,-1.241474986076355,-0.6716228723526001,-0.07704532891511917,-1.413940668106079,-0.29343128204345703,-0.1879228800535202,-1.4769772291183472,0.06629651039838791,-0.2278980314731598,-0.7889521718025208,-0.9266512393951416,-0.03986369073390961,-1.1751148700714111,-0.7488993406295776,-0.17662149667739868,-1.3554476499557495,-0.4056669771671295,-0.2427302449941635,-1.4369779825210571,-0.06426289677619934,-0.2656956911087036,0.0,0.0,0.0,0.3505330979824066,0.12050411850214005,-0.015594732016324997,0.6859217286109924,0.14999185502529144,-0.07130774110555649,0.9238495230674744,0.12900708615779877,-0.1601088047027588,1.0594627857208252,-0.053138285875320435,-0.23652337491512299,0.725547194480896,-0.6507790684700012,0.060917697846889496,1.0332993268966675,-0.74863201379776,-0.07868608832359314,1.138503074645996,-0.4906688928604126,-0.1995447427034378,1.1247376203536987,-0.24557799100875854,-0.25938737392425537,0.6328145861625671,-0.7742730975151062,-0.006847023963928223,0.9971857070922852,-0.8016563057899475,-0.14303000271320343,1.0904278755187988,-0.47014591097831726,-0.24049149453639984,1.0467973947525024,-0.2017790824174881,-0.2811892330646515,0.5412557125091553,-0.8396183252334595,-0.09340209513902664,0.9162122011184692,-0.8189148306846619,-0.21816177666187286,1.0048609972000122,-0.4707522690296173,-0.250480592250824,0.9670117497444153,-0.19824056327342987,-0.24234026670455933,0.4486371576786041,-0.8172501921653748,-0.18688048422336578,0.7765436768531799,-0.7163800597190857,-0.2840544581413269,0.8741169571876526,-0.4530898630619049,-0.2957022786140442,0.8703804016113281,-0.22507962584495544,-0.2780185341835022
0.0,0.0,0.0,-0.3809846341609955,0.25664740800857544,-0.03136048838496208,-0.7552551031112671,0.31982895731925964,-0.058904461562633514,-1.0583281517028809,0.2827855348587036,-0.12504728138446808,-1.3209847211837769,0.21002843976020813,-0.1802622228860855,-0.813409686088562,-0.423209547996521,0.20866039395332336,-1.0812811851501465,-0.4631202220916748,0.0702483132481575,-1.260794997215271,-0.2164483666419983,-0.07698189467191696,-1.3692702054977417,0.054254788905382156,-0.1658720076084137,-0.7843421697616577,-0.6043266654014587,0.13998796045780182,-1.132275938987732,-0.6523059010505676,-0.00318007729947567,-1.2933534383773804,-0.34845542907714844,-0.1442314237356186,-1.3579996824264526,-0.028044210746884346,-0.218888521194458,-0.7184327244758606,-0.7599518895149231,0.03552515059709549,-1.0880457162857056,-0.7763687968254089,-0.12035335600376129,-1.2053543329238892,-0.3940063714981079,-0.21721768379211426,-1.2225927114486694,-0.032595571130514145,-0.2452135682106018,-0.6220380663871765,-0.8656633496284485,-0.07600090652704239,-0.9584510326385498,-0.742155909538269,-0.19095826148986816,-1.1057156324386597,-0.4335338771343231,-0.24503189325332642,-1.1668757200241089,-0.12739598751068115,-0.2601131796836853,0.0,0.0,0.0,0.3792797029018402,0.15509217977523804,0.02482110634446144,0.6857535243034363,0.16205717623233795,0.0005007595173083246,0.9489405155181885,0.18970854580402374,-0.07594761997461319,1.183587670326233,0.14149026572704315,-0.14042648673057556,0.6697271466255188,-0.6538763642311096,0.20669005811214447,0.9331023097038269,-0.6906091570854187,0.08491205424070358,1.0373116731643677,-0.41443774104118347,-0.04403182491660118,1.0324262380599976,-0.15253566205501556,-0.11270055919885635,0.6262619495391846,-0.7699903845787048,0.12210972607135773,0.9770700335502625,-0.7260935306549072,-0.004427869338542223,1.0743739604949951,-0.3996123671531677,-0.11825507134199142,1.04301118850708,-0.12256164848804474,-0.17030218243598938,0.5847135782241821,-0.8273508548736572,0.011667286045849323,0.9677280187606812,-0.7272551655769348,-0.12081132084131241,1.051733136177063,-0.37287020683288574,-0.18178744614124298,1.0056182146072388,-0.07494097948074341,-0.18453478813171387,0.5486609935760498,-0.8076838850975037,-0.1032102182507515,0.8953967690467834,-0.6599674224853516,-0.19643954932689667,1.0064244270324707,-0.4007555842399597,-0.22070008516311646,1.0114320516586304,-0.15394170582294464,-0.21093130111694336
0.0,0.0,0.0,-0.35369735956192017,0.150638610124588,-0.018374228850007057,-0.6766355633735657,0.16871565580368042,-0.05413668230175972,-0.9230989813804626,0.16410332918167114,-0.11983421444892883,-1.1153005361557007,0.10430676490068436,-0.17389151453971863,-0.7203335762023926,-0.6126899123191833,0.1316370666027069,-0.9920345544815063,-0.5810132622718811,0.0026710936799645424,-1.117004632949829,-0.341610848903656,-0.12933149933815002,-1.1666728258132935,-0.08999177068471909,-0.20824798941612244,-0.6674395799636841,-0.74135822057724,0.07008887827396393,-1.0122005939483643,-0.6509429216384888,-0.053603239357471466,-1.1181432008743286,-0.3526042699813843,-0.17656461894512177,-1.1353404521942139,-0.069628044962883,-0.24538856744766235,-0.5969122052192688,-0.8188557624816895,-0.01591464877128601,-0.9329248666763306,-0.7058936357498169,-0.13642777502536774,-1.0509718656539917,-0.3725554049015045,-0.21249982714653015,-1.0760293006896973,-0.07170938700437546,-0.23909296095371246,-0.5199712514877319,-0.7975959777832031,-0.10735036432743073,-0.8170807957649231,-0.6144587993621826,-0.1970546543598175,-0.9485660791397095,-0.3747931718826294,-0.23866136372089386,-1.0102769136428833,-0.1552244871854782,-0.2490111142396927,0.0,0.0,0.0,0.38016924262046814,0.11197672039270401,0.03786637261509895,0.6584553718566895,0.12427200376987457,0.004638251848518848,0.893591046333313,0.14733198285102844,-0.07448048144578934,1.0844900608062744,0.08101929724216461,-0.13850444555282593,0.5706296563148499,-0.7537927627563477,0.15230168402194977,0.9094001054763794,-0.6301583647727966,0.031320396810770035,1.0077518224716187,-0.3329104483127594,-0.08675137907266617,0.9898533821105957,-0.072893887758255,-0.14523476362228394,0.5324478149414062,-0.843807578086853,0.06699297577142715,0.964961051940918,-0.6620027422904968,-0.039722051471471786,1.033808708190918,-0.32249319553375244,-0.11867717653512955,0.9787988066673279,-0.06441959738731384,-0.15052564442157745,0.5232306122779846,-0.8359184265136719,-0.03644552826881409,0.9602704644203186,-0.6446490287780762,-0.14155316352844238,1.0075374841690063,-0.3008071780204773,-0.1614493876695633,0.9430466294288635,-0.03856957331299782,-0.14141814410686493,0.5432153940200806,-0.7417903542518616,-0.1431218534708023,0.9062737226486206,-0.5552970170974731,-0.19932693243026733,0.9741709232330322,-0.3115485608577728,-0.18510563671588898,0.9538983702659607,-0.10898514091968536,-0.15242880582809448
0.0,0.0,0.0,-0.3570096492767334,0.11415135860443115,-0.017932087182998657,-0.6679291725158691,0.12535861134529114,-0.05736640468239784,-0.907832145690918,0.1199038028717041,-0.1261550486087799,-1.0632601976394653,0.008584150113165379,-0.18260250985622406,-0.7078648805618286,-0.6349987387657166,0.11921009421348572,-0.9884726405143738,-0.6187981367111206,-0.007200351916253567,-1.0916134119033813,-0.39156001806259155,-0.13206326961517334,-1.1178302764892578,-0.1623448133468628,-0.20480015873908997,-0.6483616232872009,-0.7586358189582825,0.06402286887168884,-0.9887057542800903,-0.6762006878852844,-0.06004897505044937,-1.0698426961898804,-0.4053455889225006,-0.1777210831642151,-1.0621849298477173,-0.15255197882652283,-0.24022406339645386,-0.5693674683570862,-0.837121307849884,-0.014148496091365814,-0.8922686576843262,-0.7060436606407166,-0.1267021894454956,-1.0064643621444702,-0.41265997290611267,-0.20129847526550293,-1.0270594358444214,-0.14789211750030518,-0.22787098586559296,-0.48496368527412415,-0.821723222732544,-0.09770043939352036,-0.7651611566543579,-0.6410728693008423,-0.17543360590934753,-0.89063960313797,-0.4244266152381897,-0.21560020744800568,-0.9485426545143127,-0.2242061346769333,-0.22614626586437225,0.0,0.0,0.0,0.3772770166397095,0.13121549785137177,0.038133084774017334,0.6463077664375305,0.13875408470630646,0.009664904326200485,0.8744159936904907,0.14320698380470276,-0.06171436980366707,1.0684627294540405,0.08583924174308777,-0.11531300842761993,0.5606608986854553,-0.762697696685791,0.15039710700511932,0.9181272387504578,-0.6038958430290222,0.0348595567047596,0.9966866970062256,-0.29347413778305054,-0.07736717164516449,0.968403160572052,-0.03167075663805008,-0.13205938041210175,0.5342409014701843,-0.8423659801483154,0.07075461745262146,0.9797760248184204,-0.6370043754577637,-0.025222400203347206,1.0351394414901733,-0.29870396852493286,-0.09097597748041153,0.9821797013282776,-0.03834671527147293,-0.11454445123672485,0.5381579399108887,-0.8161904215812683,-0.026381641626358032,0.9869258403778076,-0.593105137348175,-0.11654948443174362,1.0211760997772217,-0.2629190981388092,-0.12623968720436096,0.9517320990562439,-0.008154414594173431,-0.10214357078075409,0.5703604221343994,-0.7034536600112915,-0.12739135324954987,0.9284430146217346,-0.490648090839386,-0.17299552261829376,0.9848672747612,-0.2497701495885849,-0.15377749502658844,0.9596182107925415,-0.04822717234492302,-0.11837330460548401
0.0,0.0,0.0,-0.3470805287361145,0.11804655939340591,-0.01882164552807808,-0.662833571434021,0.12124000489711761,-0.06020519882440567,-0.9036726951599121,0.11361055076122284,-0.12826880812644958,-1.0790480375289917,0.029266800731420517,-0.18697777390480042,-0.7233235836029053,-0.6318663358688354,0.0877990648150444,-1.0038936138153076,-0.5865402817726135,-0.044509004801511765,-1.1147174835205078,-0.3548279404640198,-0.16788767278194427,-1.1505203247070312,-0.11942712962627411,-0.2374783754348755,-0.6528703570365906,-0.7567945718765259,0.031973570585250854,-0.9854685664176941,-0.6741940975189209,-0.08718626201152802,-1.0852220058441162,-0.39307382702827454,-0.19021913409233093,-1.0982199907302856,-0.13331127166748047,-0.24590574204921722,-0.5603082776069641,-0.8241978287696838,-0.04547930508852005,-0.8666861057281494,-0.6993789076805115,-0.15968596935272217,-0.9749910831451416,-0.3996838331222534,-0.22359174489974976,-0.9972063302993774,-0.14095467329025269,-0.2444114089012146,-0.4634019732475281,-0.798824667930603,-0.1276668906211853,-0.7340012192726135,-0.6345112919807434,-0.20886194705963135,-0.8552225828170776,-0.4162406325340271,-0.2427399605512619,-0.9115412831306458,-0.22155879437923431,-0.24949200451374054,0.0,0.0,0.0,0.38197141885757446,0.13689829409122467,0.03922312706708908,0.6368811130523682,0.13169370591640472,0.012237729504704475,0.8423551321029663,0.1317172348499298,-0.05654173716902733,1.0070332288742065,0.07111994922161102,-0.10939663648605347,0.5693109035491943,-0.7670729160308838,0.12748196721076965,0.9232489466667175,-0.5872766375541687,0.021199483424425125,0.9829317927360535,-0.28077179193496704,-0.08446523547172546,0.945626974105835,-0.028089573606848717,-0.14013712108135223,0.5445887446403503,-0.8375891447067261,0.043214742094278336,0.9806081652641296,-0.6050080060958862,-0.05168862268328667,1.0179548263549805,-0.2695128619670868,-0.12240412831306458,0.9513765573501587,-0.006312663201242685,-0.15169359743595123,0.5475361943244934,-0.8012595772743225,-0.0551941953599453,0.9856131672859192,-0.5519811511039734,-0.14625142514705658,1.0083457231521606,-0.21689961850643158,-0.1636241376399994,0.9345600605010986,0.03759438917040825,-0.14721186459064484,0.5766781568527222,-0.671754002571106,-0.15698428452014923,0.9234583973884583,-0.4521506428718567,-0.20395947992801666,0.9836164116859436,-0.21435509622097015,-0.19035173952579498,0.9654688239097595,-0.010568429715931416,-0.16210541129112244
0.0,0.0,0.0,-0.3595004081726074,0.1141388937830925,-0.01750638708472252,-0.678440511226654,0.11914041638374329,-0.07465988397598267,-0.9302875399589539,0.13683006167411804,-0.1538792997598648,-1.087746500968933,0.06761224567890167,-0.2199423909187317,-0.6392214298248291,-0.727094292640686,0.06174679100513458,-0.9682567715644836,-0.6195523142814636,-0.0562947653234005,-1.0627180337905884,-0.34698963165283203,-0.17479197680950165,-1.0848761796951294,-0.07365361601114273,-0.24381494522094727,-0.5970550775527954,-0.8020672798156738,0.014607002958655357,-1.0231647491455078,-0.6060969233512878,-0.08832789212465286,-1.0871384143829346,-0.30110102891921997,-0.18382680416107178,-1.0633912086486816,-0.04077456519007683,-0.23837150633335114,-0.5485057830810547,-0.8075039386749268,-0.047393664717674255,-0.9403716325759888,-0.6074545383453369,-0.12830787897109985,-1.03333580493927,-0.29856249690055847,-0.1691512018442154,-1.0381078720092773,-0.0382973738014698,-0.18175873160362244,-0.5118220448493958,-0.7027568221092224,-0.11463052779436111,-0.8186737895011902,-0.4944881200790405,-0.1657005250453949,-0.9298975467681885,-0.2753535509109497,-0.1804884374141693,-0.9782595634460449,-0.08453419059515,-0.1765064150094986,0.0,0.0,0.0,0.39761629700660706,0.10110630840063095,0.04908375442028046,0.66268390417099,0.1122673898935318,0.008339892141520977,0.868546724319458,0.1318383514881134,-0.07625780254602432,1.0188100337982178,0.049785763025283813,-0.15011627972126007,0.6244763731956482,-0.756358802318573,0.08217017352581024,0.9969500303268433,-0.6433481574058533,-0.04866509512066841,1.1140170097351074,-0.342139333486557,-0.16848017275333405,1.1135780811309814,-0.09227364510297775,-0.23146717250347137,0.574264407157898,-0.8185802698135376,-0.012113397009670734,1.0240594148635864,-0.6531623601913452,-0.12818844616413116,1.103334665298462,-0.300307035446167,-0.20876267552375793,1.0532785654067993,-0.04134586080908775,-0.24556033313274384,0.5454041957855225,-0.7768996953964233,-0.11536138504743576,0.9827655553817749,-0.6075693964958191,-0.21211226284503937,1.0398560762405396,-0.2689058482646942,-0.22113797068595886,0.9789620041847229,-0.02512475661933422,-0.20306992530822754,0.5379436016082764,-0.6450215578079224,-0.22052235901355743,0.8839969038963318,-0.466268926858902,-0.2700696587562561,0.958987832069397,-0.23517416417598724,-0.24813152849674225,0.9455245733261108,-0.04589046165347099,-0.21436898410320282
0.0,0.0,0.0,-0.3715890049934387,0.1436941921710968,0.02322714403271675,-0.6872977018356323,0.10969288647174835,0.009109056554734707,-0.937879204750061,0.103083536028862,-0.04052352160215378,-1.1402658224105835,0.097732774913311,-0.08285979926586151,-0.6587244868278503,-0.6770719885826111,0.15263552963733673,-0.9382228255271912,-0.5757495164871216,0.046652890741825104,-1.0727407932281494,-0.3203046917915344,-0.06774045526981354,-1.138757586479187,-0.06048988550901413,-0.13723503053188324,-0.6078276634216309,-0.7906246781349182,0.07387939840555191,-0.9857625365257263,-0.6393263936042786,-0.012826163321733475,-1.1026173830032349,-0.3293773829936981,-0.10805954784154892,-1.1431388854980469,-0.040762823075056076,-0.16575539112091064,-0.5524737238883972,-0.8303107619285583,-0.02490048110485077,-0.9208347797393799,-0.6225049495697021,-0.11675744503736496,-1.040602207183838,-0.29891127347946167,-0.17122572660446167,-1.0848824977874756,-0.02430734783411026,-0.19363656640052795,-0.518823504447937,-0.7490235567092896,-0.1269838660955429,-0.8318134546279907,-0.5275973081588745,-0.1942804604768753,-0.9567448496818542,-0.29786086082458496,-0.2187165468931198,-1.0229181051254272,-0.09338743984699249,-0.22487479448318481,0.0,0.0,0.0,0.3807659447193146,0.07089100778102875,0.035613808780908585,0.6798744797706604,0.05435119569301605,-0.009413065388798714,0.9066590666770935,0.05192877724766731,-0.09236850589513779,1.0777236223220825,-0.02274787798523903,-0.1635238081216812,0.6191842555999756,-0.7717889547348022,0.04859189689159393,0.9744405150413513,-0.6842262148857117,-0.08546161651611328,1.0724260807037354,-0.3893353343009949,-0.19559195637702942,1.0747007131576538,-0.1512523740530014,-0.25152140855789185,0.5450644493103027,-0.8374535441398621,-0.039703186601400375,0.9707456827163696,-0.6869263648986816,-0.16495831310749054,1.0332019329071045,-0.3423703610897064,-0.2360846847295761,0.9886536002159119,-0.08579441905021667,-0.261310338973999,0.4933408200740814,-0.7968876957893372,-0.13722921907901764,0.8988253474235535,-0.6371179223060608,-0.2454802244901657,0.9570855498313904,-0.30185091495513916,-0.2513643801212311,0.918998658657074,-0.05339480936527252,-0.22717218101024628,0.46188196539878845,-0.662718653678894,-0.23664602637290955,0.7849972248077393,-0.5118849873542786,-0.30078843235969543,0.8603969812393188,-0.27404841780662537,-0.28386420011520386,0.8626056909561157,-0.07371366024017334,-0.249664306640625
0.0,0.0,0.0,-0.34928441047668457,0.23637227714061737,-0.021284453570842743,-0.7257479429244995,0.244754821062088,-0.04517269879579544,-1.0352486371994019,0.24351558089256287,-0.1005588173866272,-1.299138069152832,0.24414223432540894,-0.14331433176994324,-0.764974057674408,-0.5176584124565125,0.1631038635969162,-1.0139859914779663,-0.53322833776474,0.045016951858997345,-1.1744978427886963,-0.2820795178413391,-0.07763595134019852,-1.2603799104690552,-0.015829898416996002,-0.1543634831905365,-0.7155714631080627,-0.6915287971496582,0.09871908277273178,-1.0453599691390991,-0.6368148922920227,-0.00597382290288806,-1.1791146993637085,-0.3438562750816345,-0.10633507370948792,-1.2389936447143555,-0.059781357645988464,-0.16528907418251038,-0.6400636434555054,-0.8100958466529846,0.003361843293532729,-1.010048270225525,-0.6660067439079285,-0.12442068755626678,-1.1238723993301392,-0.32572564482688904,-0.18259669840335846,-1.1619137525558472,-0.029024943709373474,-0.1973181813955307,-0.5547982454299927,-0.836227297782898,-0.09841015934944153,-0.9075702428817749,-0.6138896942138672,-0.20027494430541992,-1.055724859237671,-0.3430411219596863,-0.23773345351219177,-1.1331591606140137,-0.09540558606386185,-0.24725674092769623,0.0,0.0,0.0,0.34103456139564514,0.0807919129729271,0.003035112051293254,0.6513136625289917,0.08865022659301758,-0.0507897324860096,0.8820950388908386,0.09210952371358871,-0.13583222031593323,1.0404540300369263,-0.02906518429517746,-0.20951351523399353,0.6481508016586304,-0.7296250462532043,0.052416615188121796,0.9581674933433533,-0.7179040908813477,-0.07273804396390915,1.077944040298462,-0.46140560507774353,-0.1843688189983368,1.0914112329483032,-0.22938695549964905,-0.24275778234004974,0.5654053688049316,-0.8246293663978577,-0.01741207018494606,0.9346638917922974,-0.745494544506073,-0.13383184373378754,1.0403467416763306,-0.42692849040031433,-0.21795405447483063,1.0231980085372925,-0.17597323656082153,-0.25574272871017456,0.4938059449195862,-0.8297110199928284,-0.09970295429229736,0.859651505947113,-0.7275851964950562,-0.2026253640651703,0.9595053195953369,-0.4054594337940216,-0.22398266196250916,0.9444035887718201,-0.15490226447582245,-0.21443085372447968,0.43343257904052734,-0.7413697242736816,-0.18685708940029144,0.7450289726257324,-0.6184958815574646,-0.25880521535873413,0.8454173803329468,-0.38279062509536743,-0.25546881556510925,0.8604573607444763,-0.17997533082962036,-0.23119071125984192
0.0,0.0,0.0,-0.3697642385959625,0.20501066744327545,0.03246887028217316,-0.6808858513832092,0.17491035163402557,0.019756974652409554,-0.9524614810943604,0.1830369532108307,-0.026508081704378128,-1.17707097530365,0.20143930613994598,-0.06728410720825195,-0.599563479423523,-0.6566940546035767,0.14148275554180145,-0.9213346838951111,-0.5302724242210388,0.051296383142471313,-1.0645757913589478,-0.2727113962173462,-0.047846514731645584,-1.135908842086792,-0.013666643761098385,-0.10900271683931351,-0.566224992275238,-0.8216404318809509,0.0655454471707344,-1.0081214904785156,-0.6170417666435242,-0.002026104833930731,-1.112181305885315,-0.29725411534309387,-0.07756255567073822,-1.1293339729309082,-0.007194537669420242,-0.1267852783203125,-0.5431387424468994,-0.8957425355911255,-0.027605582028627396,-1.0086236000061035,-0.607914924621582,-0.10118091106414795,-1.1102458238601685,-0.24458301067352295,-0.15328511595726013,-1.1158183813095093,0.03820251673460007,-0.18201510608196259,-0.5560043454170227,-0.8403218388557434,-0.12327302247285843,-0.9347144365310669,-0.5227521061897278,-0.18905457854270935,-1.0634832382202148,-0.2518954575061798,-0.2270435243844986,-1.1095948219299316,-0.029223937541246414,-0.24591867625713348,0.0,0.0,0.0,0.3454186022281647,0.03983011841773987,0.020897172391414642,0.6248424053192139,0.03767620772123337,-0.04003789275884628,0.8358199000358582,0.050592586398124695,-0.13300056755542755,0.9834372997283936,-0.031129056587815285,-0.21407786011695862,0.5934632420539856,-0.7909271121025085,0.0077181002125144005,0.9255240559577942,-0.708608865737915,-0.13446368277072906,1.0088087320327759,-0.4233300983905792,-0.24633903801441193,0.9962100386619568,-0.1892206370830536,-0.30041223764419556,0.5109391212463379,-0.856406569480896,-0.07422245293855667,0.9008660316467285,-0.6934808492660522,-0.19541405141353607,0.9683017134666443,-0.36229854822158813,-0.2611077129840851,0.9314197897911072,-0.11819873750209808,-0.2856048345565796,0.43475404381752014,-0.8194197416305542,-0.16513679921627045,0.8158398270606995,-0.6488816142082214,-0.27211639285087585,0.8846588730812073,-0.32272958755493164,-0.27533483505249023,0.8534418344497681,-0.082651786506176,-0.25055161118507385,0.37031877040863037,-0.6896989941596985,-0.2579997479915619,0.6796685457229614,-0.549746036529541,-0.32322442531585693,0.7644951343536377,-0.31898069381713867,-0.303911030292511,0.772476315498352,-0.12638212740421295,-0.26695516705513
0.0,0.0,0.0,-0.33900561928749084,0.1213497519493103,-0.008619668893516064,-0.633808434009552,0.11900392919778824,-0.048751551657915115,-0.8673067688941956,0.12831124663352966,-0.11544618010520935,-1.0366920232772827,0.06317532807588577,-0.16889894008636475,-0.6474724411964417,-0.6929176449775696,0.08412003517150879,-0.9511362910270691,-0.6036879420280457,-0.03225259855389595,-1.042474389076233,-0.3413683772087097,-0.14272168278694153,-1.0486102104187012,-0.09276006370782852,-0.20619522035121918,-0.6063451766967773,-0.7946650981903076,0.029204070568084717,-0.986581563949585,-0.6283504366874695,-0.06943991035223007,-1.0604939460754395,-0.32919448614120483,-0.15130673348903656,-1.0457985401153564,-0.07711472362279892,-0.19488857686519623,-0.555188000202179,-0.8261090517044067,-0.04457476735115051,-0.9284543991088867,-0.637302815914154,-0.13632729649543762,-1.0232644081115723,-0.322732150554657,-0.17258325219154358,-1.027377963066101,-0.0663883313536644,-0.17903611063957214,-0.5142919421195984,-0.7457867860794067,-0.12387828528881073,-0.8123971223831177,-0.5367406010627747,-0.1937529742717743,-0.9241265654563904,-0.3095061182975769,-0.2147091031074524,-0.9685625433921814,-0.11654499918222427,-0.21181245148181915,0.0,0.0,0.0,0.38023024797439575,0.05616311356425285,0.03403080999851227,0.6581059694290161,0.0269010029733181,-0.005569038912653923,0.8750994801521301,0.01894860528409481,-0.08279448002576828,1.0483518838882446,-0.07639005780220032,-0.147599458694458,0.5526036620140076,-0.8124301433563232,0.08757589757442474,0.8987218141555786,-0.7346259355545044,-0.03220368176698685,1.0228744745254517,-0.47005754709243774,-0.14107483625411987,1.0363494157791138,-0.23693186044692993,-0.19672371447086334,0.4944428503513336,-0.8691946864128113,0.0051859780214726925,0.9270466566085815,-0.7596953511238098,-0.1002146527171135,1.0255701541900635,-0.45400720834732056,-0.17296896874904633,1.0031980276107788,-0.20422790944576263,-0.20377592742443085,0.4617874026298523,-0.8289782404899597,-0.08855114877223969,0.8857120871543884,-0.6993534564971924,-0.18031616508960724,0.9717527627944946,-0.40112459659576416,-0.19147475063800812,0.9481684565544128,-0.16482411324977875,-0.1744971126317978,0.45925652980804443,-0.7018471956253052,-0.18478550016880035,0.7968530654907227,-0.5814659595489502,-0.2325441539287567,0.8869627118110657,-0.37469998002052307,-0.21236552298069,0.8979073762893677,-0.1922513097524643,-0.17932389676570892
0.0,0.0,0.0,-0.34533432126045227,0.09197288006544113,-0.01765052229166031,-0.6643898487091064,0.11392921954393387,-0.07398303598165512,-0.9217929840087891,0.15439370274543762,-0.15221001207828522,-1.0766334533691406,0.08479230850934982,-0.21897488832473755,-0.6562027335166931,-0.7127571702003479,0.06932348757982254,-0.9628674983978271,-0.568535566329956,-0.04754412919282913,-1.0548487901687622,-0.3172956705093384,-0.16894012689590454,-1.093585729598999,-0.0686265230178833,-0.24228963255882263,-0.6108251214027405,-0.7914873957633972,0.02098493091762066,-1.008905291557312,-0.5583531260490417,-0.09276007115840912,-1.055729627609253,-0.26592791080474854,-0.20552819967269897,-1.0367454290390015,-0.018872477114200592,-0.2698547840118408,-0.5523810386657715,-0.803316056728363,-0.04055716097354889,-0.9137150645256042,-0.5755728483200073,-0.1341022253036499,-1.0057461261749268,-0.270995557308197,-0.1920323669910431,-1.020902156829834,-0.0073914192616939545,-0.21175599098205566,-0.5021036863327026,-0.7073525190353394,-0.10580754280090332,-0.7870153784751892,-0.4837311804294586,-0.1659623086452484,-0.8988306522369385,-0.2697697877883911,-0.19150860607624054,-0.9551400542259216,-0.07971470057964325,-0.19309574365615845,0.0,0.0,0.0,0.38027191162109375,0.07456499338150024,0.04447285830974579,0.6524830460548401,0.061292123049497604,0.0022155758924782276,0.8655465245246887,0.0715801790356636,-0.07941531389951706,0.9991151690483093,-0.03682006895542145,-0.1492251604795456,0.5848706960678101,-0.7934197187423706,0.06709975004196167,0.9456552863121033,-0.6908027529716492,-0.058444827795028687,1.050495982170105,-0.4019317924976349,-0.1715538650751114,1.044148564338684,-0.16230373084545135,-0.2292270064353943,0.5266343355178833,-0.8497719764709473,-0.023321988061070442,0.963577389717102,-0.7109276652336121,-0.12783002853393555,1.0480937957763672,-0.38333699107170105,-0.1972629576921463,1.0126218795776367,-0.131104975938797,-0.22636844217777252,0.4931729733943939,-0.7955154180526733,-0.12236148118972778,0.9204261302947998,-0.6550064086914062,-0.20985154807567596,0.9950135946273804,-0.34093931317329407,-0.21230268478393555,0.9597156643867493,-0.1021624431014061,-0.19141116738319397,0.48320063948631287,-0.6447062492370605,-0.22344572842121124,0.8234213590621948,-0.4988205134868622,-0.2681026756763458,0.9064315557479858,-0.2846575081348419,-0.24313220381736755,0.9100373387336731,-0.1018316000699997,-0.2076617032289505
