hand0_x0,hand0_y0,hand0_z0,hand0_x1,hand0_y1,hand0_z1,hand0_x2,hand0_y2,hand0_z2,hand0_x3,hand0_y3,hand0_z3,hand0_x4,hand0_y4,hand0_z4,hand0_x5,hand0_y5,hand0_z5,hand0_x6,hand0_y6,hand0_z6,hand0_x7,hand0_y7,hand0_z7,hand0_x8,hand0_y8,hand0_z8,hand0_x9,hand0_y9,hand0_z9,hand0_x10,hand0_y10,hand0_z10,hand0_x11,hand0_y11,hand0_z11,hand0_x12,hand0_y12,hand0_z12,hand0_x13,hand0_y13,hand0_z13,hand0_x14,hand0_y14,hand0_z14,hand0_x15,hand0_y15,hand0_z15,hand0_x16,hand0_y16,hand0_z16,hand0_x17,hand0_y17,hand0_z17,hand0_x18,hand0_y18,hand0_z18,hand0_x19,hand0_y19,hand0_z19,hand0_x20,hand0_y20,hand0_z20,hand1_x0,hand1_y0,hand1_z0,hand1_x1,hand1_y1,hand1_z1,hand1_x2,hand1_y2,hand1_z2,hand1_x3,hand1_y3,hand1_z3,hand1_x4,hand1_y4,hand1_z4,hand1_x5,hand1_y5,hand1_z5,hand1_x6,hand1_y6,hand1_z6,hand1_x7,hand1_y7,hand1_z7,hand1_x8,hand1_y8,hand1_z8,hand1_x9,hand1_y9,hand1_z9,hand1_x10,hand1_y10,hand1_z10,hand1_x11,hand1_y11,hand1_z11,hand1_x12,hand1_y12,hand1_z12,hand1_x13,hand1_y13,hand1_z13,hand1_x14,hand1_y14,hand1_z14,hand1_x15,hand1_y15,hand1_z15,hand1_x16,hand1_y16,hand1_z16,hand1_x17,hand1_y17,hand1_z17,hand1_x18,hand1_y18,hand1_z18,hand1_x19,hand1_y19,hand1_z19,hand1_x20,hand1_y20,hand1_z20
0.0,0.0,0.0,0.0,0.0,0.0,0.0,0.0,0.0,0.0,0.0,0.0,0.0,0.0,0.0,0.0,0.0,0.0,0.0,0.0,0.0,0.0,0.0,0.0,0.0,0.0,0.0,0.0,0.0,0.0,0.0,0.0,0.0,0.0,0.0,0.0,0.0,0.0,0.0,0.0,0.0,0.0,0.0,0.0,0.0,0.0,0.0,0.0,0.0,0.0,0.0,0.0,0.0,0.0,0.0,0.0,0.0,0.0,0.0,0.0,0.0,0.0,0.0,0.0,0.0,0.0,0.37723585963249207,-0.06080197915434837,0.024619437754154205,0.6514703631401062,-0.19274723529815674,0.03219302371144295,0.9037865996360779,-0.1808178573846817,-0.0008762382203713059,1.1100986003875732,-0.1697511374950409,-0.033044103533029556,0.45216086506843567,-0.816727876663208,0.24534259736537933,0.6411306262016296,-1.0133767127990723,0.21132761240005493,0.82172030210495,-1.0592340230941772,0.13713814318180084,0.9757347106933594,-1.0646017789840698,0.08119086921215057,0.37516990303993225,-0.910949170589447,0.1715201735496521,0.6116053462028503,-1.1616994142532349,0.10475387424230576,0.8211101293563843,-1.1605756282806396,0.004868645220994949,1.0015851259231567,-1.0756014585494995,-0.05361836776137352,0.2900966703891754,-0.9748358726501465,0.07367454469203949,0.5663361549377441,-1.223526954650879,-0.01040731556713581,0.8117507100105286,-1.1990512609481812,-0.09703085571527481,1.0088915824890137,-1.096225619316101,-0.13724078238010406,0.21580460667610168,-1.0006988048553467,-0.0283668152987957,0.512895941734314,-1.1704915761947632,-0.10504329949617386,0.731478750705719,-1.1553313732147217,-0.15473011136054993,0.9243677854537964,-1.0876200199127197,-0.17725539207458496
0.0,0.0,0.0,0.0,0.0,0.0,0.0,0.0,0.0,0.0,0.0,0.0,0.0,0.0,0.0,0.0,0.0,0.0,0.0,0.0,0.0,0.0,0.0,0.0,0.0,0.0,0.0,0.0,0.0,0.0,0.0,0.0,0.0,0.0,0.0,0.0,0.0,0.0,0.0,0.0,0.0,0.0,0.0,0.0,0.0,0.0,0.0,0.0,0.0,0.0,0.0,0.0,0.0,0.0,0.0,0.0,0.0,0.0,0.0,0.0,0.0,0.0,0.0,0.0,0.0,0.0,0.38423267006874084,-0.0662672221660614,0.04347353056073189,0.6498989462852478,-0.1762361228466034,0.041744984686374664,0.9087378978729248,-0.13085626065731049,-0.011808962561190128,1.1221791505813599,-0.10279572010040283,-0.06693558394908905,0.45540979504585266,-0.8034643530845642,0.25113481283187866,0.6662672758102417,-0.9801196455955505,0.20819945633411407,0.8560224771499634,-1.0043607950210571,0.13080306351184845,1.0105799436569214,-0.9818821549415588,0.07803015410900116,0.3844689428806305,-0.9083560109138489,0.16453875601291656,0.6611513495445251,-1.1400697231292725,0.10477134585380554,0.8808320760726929,-1.1287238597869873,0.01582637056708336,1.065186858177185,-1.0409644842147827,-0.034695934504270554,0.3124621510505676,-0.983322262763977,0.05513307452201843,0.6191245913505554,-1.243330955505371,-0.02025802619755268,0.8652253746986389,-1.187645435333252,-0.0909748524427414,1.0556809902191162,-1.050441026687622,-0.1183779239654541,0.250586599111557,-1.0198163986206055,-0.058072421699762344,0.5668834447860718,-1.2158534526824951,-0.11786796152591705,0.8029661178588867,-1.1934841871261597,-0.1448487490415573,1.0042704343795776,-1.0900919437408447,-0.14894656836986542
0.0,0.0,0.0,0.0,0.0,0.0,0.0,0.0,0.0,0.0,0.0,0.0,0.0,0.0,0.0,0.0,0.0,0.0,0.0,0.0,0.0,0.0,0.0,0.0,0.0,0.0,0.0,0.0,0.0,0.0,0.0,0.0,0.0,0.0,0.0,0.0,0.0,0.0,0.0,0.0,0.0,0.0,0.0,0.0,0.0,0.0,0.0,0.0,0.0,0.0,0.0,0.0,0.0,0.0,0.0,0.0,0.0,0.0,0.0,0.0,0.0,0.0,0.0,0.0,0.0,0.0,0.33173510432243347,-0.0813877284526825,0.017546042799949646,0.5704454779624939,-0.19272729754447937,-0.009335587732493877,0.818978488445282,-0.1591791808605194,-0.0760495588183403,1.0343472957611084,-0.1386386901140213,-0.1410834789276123,0.330348938703537,-0.878433346748352,0.17803193628787994,0.5690150260925293,-1.0201002359390259,0.11897435784339905,0.7814583778381348,-1.031306505203247,0.038238298147916794,0.9411014318466187,-1.0016735792160034,-0.016067923977971077,0.26598256826400757,-0.9582475423812866,0.10495219379663467,0.5646975040435791,-1.143014907836914,0.04044982045888901,0.7933064699172974,-1.1152606010437012,-0.032291948795318604,0.9712188243865967,-1.0296809673309326,-0.07451210170984268,0.23116882145404816,-0.9856557250022888,0.010518842376768589,0.5472654104232788,-1.187780737876892,-0.06090859696269035,0.8027766346931458,-1.1576892137527466,-0.11577168107032776,0.9967538714408875,-1.0531494617462158,-0.1367906630039215,0.23232769966125488,-0.961525559425354,-0.09004689007997513,0.5306456685066223,-1.1229525804519653,-0.14524659514427185,0.743020236492157,-1.110358715057373,-0.16704297065734863,0.9162516593933105,-1.0380890369415283,-0.1705780029296875
0.0,0.0,0.0,0.0,0.0,0.0,0.0,0.0,0.0,0.0,0.0,0.0,0.0,0.0,0.0,0.0,0.0,0.0,0.0,0.0,0.0,0.0,0.0,0.0,0.0,0.0,0.0,0.0,0.0,0.0,0.0,0.0,0.0,0.0,0.0,0.0,0.0,0.0,0.0,0.0,0.0,0.0,0.0,0.0,0.0,0.0,0.0,0.0,0.0,0.0,0.0,0.0,0.0,0.0,0.0,0.0,0.0,0.0,0.0,0.0,0.0,0.0,0.0,0.0,0.0,0.0,0.37343940138816833,-0.08158992975950241,0.009046175517141819,0.6346040368080139,-0.18646955490112305,0.011616233736276627,0.8798014521598816,-0.19577045738697052,-0.02752537466585636,1.0874392986297607,-0.20078492164611816,-0.06494659185409546,0.5086709856987,-0.7757473587989807,0.2665840685367584,0.7069079875946045,-0.9529516100883484,0.23286780714988708,0.8891494274139404,-1.0123709440231323,0.15113213658332825,1.050426959991455,-1.0439656972885132,0.09237690269947052,0.44107168912887573,-0.8747917413711548,0.20048731565475464,0.6941227912902832,-1.0956957340240479,0.15269018709659576,0.9031269550323486,-1.1465978622436523,0.049587659537792206,1.0990195274353027,-1.1407530307769775,-0.017203135415911674,0.3592766225337982,-0.9635286927223206,0.10590159893035889,0.6265518069267273,-1.2036181688308716,0.026779823005199432,0.871819794178009,-1.212424874305725,-0.07100573182106018,1.0824424028396606,-1.1451492309570312,-0.11849577724933624,0.2723884582519531,-1.0358030796051025,0.0054841055534780025,0.5728982090950012,-1.2135868072509766,-0.05962928384542465,0.7952046394348145,-1.2183672189712524,-0.10315141081809998,0.9976401925086975,-1.166020154953003,-0.12118440866470337
0.0,0.0,0.0,0.0,0.0,0.0,0.0,0.0,0.0,0.0,0.0,0.0,0.0,0.0,0.0,0.0,0.0,0.0,0.0,0.0,0.0,0.0,0.0,0.0,0.0,0.0,0.0,0.0,0.0,0.0,0.0,0.0,0.0,0.0,0.0,0.0,0.0,0.0,0.0,0.0,0.0,0.0,0.0,0.0,0.0,0.0,0.0,0.0,0.0,0.0,0.0,0.0,0.0,0.0,0.0,0.0,0.0,0.0,0.0,0.0,0.0,0.0,0.0,0.0,0.0,0.0,0.38824349641799927,-0.004157785326242447,-0.032217297703027725,0.7172340750694275,-0.1338670402765274,-0.03613949939608574,1.0047273635864258,-0.12557075917720795,-0.06993535906076431,1.226365327835083,-0.1123621016740799,-0.10138772428035736,0.5427144169807434,-0.7603245973587036,0.21101368963718414,0.7508931756019592,-0.9526333212852478,0.152777761220932,0.9448063969612122,-0.9997835159301758,0.06355234235525131,1.1123603582382202,-1.0110918283462524,0.0031173808965831995,0.4732988774776459,-0.865585207939148,0.1635555773973465,0.7377070784568787,-1.0790700912475586,0.08830507099628448,0.9508967995643616,-1.1062575578689575,-0.017083480954170227,1.152205228805542,-1.0725830793380737,-0.08158472925424576,0.3803516924381256,-0.9670239090919495,0.083745077252388,0.6760958433151245,-1.1921627521514893,-0.01697034016251564,0.9248512983322144,-1.1904942989349365,-0.11463479697704315,1.134620189666748,-1.1168311834335327,-0.1595390886068344,0.27400508522987366,-1.0623066425323486,-0.0050771478563547134,0.583860456943512,-1.2245664596557617,-0.09526193886995316,0.81243896484375,-1.2084004878997803,-0.15247204899787903,1.01610267162323,-1.1299365758895874,-0.17845109105110168
0.0,0.0,0.0,0.0,0.0,0.0,0.0,0.0,0.0,0.0,0.0,0.0,0.0,0.0,0.0,0.0,0.0,0.0,0.0,0.0,0.0,0.0,0.0,0.0,0.0,0.0,0.0,0.0,0.0,0.0,0.0,0.0,0.0,0.0,0.0,0.0,0.0,0.0,0.0,0.0,0.0,0.0,0.0,0.0,0.0,0.0,0.0,0.0,0.0,0.0,0.0,0.0,0.0,0.0,0.0,0.0,0.0,0.0,0.0,0.0,0.0,0.0,0.0,0.0,0.0,0.0,0.3252059817314148,-0.07742851227521896,0.06588283181190491,0.5565310716629028,-0.2016683965921402,0.07507782429456711,0.7730683088302612,-0.19328011572360992,0.03710373491048813,0.954440712928772,-0.18071381747722626,-5.730764678446576e-05,0.3568471372127533,-0.8733180165290833,0.22299432754516602,0.5868093371391296,-1.030523657798767,0.18490538001060486,0.7796415686607361,-1.03321373462677,0.12085935473442078,0.9219018816947937,-0.9890549182891846,0.07724465429782867,0.2907267212867737,-0.9469879269599915,0.1367180049419403,0.578619658946991,-1.1357370615005493,0.09516144543886185,0.7962648272514343,-1.113470196723938,0.0347452238202095,0.9630868434906006,-1.0307780504226685,-0.0012543913908302784,0.25534799695014954,-0.9659004807472229,0.033255334943532944,0.5755928754806519,-1.1464835405349731,-0.02305701933801174,0.8144611120223999,-1.1098459959030151,-0.0734841525554657,0.9900856614112854,-1.0027414560317993,-0.09487544745206833,0.2565974295139313,-0.9292620420455933,-0.07185642421245575,0.5589771270751953,-1.054080605506897,-0.12141492962837219,0.7630497813224792,-1.0446226596832275,-0.14346954226493835,0.9334667325019836,-0.982781171798706,-0.1481049656867981
0.0,0.0,0.0,0.0,0.0,0.0,0.0,0.0,0.0,0.0,0.0,0.0,0.0,0.0,0.0,0.0,0.0,0.0,0.0,0.0,0.0,0.0,0.0,0.0,0.0,0.0,0.0,0.0,0.0,0.0,0.0,0.0,0.0,0.0,0.0,0.0,0.0,0.0,0.0,0.0,0.0,0.0,0.0,0.0,0.0,0.0,0.0,0.0,0.0,0.0,0.0,0.0,0.0,0.0,0.0,0.0,0.0,0.0,0.0,0.0,0.0,0.0,0.0,0.0,0.0,0.0,0.37180060148239136,-0.033915091305971146,0.02279108576476574,0.6630513072013855,-0.13869597017765045,0.021918274462223053,0.9090729355812073,-0.09999002516269684,-0.020919566974043846,1.1075609922409058,-0.07118134945631027,-0.06344181299209595,0.5491864085197449,-0.767947793006897,0.2220163494348526,0.756477952003479,-0.9456835985183716,0.17748723924160004,0.9372018575668335,-0.9592636823654175,0.10246887803077698,1.0786923170089722,-0.9346511363983154,0.049723826348781586,0.4812129735946655,-0.864509642124176,0.14511094987392426,0.7480679750442505,-1.0922658443450928,0.07898112386465073,0.9536381363868713,-1.0822784900665283,-0.009219415485858917,1.1203277111053467,-0.994855523109436,-0.05831833928823471,0.40180301666259766,-0.9332977533340454,0.04392116144299507,0.6842414140701294,-1.1807420253753662,-0.04009964317083359,0.9183375239372253,-1.1295937299728394,-0.10902376472949982,1.1009528636932373,-0.9963282346725464,-0.13443295657634735,0.3227848708629608,-0.9625570178031921,-0.06255647540092468,0.624833345413208,-1.126240611076355,-0.14259345829486847,0.854681670665741,-1.0939438343048096,-0.18509037792682648,1.0516352653503418,-0.9894220232963562,-0.19832631945610046
0.0,0.0,0.0,0.0,0.0,0.0,0.0,0.0,0.0,0.0,0.0,0.0,0.0,0.0,0.0,0.0,0.0,0.0,0.0,0.0,0.0,0.0,0.0,0.0,0.0,0.0,0.0,0.0,0.0,0.0,0.0,0.0,0.0,0.0,0.0,0.0,0.0,0.0,0.0,0.0,0.0,0.0,0.0,0.0,0.0,0.0,0.0,0.0,0.0,0.0,0.0,0.0,0.0,0.0,0.0,0.0,0.0,0.0,0.0,0.0,0.0,0.0,0.0,0.0,0.0,0.0,0.36985349655151367,-0.00973203033208847,-0.037808846682310104,0.6924286484718323,-0.12037937343120575,-0.05295128375291824,0.9785985350608826,-0.1254146844148636,-0.09345195442438126,1.2042818069458008,-0.1560267210006714,-0.1316596269607544,0.5671608448028564,-0.759220540523529,0.18254488706588745,0.7821205854415894,-0.955426037311554,0.12171167135238647,0.965985894203186,-0.998628556728363,0.031102487817406654,1.126688838005066,-1.0075609683990479,-0.03248761221766472,0.4892077147960663,-0.861280620098114,0.1373734325170517,0.7401705980300903,-1.0912359952926636,0.06212359294295311,0.9472942352294922,-1.1054837703704834,-0.04558958485722542,1.1344623565673828,-1.0442211627960205,-0.11570826917886734,0.38501763343811035,-0.9506353139877319,0.06285720318555832,0.6586114764213562,-1.2049949169158936,-0.03545146435499191,0.8831866979598999,-1.208186149597168,-0.12964120507240295,1.0671143531799316,-1.1230988502502441,-0.17666025459766388,0.2695821225643158,-1.0225203037261963,-0.020144633948802948,0.5461641550064087,-1.1934198141098022,-0.11344394087791443,0.7476935982704163,-1.1916362047195435,-0.1711975336074829,0.9250630140304565,-1.1256746053695679,-0.19862902164459229
0.0,0.0,0.0,0.0,0.0,0.0,0.0,0.0,0.0,0.0,0.0,0.0,0.0,0.0,0.0,0.0,0.0,0.0,0.0,0.0,0.0,0.0,0.0,0.0,0.0,0.0,0.0,0.0,0.0,0.0,0.0,0.0,0.0,0.0,0.0,0.0,0.0,0.0,0.0,0.0,0.0,0.0,0.0,0.0,0.0,0.0,0.0,0.0,0.0,0.0,0.0,0.0,0.0,0.0,0.0,0.0,0.0,0.0,0.0,0.0,0.0,0.0,0.0,0.0,0.0,0.0,0.3964802324771881,-0.01926732063293457,0.023556426167488098,0.6892753839492798,-0.1408207267522812,0.02922411449253559,0.9606823325157166,-0.13471904397010803,-0.011066255159676075,1.180471658706665,-0.1341819018125534,-0.05294903367757797,0.5110968351364136,-0.7566061019897461,0.276038259267807,0.7153351306915283,-0.9240512251853943,0.24016669392585754,0.9085283279418945,-0.9743092060089111,0.15638627111911774,1.068546175956726,-0.999987006187439,0.09215569496154785,0.4449463486671448,-0.8738865852355957,0.19581881165504456,0.7011032104492188,-1.0905728340148926,0.13434652984142303,0.9216421842575073,-1.1168560981750488,0.028376145288348198,1.1142287254333496,-1.0696473121643066,-0.0394914411008358,0.3592591881752014,-0.9676726460456848,0.08759547770023346,0.6535703539848328,-1.2008709907531738,0.004419129341840744,0.9021053314208984,-1.1823756694793701,-0.08374463766813278,1.1025762557983398,-1.0940449237823486,-0.1274569034576416,0.27643468976020813,-1.0252296924591064,-0.026171864941716194,0.5998649597167969,-1.1808894872665405,-0.09985413402318954,0.8338656425476074,-1.163549542427063,-0.14724941551685333,1.036750316619873,-1.0926564931869507,-0.17114533483982086
0.0,0.0,0.0,0.0,0.0,0.0,0.0,0.0,0.0,0.0,0.0,0.0,0.0,0.0,0.0,0.0,0.0,0.0,0.0,0.0,0.0,0.0,0.0,0.0,0.0,0.0,0.0,0.0,0.0,0.0,0.0,0.0,0.0,0.0,0.0,0.0,0.0,0.0,0.0,0.0,0.0,0.0,0.0,0.0,0.0,0.0,0.0,0.0,0.0,0.0,0.0,0.0,0.0,0.0,0.0,0.0,0.0,0.0,0.0,0.0,0.0,0.0,0.0,0.0,0.0,0.0,0.3478960394859314,-0.024876683950424194,-0.02358168549835682,0.6559448838233948,-0.1354561299085617,-0.040258195251226425,0.9210121035575867,-0.1565569043159485,-0.08624503761529922,1.1307482719421387,-0.16684302687644958,-0.12800781428813934,0.4995996356010437,-0.8147217035293579,0.18257029354572296,0.6744706630706787,-1.0263277292251587,0.12913265824317932,0.8495703339576721,-1.0804924964904785,0.04616032913327217,1.0031819343566895,-1.089877963066101,-0.011886166408658028,0.4147210717201233,-0.9003469347953796,0.13183999061584473,0.648518443107605,-1.1395155191421509,0.06174110993742943,0.8552635908126831,-1.1522473096847534,-0.03226934000849724,1.0430086851119995,-1.0899797677993774,-0.08760413527488708,0.32615411281585693,-0.9577621817588806,0.05508333072066307,0.597122311592102,-1.1739352941513062,-0.03571738675236702,0.8380414247512817,-1.15219247341156,-0.11297275125980377,1.0382283926010132,-1.0522795915603638,-0.1446451097726822,0.24503086507320404,-0.9771691560745239,-0.030246160924434662,0.5346594452857971,-1.1158641576766968,-0.10848928242921829,0.7465797662734985,-1.098418116569519,-0.15053631365299225,0.9346363544464111,-1.0289150476455688,-0.1650019884109497
0.0,0.0,0.0,0.0,0.0,0.0,0.0,0.0,0.0,0.0,0.0,0.0,0.0,0.0,0.0,0.0,0.0,0.0,0.0,0.0,0.0,0.0,0.0,0.0,0.0,0.0,0.0,0.0,0.0,0.0,0.0,0.0,0.0,0.0,0.0,0.0,0.0,0.0,0.0,0.0,0.0,0.0,0.0,0.0,0.0,0.0,0.0,0.0,0.0,0.0,0.0,0.0,0.0,0.0,0.0,0.0,0.0,0.0,0.0,0.0,0.0,0.0,0.0,0.0,0.0,0.0,0.31379568576812744,-0.1361820101737976,0.027220867574214935,0.5496172308921814,-0.26643607020378113,-0.015423700213432312,0.7758145332336426,-0.2612684667110443,-0.09430596977472305,0.9828428030014038,-0.23928382992744446,-0.1702573299407959,0.2509247958660126,-0.9591999053955078,0.12205987423658371,0.4691435992717743,-1.1166833639144897,0.0585358664393425,0.6596803069114685,-1.1156567335128784,-0.02092001587152481,0.800294041633606,-1.064408779144287,-0.07365727424621582,0.1791587918996811,-0.9826615452766418,0.04773331806063652,0.4594717025756836,-1.1566686630249023,-0.008589357137680054,0.6686891317367554,-1.1440973281860352,-0.07553933560848236,0.8362651467323303,-1.0639212131500244,-0.11873632669448853,0.15280891954898834,-0.9567946195602417,-0.03767669200897217,0.46589159965515137,-1.109513282775879,-0.08140074461698532,0.680141806602478,-1.0897341966629028,-0.11050962656736374,0.8451548218727112,-1.0044281482696533,-0.12409695982933044,0.17336253821849823,-0.863328218460083,-0.1292141228914261,0.4480555057525635,-0.9716542959213257,-0.1515454649925232,0.6200183629989624,-0.9950127601623535,-0.14558430016040802,0.7601626515388489,-0.9732781648635864,-0.13380703330039978
0.0,0.0,0.0,0.0,0.0,0.0,0.0,0.0,0.0,0.0,0.0,0.0,0.0,0.0,0.0,0.0,0.0,0.0,0.0,0.0,0.0,0.0,0.0,0.0,0.0,0.0,0.0,0.0,0.0,0.0,0.0,0.0,0.0,0.0,0.0,0.0,0.0,0.0,0.0,0.0,0.0,0.0,0.0,0.0,0.0,0.0,0.0,0.0,0.0,0.0,0.0,0.0,0.0,0.0,0.0,0.0,0.0,0.0,0.0,0.0,0.0,0.0,0.0,0.0,0.0,0.0,0.3363824486732483,-0.043129246681928635,0.12331241369247437,0.5768355131149292,-0.1610480099916458,0.15204781293869019,0.8200439214706421,-0.15289688110351562,0.11584490537643433,1.0377860069274902,-0.15379150211811066,0.07408984005451202,0.2644695043563843,-0.8629591464996338,0.3443767726421356,0.30910590291023254,-1.138891577720642,0.3852372169494629,0.39369603991508484,-1.3354566097259521,0.36861246824264526,0.47818899154663086,-1.4473844766616821,0.3467806279659271,0.24520620703697205,-0.9403761625289917,0.23572564125061035,0.5295686721801758,-1.1105601787567139,0.2512197196483612,0.7478317022323608,-1.0952365398406982,0.19940467178821564,0.9090766310691833,-1.0107070207595825,0.1657489538192749,0.2717505991458893,-0.9645088315010071,0.11653894186019897,0.6094388365745544,-1.116895318031311,0.10301551967859268,0.8476801514625549,-1.0690478086471558,0.04998934268951416,1.020646572113037,-0.9478468298912048,0.023182861506938934,0.3491831421852112,-0.9471421241760254,0.0007316712290048599,0.6632921099662781,-1.054979920387268,-0.002549282042309642,0.8683441281318665,-1.026913046836853,-0.0040833791717886925,1.024975299835205,-0.9436009526252747,0.001982602057978511
0.0,0.0,0.0,0.0,0.0,0.0,0.0,0.0,0.0,0.0,0.0,0.0,0.0,0.0,0.0,0.0,0.0,0.0,0.0,0.0,0.0,0.0,0.0,0.0,0.0,0.0,0.0,0.0,0.0,0.0,0.0,0.0,0.0,0.0,0.0,0.0,0.0,0.0,0.0,0.0,0.0,0.0,0.0,0.0,0.0,0.0,0.0,0.0,0.0,0.0,0.0,0.0,0.0,0.0,0.0,0.0,0.0,0.0,0.0,0.0,0.0,0.0,0.0,0.0,0.0,0.0,0.37357407808303833,0.021907463669776917,-0.06632006168365479,0.7316821813583374,-0.06331267952919006,-0.09022048115730286,1.020944595336914,-0.07460794597864151,-0.13202935457229614,1.2423009872436523,-0.08887861669063568,-0.1699497252702713,0.6208608150482178,-0.7273173928260803,0.1365864872932434,0.8499472737312317,-0.9197008013725281,0.05292337387800217,1.0509024858474731,-0.955712616443634,-0.04744267836213112,1.22914719581604,-0.9541750550270081,-0.11257986724376678,0.5365768074989319,-0.8375139236450195,0.10322695970535278,0.8180257081985474,-1.0572080612182617,0.019227292388677597,1.0397018194198608,-1.0943138599395752,-0.08039867877960205,1.2575589418411255,-1.0719680786132812,-0.14413553476333618,0.4344049394130707,-0.9352594017982483,0.037362124770879745,0.7276259064674377,-1.1694146394729614,-0.06811114400625229,0.9726524353027344,-1.200551152229309,-0.15436841547489166,1.1917463541030884,-1.1461554765701294,-0.19493325054645538,0.31360921263694763,-1.0222041606903076,-0.04019040986895561,0.5981263518333435,-1.1883541345596313,-0.13347133994102478,0.8135234117507935,-1.1986693143844604,-0.18504562973976135,1.0123093128204346,-1.1403720378875732,-0.20768827199935913
0.0,0.0,0.0,0.0,0.0,0.0,0.0,0.0,0.0,0.0,0.0,0.0,0.0,0.0,0.0,0.0,0.0,0.0,0.0,0.0,0.0,0.0,0.0,0.0,0.0,0.0,0.0,0.0,0.0,0.0,0.0,0.0,0.0,0.0,0.0,0.0,0.0,0.0,0.0,0.0,0.0,0.0,0.0,0.0,0.0,0.0,0.0,0.0,0.0,0.0,0.0,0.0,0.0,0.0,0.0,0.0,0.0,0.0,0.0,0.0,0.0,0.0,0.0,0.0,0.0,0.0,0.32981210947036743,-0.09417546540498734,-0.000842609500978142,0.6232725381851196,-0.2557017505168915,-0.025207888334989548,0.8626687526702881,-0.28557318449020386,-0.08002522587776184,1.0801069736480713,-0.2797836363315582,-0.13256047666072845,0.40691590309143066,-0.8795325756072998,0.16038726270198822,0.576789915561676,-1.084220290184021,0.11192403733730316,0.7317618131637573,-1.1414296627044678,0.03962007537484169,0.8654234409332275,-1.1541532278060913,-0.013960151933133602,0.3073912262916565,-0.9467543959617615,0.095743328332901,0.5365192890167236,-1.1784679889678955,0.033748190850019455,0.7227923274040222,-1.2075995206832886,-0.04658622667193413,0.8888357281684875,-1.161491870880127,-0.09574601799249649,0.2116343379020691,-0.9757346510887146,0.010969934985041618,0.48854631185531616,-1.196765661239624,-0.06596118211746216,0.7044901251792908,-1.2058143615722656,-0.12469147890806198,0.8887595534324646,-1.1534405946731567,-0.1510784924030304,0.13887502253055573,-0.9468835592269897,-0.07985863834619522,0.4294895529747009,-1.0867948532104492,-0.14567351341247559,0.6212390661239624,-1.0865663290023804,-0.17299513518810272,0.7844192981719971,-1.0494993925094604,-0.18068788945674896
0.0,0.0,0.0,0.0,0.0,0.0,0.0,0.0,0.0,0.0,0.0,0.0,0.0,0.0,0.0,0.0,0.0,0.0,0.0,0.0,0.0,0.0,0.0,0.0,0.0,0.0,0.0,0.0,0.0,0.0,0.0,0.0,0.0,0.0,0.0,0.0,0.0,0.0,0.0,0.0,0.0,0.0,0.0,0.0,0.0,0.0,0.0,0.0,0.0,0.0,0.0,0.0,0.0,0.0,0.0,0.0,0.0,0.0,0.0,0.0,0.0,0.0,0.0,0.0,0.0,0.0,0.3131107687950134,-0.08504627645015717,0.04880845174193382,0.5076907277107239,-0.20920045673847198,0.030787033960223198,0.6970120072364807,-0.2385219782590866,-0.025570757687091827,0.8869136571884155,-0.29269567131996155,-0.07880133390426636,0.2714519500732422,-0.9163800477981567,0.14311127364635468,0.5605922937393188,-1.0300019979476929,0.0972326323390007,0.7740403413772583,-1.0224336385726929,0.03413145989179611,0.928848922252655,-0.9811233282089233,-0.009771819226443768,0.23143312335014343,-0.9706507325172424,0.06538983434438705,0.5840548276901245,-1.085348129272461,0.03069731965661049,0.8076634407043457,-1.0407987833023071,-0.017028717324137688,0.977215588092804,-0.9636132121086121,-0.05327477678656578,0.23833078145980835,-0.9479681849479675,-0.024198206141591072,0.602279782295227,-1.063855528831482,-0.06235238537192345,0.8363988399505615,-1.014607548713684,-0.09283602237701416,1.004530668258667,-0.9209474921226501,-0.11272509396076202,0.2946659326553345,-0.860687255859375,-0.11697342246770859,0.5957134366035461,-0.9683264493942261,-0.14125385880470276,0.7836334109306335,-0.9525135159492493,-0.14232200384140015,0.9345952272415161,-0.8966795802116394,-0.14032001793384552
0.0,0.0,0.0,0.0,0.0,0.0,0.0,0.0,0.0,0.0,0.0,0.0,0.0,0.0,0.0,0.0,0.0,0.0,0.0,0.0,0.0,0.0,0.0,0.0,0.0,0.0,0.0,0.0,0.0,0.0,0.0,0.0,0.0,0.0,0.0,0.0,0.0,0.0,0.0,0.0,0.0,0.0,0.0,0.0,0.0,0.0,0.0,0.0,0.0,0.0,0.0,0.0,0.0,0.0,0.0,0.0,0.0,0.0,0.0,0.0,0.0,0.0,0.0,0.0,0.0,0.0,0.32093238830566406,-0.028308795765042305,0.08958041667938232,0.5573554039001465,-0.13393259048461914,0.11072180420160294,0.7914906144142151,-0.14226754009723663,0.07833600789308548,1.0010837316513062,-0.16195067763328552,0.04711834713816643,0.34843987226486206,-0.8401245474815369,0.2884789705276489,0.5847331285476685,-1.0455834865570068,0.26514434814453125,0.8000929355621338,-1.016218662261963,0.20117096602916718,0.9388830065727234,-0.9070106744766235,0.16050957143306732,0.31645458936691284,-0.9280651211738586,0.19634568691253662,0.630536675453186,-1.129709243774414,0.16625112295150757,0.8722023367881775,-1.0741411447525024,0.09022421389818192,1.0230039358139038,-0.9266868829727173,0.044398143887519836,0.3078145384788513,-0.966693639755249,0.08739334344863892,0.6461831331253052,-1.16441011428833,0.04456104338169098,0.9097694158554077,-1.0983272790908813,-0.020725177600979805,1.0775246620178223,-0.9416387677192688,-0.05279918760061264,0.3295658826828003,-0.9578462839126587,-0.020721444860100746,0.6313853859901428,-1.0987522602081299,-0.06156143546104431,0.8508383631706238,-1.0694776773452759,-0.09135448932647705,1.022023320198059,-0.9655007123947144,-0.10153588652610779
0.0,0.0,0.0,0.0,0.0,0.0,0.0,0.0,0.0,0.0,0.0,0.0,0.0,0.0,0.0,0.0,0.0,0.0,0.0,0.0,0.0,0.0,0.0,0.0,0.0,0.0,0.0,0.0,0.0,0.0,0.0,0.0,0.0,0.0,0.0,0.0,0.0,0.0,0.0,0.0,0.0,0.0,0.0,0.0,0.0,0.0,0.0,0.0,0.0,0.0,0.0,0.0,0.0,0.0,0.0,0.0,0.0,0.0,0.0,0.0,0.0,0.0,0.0,0.0,0.0,0.0,0.3321601152420044,-0.034246720373630524,0.06117331609129906,0.6015217304229736,-0.13937757909297943,0.07236959040164948,0.8168312311172485,-0.1508176177740097,0.041568998247385025,1.0095990896224976,-0.14148883521556854,0.015191011130809784,0.3408776819705963,-0.8238571882247925,0.2405196875333786,0.5988941192626953,-0.9342308640480042,0.21064378321170807,0.8065853714942932,-0.9067665934562683,0.1463100165128708,0.959772527217865,-0.838437557220459,0.10264762490987778,0.27030494809150696,-0.9484877586364746,0.16524602472782135,0.5960446000099182,-1.1060700416564941,0.12841911613941193,0.8429697155952454,-1.0690160989761353,0.06346600502729416,1.0371630191802979,-0.9803196787834167,0.02454189397394657,0.2265487015247345,-1.0203320980072021,0.07174035161733627,0.5764479041099548,-1.2059497833251953,0.019911741837859154,0.8406698703765869,-1.1801904439926147,-0.041117940098047256,1.0378562211990356,-1.0917322635650635,-0.06953909993171692,0.2099531888961792,-1.0433324575424194,-0.022199301049113274,0.5192728042602539,-1.1959054470062256,-0.06514304131269455,0.7367302179336548,-1.1813716888427734,-0.09231612086296082,0.9184669852256775,-1.1161457300186157,-0.10150431841611862
0.0,0.0,0.0,0.0,0.0,0.0,0.0,0.0,0.0,0.0,0.0,0.0,0.0,0.0,0.0,0.0,0.0,0.0,0.0,0.0,0.0,0.0,0.0,0.0,0.0,0.0,0.0,0.0,0.0,0.0,0.0,0.0,0.0,0.0,0.0,0.0,0.0,0.0,0.0,0.0,0.0,0.0,0.0,0.0,0.0,0.0,0.0,0.0,0.0,0.0,0.0,0.0,0.0,0.0,0.0,0.0,0.0,0.0,0.0,0.0,0.0,0.0,0.0,0.0,0.0,0.0,0.3059711456298828,-0.041106928139925,0.11228390038013458,0.5321366190910339,-0.19683746993541718,0.1431465893983841,0.7595572471618652,-0.2168572098016739,0.1243000477552414,0.9615145325660706,-0.22024130821228027,0.1037006750702858,0.24006977677345276,-0.9037160873413086,0.26954910159111023,0.5103388428688049,-1.0981793403625488,0.275378942489624,0.7409278750419617,-1.078364372253418,0.2306237369775772,0.8962929248809814,-0.9939613342285156,0.19597689807415009,0.2043118178844452,-0.9633263945579529,0.17395104467868805,0.5362231135368347,-1.168638825416565,0.18912263214588165,0.7827931046485901,-1.1330385208129883,0.1371777504682541,0.947816789150238,-1.0176693201065063,0.09314422309398651,0.21909883618354797,-0.9553520083427429,0.07044504582881927,0.5581894516944885,-1.160969853401184,0.079135961830616,0.8098093271255493,-1.1300228834152222,0.04207071289420128,0.9751293659210205,-1.015181541442871,0.01110066194087267,0.28611063957214355,-0.8849831223487854,-0.031688906252384186,0.5741827487945557,-1.0562385320663452,-0.02378992736339569,0.7754523754119873,-1.0591557025909424,-0.02424176223576069,0.9271252751350403,-0.9949848651885986,-0.026684381067752838
0.0,0.0,0.0,0.0,0.0,0.0,0.0,0.0,0.0,0.0,0.0,0.0,0.0,0.0,0.0,0.0,0.0,0.0,0.0,0.0,0.0,0.0,0.0,0.0,0.0,0.0,0.0,0.0,0.0,0.0,0.0,0.0,0.0,0.0,0.0,0.0,0.0,0.0,0.0,0.0,0.0,0.0,0.0,0.0,0.0,0.0,0.0,0.0,0.0,0.0,0.0,0.0,0.0,0.0,0.0,0.0,0.0,0.0,0.0,0.0,0.0,0.0,0.0,0.0,0.0,0.0,0.2955138683319092,-0.1313544511795044,0.005366665311157703,0.5238550305366516,-0.29762163758277893,-0.02632669173181057,0.7561995387077332,-0.34180113673210144,-0.08910730481147766,0.962994396686554,-0.3631407618522644,-0.14905740320682526,0.27843043208122253,-0.9311111569404602,0.12075705826282501,0.48737451434135437,-1.1116878986358643,0.06360265612602234,0.6593559980392456,-1.1942933797836304,-0.007232685573399067,0.7944913506507874,-1.2534006834030151,-0.060120388865470886,0.20342563092708588,-0.977521538734436,0.05540483817458153,0.4894668459892273,-1.180972695350647,-0.013946983963251114,0.7039381265640259,-1.1908727884292603,-0.08382298052310944,0.877359926700592,-1.1665538549423218,-0.1284693330526352,0.16155868768692017,-0.9673298001289368,-0.026560040190815926,0.4699840545654297,-1.1574503183364868,-0.10801183432340622,0.7031956911087036,-1.150867223739624,-0.16038700938224792,0.8918837308883667,-1.0919268131256104,-0.1833811104297638,0.1565866321325302,-0.904465913772583,-0.1134784072637558,0.44685184955596924,-1.0540133714675903,-0.1757378876209259,0.6410324573516846,-1.077174425125122,-0.20067757368087769,0.8073857426643372,-1.068407416343689,-0.20958130061626434
0.0,0.0,0.0,0.0,0.0,0.0,0.0,0.0,0.0,0.0,0.0,0.0,0.0,0.0,0.0,0.0,0.0,0.0,0.0,0.0,0.0,0.0,0.0,0.0,0.0,0.0,0.0,0.0,0.0,0.0,0.0,0.0,0.0,0.0,0.0,0.0,0.0,0.0,0.0,0.0,0.0,0.0,0.0,0.0,0.0,0.0,0.0,0.0,0.0,0.0,0.0,0.0,0.0,0.0,0.0,0.0,0.0,0.0,0.0,0.0,0.0,0.0,0.0,0.0,0.0,0.0,0.3733936548233032,-0.04332982748746872,-0.03971739113330841,0.6929163336753845,-0.17824704945087433,-0.058006856590509415,0.9788204431533813,-0.1971936672925949,-0.100133515894413,1.2010891437530518,-0.22769668698310852,-0.14306111633777618,0.546068012714386,-0.7883533239364624,0.16190263628959656,0.7418246865272522,-0.9926467537879944,0.09725341945886612,0.9106088280677795,-1.0469108819961548,0.0040979329496622086,1.0625895261764526,-1.071167230606079,-0.060478825122117996,0.45326468348503113,-0.8832015991210938,0.12044104188680649,0.6932862401008606,-1.128835916519165,0.04789309948682785,0.877292275428772,-1.175984501838684,-0.05597563087940216,1.056178092956543,-1.1541866064071655,-0.12408941239118576,0.3316345810890198,-0.963218092918396,0.0511106438934803,0.5911669135093689,-1.2280879020690918,-0.039701614528894424,0.7913743257522583,-1.2698527574539185,-0.12574563920497894,0.9693579077720642,-1.2313859462738037,-0.16914458572864532,0.18995238840579987,-1.0245832204818726,-0.026912277564406395,0.4512302875518799,-1.2215149402618408,-0.11252130568027496,0.6432650089263916,-1.2531828880310059,-0.1628120392560959,0.8237324953079224,-1.2249810695648193,-0.18559367954730988
0.0,0.0,0.0,0.0,0.0,0.0,0.0,0.0,0.0,0.0,0.0,0.0,0.0,0.0,0.0,0.0,0.0,0.0,0.0,0.0,0.0,0.0,0.0,0.0,0.0,0.0,0.0,0.0,0.0,0.0,0.0,0.0,0.0,0.0,0.0,0.0,0.0,0.0,0.0,0.0,0.0,0.0,0.0,0.0,0.0,0.0,0.0,0.0,0.0,0.0,0.0,0.0,0.0,0.0,0.0,0.0,0.0,0.0,0.0,0.0,0.0,0.0,0.0,0.0,0.0,0.0,0.3587273061275482,-0.04502030089497566,-0.052451733499765396,0.6742826104164124,-0.18675608932971954,-0.07905440032482147,0.9608079791069031,-0.20670093595981598,-0.1271740198135376,1.187339186668396,-0.20920810103416443,-0.17216691374778748,0.5312125086784363,-0.7972310185432434,0.14452633261680603,0.7183507680892944,-1.0242637395858765,0.07132816314697266,0.8911485075950623,-1.094298243522644,-0.02304714359343052,1.049117922782898,-1.1243125200271606,-0.08599606156349182,0.4509246051311493,-0.8860839009284973,0.1073419600725174,0.6807435750961304,-1.1318106651306152,0.03647688403725624,0.8686313629150391,-1.1860169172286987,-0.05615786835551262,1.062146782875061,-1.1770845651626587,-0.1166151612997055,0.34300705790519714,-0.9630380272865295,0.04047860950231552,0.5937013030052185,-1.2215772867202759,-0.04922429472208023,0.7963822484016418,-1.2660139799118042,-0.12191441655158997,0.9847065806388855,-1.2287050485610962,-0.15550649166107178,0.21832218766212463,-1.0278879404067993,-0.037444859743118286,0.47437238693237305,-1.2203912734985352,-0.11514165997505188,0.6648115515708923,-1.2569633722305298,-0.15282303094863892,0.8431568741798401,-1.2263058423995972,-0.16667364537715912
0.0,0.0,0.0,0.0,0.0,0.0,0.0,0.0,0.0,0.0,0.0,0.0,0.0,0.0,0.0,0.0,0.0,0.0,0.0,0.0,0.0,0.0,0.0,0.0,0.0,0.0,0.0,0.0,0.0,0.0,0.0,0.0,0.0,0.0,0.0,0.0,0.0,0.0,0.0,0.0,0.0,0.0,0.0,0.0,0.0,0.0,0.0,0.0,0.0,0.0,0.0,0.0,0.0,0.0,0.0,0.0,0.0,0.0,0.0,0.0,0.0,0.0,0.0,0.0,0.0,0.0,0.3216117322444916,-0.07508714497089386,-0.03220740705728531,0.6057321429252625,-0.2060328722000122,-0.07546509057283401,0.8581631779670715,-0.19729413092136383,-0.1448708325624466,1.067111849784851,-0.15562593936920166,-0.20902514457702637,0.4318482577800751,-0.8874691724777222,0.10563715547323227,0.6029446125030518,-1.1061805486679077,0.021460184827446938,0.7805061936378479,-1.1227787733078003,-0.07220759987831116,0.9305776953697205,-1.0753483772277832,-0.13293954730033875,0.344269722700119,-0.9371993541717529,0.05599761754274368,0.5717989206314087,-1.1715012788772583,-0.03136301413178444,0.7711721658706665,-1.1752331256866455,-0.11852087825536728,0.945057213306427,-1.1031984090805054,-0.16933898627758026,0.26541590690612793,-0.9531233906745911,-0.016671694815158844,0.5382133722305298,-1.15802800655365,-0.11156576126813889,0.7681753635406494,-1.1490839719772339,-0.17511862516403198,0.9576485753059387,-1.0588575601577759,-0.20019882917404175,0.2003311663866043,-0.9191540479660034,-0.09810680150985718,0.47472986578941345,-1.0456974506378174,-0.1711411029100418,0.6644463539123535,-1.0494452714920044,-0.2019045054912567,0.8282696604728699,-1.0059740543365479,-0.21015003323554993
0.0,0.0,0.0,0.0,0.0,0.0,0.0,0.0,0.0,0.0,0.0,0.0,0.0,0.0,0.0,0.0,0.0,0.0,0.0,0.0,0.0,0.0,0.0,0.0,0.0,0.0,0.0,0.0,0.0,0.0,0.0,0.0,0.0,0.0,0.0,0.0,0.0,0.0,0.0,0.0,0.0,0.0,0.0,0.0,0.0,0.0,0.0,0.0,0.0,0.0,0.0,0.0,0.0,0.0,0.0,0.0,0.0,0.0,0.0,0.0,0.0,0.0,0.0,0.0,0.0,0.0,0.3417813777923584,-0.03328779339790344,0.009508505463600159,0.6002423763275146,-0.12194336205720901,-0.014249816536903381,0.8365981578826904,-0.06797320395708084,-0.07252863794565201,1.0378830432891846,0.0033224965445697308,-0.12705323100090027,0.4145435690879822,-0.8561921715736389,0.16567885875701904,0.640781044960022,-0.9765229821205139,0.11090568453073502,0.8357573747634888,-0.9867362976074219,0.03219550475478172,0.9872360229492188,-0.9655677676200867,-0.023728828877210617,0.3436660170555115,-0.9340132474899292,0.09753420203924179,0.6520060300827026,-1.061081886291504,0.034661728888750076,0.8741889595985413,-1.0227726697921753,-0.041409194469451904,1.0591150522232056,-0.9423564672470093,-0.08811039477586746,0.29745247960090637,-0.9536623954772949,0.008906897157430649,0.638528048992157,-1.0650997161865234,-0.06328015774488449,0.8854436874389648,-1.0200600624084473,-0.12264735996723175,1.0801434516906738,-0.9219280481338501,-0.14912182092666626,0.28116077184677124,-0.9101760983467102,-0.08618611842393875,0.603116512298584,-0.9820795059204102,-0.14175842702388763,0.8063775300979614,-0.96305912733078,-0.16810652613639832,0.9777348637580872,-0.9113038182258606,-0.17682136595249176
0.0,0.0,0.0,0.0,0.0,0.0,0.0,0.0,0.0,0.0,0.0,0.0,0.0,0.0,0.0,0.0,0.0,0.0,0.0,0.0,0.0,0.0,0.0,0.0,0.0,0.0,0.0,0.0,0.0,0.0,0.0,0.0,0.0,0.0,0.0,0.0,0.0,0.0,0.0,0.0,0.0,0.0,0.0,0.0,0.0,0.0,0.0,0.0,0.0,0.0,0.0,0.0,0.0,0.0,0.0,0.0,0.0,0.0,0.0,0.0,0.0,0.0,0.0,0.0,0.0,0.0,0.4119749665260315,0.054085008800029755,0.011393414810299873,0.7212191820144653,-0.000777695095166564,0.02682068943977356,1.0148398876190186,0.0591617226600647,-0.0014875923516228795,1.2374874353408813,0.093735471367836,-0.028134115040302277,0.5719186067581177,-0.6908068656921387,0.3086107671260834,0.8178187608718872,-0.8219832181930542,0.2793477773666382,1.0311973094940186,-0.8333483934402466,0.1952080875635147,1.2058299779891968,-0.8300475478172302,0.13379982113838196,0.5203951597213745,-0.8192863464355469,0.2407463639974594,0.8327282071113586,-0.9840183854103088,0.18982750177383423,1.0665507316589355,-0.9934391975402832,0.08227125555276871,1.2732653617858887,-0.9494162797927856,0.011842777952551842,0.450795978307724,-0.9330033659934998,0.1398993879556656,0.7938953042030334,-1.1186585426330566,0.055398762226104736,1.0590919256210327,-1.0937352180480957,-0.04813521355390549,1.2701541185379028,-1.004778265953064,-0.10029084980487823,0.3776392340660095,-1.031042218208313,0.03287481516599655,0.7377068996429443,-1.1530719995498657,-0.04299038648605347,0.9866018295288086,-1.114388108253479,-0.09596125036478043,1.2054541110992432,-1.0202945470809937,-0.12197795510292053
0.0,0.0,0.0,0.0,0.0,0.0,0.0,0.0,0.0,0.0,0.0,0.0,0.0,0.0,0.0,0.0,0.0,0.0,0.0,0.0,0.0,0.0,0.0,0.0,0.0,0.0,0.0,0.0,0.0,0.0,0.0,0.0,0.0,0.0,0.0,0.0,0.0,0.0,0.0,0.0,0.0,0.0,0.0,0.0,0.0,0.0,0.0,0.0,0.0,0.0,0.0,0.0,0.0,0.0,0.0,0.0,0.0,0.0,0.0,0.0,0.0,0.0,0.0,0.0,0.0,0.0,0.3743732273578644,-0.0588776133954525,0.004721470642834902,0.6565374135971069,-0.18247589468955994,-0.0026014598552137613,0.9068509936332703,-0.17055679857730865,-0.04732135310769081,1.1172964572906494,-0.13060513138771057,-0.09117768704891205,0.4842380881309509,-0.8214344382286072,0.21216177940368652,0.6592922210693359,-1.0281310081481934,0.17271777987480164,0.819338858127594,-1.0962246656417847,0.10041163861751556,0.9622233510017395,-1.130955457687378,0.04517580196261406,0.39560338854789734,-0.9072383642196655,0.14288629591464996,0.6227403283119202,-1.1532481908798218,0.07736064493656158,0.8234458565711975,-1.1821614503860474,-0.014747117646038532,1.0087579488754272,-1.1439447402954102,-0.06976129114627838,0.30086246132850647,-0.9597117304801941,0.04856661334633827,0.5731520056724548,-1.1817106008529663,-0.04365473613142967,0.8127651810646057,-1.1656720638275146,-0.1267491579055786,1.0149118900299072,-1.0913357734680176,-0.16305074095726013,0.21714778244495392,-0.9706465005874634,-0.05115331709384918,0.5069274306297302,-1.1206134557724,-0.13388410210609436,0.7158058285713196,-1.1094017028808594,-0.18130278587341309,0.906950831413269,-1.065150260925293,-0.20120151340961456
0.0,0.0,0.0,0.0,0.0,0.0,0.0,0.0,0.0,0.0,0.0,0.0,0.0,0.0,0.0,0.0,0.0,0.0,0.0,0.0,0.0,0.0,0.0,0.0,0.0,0.0,0.0,0.0,0.0,0.0,0.0,0.0,0.0,0.0,0.0,0.0,0.0,0.0,0.0,0.0,0.0,0.0,0.0,0.0,0.0,0.0,0.0,0.0,0.0,0.0,0.0,0.0,0.0,0.0,0.0,0.0,0.0,0.0,0.0,0.0,0.0,0.0,0.0,0.0,0.0,0.0,0.3777233362197876,-0.0038321244064718485,0.12365461885929108,0.6408329606056213,-0.07160376012325287,0.19383174180984497,0.879237174987793,-0.013799570500850677,0.19606436789035797,1.0725517272949219,0.02224348857998848,0.19547121226787567,0.45127058029174805,-0.7055419087409973,0.5056668519973755,0.6713309288024902,-0.8316629528999329,0.5589758157730103,0.8757089376449585,-0.8417905569076538,0.5172735452651978,1.0225169658660889,-0.8260966539382935,0.48065757751464844,0.42800652980804443,-0.8123733997344971,0.3960553705692291,0.7057238221168518,-0.9517097473144531,0.4367397129535675,0.934220552444458,-0.9445167183876038,0.3584196865558624,1.1167006492614746,-0.8679704666137695,0.30041393637657166,0.3955814242362976,-0.9306290745735168,0.2583317160606384,0.6918702721595764,-1.0859438180923462,0.27343887090682983,0.9411364197731018,-1.0514477491378784,0.20394279062747955,1.1250035762786865,-0.9527525901794434,0.15780223906040192,0.3623516261577606,-1.039253830909729,0.1180005818605423,0.6538457870483398,-1.1584464311599731,0.12433208525180817,0.8691335916519165,-1.1264195442199707,0.10893876850605011,1.0513368844985962,-1.040313482284546,0.09875945746898651
0.0,0.0,0.0,0.0,0.0,0.0,0.0,0.0,0.0,0.0,0.0,0.0,0.0,0.0,0.0,0.0,0.0,0.0,0.0,0.0,0.0,0.0,0.0,0.0,0.0,0.0,0.0,0.0,0.0,0.0,0.0,0.0,0.0,0.0,0.0,0.0,0.0,0.0,0.0,0.0,0.0,0.0,0.0,0.0,0.0,0.0,0.0,0.0,0.0,0.0,0.0,0.0,0.0,0.0,0.0,0.0,0.0,0.0,0.0,0.0,0.0,0.0,0.0,0.0,0.0,0.0,0.27787142992019653,-0.01970028132200241,0.29590535163879395,0.4445645809173584,-0.11400112509727478,0.4345572590827942,0.620278000831604,-0.10710756480693817,0.49601128697395325,0.7919759154319763,-0.08448021858930588,0.5489352345466614,0.17453621327877045,-0.8398604989051819,0.5228255987167358,0.45157572627067566,-0.9210239052772522,0.6430805921554565,0.6691513657569885,-0.8879745006561279,0.6476794481277466,0.8318596482276917,-0.8311755657196045,0.628906786441803,0.15558290481567383,-0.9178417921066284,0.3651854693889618,0.4991680979728699,-1.0004727840423584,0.49753299355506897,0.7416715025901794,-0.9433269500732422,0.47540855407714844,0.9129512310028076,-0.8349006175994873,0.4312010705471039,0.18623609840869904,-0.9282289743423462,0.21267423033714294,0.5427649021148682,-1.0222188234329224,0.3212515413761139,0.7737705111503601,-0.963890016078949,0.31258898973464966,0.9331421256065369,-0.8596358299255371,0.27992314100265503,0.2886043190956116,-0.8833280205726624,0.07398271560668945,0.5773035287857056,-0.9856345057487488,0.14915040135383606,0.7576400637626648,-0.9439884424209595,0.17426860332489014,0.8904796242713928,-0.8678879141807556,0.17792455852031708
0.0,0.0,0.0,0.0,0.0,0.0,0.0,0.0,0.0,0.0,0.0,0.0,0.0,0.0,0.0,0.0,0.0,0.0,0.0,0.0,0.0,0.0,0.0,0.0,0.0,0.0,0.0,0.0,0.0,0.0,0.0,0.0,0.0,0.0,0.0,0.0,0.0,0.0,0.0,0.0,0.0,0.0,0.0,0.0,0.0,0.0,0.0,0.0,0.0,0.0,0.0,0.0,0.0,0.0,0.0,0.0,0.0,0.0,0.0,0.0,0.0,0.0,0.0,0.0,0.0,0.0,0.3073033094406128,-0.06724908947944641,0.12977321445941925,0.4868757724761963,-0.22071337699890137,0.15871889889240265,0.6610576510429382,-0.26914817094802856,0.14352382719516754,0.8332316279411316,-0.255822092294693,0.12736262381076813,0.21120421588420868,-0.9524077773094177,0.18567070364952087,0.5343301296234131,-1.0680360794067383,0.17835940420627594,0.7524546384811401,-1.0333807468414307,0.13211360573768616,0.9116714596748352,-0.9642111659049988,0.09281359612941742,0.1870681643486023,-0.9789907932281494,0.08113304525613785,0.5687134861946106,-1.1269057989120483,0.07358764857053757,0.8093891143798828,-1.054886817932129,0.027748404070734978,0.9727278351783752,-0.9273492693901062,-0.009184715338051319,0.22472146153450012,-0.918725848197937,-0.020111937075853348,0.5997857451438904,-1.0942542552947998,-0.022037075832486153,0.8381935358047485,-1.0385761260986328,-0.0397549569606781,0.9880095720291138,-0.9274721145629883,-0.0569225549697876,0.322062224149704,-0.8009973168373108,-0.11631505191326141,0.6229720711708069,-0.9511491656303406,-0.11128281056880951,0.7973612546920776,-0.9465115666389465,-0.0982876569032669,0.9206228256225586,-0.902404248714447,-0.09038041532039642
0.0,0.0,0.0,0.0,0.0,0.0,0.0,0.0,0.0,0.0,0.0,0.0,0.0,0.0,0.0,0.0,0.0,0.0,0.0,0.0,0.0,0.0,0.0,0.0,0.0,0.0,0.0,0.0,0.0,0.0,0.0,0.0,0.0,0.0,0.0,0.0,0.0,0.0,0.0,0.0,0.0,0.0,0.0,0.0,0.0,0.0,0.0,0.0,0.0,0.0,0.0,0.0,0.0,0.0,0.0,0.0,0.0,0.0,0.0,0.0,0.0,0.0,0.0,0.0,0.0,0.0,0.3182024359703064,-0.09943924099206924,0.028168046846985817,0.5771201848983765,-0.25353848934173584,-0.004063145723193884,0.8078707456588745,-0.2568280100822449,-0.06828915327787399,1.0062217712402344,-0.2402537316083908,-0.12898899614810944,0.32137027382850647,-0.9416889548301697,0.11131712049245834,0.5629227757453918,-1.1026062965393066,0.051805734634399414,0.7568350434303284,-1.108540654182434,-0.021704968065023422,0.9104578495025635,-1.070770025253296,-0.07381138950586319,0.24506254494190216,-0.9689061045646667,0.03413707762956619,0.5741778016090393,-1.1488736867904663,-0.030467642471194267,0.7858276963233948,-1.1146756410598755,-0.09935227781534195,0.9465609192848206,-1.0280300378799438,-0.14150577783584595,0.20677882432937622,-0.9409580826759338,-0.05357316508889198,0.5462701320648193,-1.0958867073059082,-0.1141480803489685,0.7760427594184875,-1.0677967071533203,-0.15301010012626648,0.9489910006523132,-0.9942508339881897,-0.17121544480323792,0.21516548097133636,-0.8490689396858215,-0.1453322023153305,0.508345365524292,-0.9543299078941345,-0.1837177574634552,0.6858026385307312,-0.9563117623329163,-0.1903190165758133,0.8306623101234436,-0.9316286444664001,-0.188388392329216
0.0,0.0,0.0,0.0,0.0,0.0,0.0,0.0,0.0,0.0,0.0,0.0,0.0,0.0,0.0,0.0,0.0,0.0,0.0,0.0,0.0,0.0,0.0,0.0,0.0,0.0,0.0,0.0,0.0,0.0,0.0,0.0,0.0,0.0,0.0,0.0,0.0,0.0,0.0,0.0,0.0,0.0,0.0,0.0,0.0,0.0,0.0,0.0,0.0,0.0,0.0,0.0,0.0,0.0,0.0,0.0,0.0,0.0,0.0,0.0,0.0,0.0,0.0,0.0,0.0,0.0,0.3520641624927521,0.010546394623816013,-0.06652427464723587,0.7079524397850037,-0.11195708811283112,-0.09807596355676651,1.0028278827667236,-0.11455883830785751,-0.14375121891498566,1.2428839206695557,-0.13078294694423676,-0.18923605978488922,0.6207140684127808,-0.7426227927207947,0.09311236441135406,0.8405454158782959,-0.9482722282409668,0.013151324354112148,1.0084162950515747,-0.9995285868644714,-0.08068280667066574,1.160997986793518,-1.013515591621399,-0.1452416181564331,0.5154363512992859,-0.8547044396400452,0.06169016286730766,0.7794237732887268,-1.0865947008132935,-0.016736624762415886,0.9691603779792786,-1.1273735761642456,-0.11217015981674194,1.1504751443862915,-1.1003230810165405,-0.1775105744600296,0.37957221269607544,-0.9393730163574219,0.002779159462079406,0.6603797674179077,-1.1789878606796265,-0.09487060457468033,0.8658443689346313,-1.2140374183654785,-0.17418436706066132,1.0487298965454102,-1.1763421297073364,-0.2173694670200348,0.2240477204322815,-0.997625470161438,-0.06590645015239716,0.4861774146556854,-1.1621171236038208,-0.1611907184123993,0.6775251030921936,-1.1810442209243774,-0.21271196007728577,0.8573473691940308,-1.1441227197647095,-0.2385018914937973
0.0,0.0,0.0,0.0,0.0,0.0,0.0,0.0,0.0,0.0,0.0,0.0,0.0,0.0,0.0,0.0,0.0,0.0,0.0,0.0,0.0,0.0,0.0,0.0,0.0,0.0,0.0,0.0,0.0,0.0,0.0,0.0,0.0,0.0,0.0,0.0,0.0,0.0,0.0,0.0,0.0,0.0,0.0,0.0,0.0,0.0,0.0,0.0,0.0,0.0,0.0,0.0,0.0,0.0,0.0,0.0,0.0,0.0,0.0,0.0,0.0,0.0,0.0,0.0,0.0,0.0,0.40239864587783813,0.05484870821237564,-0.0864005908370018,0.789898157119751,-0.0023317402228713036,-0.12038400024175644,1.1114155054092407,0.033333465456962585,-0.1686619371175766,1.3801674842834473,0.026206890121102333,-0.21682558953762054,0.7107177972793579,-0.6337336301803589,0.13335329294204712,0.9650954604148865,-0.8108718395233154,0.06230095028877258,1.1513382196426392,-0.862619936466217,-0.03338349238038063,1.3264976739883423,-0.8905350565910339,-0.10054099559783936,0.6119230389595032,-0.7830742001533508,0.11110784113407135,0.8941839933395386,-0.9791863560676575,0.0488550141453743,1.0924900770187378,-1.0373402833938599,-0.04983840137720108,1.300146460533142,-1.0353928804397583,-0.12236156314611435,0.4780009090900421,-0.9161706566810608,0.05456982180476189,0.7838915586471558,-1.115709662437439,-0.03115703910589218,1.0045021772384644,-1.1696248054504395,-0.11348169296979904,1.2146022319793701,-1.1560020446777344,-0.1618645340204239,0.32071372866630554,-1.0345563888549805,-0.015391077846288681,0.6168714165687561,-1.1715806722640991,-0.09986893087625504,0.8263801336288452,-1.189345359802246,-0.14764909446239471,1.0255887508392334,-1.156139612197876,-0.17345672845840454
0.0,0.0,0.0,0.0,0.0,0.0,0.0,0.0,0.0,0.0,0.0,0.0,0.0,0.0,0.0,0.0,0.0,0.0,0.0,0.0,0.0,0.0,0.0,0.0,0.0,0.0,0.0,0.0,0.0,0.0,0.0,0.0,0.0,0.0,0.0,0.0,0.0,0.0,0.0,0.0,0.0,0.0,0.0,0.0,0.0,0.0,0.0,0.0,0.0,0.0,0.0,0.0,0.0,0.0,0.0,0.0,0.0,0.0,0.0,0.0,0.0,0.0,0.0,0.0,0.0,0.0,0.4303758144378662,0.1063474640250206,-0.006308745127171278,0.7537814974784851,0.08437296003103256,0.018963316455483437,1.0623207092285156,0.14680080115795135,0.0040606227703392506,1.315346360206604,0.14666379988193512,-0.007780936546623707,0.6144689321517944,-0.6074360609054565,0.363721638917923,0.8789746761322021,-0.728755533695221,0.34693223237991333,1.1030985116958618,-0.7339547276496887,0.26056522130966187,1.2911381721496582,-0.730289101600647,0.1976281702518463,0.577323853969574,-0.7562282085418701,0.30792227387428284,0.8978520631790161,-0.895596981048584,0.29678216576576233,1.143457293510437,-0.9217047691345215,0.19136320054531097,1.3709403276443481,-0.8855509161949158,0.10911449790000916,0.5080142021179199,-0.9151456952095032,0.2115495502948761,0.8602088093757629,-1.0697098970413208,0.1606905460357666,1.1246649026870728,-1.0649163722991943,0.06389006972312927,1.3471782207489014,-0.9992751479148865,0.004404609091579914,0.41857045888900757,-1.0780248641967773,0.10487868636846542,0.7723482847213745,-1.1858346462249756,0.05033119395375252,1.0298564434051514,-1.1303786039352417,0.007732061203569174,1.2619903087615967,-1.0096970796585083,-0.015958869829773903
0.0,0.0,0.0,0.0,0.0,0.0,0.0,0.0,0.0,0.0,0.0,0.0,0.0,0.0,0.0,0.0,0.0,0.0,0.0,0.0,0.0,0.0,0.0,0.0,0.0,0.0,0.0,0.0,0.0,0.0,0.0,0.0,0.0,0.0,0.0,0.0,0.0,0.0,0.0,0.0,0.0,0.0,0.0,0.0,0.0,0.0,0.0,0.0,0.0,0.0,0.0,0.0,0.0,0.0,0.0,0.0,0.0,0.0,0.0,0.0,0.0,0.0,0.0,0.0,0.0,0.0,0.38019150495529175,-0.01710994355380535,0.021417781710624695,0.6565099358558655,-0.11617463827133179,0.02066655270755291,0.9173665642738342,-0.06725901365280151,-0.023647097870707512,1.1269339323043823,-0.04640170931816101,-0.06896941363811493,0.5189746022224426,-0.7710098624229431,0.250018447637558,0.7258302569389343,-0.9524656534194946,0.20614926517009735,0.9210237860679626,-0.9854048490524292,0.12163036316633224,1.086428165435791,-0.9740720987319946,0.05896409600973129,0.45043134689331055,-0.8765121102333069,0.16981783509254456,0.7155210375785828,-1.090863585472107,0.1086898222565651,0.9399004578590393,-1.1060330867767334,0.006730496417731047,1.1381162405014038,-1.0413997173309326,-0.05826235190033913,0.37454357743263245,-0.9450275301933289,0.06289251148700714,0.6692949533462524,-1.1471279859542847,-0.018477043136954308,0.9263420701026917,-1.130706548690796,-0.10365848243236542,1.138062834739685,-1.0422834157943726,-0.14662200212478638,0.30566662549972534,-0.9684340357780457,-0.04988085851073265,0.6201846599578857,-1.0917272567749023,-0.12418655306100845,0.8479628562927246,-1.0833438634872437,-0.1691478043794632,1.0509346723556519,-1.0308918952941895,-0.19073252379894257
0.0,0.0,0.0,0.0,0.0,0.0,0.0,0.0,0.0,0.0,0.0,0.0,0.0,0.0,0.0,0.0,0.0,0.0,0.0,0.0,0.0,0.0,0.0,0.0,0.0,0.0,0.0,0.0,0.0,0.0,0.0,0.0,0.0,0.0,0.0,0.0,0.0,0.0,0.0,0.0,0.0,0.0,0.0,0.0,0.0,0.0,0.0,0.0,0.0,0.0,0.0,0.0,0.0,0.0,0.0,0.0,0.0,0.0,0.0,0.0,0.0,0.0,0.0,0.0,0.0,0.0,0.3375403583049774,-0.08477792143821716,0.11242541670799255,0.5212595462799072,-0.22688832879066467,0.13919024169445038,0.6979683637619019,-0.261376291513443,0.11936128884553909,0.8682016134262085,-0.2702525556087494,0.09747292846441269,0.21155335009098053,-0.9387639760971069,0.2089005708694458,0.48649734258651733,-1.0358164310455322,0.19378642737865448,0.6859013438224792,-1.0104289054870605,0.14238156378269196,0.8441262245178223,-0.9608981609344482,0.09961461275815964,0.16794425249099731,-0.9802390336990356,0.10452854633331299,0.5150617957115173,-1.0984910726547241,0.08844123035669327,0.7384020686149597,-1.0382500886917114,0.039096832275390625,0.9088740348815918,-0.9396304488182068,-0.0006717013311572373,0.1760864406824112,-0.9429591298103333,-0.004912932403385639,0.5448557138442993,-1.0778391361236572,-0.028888965025544167,0.7778929471969604,-1.0353277921676636,-0.06091633066534996,0.9420785307884216,-0.953311562538147,-0.08357399702072144,0.23733973503112793,-0.8489867448806763,-0.11133454740047455,0.5313760638237,-1.0009329319000244,-0.1269230991601944,0.7081649899482727,-0.9989546537399292,-0.1260668933391571,0.8454281687736511,-0.9628986120223999,-0.12533335387706757
0.0,0.0,0.0,0.0,0.0,0.0,0.0,0.0,0.0,0.0,0.0,0.0,0.0,0.0,0.0,0.0,0.0,0.0,0.0,0.0,0.0,0.0,0.0,0.0,0.0,0.0,0.0,0.0,0.0,0.0,0.0,0.0,0.0,0.0,0.0,0.0,0.0,0.0,0.0,0.0,0.0,0.0,0.0,0.0,0.0,0.0,0.0,0.0,0.0,0.0,0.0,0.0,0.0,0.0,0.0,0.0,0.0,0.0,0.0,0.0,0.0,0.0,0.0,0.0,0.0,0.0,0.3262106478214264,-0.06499677151441574,0.1201426312327385,0.5064377784729004,-0.21299372613430023,0.14484518766403198,0.6735720038414001,-0.25830456614494324,0.12670588493347168,0.8398916125297546,-0.25132620334625244,0.10869090259075165,0.2269665002822876,-0.9549565315246582,0.18332268297672272,0.5486308336257935,-1.0387327671051025,0.16843178868293762,0.7690078616142273,-0.9935796856880188,0.11392918229103088,0.9350528120994568,-0.9169235229492188,0.06884974241256714,0.20276743173599243,-0.975663959980011,0.08345752209424973,0.5860153436660767,-1.09034264087677,0.07027371972799301,0.8223702907562256,-1.0050312280654907,0.019330352544784546,0.9864417910575867,-0.8729932904243469,-0.0209805965423584,0.2334408015012741,-0.9148178100585938,-0.014623482711613178,0.6126231551170349,-1.0582497119903564,-0.02187747322022915,0.8465076088905334,-0.9931042194366455,-0.039248134940862656,0.9971225261688232,-0.8803957104682922,-0.05479562282562256,0.32118067145347595,-0.7924466729164124,-0.10858172178268433,0.6250015497207642,-0.919940710067749,-0.1064569279551506,0.7968369722366333,-0.908428966999054,-0.09311090409755707,0.9195322394371033,-0.8641476035118103,-0.08395105600357056
0.0,0.0,0.0,0.0,0.0,0.0,0.0,0.0,0.0,0.0,0.0,0.0,0.0,0.0,0.0,0.0,0.0,0.0,0.0,0.0,0.0,0.0,0.0,0.0,0.0,0.0,0.0,0.0,0.0,0.0,0.0,0.0,0.0,0.0,0.0,0.0,0.0,0.0,0.0,0.0,0.0,0.0,0.0,0.0,0.0,0.0,0.0,0.0,0.0,0.0,0.0,0.0,0.0,0.0,0.0,0.0,0.0,0.0,0.0,0.0,0.0,0.0,0.0,0.0,0.0,0.0,0.39656391739845276,-0.10484140366315842,0.08133503049612045,0.6510841250419617,-0.22947397828102112,0.1338312178850174,0.8491452932357788,-0.24426792562007904,0.12981688976287842,1.026414394378662,-0.2555979788303375,0.12350594252347946,0.38536232709884644,-0.7776316404342651,0.38231784105300903,0.5923370718955994,-0.9681648015975952,0.38010451197624207,0.7711712121963501,-1.0111546516418457,0.3144257068634033,0.911971390247345,-1.0382890701293945,0.26439425349235535,0.31463220715522766,-0.9023598432540894,0.2945391535758972,0.5764009952545166,-1.0991867780685425,0.2676719129085541,0.7790446877479553,-1.1407121419906616,0.16688436269760132,0.968899130821228,-1.1304726600646973,0.09850534051656723,0.23345425724983215,-1.0392765998840332,0.18025949597358704,0.5386307835578918,-1.275389552116394,0.13305430114269257,0.7849481105804443,-1.322669267654419,0.037257444113492966,0.994018018245697,-1.3094874620437622,-0.019767364487051964,0.1375175565481186,-1.1716102361679077,0.06526239216327667,0.4326644539833069,-1.3597571849822998,0.020626883953809738,0.6761528253555298,-1.3655965328216553,-0.021989427506923676,0.9091966152191162,-1.3195863962173462,-0.046192508190870285
0.0,0.0,0.0,0.0,0.0,0.0,0.0,0.0,0.0,0.0,0.0,0.0,0.0,0.0,0.0,0.0,0.0,0.0,0.0,0.0,0.0,0.0,0.0,0.0,0.0,0.0,0.0,0.0,0.0,0.0,0.0,0.0,0.0,0.0,0.0,0.0,0.0,0.0,0.0,0.0,0.0,0.0,0.0,0.0,0.0,0.0,0.0,0.0,0.0,0.0,0.0,0.0,0.0,0.0,0.0,0.0,0.0,0.0,0.0,0.0,0.0,0.0,0.0,0.0,0.0,0.0,0.3251722753047943,-0.02803468517959118,0.02316075563430786,0.5856412053108215,-0.13020329177379608,0.015877574682235718,0.8381910920143127,-0.11492141336202621,-0.027041127905249596,1.046987771987915,-0.08160098642110825,-0.0674978643655777,0.42840126156806946,-0.8570771813392639,0.19770725071430206,0.6684498190879822,-0.9802714586257935,0.15880835056304932,0.8670495748519897,-0.9927766919136047,0.08672447502613068,1.0242294073104858,-0.9708202481269836,0.0334918275475502,0.36326631903648376,-0.922896683216095,0.1276688277721405,0.6659515500068665,-1.073796033859253,0.08277302235364914,0.8899253010749817,-1.0658525228500366,0.007909822277724743,1.0765762329101562,-1.0184327363967896,-0.044168807566165924,0.3198452889919281,-0.9370327591896057,0.037250492721796036,0.6636183857917786,-1.053263783454895,-0.02964709885418415,0.9184462428092957,-1.0254530906677246,-0.09770270437002182,1.114004135131836,-0.9481592774391174,-0.1342044174671173,0.30492502450942993,-0.8961696624755859,-0.057808440178632736,0.634289562702179,-0.9685583114624023,-0.10955481231212616,0.8373868465423584,-0.948470413684845,-0.13862307369709015,1.0060551166534424,-0.9074254035949707,-0.15279130637645721
0.0,0.0,0.0,0.0,0.0,0.0,0.0,0.0,0.0,0.0,0.0,0.0,0.0,0.0,0.0,0.0,0.0,0.0,0.0,0.0,0.0,0.0,0.0,0.0,0.0,0.0,0.0,0.0,0.0,0.0,0.0,0.0,0.0,0.0,0.0,0.0,0.0,0.0,0.0,0.0,0.0,0.0,0.0,0.0,0.0,0.0,0.0,0.0,0.0,0.0,0.0,0.0,0.0,0.0,0.0,0.0,0.0,0.0,0.0,0.0,0.0,0.0,0.0,0.0,0.0,0.0,0.3471376895904541,-0.05789211764931679,-0.016813309863209724,0.65143883228302,-0.21746301651000977,-0.027077140286564827,0.9179566502571106,-0.2543560862541199,-0.06669830530881882,1.1308691501617432,-0.2379842847585678,-0.10335350781679153,0.4742128551006317,-0.8367643356323242,0.17271234095096588,0.6533119082450867,-1.0502393245697021,0.11078763753175735,0.8314955234527588,-1.1123348474502563,0.023562394082546234,0.9912490248680115,-1.1333833932876587,-0.036788277328014374,0.38353025913238525,-0.9160748720169067,0.11709556728601456,0.6107771992683411,-1.1650257110595703,0.03873395174741745,0.8197574019432068,-1.1947144269943237,-0.05606329068541527,1.0134913921356201,-1.154030203819275,-0.11244620382785797,0.2869051396846771,-0.9710614681243896,0.03589881584048271,0.5577089190483093,-1.1895066499710083,-0.06408896297216415,0.799126923084259,-1.1895251274108887,-0.14244191348552704,1.001983404159546,-1.1125503778457642,-0.17406071722507477,0.19762472808361053,-0.995836079120636,-0.052822668105363846,0.4913288950920105,-1.1438705921173096,-0.13695138692855835,0.7044950723648071,-1.1407614946365356,-0.1798846572637558,0.8928120136260986,-1.0886242389678955,-0.19527174532413483
0.0,0.0,0.0,0.0,0.0,0.0,0.0,0.0,0.0,0.0,0.0,0.0,0.0,0.0,0.0,0.0,0.0,0.0,0.0,0.0,0.0,0.0,0.0,0.0,0.0,0.0,0.0,0.0,0.0,0.0,0.0,0.0,0.0,0.0,0.0,0.0,0.0,0.0,0.0,0.0,0.0,0.0,0.0,0.0,0.0,0.0,0.0,0.0,0.0,0.0,0.0,0.0,0.0,0.0,0.0,0.0,0.0,0.0,0.0,0.0,0.0,0.0,0.0,0.0,0.0,0.0,0.34422144293785095,-0.14085423946380615,0.029911834746599197,0.5830866694450378,-0.2866838574409485,-0.004981345031410456,0.8028513193130493,-0.28667712211608887,-0.0716991275548935,1.001446008682251,-0.28404805064201355,-0.13421712815761566,0.24780522286891937,-0.9549368619918823,0.08493238687515259,0.5359184145927429,-1.0716419219970703,0.005443886388093233,0.7473040819168091,-1.0439157485961914,-0.07646103948354721,0.9109146595001221,-0.97288978099823,-0.13193994760513306,0.176846444606781,-0.9842111468315125,0.007333203684538603,0.5389188528060913,-1.118607759475708,-0.07176416367292404,0.7595901489257812,-1.0742664337158203,-0.13501432538032532,0.9308691024780273,-0.9965795874595642,-0.17375518381595612,0.1534873992204666,-0.9508429169654846,-0.08095785975456238,0.5102252960205078,-1.1065402030944824,-0.15009766817092896,0.73622065782547,-1.0793017148971558,-0.1769750565290451,0.910790205001831,-1.008962869644165,-0.1863410621881485,0.1837928295135498,-0.8550599813461304,-0.1736619621515274,0.47829675674438477,-0.9898449182510376,-0.22176708281040192,0.6616501808166504,-1.0123369693756104,-0.22539715468883514,0.8166894912719727,-1.0012381076812744,-0.2194439023733139
0.0,0.0,0.0,0.0,0.0,0.0,0.0,0.0,0.0,0.0,0.0,0.0,0.0,0.0,0.0,0.0,0.0,0.0,0.0,0.0,0.0,0.0,0.0,0.0,0.0,0.0,0.0,0.0,0.0,0.0,0.0,0.0,0.0,0.0,0.0,0.0,0.0,0.0,0.0,0.0,0.0,0.0,0.0,0.0,0.0,0.0,0.0,0.0,0.0,0.0,0.0,0.0,0.0,0.0,0.0,0.0,0.0,0.0,0.0,0.0,0.0,0.0,0.0,0.0,0.0,0.0,0.3553101718425751,-0.07286915183067322,0.06748570501804352,0.6116582751274109,-0.1791061908006668,0.07298655807971954,0.8384172916412354,-0.18527258932590485,0.03307652473449707,1.0377460718154907,-0.19547730684280396,-0.0035892194136977196,0.33757421374320984,-0.8872978091239929,0.22943085432052612,0.5500365495681763,-1.0709397792816162,0.1841920018196106,0.7702248692512512,-1.0997662544250488,0.10990830510854721,0.9421002268791199,-1.056290626525879,0.061165183782577515,0.2801544666290283,-0.9491962790489197,0.1433173418045044,0.5487908720970154,-1.1491246223449707,0.10088509321212769,0.7995080947875977,-1.155876874923706,0.033864498138427734,1.00324285030365,-1.085959792137146,-0.011537192389369011,0.25939714908599854,-0.9640123844146729,0.039945222437381744,0.5668829083442688,-1.1583285331726074,-0.017963849008083344,0.8233699202537537,-1.1433779001235962,-0.06777839362621307,1.017354965209961,-1.050427794456482,-0.09032579511404037,0.27905651926994324,-0.9307452440261841,-0.06511292606592178,0.5630574226379395,-1.0805696249008179,-0.10937344282865524,0.7722892165184021,-1.088322401046753,-0.1255931556224823,0.9422425627708435,-1.0384725332260132,-0.12725146114826202
0.0,0.0,0.0,0.0,0.0,0.0,0.0,0.0,0.0,0.0,0.0,0.0,0.0,0.0,0.0,0.0,0.0,0.0,0.0,0.0,0.0,0.0,0.0,0.0,0.0,0.0,0.0,0.0,0.0,0.0,0.0,0.0,0.0,0.0,0.0,0.0,0.0,0.0,0.0,0.0,0.0,0.0,0.0,0.0,0.0,0.0,0.0,0.0,0.0,0.0,0.0,0.0,0.0,0.0,0.0,0.0,0.0,0.0,0.0,0.0,0.0,0.0,0.0,0.0,0.0,0.0,0.29124364256858826,-0.04559318348765373,0.2282782942056656,0.46819671988487244,-0.17980243265628815,0.37180227041244507,0.6283157467842102,-0.17606320977210999,0.4446376860141754,0.7922667860984802,-0.14354757964611053,0.5112476944923401,0.24773064255714417,-0.7675867080688477,0.5372766256332397,0.4576384723186493,-0.8786145448684692,0.6605201959609985,0.6385656595230103,-0.9006843566894531,0.6809872388839722,0.7859323620796204,-0.9031600952148438,0.674937903881073,0.21379873156547546,-0.8841768503189087,0.41535693407058716,0.4778856635093689,-0.952989399433136,0.5292809009552002,0.6773576736450195,-0.9479219317436218,0.5059173703193665,0.8507464528083801,-0.9136050343513489,0.4702647924423218,0.20641228556632996,-0.9421994686126709,0.2823859751224518,0.5065372586250305,-1.0123409032821655,0.35413557291030884,0.7137836217880249,-0.986158013343811,0.3083297312259674,0.8750179409980774,-0.9251981973648071,0.2606301009654999,0.23531018197536469,-0.956826388835907,0.15816278755664825,0.49808916449546814,-1.0318498611450195,0.1870110034942627,0.6887474060058594,-1.008481740951538,0.16237322986125946,0.8523243069648743,-0.9485487937927246,0.13503092527389526
0.0,0.0,0.0,0.0,0.0,0.0,0.0,0.0,0.0,0.0,0.0,0.0,0.0,0.0,0.0,0.0,0.0,0.0,0.0,0.0,0.0,0.0,0.0,0.0,0.0,0.0,0.0,0.0,0.0,0.0,0.0,0.0,0.0,0.0,0.0,0.0,0.0,0.0,0.0,0.0,0.0,0.0,0.0,0.0,0.0,0.0,0.0,0.0,0.0,0.0,0.0,0.0,0.0,0.0,0.0,0.0,0.0,0.0,0.0,0.0,0.0,0.0,0.0,0.0,0.0,0.0,0.411297470331192,0.12731347978115082,-0.07685022801160812,0.8245806097984314,0.07874532788991928,-0.08125815540552139,1.0821359157562256,-0.14580132067203522,-0.11265712976455688,1.1606051921844482,-0.5106514096260071,-0.13822303712368011,0.7263529300689697,-0.5367134213447571,0.26470789313316345,0.9832566976547241,-0.6571047306060791,0.1932125836610794,1.1821123361587524,-0.6027179956436157,0.09309054166078568,1.3012502193450928,-0.5224104523658752,0.03772579878568649,0.6602016687393188,-0.7124460935592651,0.2378114014863968,0.963239848613739,-0.8609094619750977,0.1650780439376831,1.1822477579116821,-0.8372877836227417,0.04445890709757805,1.3716884851455688,-0.7549068927764893,-0.02625013142824173,0.5658953785896301,-0.8893395066261292,0.16728147864341736,0.9059324860572815,-1.0474791526794434,0.06144573912024498,1.1775413751602173,-1.007825255393982,-0.04188423603773117,1.3887032270431519,-0.8944724798202515,-0.08669662475585938,0.44373229146003723,-1.044196605682373,0.08362628519535065,0.8096973896026611,-1.1873480081558228,-0.0004240765410941094,1.0984351634979248,-1.1595938205718994,-0.05470568686723709,1.343856692314148,-1.045375943183899,-0.07840818911790848
0.0,0.0,0.0,0.0,0.0,0.0,0.0,0.0,0.0,0.0,0.0,0.0,0.0,0.0,0.0,0.0,0.0,0.0,0.0,0.0,0.0,0.0,0.0,0.0,0.0,0.0,0.0,0.0,0.0,0.0,0.0,0.0,0.0,0.0,0.0,0.0,0.0,0.0,0.0,0.0,0.0,0.0,0.0,0.0,0.0,0.0,0.0,0.0,0.0,0.0,0.0,0.0,0.0,0.0,0.0,0.0,0.0,0.0,0.0,0.0,0.0,0.0,0.0,0.0,0.0,0.0,0.3663374185562134,-0.0038172604981809855,-0.035848136991262436,0.6747788786888123,-0.11031188070774078,-0.05353298410773277,0.9504360556602478,-0.0975407063961029,-0.10031742602586746,1.1626873016357422,-0.07669927924871445,-0.1425342857837677,0.5268750190734863,-0.7949197888374329,0.17963701486587524,0.7411946058273315,-0.9912364482879639,0.10673901438713074,0.9474320411682129,-1.0239291191101074,0.010285487398505211,1.1213064193725586,-1.0097243785858154,-0.05246879532933235,0.4566637873649597,-0.8799428939819336,0.13099104166030884,0.733242392539978,-1.0891096591949463,0.044052377343177795,0.9632021188735962,-1.0927444696426392,-0.061997197568416595,1.1685543060302734,-1.0324952602386475,-0.12445063889026642,0.37266236543655396,-0.9588205814361572,0.051760248839855194,0.6832213401794434,-1.1461565494537354,-0.05513129010796547,0.9478607177734375,-1.1230617761611938,-0.14838488399982452,1.1603153944015503,-1.0246044397354126,-0.18725737929344177,0.284463495016098,-1.0229599475860596,-0.03689918667078018,0.6035262942314148,-1.1497331857681274,-0.12439821660518646,0.8342962861061096,-1.1286146640777588,-0.17618535459041595,1.0348576307296753,-1.0517171621322632,-0.19654691219329834
0.0,0.0,0.0,0.0,0.0,0.0,0.0,0.0,0.0,0.0,0.0,0.0,0.0,0.0,0.0,0.0,0.0,0.0,0.0,0.0,0.0,0.0,0.0,0.0,0.0,0.0,0.0,0.0,0.0,0.0,0.0,0.0,0.0,0.0,0.0,0.0,0.0,0.0,0.0,0.0,0.0,0.0,0.0,0.0,0.0,0.0,0.0,0.0,0.0,0.0,0.0,0.0,0.0,0.0,0.0,0.0,0.0,0.0,0.0,0.0,0.0,0.0,0.0,0.0,0.0,0.0,0.34316718578338623,-0.07045727223157883,0.007075490429997444,0.617068350315094,-0.20758531987667084,-0.013486898504197598,0.8648134469985962,-0.20065659284591675,-0.06916334480047226,1.0765184164047241,-0.16515441238880157,-0.12256338447332382,0.43100062012672424,-0.860112190246582,0.15453273057937622,0.6258042454719543,-1.0371553897857666,0.0887022539973259,0.8034676313400269,-1.0627684593200684,0.00734134204685688,0.9525409936904907,-1.0533498525619507,-0.049878526479005814,0.3544642925262451,-0.9312520027160645,0.08440820872783661,0.6274973750114441,-1.1241090297698975,0.002036925870925188,0.842307448387146,-1.1114555597305298,-0.08517549932003021,1.0234333276748657,-1.0435134172439575,-0.1361442506313324,0.2829551100730896,-0.9601123929023743,-0.0067909760400652885,0.6026571393013,-1.1091785430908203,-0.10196796804666519,0.8491176962852478,-1.0784003734588623,-0.1748727262020111,1.04839289188385,-0.995336651802063,-0.20711994171142578,0.22599537670612335,-0.9400601983070374,-0.10274672508239746,0.5362293720245361,-1.0259971618652344,-0.18178968131542206,0.7404382824897766,-1.0088417530059814,-0.22276677191257477,0.9186863899230957,-0.9696092009544373,-0.23905794322490692
0.0,0.0,0.0,0.0,0.0,0.0,0.0,0.0,0.0,0.0,0.0,0.0,0.0,0.0,0.0,0.0,0.0,0.0,0.0,0.0,0.0,0.0,0.0,0.0,0.0,0.0,0.0,0.0,0.0,0.0,0.0,0.0,0.0,0.0,0.0,0.0,0.0,0.0,0.0,0.0,0.0,0.0,0.0,0.0,0.0,0.0,0.0,0.0,0.0,0.0,0.0,0.0,0.0,0.0,0.0,0.0,0.0,0.0,0.0,0.0,0.0,0.0,0.0,0.0,0.0,0.0,0.38695165514945984,0.04853522405028343,0.03841470554471016,0.6519338488578796,-0.0026487954892218113,0.05022740364074707,0.8952522277832031,0.0651123896241188,0.010049283504486084,1.0937384366989136,0.10924451053142548,-0.029283219948410988,0.5661326050758362,-0.6919609904289246,0.32557323575019836,0.8111925721168518,-0.8073100447654724,0.29790210723876953,1.033729076385498,-0.7972577810287476,0.21217578649520874,1.2042770385742188,-0.7753234505653381,0.15005192160606384,0.5345910787582397,-0.8105952739715576,0.2390558123588562,0.8424035906791687,-0.9491007328033447,0.19975845515727997,1.0903868675231934,-0.9211332201957703,0.0968928337097168,1.297729730606079,-0.8378732204437256,0.026435283944010735,0.48526236414909363,-0.9266099333763123,0.12138958275318146,0.8254969716072083,-1.0898774862289429,0.05575235188007355,1.0952850580215454,-1.0221967697143555,-0.03892198204994202,1.2984241247177124,-0.8935405611991882,-0.08986743539571762,0.43287336826324463,-1.020659327507019,-0.0015721583040431142,0.7872840166091919,-1.1345343589782715,-0.05600031465291977,1.0370900630950928,-1.067247986793518,-0.09638259559869766,1.2466225624084473,-0.9406898617744446,-0.11729168146848679
0.0,0.0,0.0,0.0,0.0,0.0,0.0,0.0,0.0,0.0,0.0,0.0,0.0,0.0,0.0,0.0,0.0,0.0,0.0,0.0,0.0,0.0,0.0,0.0,0.0,0.0,0.0,0.0,0.0,0.0,0.0,0.0,0.0,0.0,0.0,0.0,0.0,0.0,0.0,0.0,0.0,0.0,0.0,0.0,0.0,0.0,0.0,0.0,0.0,0.0,0.0,0.0,0.0,0.0,0.0,0.0,0.0,0.0,0.0,0.0,0.0,0.0,0.0,0.0,0.0,0.0,0.4160859286785126,0.09197866171598434,0.057011958211660385,0.7145101428031921,-0.02377939783036709,0.12666942179203033,0.9259532690048218,-0.20865203440189362,0.14548742771148682,0.948961615562439,-0.4625808298587799,0.1612330973148346,0.6063644886016846,-0.601172685623169,0.41223326325416565,0.8562763929367065,-0.6842589974403381,0.4134785830974579,1.0520378351211548,-0.6574521660804749,0.3397866189479828,1.198075294494629,-0.6330559849739075,0.28549784421920776,0.5621652603149414,-0.7584108114242554,0.3298231363296509,0.8655194640159607,-0.8715841174125671,0.32891884446144104,1.1013468503952026,-0.8803009986877441,0.23357361555099487,1.3078639507293701,-0.8354191184043884,0.16255560517311096,0.49045848846435547,-0.9068206548690796,0.2123449444770813,0.8302198648452759,-1.0493035316467285,0.16044941544532776,1.1025594472885132,-1.0114891529083252,0.06024037301540375,1.3198045492172241,-0.9286209940910339,-0.00029788241954520345,0.403075635433197,-1.031833291053772,0.09164348989725113,0.7740444540977478,-1.135449767112732,0.033844150602817535,1.022597074508667,-1.0571303367614746,-0.011742540635168552,1.2345048189163208,-0.9214534759521484,-0.03978631645441055
0.0,0.0,0.0,0.0,0.0,0.0,0.0,0.0,0.0,0.0,0.0,0.0,0.0,0.0,0.0,0.0,0.0,0.0,0.0,0.0,0.0,0.0,0.0,0.0,0.0,0.0,0.0,0.0,0.0,0.0,0.0,0.0,0.0,0.0,0.0,0.0,0.0,0.0,0.0,0.0,0.0,0.0,0.0,0.0,0.0,0.0,0.0,0.0,0.0,0.0,0.0,0.0,0.0,0.0,0.0,0.0,0.0,0.0,0.0,0.0,0.0,0.0,0.0,0.0,0.0,0.0,0.35278210043907166,-0.07881854474544525,0.022764908149838448,0.6173197031021118,-0.21980030834674835,0.019506530836224556,0.8431758284568787,-0.23888923227787018,-0.020512329414486885,1.0323727130889893,-0.2259780913591385,-0.05918319150805473,0.45371365547180176,-0.8455767035484314,0.1891842633485794,0.6298385262489319,-1.0453686714172363,0.1312573254108429,0.8042945861816406,-1.0790914297103882,0.051915623247623444,0.9575638175010681,-1.0686062574386597,-0.003584380494430661,0.37693092226982117,-0.9192721843719482,0.11340982466936111,0.6155655384063721,-1.1494433879852295,0.03251976519823074,0.8214223384857178,-1.1484698057174683,-0.05887468904256821,1.0004914999008179,-1.0829757452011108,-0.11005589365959167,0.2902776300907135,-0.9653184413909912,0.015991289168596268,0.5733081698417664,-1.1705212593078613,-0.08072111010551453,0.8157391548156738,-1.1536524295806885,-0.15917432308197021,1.0146968364715576,-1.075913667678833,-0.19311709702014923,0.20653314888477325,-0.9669778943061829,-0.08433502912521362,0.4941169023513794,-1.0979002714157104,-0.16879047453403473,0.6992895603179932,-1.0891340970993042,-0.21493105590343475,0.8813847899436951,-1.050605058670044,-0.2335318773984909
0.0,0.0,0.0,0.0,0.0,0.0,0.0,0.0,0.0,0.0,0.0,0.0,0.0,0.0,0.0,0.0,0.0,0.0,0.0,0.0,0.0,0.0,0.0,0.0,0.0,0.0,0.0,0.0,0.0,0.0,0.0,0.0,0.0,0.0,0.0,0.0,0.0,0.0,0.0,0.0,0.0,0.0,0.0,0.0,0.0,0.0,0.0,0.0,0.0,0.0,0.0,0.0,0.0,0.0,0.0,0.0,0.0,0.0,0.0,0.0,0.0,0.0,0.0,0.0,0.0,0.0,0.4086124897003174,0.01291151437908411,-0.020113050937652588,0.7371348738670349,-0.0649796649813652,-0.02631949819624424,1.027280569076538,-0.024486703798174858,-0.06398344039916992,1.2549599409103394,-0.006337735336273909,-0.10150197148323059,0.6476195454597473,-0.6828948855400085,0.19504089653491974,0.8840760588645935,-0.8588544130325317,0.13028742372989655,1.080520510673523,-0.8926131129264832,0.03812813013792038,1.2557023763656616,-0.9038093686103821,-0.024803245440125465,0.5788381695747375,-0.8033614158630371,0.13984568417072296,0.8713453412055969,-0.9953296184539795,0.06620453298091888,1.0891445875167847,-1.021936058998108,-0.035027001053094864,1.2983602285385132,-0.9936668872833252,-0.10025350749492645,0.48526543378829956,-0.9138954877853394,0.0548250712454319,0.8029642701148987,-1.1074074506759644,-0.04286239296197891,1.0510684251785278,-1.1053098440170288,-0.13052013516426086,1.2695837020874023,-1.0377286672592163,-0.17227675020694733,0.3741217851638794,-1.013954520225525,-0.03782159835100174,0.7048457860946655,-1.134838581085205,-0.12440919131040573,0.9413036108016968,-1.117616891860962,-0.17302732169628143,1.1603481769561768,-1.0527567863464355,-0.19435986876487732
0.0,0.0,0.0,0.0,0.0,0.0,0.0,0.0,0.0,0.0,0.0,0.0,0.0,0.0,0.0,0.0,0.0,0.0,0.0,0.0,0.0,0.0,0.0,0.0,0.0,0.0,0.0,0.0,0.0,0.0,0.0,0.0,0.0,0.0,0.0,0.0,0.0,0.0,0.0,0.0,0.0,0.0,0.0,0.0,0.0,0.0,0.0,0.0,0.0,0.0,0.0,0.0,0.0,0.0,0.0,0.0,0.0,0.0,0.0,0.0,0.0,0.0,0.0,0.0,0.0,0.0,0.36851370334625244,0.006272353697568178,0.08638650178909302,0.6221995949745178,-0.06188047677278519,0.1076728105545044,0.8646185398101807,-0.005492283031344414,0.06919068843126297,1.0707497596740723,0.022885970771312714,0.03110058419406414,0.4266330599784851,-0.7694443464279175,0.3705153465270996,0.6510641574859619,-0.872822105884552,0.37914320826530457,0.8760172128677368,-0.8950779438018799,0.32357099652290344,1.0387665033340454,-0.869709312915802,0.282032310962677,0.38476133346557617,-0.8823214769363403,0.2710488736629486,0.7028516530990601,-1.0273536443710327,0.27758538722991943,0.9579830169677734,-1.0019201040267944,0.21197451651096344,1.157616376876831,-0.9132893085479736,0.16651728749275208,0.3637941777706146,-0.9624479413032532,0.1468806117773056,0.7104807496070862,-1.1101537942886353,0.125758558511734,0.9888300895690918,-1.050416350364685,0.06218898668885231,1.190124273300171,-0.9195473790168762,0.02666560746729374,0.3677756190299988,-1.0015554428100586,0.019806068390607834,0.6952011585235596,-1.0881303548812866,0.0004995676572434604,0.9247466921806335,-1.0375869274139404,-0.016033289954066277,1.1113624572753906,-0.932539701461792,-0.021722691133618355
0.0,0.0,0.0,0.0,0.0,0.0,0.0,0.0,0.0,0.0,0.0,0.0,0.0,0.0,0.0,0.0,0.0,0.0,0.0,0.0,0.0,0.0,0.0,0.0,0.0,0.0,0.0,0.0,0.0,0.0,0.0,0.0,0.0,0.0,0.0,0.0,0.0,0.0,0.0,0.0,0.0,0.0,0.0,0.0,0.0,0.0,0.0,0.0,0.0,0.0,0.0,0.0,0.0,0.0,0.0,0.0,0.0,0.0,0.0,0.0,0.0,0.0,0.0,0.0,0.0,0.0,0.364942342042923,-0.051481522619724274,0.1566886603832245,0.5751562714576721,-0.17881368100643158,0.19491992890834808,0.7822739481925964,-0.16098305583000183,0.17178669571876526,0.9772400259971619,-0.15588831901550293,0.14038442075252533,0.3249008357524872,-0.8763140439987183,0.3227638602256775,0.5937893390655518,-0.948998212814331,0.3568103611469269,0.7925660610198975,-0.9462600946426392,0.3286963403224945,0.949315071105957,-0.9094719290733337,0.2955159842967987,0.27926871180534363,-0.9396671056747437,0.19757218658924103,0.6761062145233154,-1.0223249197006226,0.2319461554288864,0.893143355846405,-0.9789365530014038,0.19622264802455902,1.0616414546966553,-0.896038830280304,0.1592843383550644,0.2872139513492584,-0.9225004315376282,0.0660734698176384,0.6889244914054871,-1.0129384994506836,0.09174010902643204,0.9195961356163025,-0.9692326188087463,0.07290171831846237,1.0892480611801147,-0.889858603477478,0.047543883323669434,0.3426254093647003,-0.831700325012207,-0.06240614876151085,0.6600461006164551,-0.9167614579200745,-0.037434712052345276,0.839125394821167,-0.9032047986984253,-0.020769409835338593,0.9782628417015076,-0.864459753036499,-0.01741170324385166
0.0,0.0,0.0,0.0,0.0,0.0,0.0,0.0,0.0,0.0,0.0,0.0,0.0,0.0,0.0,0.0,0.0,0.0,0.0,0.0,0.0,0.0,0.0,0.0,0.0,0.0,0.0,0.0,0.0,0.0,0.0,0.0,0.0,0.0,0.0,0.0,0.0,0.0,0.0,0.0,0.0,0.0,0.0,0.0,0.0,0.0,0.0,0.0,0.0,0.0,0.0,0.0,0.0,0.0,0.0,0.0,0.0,0.0,0.0,0.0,0.0,0.0,0.0,0.0,0.0,0.0,0.3714718818664551,-0.024211939424276352,-0.024023113772273064,0.6849572062492371,-0.11417177319526672,-0.045912615954875946,0.9621294736862183,-0.10507766157388687,-0.09805960953235626,1.1781096458435059,-0.0785272940993309,-0.14796407520771027,0.5661579966545105,-0.7695435881614685,0.16577614843845367,0.7801868319511414,-0.9604573249816895,0.09815908968448639,0.9729214310646057,-0.9792760014533997,0.005699067376554012,1.1403759717941284,-0.9617903232574463,-0.05833757668733597,0.49136871099472046,-0.8639153838157654,0.11048534512519836,0.7505754232406616,-1.0864464044570923,0.01790018007159233,0.9729422926902771,-1.0652917623519897,-0.09046041965484619,1.1644997596740723,-0.9723822474479675,-0.15447711944580078,0.4034970700740814,-0.9345425367355347,0.028898410499095917,0.6930311322212219,-1.1194548606872559,-0.08088891208171844,0.9526405334472656,-1.086940050125122,-0.17568568885326385,1.1623939275741577,-0.9752850532531738,-0.2173973023891449,0.31114810705184937,-0.9729323983192444,-0.05996105074882507,0.6209380030632019,-1.0852638483047485,-0.1525295078754425,0.8488429188728333,-1.058545708656311,-0.20903003215789795,1.0503642559051514,-0.9873135089874268,-0.23362350463867188
0.0,0.0,0.0,0.0,0.0,0.0,0.0,0.0,0.0,0.0,0.0,0.0,0.0,0.0,0.0,0.0,0.0,0.0,0.0,0.0,0.0,0.0,0.0,0.0,0.0,0.0,0.0,0.0,0.0,0.0,0.0,0.0,0.0,0.0,0.0,0.0,0.0,0.0,0.0,0.0,0.0,0.0,0.0,0.0,0.0,0.0,0.0,0.0,0.0,0.0,0.0,0.0,0.0,0.0,0.0,0.0,0.0,0.0,0.0,0.0,0.0,0.0,0.0,0.0,0.0,0.0,0.4430387616157532,0.05182909592986107,-0.01865304820239544,0.7641440033912659,0.03199004381895065,-0.016389576718211174,1.0661320686340332,0.08496147394180298,-0.04886167123913765,1.3189167976379395,0.1036631390452385,-0.08121338486671448,0.6729791164398193,-0.6288748383522034,0.28658440709114075,0.938383936882019,-0.7721655368804932,0.25809863209724426,1.1306878328323364,-0.783549964427948,0.1698719561100006,1.3041239976882935,-0.7871682047843933,0.1032743752002716,0.599574863910675,-0.7650630474090576,0.2349223792552948,0.8982659578323364,-0.9294988512992859,0.19999980926513672,1.1111630201339722,-0.9557315111160278,0.0871795043349266,1.316543698310852,-0.9172101616859436,0.0055611273273825645,0.4989619255065918,-0.902804434299469,0.14937204122543335,0.8171808123588562,-1.0808372497558594,0.08195242285728455,1.0560994148254395,-1.0940319299697876,-0.014268687926232815,1.2682514190673828,-1.0369374752044678,-0.0685969889163971,0.37322813272476196,-1.0281765460968018,0.05474225431680679,0.6973580121994019,-1.1416834592819214,-0.012084770016372204,0.917414665222168,-1.1264334917068481,-0.056883979588747025,1.1218065023422241,-1.0551056861877441,-0.0785093829035759
0.0,0.0,0.0,0.0,0.0,0.0,0.0,0.0,0.0,0.0,0.0,0.0,0.0,0.0,0.0,0.0,0.0,0.0,0.0,0.0,0.0,0.0,0.0,0.0,0.0,0.0,0.0,0.0,0.0,0.0,0.0,0.0,0.0,0.0,0.0,0.0,0.0,0.0,0.0,0.0,0.0,0.0,0.0,0.0,0.0,0.0,0.0,0.0,0.0,0.0,0.0,0.0,0.0,0.0,0.0,0.0,0.0,0.0,0.0,0.0,0.0,0.0,0.0,0.0,0.0,0.0,0.3774202764034271,-0.0008199760341085494,0.01595298759639263,0.661150336265564,-0.04689529165625572,0.017963722348213196,0.9214551448822021,0.020818552002310753,-0.02204296551644802,1.141735553741455,0.05479438975453377,-0.056962382048368454,0.4978650212287903,-0.731255829334259,0.2993565797805786,0.757235586643219,-0.8304222822189331,0.26727691292762756,0.9807953238487244,-0.8235578536987305,0.18014833331108093,1.1612801551818848,-0.8105145692825317,0.1184426099061966,0.46697184443473816,-0.8535816669464111,0.23094509541988373,0.7735083699226379,-0.999415934085846,0.20137576758861542,1.0201722383499146,-0.9869846105575562,0.11182581633329391,1.2384134531021118,-0.9171415567398071,0.04808241128921509,0.42156943678855896,-0.9636921286582947,0.13074274361133575,0.7444573640823364,-1.130805253982544,0.08018070459365845,1.008766770362854,-1.0963966846466064,0.003950419370085001,1.2235140800476074,-0.9999119639396667,-0.038822099566459656,0.377841055393219,-1.0549356937408447,0.02196560427546501,0.7025978565216064,-1.181138277053833,-0.018850011751055717,0.9373943209648132,-1.134928822517395,-0.045127641409635544,1.1378237009048462,-1.037832498550415,-0.05685880407691002
0.0,0.0,0.0,0.0,0.0,0.0,0.0,0.0,0.0,0.0,0.0,0.0,0.0,0.0,0.0,0.0,0.0,0.0,0.0,0.0,0.0,0.0,0.0,0.0,0.0,0.0,0.0,0.0,0.0,0.0,0.0,0.0,0.0,0.0,0.0,0.0,0.0,0.0,0.0,0.0,0.0,0.0,0.0,0.0,0.0,0.0,0.0,0.0,0.0,0.0,0.0,0.0,0.0,0.0,0.0,0.0,0.0,0.0,0.0,0.0,0.0,0.0,0.0,0.0,0.0,0.0,0.320823073387146,-0.1066952794790268,0.007967079058289528,0.5659306049346924,-0.25307896733283997,-0.023312905803322792,0.8126865029335022,-0.25617510080337524,-0.09019427001476288,1.0338692665100098,-0.2598504424095154,-0.15657873451709747,0.37551411986351013,-0.8828332424163818,0.15625610947608948,0.5724462270736694,-1.0243488550186157,0.10595942288637161,0.7426729798316956,-1.0664019584655762,0.031446635723114014,0.8854064345359802,-1.0772265195846558,-0.025763100013136864,0.28631487488746643,-0.9543755650520325,0.08480051159858704,0.5675798058509827,-1.1173385381698608,0.023106055334210396,0.767238438129425,-1.107946753501892,-0.05158888176083565,0.9407404065132141,-1.0576000213623047,-0.10024553537368774,0.22023777663707733,-0.9720816016197205,-0.006407694425433874,0.5429959893226624,-1.1272304058074951,-0.08500338345766068,0.7693275213241577,-1.0897001028060913,-0.1372624635696411,0.9583562612533569,-1.0044752359390259,-0.1608794927597046,0.18863585591316223,-0.9243263006210327,-0.10368244349956512,0.5133193731307983,-1.034462571144104,-0.16698405146598816,0.7106317281723022,-1.0221234560012817,-0.18991719186306,0.8767802715301514,-0.9849202632904053,-0.19752435386180878
0.0,0.0,0.0,0.0,0.0,0.0,0.0,0.0,0.0,0.0,0.0,0.0,0.0,0.0,0.0,0.0,0.0,0.0,0.0,0.0,0.0,0.0,0.0,0.0,0.0,0.0,0.0,0.0,0.0,0.0,0.0,0.0,0.0,0.0,0.0,0.0,0.0,0.0,0.0,0.0,0.0,0.0,0.0,0.0,0.0,0.0,0.0,0.0,0.0,0.0,0.0,0.0,0.0,0.0,0.0,0.0,0.0,0.0,0.0,0.0,0.0,0.0,0.0,0.0,0.0,0.0,0.3775588274002075,-0.07609066367149353,0.02192087285220623,0.669204831123352,-0.24486523866653442,0.03100159764289856,0.9227764010429382,-0.2921905815601349,0.0013809666270390153,1.1292239427566528,-0.2997583746910095,-0.028921904042363167,0.4847911596298218,-0.8180331587791443,0.2331230342388153,0.670927107334137,-1.0333377122879028,0.1865733116865158,0.8459209203720093,-1.0985163450241089,0.1051255315542221,1.0038191080093384,-1.1233875751495361,0.04565988481044769,0.39582228660583496,-0.9044416546821594,0.15909136831760406,0.6287235617637634,-1.169079303741455,0.08839507400989532,0.8417350649833679,-1.2040737867355347,-0.01363703515380621,1.0327723026275635,-1.153619647026062,-0.07633093744516373,0.289703905582428,-0.9715271592140198,0.06073632463812828,0.555130124092102,-1.238443374633789,-0.03154041990637779,0.7939072251319885,-1.2546645402908325,-0.11964631080627441,0.9933117032051086,-1.1955610513687134,-0.16265802085399628,0.18179118633270264,-1.008407473564148,-0.04104625806212425,0.4623926281929016,-1.1741857528686523,-0.12692157924175262,0.6683069467544556,-1.1843589544296265,-0.17843283712863922,0.853990375995636,-1.1574311256408691,-0.2026183009147644
0.0,0.0,0.0,0.0,0.0,0.0,0.0,0.0,0.0,0.0,0.0,0.0,0.0,0.0,0.0,0.0,0.0,0.0,0.0,0.0,0.0,0.0,0.0,0.0,0.0,0.0,0.0,0.0,0.0,0.0,0.0,0.0,0.0,0.0,0.0,0.0,0.0,0.0,0.0,0.0,0.0,0.0,0.0,0.0,0.0,0.0,0.0,0.0,0.0,0.0,0.0,0.0,0.0,0.0,0.0,0.0,0.0,0.0,0.0,0.0,0.0,0.0,0.0,0.0,0.0,0.0,0.4047498106956482,-0.0572575144469738,0.023286497220396996,0.6907567381858826,-0.1770389825105667,0.0343460850417614,0.9612551927566528,-0.182750403881073,0.0037349332123994827,1.180295705795288,-0.19552883505821228,-0.02710358053445816,0.5266903638839722,-0.7645047307014465,0.27295607328414917,0.7503536939620972,-0.9538904428482056,0.23306700587272644,0.9410781860351562,-1.0062533617019653,0.14835329353809357,1.1106901168823242,-1.028506875038147,0.0873166024684906,0.45062047243118286,-0.8702797293663025,0.19888277351856232,0.7239799499511719,-1.1046593189239502,0.14584411680698395,0.9386675357818604,-1.1458320617675781,0.04041987285017967,1.1439018249511719,-1.1099302768707275,-0.030321024358272552,0.35345858335494995,-0.9662315845489502,0.09695135056972504,0.6479799747467041,-1.21072518825531,0.01844974234700203,0.8945004343986511,-1.2262829542160034,-0.07372622936964035,1.108636498451233,-1.1547077894210815,-0.12194972485303879,0.2505674660205841,-1.0415644645690918,-0.009732922539114952,0.5678830742835999,-1.214079737663269,-0.08089320361614227,0.7946616411209106,-1.2167633771896362,-0.12710388004779816,0.999860405921936,-1.1516648530960083,-0.14911258220672607
0.0,0.0,0.0,0.0,0.0,0.0,0.0,0.0,0.0,0.0,0.0,0.0,0.0,0.0,0.0,0.0,0.0,0.0,0.0,0.0,0.0,0.0,0.0,0.0,0.0,0.0,0.0,0.0,0.0,0.0,0.0,0.0,0.0,0.0,0.0,0.0,0.0,0.0,0.0,0.0,0.0,0.0,0.0,0.0,0.0,0.0,0.0,0.0,0.0,0.0,0.0,0.0,0.0,0.0,0.0,0.0,0.0,0.0,0.0,0.0,0.0,0.0,0.0,0.0,0.0,0.0,0.40576186776161194,-0.001887147780507803,0.008805192075669765,0.6903171539306641,-0.107457235455513,0.023770134896039963,0.9597458243370056,-0.11247342079877853,-0.0010558200301602483,1.1677093505859375,-0.12887802720069885,-0.023384761065244675,0.5423620939254761,-0.7274925708770752,0.26236411929130554,0.7760526537895203,-0.8875153660774231,0.21665331721305847,0.9853787422180176,-0.916628360748291,0.13052646815776825,1.1617237329483032,-0.920206606388092,0.07180304080247879,0.4762449264526367,-0.8562173247337341,0.20020656287670135,0.7644672393798828,-1.0742257833480835,0.144942507147789,1.0010992288589478,-1.1055026054382324,0.05068230628967285,1.215505838394165,-1.0683304071426392,-0.010084372013807297,0.39472171664237976,-0.9628491997718811,0.1068355143070221,0.7099102735519409,-1.18632173538208,0.018382471054792404,0.9812865853309631,-1.1835013628005981,-0.07343243062496185,1.2042566537857056,-1.0989789962768555,-0.11677258461713791,0.3060447871685028,-1.0493123531341553,0.008295310661196709,0.6545799970626831,-1.1862902641296387,-0.07131683081388474,0.9120822548866272,-1.1680471897125244,-0.12033239006996155,1.1354767084121704,-1.0873548984527588,-0.141811341047287
0.0,0.0,0.0,0.0,0.0,0.0,0.0,0.0,0.0,0.0,0.0,0.0,0.0,0.0,0.0,0.0,0.0,0.0,0.0,0.0,0.0,0.0,0.0,0.0,0.0,0.0,0.0,0.0,0.0,0.0,0.0,0.0,0.0,0.0,0.0,0.0,0.0,0.0,0.0,0.0,0.0,0.0,0.0,0.0,0.0,0.0,0.0,0.0,0.0,0.0,0.0,0.0,0.0,0.0,0.0,0.0,0.0,0.0,0.0,0.0,0.0,0.0,0.0,0.0,0.0,0.0,0.35293349623680115,-0.02318551018834114,0.08832455426454544,0.5866220593452454,-0.14334256947040558,0.13730841875076294,0.8097389340400696,-0.15324784815311432,0.13170841336250305,0.989254891872406,-0.1436930149793625,0.1311766356229782,0.37127333879470825,-0.7822032570838928,0.3601163923740387,0.606716513633728,-0.8745734691619873,0.3393227756023407,0.7871912121772766,-0.7737587094306946,0.2615540623664856,0.9002955555915833,-0.6265637278556824,0.2143528014421463,0.31731748580932617,-0.9073063731193542,0.2758708894252777,0.6075568795204163,-1.0783823728561401,0.2617962062358856,0.8565472960472107,-1.057714819908142,0.1838626265525818,1.0579465627670288,-0.9739654660224915,0.13248617947101593,0.2680506408214569,-0.9947771430015564,0.16464871168136597,0.5945161581039429,-1.198712706565857,0.12132001668214798,0.8693385720252991,-1.1711055040359497,0.037214744836091995,1.073155403137207,-1.0536081790924072,-0.005424269009381533,0.23884160816669464,-1.0381346940994263,0.05335414782166481,0.5591274499893188,-1.191977620124817,0.013455529697239399,0.7979732751846313,-1.1644190549850464,-0.02222209982573986,1.0008443593978882,-1.0705846548080444,-0.03848610073328018
0.0,0.0,0.0,0.0,0.0,0.0,0.0,0.0,0.0,0.0,0.0,0.0,0.0,0.0,0.0,0.0,0.0,0.0,0.0,0.0,0.0,0.0,0.0,0.0,0.0,0.0,0.0,0.0,0.0,0.0,0.0,0.0,0.0,0.0,0.0,0.0,0.0,0.0,0.0,0.0,0.0,0.0,0.0,0.0,0.0,0.0,0.0,0.0,0.0,0.0,0.0,0.0,0.0,0.0,0.0,0.0,0.0,0.0,0.0,0.0,0.0,0.0,0.0,0.0,0.0,0.0,0.31677088141441345,-0.1155790314078331,0.04653916880488396,0.5301863551139832,-0.28404462337493896,0.030098864808678627,0.7488766312599182,-0.3118855953216553,-0.02459144964814186,0.9549856185913086,-0.34102386236190796,-0.0779828354716301,0.25177061557769775,-0.9231899976730347,0.17706198990345,0.5083949565887451,-1.0011471509933472,0.13414545357227325,0.7176488637924194,-0.9990334510803223,0.06161567196249962,0.8810631632804871,-0.9630306959152222,0.007693001069128513,0.19021576642990112,-0.9770491719245911,0.09587965905666351,0.5349230766296387,-1.1152591705322266,0.06086447089910507,0.757877767086029,-1.1043479442596436,0.004428298212587833,0.9349926114082336,-1.0628947019577026,-0.038565587252378464,0.168777197599411,-0.9726832509040833,-0.0008033585036173463,0.5261833667755127,-1.1403837203979492,-0.04711613059043884,0.7677420973777771,-1.135459065437317,-0.08484601974487305,0.9558088183403015,-1.0735284090042114,-0.10684069991111755,0.19618168473243713,-0.9125607013702393,-0.10132522881031036,0.5040208101272583,-1.0457578897476196,-0.13334175944328308,0.7001519203186035,-1.0535428524017334,-0.138631671667099,0.8573421239852905,-1.0246094465255737,-0.13933928310871124
0.0,0.0,0.0,0.0,0.0,0.0,0.0,0.0,0.0,0.0,0.0,0.0,0.0,0.0,0.0,0.0,0.0,0.0,0.0,0.0,0.0,0.0,0.0,0.0,0.0,0.0,0.0,0.0,0.0,0.0,0.0,0.0,0.0,0.0,0.0,0.0,0.0,0.0,0.0,0.0,0.0,0.0,0.0,0.0,0.0,0.0,0.0,0.0,0.0,0.0,0.0,0.0,0.0,0.0,0.0,0.0,0.0,0.0,0.0,0.0,0.0,0.0,0.0,0.0,0.0,0.0,0.3034666180610657,-0.11807248741388321,-0.010525781661272049,0.5508727431297302,-0.28270700573921204,-0.04463396966457367,0.7713828086853027,-0.3209567070007324,-0.10599721968173981,0.96405029296875,-0.33276137709617615,-0.1639060527086258,0.34181803464889526,-0.9174913763999939,0.10268066823482513,0.518924355506897,-1.1186574697494507,0.03836206719279289,0.6769075989723206,-1.2162551879882812,-0.03617879003286362,0.8104532361030579,-1.282503366470337,-0.09001956135034561,0.2574341595172882,-0.9652059674263,0.04588102549314499,0.5133970975875854,-1.1867475509643555,-0.03451811522245407,0.7161294221878052,-1.1940968036651611,-0.11207516491413116,0.8860812187194824,-1.1520005464553833,-0.1576993614435196,0.1863854080438614,-0.9667254686355591,-0.028097881004214287,0.4786949157714844,-1.1731294393539429,-0.12039004266262054,0.7004020810127258,-1.1649994850158691,-0.17855022847652435,0.8844681978225708,-1.1037245988845825,-0.20127597451210022,0.13859622180461884,-0.9173118472099304,-0.10737951844930649,0.4207199811935425,-1.0522984266281128,-0.17685654759407043,0.6052507162094116,-1.0756292343139648,-0.2067781239748001,0.7640946507453918,-1.0723649263381958,-0.21641403436660767
0.0,0.0,0.0,0.0,0.0,0.0,0.0,0.0,0.0,0.0,0.0,0.0,0.0,0.0,0.0,0.0,0.0,0.0,0.0,0.0,0.0,0.0,0.0,0.0,0.0,0.0,0.0,0.0,0.0,0.0,0.0,0.0,0.0,0.0,0.0,0.0,0.0,0.0,0.0,0.0,0.0,0.0,0.0,0.0,0.0,0.0,0.0,0.0,0.0,0.0,0.0,0.0,0.0,0.0,0.0,0.0,0.0,0.0,0.0,0.0,0.0,0.0,0.0,0.0,0.0,0.0,0.3829915523529053,-0.025989500805735588,-0.03438498079776764,0.6959798336029053,-0.1633436232805252,-0.053202662616968155,0.9790831804275513,-0.17548103630542755,-0.09884512424468994,1.1983026266098022,-0.18294841051101685,-0.14308343827724457,0.556018590927124,-0.773632287979126,0.1581132560968399,0.781619668006897,-0.9656575918197632,0.07482343167066574,0.9735052585601807,-1.0150893926620483,-0.02641424536705017,1.1502137184143066,-1.0332621335983276,-0.09602969139814377,0.4799928367137909,-0.8708595037460327,0.1058802455663681,0.7524760961532593,-1.09083890914917,0.006171806249767542,0.9773438572883606,-1.1114120483398438,-0.10708539187908173,1.1936290264129639,-1.0682650804519653,-0.17750577628612518,0.37413254380226135,-0.9567925333976746,0.024117639288306236,0.669649064540863,-1.1905509233474731,-0.09645108133554459,0.9165231585502625,-1.1971344947814941,-0.1968027502298355,1.1330541372299194,-1.132276177406311,-0.24436835944652557,0.25038206577301025,-1.0295794010162354,-0.06488452851772308,0.5372743606567383,-1.1848819255828857,-0.16997988522052765,0.7469606995582581,-1.1904135942459106,-0.23208685219287872,0.9411591291427612,-1.1456865072250366,-0.26223403215408325
0.0,0.0,0.0,0.0,0.0,0.0,0.0,0.0,0.0,0.0,0.0,0.0,0.0,0.0,0.0,0.0,0.0,0.0,0.0,0.0,0.0,0.0,0.0,0.0,0.0,0.0,0.0,0.0,0.0,0.0,0.0,0.0,0.0,0.0,0.0,0.0,0.0,0.0,0.0,0.0,0.0,0.0,0.0,0.0,0.0,0.0,0.0,0.0,0.0,0.0,0.0,0.0,0.0,0.0,0.0,0.0,0.0,0.0,0.0,0.0,0.0,0.0,0.0,0.0,0.0,0.0,0.3495362102985382,-0.0397956408560276,0.044356148689985275,0.5875082015991211,-0.16241076588630676,0.05456683784723282,0.7901679873466492,-0.1727799028158188,0.023104146122932434,0.9556095004081726,-0.19657202064990997,-0.005023607052862644,0.3827051520347595,-0.8261167407035828,0.24417060613632202,0.6309124231338501,-0.932884693145752,0.21288949251174927,0.8505341410636902,-0.9583234786987305,0.14550048112869263,1.0116456747055054,-0.9484111666679382,0.09803572297096252,0.3253287076950073,-0.930007815361023,0.1710166186094284,0.649807870388031,-1.0873937606811523,0.13578537106513977,0.8945111632347107,-1.0906829833984375,0.07065505534410477,1.0939133167266846,-1.051342248916626,0.028284000232815742,0.28987860679626465,-0.9869012832641602,0.07530377060174942,0.6423778533935547,-1.162703037261963,0.01641998440027237,0.9058088064193726,-1.1489921808242798,-0.046535518020391464,1.1061632633209229,-1.084455966949463,-0.07727315276861191,0.2789742648601532,-1.0008922815322876,-0.023135920986533165,0.6155368685722351,-1.1237257719039917,-0.07686179131269455,0.8475145101547241,-1.1100635528564453,-0.10840357095003128,1.0410668849945068,-1.056520938873291,-0.12126506865024567
0.0,0.0,0.0,0.0,0.0,0.0,0.0,0.0,0.0,0.0,0.0,0.0,0.0,0.0,0.0,0.0,0.0,0.0,0.0,0.0,0.0,0.0,0.0,0.0,0.0,0.0,0.0,0.0,0.0,0.0,0.0,0.0,0.0,0.0,0.0,0.0,0.0,0.0,0.0,0.0,0.0,0.0,0.0,0.0,0.0,0.0,0.0,0.0,0.0,0.0,0.0,0.0,0.0,0.0,0.0,0.0,0.0,0.0,0.0,0.0,0.0,0.0,0.0,0.0,0.0,0.0,0.3175414502620697,-0.09415119141340256,0.03107638470828533,0.55064457654953,-0.2128928154706955,-0.0025727772153913975,0.7645255327224731,-0.24180598556995392,-0.06773113459348679,0.9600339531898499,-0.2839069366455078,-0.12906154990196228,0.22386978566646576,-0.9292232990264893,0.12435794621706009,0.49776825308799744,-1.033989429473877,0.06693365424871445,0.7148330807685852,-1.0392909049987793,-0.009172485210001469,0.8880330324172974,-0.9981739521026611,-0.06195806339383125,0.16887252032756805,-0.9843688011169434,0.050001129508018494,0.5523248314857483,-1.124036431312561,0.004709887783974409,0.7789143919944763,-1.10026216506958,-0.047772448509931564,0.9534595608711243,-1.0409034490585327,-0.08594071865081787,0.15883521735668182,-0.9654579758644104,-0.03716886043548584,0.5549046993255615,-1.1098207235336304,-0.08530652523040771,0.7850291132926941,-1.0913326740264893,-0.11182572692632675,0.9571399688720703,-1.0311285257339478,-0.12667705118656158,0.1985909342765808,-0.8782148957252502,-0.1287083774805069,0.5203253626823425,-0.986676037311554,-0.15582352876663208,0.7044336199760437,-0.9843714237213135,-0.14921830594539642,0.8453762531280518,-0.9579204320907593,-0.14037905633449554
0.0,0.0,0.0,0.0,0.0,0.0,0.0,0.0,0.0,0.0,0.0,0.0,0.0,0.0,0.0,0.0,0.0,0.0,0.0,0.0,0.0,0.0,0.0,0.0,0.0,0.0,0.0,0.0,0.0,0.0,0.0,0.0,0.0,0.0,0.0,0.0,0.0,0.0,0.0,0.0,0.0,0.0,0.0,0.0,0.0,0.0,0.0,0.0,0.0,0.0,0.0,0.0,0.0,0.0,0.0,0.0,0.0,0.0,0.0,0.0,0.0,0.0,0.0,0.0,0.0,0.0,0.31553027033805847,-0.07041845470666885,-0.027694974094629288,0.6053188443183899,-0.19174835085868835,-0.07078837603330612,0.8485528826713562,-0.20270299911499023,-0.13366274535655975,1.0547124147415161,-0.19296157360076904,-0.19209302961826324,0.45047473907470703,-0.8638989329338074,0.07359450310468674,0.6546494960784912,-1.031163215637207,-0.01142751332372427,0.8324000239372253,-1.0364145040512085,-0.10140123218297958,0.9858229160308838,-1.001916766166687,-0.16267700493335724,0.3516279458999634,-0.9358128309249878,0.024742117151618004,0.6143878698348999,-1.1194167137145996,-0.06274794787168503,0.810840368270874,-1.0955990552902222,-0.14395752549171448,0.9794597029685974,-1.0174601078033447,-0.19489945471286774,0.2565832734107971,-0.9604810476303101,-0.04300769418478012,0.5568024516105652,-1.1083186864852905,-0.13927315175533295,0.7795462608337402,-1.085846185684204,-0.19608503580093384,0.96419358253479,-1.0047516822814941,-0.221262589097023,0.17422914505004883,-0.9200770258903503,-0.117535300552845,0.46574079990386963,-0.9934865236282349,-0.19894112646579742,0.6611142754554749,-0.9790074825286865,-0.23186613619327545,0.8286876082420349,-0.9368329644203186,-0.2425169199705124
0.0,0.0,0.0,0.0,0.0,0.0,0.0,0.0,0.0,0.0,0.0,0.0,0.0,0.0,0.0,0.0,0.0,0.0,0.0,0.0,0.0,0.0,0.0,0.0,0.0,0.0,0.0,0.0,0.0,0.0,0.0,0.0,0.0,0.0,0.0,0.0,0.0,0.0,0.0,0.0,0.0,0.0,0.0,0.0,0.0,0.0,0.0,0.0,0.0,0.0,0.0,0.0,0.0,0.0,0.0,0.0,0.0,0.0,0.0,0.0,0.0,0.0,0.0,0.0,0.0,0.0,0.30419549345970154,-0.1308927983045578,-0.010742870159447193,0.5667221546173096,-0.2701043486595154,-0.08028711378574371,0.787483811378479,-0.30082154273986816,-0.170552596449852,0.9826424717903137,-0.3097750246524811,-0.2619842290878296,0.3295191526412964,-0.9513781070709229,-0.013797537423670292,0.6088188290596008,-1.0654922723770142,-0.1237039566040039,0.8095347881317139,-1.035920262336731,-0.22539561986923218,0.9762755036354065,-0.9612201452255249,-0.2942756712436676,0.24033139646053314,-0.9673962593078613,-0.07990838587284088,0.5957157015800476,-1.1123676300048828,-0.19439257681369781,0.8058803081512451,-1.0520778894424438,-0.2879863679409027,0.9670254588127136,-0.9302713871002197,-0.343858927488327,0.16729076206684113,-0.9158645272254944,-0.15181627869606018,0.5133455991744995,-1.0456501245498657,-0.24140715599060059,0.7332034707069397,-0.9981442093849182,-0.2887829542160034,0.903677761554718,-0.9064915776252747,-0.31140708923339844,0.12513600289821625,-0.7823423147201538,-0.22880956530570984,0.39557522535324097,-0.8755490183830261,-0.29268455505371094,0.5773611664772034,-0.8813445568084717,-0.3126463294029236,0.7347400784492493,-0.8558809161186218,-0.3175255358219147
0.0,0.0,0.0,0.0,0.0,0.0,0.0,0.0,0.0,0.0,0.0,0.0,0.0,0.0,0.0,0.0,0.0,0.0,0.0,0.0,0.0,0.0,0.0,0.0,0.0,0.0,0.0,0.0,0.0,0.0,0.0,0.0,0.0,0.0,0.0,0.0,0.0,0.0,0.0,0.0,0.0,0.0,0.0,0.0,0.0,0.0,0.0,0.0,0.0,0.0,0.0,0.0,0.0,0.0,0.0,0.0,0.0,0.0,0.0,0.0,0.0,0.0,0.0,0.0,0.0,0.0,0.3265601694583893,-0.08021581918001175,0.07035747915506363,0.5494493246078491,-0.19079086184501648,0.04681360721588135,0.7459993958473206,-0.19438844919204712,-0.019346807152032852,0.9287825226783752,-0.20187430083751678,-0.08610136061906815,0.28659695386886597,-0.945239245891571,0.12244103848934174,0.532334566116333,-1.0827816724777222,0.05458741635084152,0.7330689430236816,-1.0682216882705688,-0.02253630757331848,0.895439088344574,-1.0079470872879028,-0.07467027753591537,0.2303537130355835,-0.9728692173957825,0.02150815539062023,0.5981848835945129,-1.0935320854187012,-0.05608963966369629,0.8297467827796936,-1.0166553258895874,-0.12392225116491318,0.9922406673431396,-0.8874098062515259,-0.16263550519943237,0.2151285707950592,-0.930338442325592,-0.08604937791824341,0.6015021800994873,-1.0572890043258667,-0.15513768792152405,0.8344417810440063,-0.9856564402580261,-0.18498221039772034,0.9964096546173096,-0.8695570230484009,-0.1931857019662857,0.25270405411720276,-0.8200609087944031,-0.19331637024879456,0.5774917602539062,-0.9272985458374023,-0.22791847586631775,0.752443790435791,-0.9223738312721252,-0.2211729735136032,0.880002498626709,-0.8815237283706665,-0.20890450477600098
0.0,0.0,0.0,0.0,0.0,0.0,0.0,0.0,0.0,0.0,0.0,0.0,0.0,0.0,0.0,0.0,0.0,0.0,0.0,0.0,0.0,0.0,0.0,0.0,0.0,0.0,0.0,0.0,0.0,0.0,0.0,0.0,0.0,0.0,0.0,0.0,0.0,0.0,0.0,0.0,0.0,0.0,0.0,0.0,0.0,0.0,0.0,0.0,0.0,0.0,0.0,0.0,0.0,0.0,0.0,0.0,0.0,0.0,0.0,0.0,0.0,0.0,0.0,0.0,0.0,0.0,0.3168488144874573,-0.12101827561855316,0.011971491388976574,0.5475377440452576,-0.27146491408348083,-0.021557293832302094,0.7734015583992004,-0.270852267742157,-0.09081964194774628,0.9814047813415527,-0.24441449344158173,-0.1576882004737854,0.3459209203720093,-0.9097803831100464,0.1364174783229828,0.5580861568450928,-1.0537906885147095,0.06847259402275085,0.7448112964630127,-1.0710127353668213,-0.013715690933167934,0.8972076773643494,-1.036978840827942,-0.07065311074256897,0.27118822932243347,-0.9603779315948486,0.06427408009767532,0.5540974140167236,-1.1361076831817627,0.0006352034979499876,0.7636270523071289,-1.1368509531021118,-0.06862135976552963,0.9437482357025146,-1.0921274423599243,-0.11393696814775467,0.21867422759532928,-0.9665078520774841,-0.02679564245045185,0.5393017530441284,-1.130302906036377,-0.09547032415866852,0.767130970954895,-1.1213089227676392,-0.14419062435626984,0.9544134140014648,-1.0562855005264282,-0.16829070448875427,0.19777019321918488,-0.9151196479797363,-0.12462951987981796,0.4893970191478729,-1.0277559757232666,-0.1767747551202774,0.6785975098609924,-1.0342316627502441,-0.19554777443408966,0.8429098129272461,-1.0096452236175537,-0.20079675316810608
0.0,0.0,0.0,0.0,0.0,0.0,0.0,0.0,0.0,0.0,0.0,0.0,0.0,0.0,0.0,0.0,0.0,0.0,0.0,0.0,0.0,0.0,0.0,0.0,0.0,0.0,0.0,0.0,0.0,0.0,0.0,0.0,0.0,0.0,0.0,0.0,0.0,0.0,0.0,0.0,0.0,0.0,0.0,0.0,0.0,0.0,0.0,0.0,0.0,0.0,0.0,0.0,0.0,0.0,0.0,0.0,0.0,0.0,0.0,0.0,0.0,0.0,0.0,0.0,0.0,0.0,0.3352046608924866,-0.02677188441157341,-0.04006284102797508,0.6414288878440857,-0.15461573004722595,-0.06662648171186447,0.9255595207214355,-0.14048241078853607,-0.1160343810915947,1.1472454071044922,-0.11675012856721878,-0.16087068617343903,0.5012362003326416,-0.8085126876831055,0.14334842562675476,0.7069491147994995,-0.9823514223098755,0.07409515231847763,0.8966337442398071,-1.014382243156433,-0.01693084090948105,1.0618118047714233,-1.012776255607605,-0.08036696910858154,0.42552152276039124,-0.8994630575180054,0.09948668628931046,0.6848533749580383,-1.0878725051879883,0.017916131764650345,0.9016121625900269,-1.0914759635925293,-0.07635694742202759,1.10333251953125,-1.0438705682754517,-0.13429957628250122,0.33456864953041077,-0.962943434715271,0.028125913813710213,0.6334307193756104,-1.1376649141311646,-0.07430148869752884,0.8765943050384521,-1.1310027837753296,-0.15222282707691193,1.0850584506988525,-1.057809591293335,-0.18600501120090485,0.24167101085186005,-0.9892653822898865,-0.052220072597265244,0.5536790490150452,-1.0897653102874756,-0.14378690719604492,0.777228057384491,-1.0803556442260742,-0.19239932298660278,0.9795516133308411,-1.0356651544570923,-0.21182218194007874
0.0,0.0,0.0,0.0,0.0,0.0,0.0,0.0,0.0,0.0,0.0,0.0,0.0,0.0,0.0,0.0,0.0,0.0,0.0,0.0,0.0,0.0,0.0,0.0,0.0,0.0,0.0,0.0,0.0,0.0,0.0,0.0,0.0,0.0,0.0,0.0,0.0,0.0,0.0,0.0,0.0,0.0,0.0,0.0,0.0,0.0,0.0,0.0,0.0,0.0,0.0,0.0,0.0,0.0,0.0,0.0,0.0,0.0,0.0,0.0,0.0,0.0,0.0,0.0,0.0,0.0,0.33227041363716125,-0.05403193086385727,-0.042584531009197235,0.6431838870048523,-0.2023564875125885,-0.0805511474609375,0.9068581461906433,-0.2194528430700302,-0.13786478340625763,1.1219077110290527,-0.2270723134279251,-0.19190283119678497,0.5066518783569336,-0.8307186365127563,0.09216132760047913,0.7055632472038269,-1.0482237339019775,0.010596178472042084,0.875269889831543,-1.0880337953567505,-0.08139380812644958,1.0266000032424927,-1.0788371562957764,-0.14359138906002045,0.40874162316322327,-0.9113438129425049,0.04881288856267929,0.651863157749176,-1.1679868698120117,-0.04304199665784836,0.8458359837532043,-1.1746385097503662,-0.13687287271022797,1.0173760652542114,-1.102220892906189,-0.1924971044063568,0.2936967611312866,-0.9619638323783875,-0.017224185168743134,0.569840133190155,-1.207995891571045,-0.12125442922115326,0.7886703610420227,-1.1998969316482544,-0.19239623844623566,0.9730810523033142,-1.1201385259628296,-0.22372274100780487,0.17781400680541992,-0.9716358184814453,-0.09070076048374176,0.46086782217025757,-1.1010715961456299,-0.18145009875297546,0.6591688990592957,-1.0919969081878662,-0.22363395988941193,0.8326624631881714,-1.043745994567871,-0.23939825594425201
0.0,0.0,0.0,0.0,0.0,0.0,0.0,0.0,0.0,0.0,0.0,0.0,0.0,0.0,0.0,0.0,0.0,0.0,0.0,0.0,0.0,0.0,0.0,0.0,0.0,0.0,0.0,0.0,0.0,0.0,0.0,0.0,0.0,0.0,0.0,0.0,0.0,0.0,0.0,0.0,0.0,0.0,0.0,0.0,0.0,0.0,0.0,0.0,0.0,0.0,0.0,0.0,0.0,0.0,0.0,0.0,0.0,0.0,0.0,0.0,0.0,0.0,0.0,0.0,0.0,0.0,0.3344815969467163,-0.08989550173282623,0.029945198446512222,0.5778679251670837,-0.20646274089813232,0.02280980721116066,0.8010335564613342,-0.20613546669483185,-0.022212006151676178,0.9980719685554504,-0.19678668677806854,-0.06561978161334991,0.4139549136161804,-0.8642813563346863,0.19195252656936646,0.617363691329956,-1.016919493675232,0.14480558037757874,0.8058895468711853,-1.0664141178131104,0.07041899114847183,0.9646524786949158,-1.0799527168273926,0.019670482724905014,0.3427366316318512,-0.9316949248313904,0.12031683325767517,0.6130330562591553,-1.0971424579620361,0.07022561877965927,0.8319008350372314,-1.1209837198257446,-0.00589224835857749,1.022982120513916,-1.1007217168807983,-0.05371332913637161,0.2843034863471985,-0.962832510471344,0.02943221852183342,0.599830687046051,-1.0961655378341675,-0.045135367661714554,0.8460668325424194,-1.0981810092926025,-0.11608720570802689,1.048841953277588,-1.0499895811080933,-0.148796945810318,0.24808959662914276,-0.9417513608932495,-0.06415431946516037,0.5571428537368774,-1.0399607419967651,-0.1284724324941635,0.7592729926109314,-1.0373523235321045,-0.15773868560791016,0.9328744411468506,-1.003232717514038,-0.16429680585861206
0.0,0.0,0.0,0.0,0.0,0.0,0.0,0.0,0.0,0.0,0.0,0.0,0.0,0.0,0.0,0.0,0.0,0.0,0.0,0.0,0.0,0.0,0.0,0.0,0.0,0.0,0.0,0.0,0.0,0.0,0.0,0.0,0.0,0.0,0.0,0.0,0.0,0.0,0.0,0.0,0.0,0.0,0.0,0.0,0.0,0.0,0.0,0.0,0.0,0.0,0.0,0.0,0.0,0.0,0.0,0.0,0.0,0.0,0.0,0.0,0.0,0.0,0.0,0.0,0.0,0.0,0.3384552597999573,-0.0698370486497879,0.019956551492214203,0.5917662978172302,-0.19292527437210083,0.006395670585334301,0.8214117884635925,-0.17257587611675262,-0.043461475521326065,1.0024017095565796,-0.15990525484085083,-0.09373819828033447,0.4261853098869324,-0.8520171046257019,0.170961394906044,0.652505099773407,-1.0099726915359497,0.10791026800870895,0.8574148416519165,-1.0401785373687744,0.02329176478087902,1.026567816734314,-1.0315873622894287,-0.03637344390153885,0.355859637260437,-0.9296743869781494,0.09523382782936096,0.6520748138427734,-1.1219440698623657,0.026278680190443993,0.8816273212432861,-1.1306315660476685,-0.060386642813682556,1.075247883796692,-1.0809099674224854,-0.11507497727870941,0.28679323196411133,-0.9627870917320251,-0.0009468077914789319,0.6066838502883911,-1.153318166732788,-0.08198624849319458,0.8562741279602051,-1.131735920906067,-0.1510414034128189,1.0579153299331665,-1.0584678649902344,-0.18523792922496796,0.23034246265888214,-0.9418522715568542,-0.10152240097522736,0.5314213037490845,-1.06447172164917,-0.17104344069957733,0.7369787096977234,-1.0523937940597534,-0.2062286138534546,0.9161851406097412,-1.0092018842697144,-0.2212490737438202
0.0,0.0,0.0,0.0,0.0,0.0,0.0,0.0,0.0,0.0,0.0,0.0,0.0,0.0,0.0,0.0,0.0,0.0,0.0,0.0,0.0,0.0,0.0,0.0,0.0,0.0,0.0,0.0,0.0,0.0,0.0,0.0,0.0,0.0,0.0,0.0,0.0,0.0,0.0,0.0,0.0,0.0,0.0,0.0,0.0,0.0,0.0,0.0,0.0,0.0,0.0,0.0,0.0,0.0,0.0,0.0,0.0,0.0,0.0,0.0,0.0,0.0,0.0,0.0,0.0,0.0,0.4091671407222748,0.02279522828757763,0.014097531326115131,0.7031856179237366,-0.057837530970573425,0.04349289461970329,0.9705390334129333,-0.045059122145175934,0.032655246555805206,1.1834050416946411,-0.02385098859667778,0.020927658304572105,0.6006207466125488,-0.6661605834960938,0.3008263111114502,0.8447524905204773,-0.8238160014152527,0.27117669582366943,1.0479804277420044,-0.866688072681427,0.19095970690250397,1.228473424911499,-0.8871334791183472,0.1333545744419098,0.5353471636772156,-0.8104591965675354,0.23782214522361755,0.8325523138046265,-1.0134103298187256,0.20205268263816833,1.0539168119430542,-1.051369071006775,0.10684879869222641,1.2719018459320068,-1.0255144834518433,0.040781110525131226,0.4424271583557129,-0.9415115118026733,0.14204208552837372,0.7638247609138489,-1.165877342224121,0.0666450783610344,1.0094050168991089,-1.1771132946014404,-0.030027223750948906,1.2278857231140137,-1.1140788793563843,-0.08110976219177246,0.32931089401245117,-1.0595457553863525,0.040906526148319244,0.6668458580970764,-1.213765263557434,-0.03371424600481987,0.8962869644165039,-1.19733464717865,-0.08276183903217316,1.1080232858657837,-1.1209933757781982,-0.10595231503248215
0.0,0.0,0.0,0.0,0.0,0.0,0.0,0.0,0.0,0.0,0.0,0.0,0.0,0.0,0.0,0.0,0.0,0.0,0.0,0.0,0.0,0.0,0.0,0.0,0.0,0.0,0.0,0.0,0.0,0.0,0.0,0.0,0.0,0.0,0.0,0.0,0.0,0.0,0.0,0.0,0.0,0.0,0.0,0.0,0.0,0.0,0.0,0.0,0.0,0.0,0.0,0.0,0.0,0.0,0.0,0.0,0.0,0.0,0.0,0.0,0.0,0.0,0.0,0.0,0.0,0.0,0.35081854462623596,-0.0670277550816536,-0.0007912916480563581,0.6336224675178528,-0.21510711312294006,-0.017239175736904144,0.9027526378631592,-0.21866263449192047,-0.0674986019730568,1.1269081830978394,-0.1880367398262024,-0.11638639122247696,0.4408533275127411,-0.8364442586898804,0.19189061224460602,0.6406785249710083,-1.0050220489501953,0.13404077291488647,0.8262585997581482,-1.0454585552215576,0.048020560294389725,0.9871015548706055,-1.0519071817398071,-0.014473128132522106,0.36313295364379883,-0.9232231974601746,0.1256715953350067,0.6282386779785156,-1.1364669799804688,0.050724904984235764,0.8425397872924805,-1.1517093181610107,-0.04496082663536072,1.0369240045547485,-1.1072040796279907,-0.10292555391788483,0.27736368775367737,-0.9750919342041016,0.03433382511138916,0.5812957882881165,-1.1743898391723633,-0.062122806906700134,0.8371229767799377,-1.1700164079666138,-0.1454155296087265,1.0542347431182861,-1.0988717079162598,-0.18373049795627594,0.20013228058815002,-0.9791670441627502,-0.0627811923623085,0.5086778998374939,-1.10403573513031,-0.14903518557548523,0.7292301654815674,-1.0944132804870605,-0.1987956017255783,0.9291380643844604,-1.0475988388061523,-0.22070389986038208
0.0,0.0,0.0,0.0,0.0,0.0,0.0,0.0,0.0,0.0,0.0,0.0,0.0,0.0,0.0,0.0,0.0,0.0,0.0,0.0,0.0,0.0,0.0,0.0,0.0,0.0,0.0,0.0,0.0,0.0,0.0,0.0,0.0,0.0,0.0,0.0,0.0,0.0,0.0,0.0,0.0,0.0,0.0,0.0,0.0,0.0,0.0,0.0,0.0,0.0,0.0,0.0,0.0,0.0,0.0,0.0,0.0,0.0,0.0,0.0,0.0,0.0,0.0,0.0,0.0,0.0,0.3057933747768402,-0.12094764411449432,-0.020065000280737877,0.5810251832008362,-0.28981858491897583,-0.06580433249473572,0.8194906115531921,-0.32205355167388916,-0.13309897482395172,1.032845139503479,-0.30445441603660583,-0.19675885140895844,0.3619801104068756,-0.9128832221031189,0.06576631218194962,0.5679956674575806,-1.0756738185882568,-0.014208062551915646,0.7373251914978027,-1.0772079229354858,-0.10164486616849899,0.8769184350967407,-1.0407663583755493,-0.16257217526435852,0.26562732458114624,-0.96397864818573,0.013686847873032093,0.5450488328933716,-1.1448032855987549,-0.07738681882619858,0.73600834608078,-1.1178512573242188,-0.16033005714416504,0.8914002180099487,-1.0346157550811768,-0.2080966830253601,0.178709015250206,-0.9646610617637634,-0.053448330610990524,0.48806169629096985,-1.1238871812820435,-0.14054542779922485,0.6941627860069275,-1.1021989583969116,-0.19358660280704498,0.8623809814453125,-1.0305603742599487,-0.21604202687740326,0.11364805698394775,-0.9023396968841553,-0.12739312648773193,0.40573209524154663,-0.9848430752754211,-0.19533520936965942,0.5856923460960388,-0.9843460917472839,-0.22310364246368408,0.7409781813621521,-0.9636872410774231,-0.23107607662677765
0.0,0.0,0.0,0.0,0.0,0.0,0.0,0.0,0.0,0.0,0.0,0.0,0.0,0.0,0.0,0.0,0.0,0.0,0.0,0.0,0.0,0.0,0.0,0.0,0.0,0.0,0.0,0.0,0.0,0.0,0.0,0.0,0.0,0.0,0.0,0.0,0.0,0.0,0.0,0.0,0.0,0.0,0.0,0.0,0.0,0.0,0.0,0.0,0.0,0.0,0.0,0.0,0.0,0.0,0.0,0.0,0.0,0.0,0.0,0.0,0.0,0.0,0.0,0.0,0.0,0.0,0.32353276014328003,-0.12355802208185196,0.07437288761138916,0.5292428135871887,-0.26363301277160645,0.05843085050582886,0.7212733626365662,-0.2785005271434784,0.0008034004713408649,0.9023723006248474,-0.3007340431213379,-0.05770685151219368,0.2519727945327759,-0.9446057081222534,0.13848400115966797,0.5241407155990601,-1.069627285003662,0.09317892044782639,0.7209662199020386,-1.0670921802520752,0.030285924673080444,0.86821049451828,-1.0219051837921143,-0.0148030836135149,0.2016511857509613,-0.9784358143806458,0.04472336173057556,0.5692563652992249,-1.1076229810714722,0.01385908666998148,0.7690394520759583,-1.0749188661575317,-0.02990228869020939,0.9168383479118347,-1.006843090057373,-0.06366124749183655,0.20013582706451416,-0.9389724731445312,-0.055928975343704224,0.5704763531684875,-1.0661449432373047,-0.08221470564603806,0.7800054550170898,-1.0382318496704102,-0.0958283394575119,0.9298593997955322,-0.966269850730896,-0.10670776665210724,0.24555660784244537,-0.830202043056488,-0.15840376913547516,0.5427966713905334,-0.9387832880020142,-0.1698468178510666,0.7162455320358276,-0.9512701034545898,-0.1565132588148117,0.8517700433731079,-0.9294074177742004,-0.1462155431509018
0.0,0.0,0.0,0.0,0.0,0.0,0.0,0.0,0.0,0.0,0.0,0.0,0.0,0.0,0.0,0.0,0.0,0.0,0.0,0.0,0.0,0.0,0.0,0.0,0.0,0.0,0.0,0.0,0.0,0.0,0.0,0.0,0.0,0.0,0.0,0.0,0.0,0.0,0.0,0.0,0.0,0.0,0.0,0.0,0.0,0.0,0.0,0.0,0.0,0.0,0.0,0.0,0.0,0.0,0.0,0.0,0.0,0.0,0.0,0.0,0.0,0.0,0.0,0.0,0.0,0.0,0.3160772919654846,-0.08420676738023758,0.054881829768419266,0.5553835034370422,-0.2360856533050537,0.051057856529951096,0.7680361270904541,-0.2416418343782425,0.007963452488183975,0.9719469547271729,-0.2158721536397934,-0.03427258878946304,0.36366990208625793,-0.8908699750900269,0.18251797556877136,0.607249915599823,-1.0002325773239136,0.14507219195365906,0.807475745677948,-1.022186279296875,0.08287478983402252,0.9614105820655823,-0.9977461099624634,0.038205187767744064,0.29790499806404114,-0.9494664072990417,0.0988239198923111,0.6098687052726746,-1.090279459953308,0.06788749247789383,0.8281846642494202,-1.0947970151901245,0.01651943102478981,1.0059090852737427,-1.0468982458114624,-0.020636344328522682,0.26102107763290405,-0.9503066539764404,0.0008193121757358313,0.6120890974998474,-1.0793818235397339,-0.04176968336105347,0.8412169814109802,-1.0545672178268433,-0.07701366394758224,1.0185002088546753,-0.9801734685897827,-0.09700663387775421,0.2627674639225006,-0.891502320766449,-0.10032378882169724,0.5734957456588745,-0.9773778915405273,-0.13676729798316956,0.7654146552085876,-0.9657796025276184,-0.14565743505954742,0.9227897524833679,-0.9277333617210388,-0.14615748822689056
0.0,0.0,0.0,0.0,0.0,0.0,0.0,0.0,0.0,0.0,0.0,0.0,0.0,0.0,0.0,0.0,0.0,0.0,0.0,0.0,0.0,0.0,0.0,0.0,0.0,0.0,0.0,0.0,0.0,0.0,0.0,0.0,0.0,0.0,0.0,0.0,0.0,0.0,0.0,0.0,0.0,0.0,0.0,0.0,0.0,0.0,0.0,0.0,0.0,0.0,0.0,0.0,0.0,0.0,0.0,0.0,0.0,0.0,0.0,0.0,0.0,0.0,0.0,0.0,0.0,0.0,0.3579866886138916,-0.022599250078201294,-0.011513464152812958,0.6612314581871033,-0.14108885824680328,-0.02610006183385849,0.9199858903884888,-0.13533741235733032,-0.07170698791742325,1.1250278949737549,-0.09865351766347885,-0.11290671676397324,0.5361039638519287,-0.7964539527893066,0.16531118750572205,0.7482731938362122,-0.9882400631904602,0.09793773293495178,0.9385424256324768,-1.0014770030975342,0.01140142697840929,1.0986456871032715,-0.9779684543609619,-0.04772065579891205,0.46109095215797424,-0.8809548616409302,0.10636582970619202,0.7287784814834595,-1.091196894645691,0.02548353374004364,0.9403111338615417,-1.087876558303833,-0.06772960722446442,1.123795986175537,-1.0299115180969238,-0.12398143112659454,0.38158127665519714,-0.9425004720687866,0.021758774295449257,0.6875587701797485,-1.1084749698638916,-0.07771974056959152,0.9402766823768616,-1.0857268571853638,-0.15928666293621063,1.1439658403396606,-0.9995512366294861,-0.19553756713867188,0.3077818751335144,-0.9726048707962036,-0.06957610696554184,0.6273040175437927,-1.0579285621643066,-0.153286874294281,0.8516056537628174,-1.0320414304733276,-0.20180827379226685,1.0500670671463013,-0.9763049483299255,-0.2226087599992752
0.0,0.0,0.0,0.0,0.0,0.0,0.0,0.0,0.0,0.0,0.0,0.0,0.0,0.0,0.0,0.0,0.0,0.0,0.0,0.0,0.0,0.0,0.0,0.0,0.0,0.0,0.0,0.0,0.0,0.0,0.0,0.0,0.0,0.0,0.0,0.0,0.0,0.0,0.0,0.0,0.0,0.0,0.0,0.0,0.0,0.0,0.0,0.0,0.0,0.0,0.0,0.0,0.0,0.0,0.0,0.0,0.0,0.0,0.0,0.0,0.0,0.0,0.0,0.0,0.0,0.0,0.35510894656181335,-0.035009950399398804,-0.01824740320444107,0.6623446941375732,-0.1799212396144867,-0.03723903000354767,0.9358018040657043,-0.19175834953784943,-0.08562377095222473,1.1538379192352295,-0.17200496792793274,-0.13171641528606415,0.5226784944534302,-0.8044618368148804,0.15552669763565063,0.7191663980484009,-1.0010120868682861,0.08536810427904129,0.9014268517494202,-1.0341436862945557,-0.0037942363414913416,1.0568479299545288,-1.0142266750335693,-0.0644744411110878,0.4447289705276489,-0.8901646137237549,0.09911168366670609,0.6917842626571655,-1.1184455156326294,0.013414154760539532,0.898608922958374,-1.116040825843811,-0.08311904966831207,1.0778651237487793,-1.0298888683319092,-0.13917556405067444,0.35250839591026306,-0.9508800506591797,0.017788637429475784,0.6419472098350525,-1.1606428623199463,-0.08353070914745331,0.8795425891876221,-1.1356756687164307,-0.161545529961586,1.0707014799118042,-1.0281633138656616,-0.19453218579292297,0.2614368200302124,-0.9761885404586792,-0.07046148180961609,0.5671302080154419,-1.093407392501831,-0.15706545114517212,0.7799291014671326,-1.0728425979614258,-0.2021183967590332,0.9609749913215637,-1.0042974948883057,-0.21935181319713593
0.0,0.0,0.0,0.0,0.0,0.0,0.0,0.0,0.0,0.0,0.0,0.0,0.0,0.0,0.0,0.0,0.0,0.0,0.0,0.0,0.0,0.0,0.0,0.0,0.0,0.0,0.0,0.0,0.0,0.0,0.0,0.0,0.0,0.0,0.0,0.0,0.0,0.0,0.0,0.0,0.0,0.0,0.0,0.0,0.0,0.0,0.0,0.0,0.0,0.0,0.0,0.0,0.0,0.0,0.0,0.0,0.0,0.0,0.0,0.0,0.0,0.0,0.0,0.0,0.0,0.0,0.31165221333503723,-0.12420375645160675,0.005540056619793177,0.5375782251358032,-0.2626146972179413,-0.0522933192551136,0.7519638538360596,-0.2761431038379669,-0.1366375833749771,0.9575306177139282,-0.27726221084594727,-0.21766796708106995,0.27269095182418823,-0.9596925377845764,0.037882670760154724,0.554963231086731,-1.0520485639572144,-0.046431124210357666,0.7449523210525513,-1.0394337177276611,-0.12722989916801453,0.8884103298187256,-0.9944471120834351,-0.1817680299282074,0.20185653865337372,-0.978912889957428,-0.03136005625128746,0.5580133199691772,-1.0883221626281738,-0.10638035833835602,0.7600598335266113,-1.0529011487960815,-0.16454912722110748,0.9180103540420532,-0.9964882135391235,-0.20203107595443726,0.16917192935943604,-0.9231887459754944,-0.11093873530626297,0.5329902768135071,-1.0300642251968384,-0.18545281887054443,0.7507354617118835,-0.9936883449554443,-0.21582786738872528,0.9186369776725769,-0.9331189393997192,-0.22820191085338593,0.18330161273479462,-0.7937710881233215,-0.1947142630815506,0.4840736389160156,-0.882911205291748,-0.24459443986415863,0.6615012884140015,-0.886440098285675,-0.24831058084964752,0.8071203231811523,-0.872361958026886,-0.24325408041477203
0.0,0.0,0.0,0.0,0.0,0.0,0.0,0.0,0.0,0.0,0.0,0.0,0.0,0.0,0.0,0.0,0.0,0.0,0.0,0.0,0.0,0.0,0.0,0.0,0.0,0.0,0.0,0.0,0.0,0.0,0.0,0.0,0.0,0.0,0.0,0.0,0.0,0.0,0.0,0.0,0.0,0.0,0.0,0.0,0.0,0.0,0.0,0.0,0.0,0.0,0.0,0.0,0.0,0.0,0.0,0.0,0.0,0.0,0.0,0.0,0.0,0.0,0.0,0.0,0.0,0.0,0.34893369674682617,-0.058328717947006226,0.11064016819000244,0.591437578201294,-0.1860204041004181,0.13589847087860107,0.8213009834289551,-0.17564769089221954,0.10664091259241104,1.0331287384033203,-0.14014431834220886,0.0747019425034523,0.3636845350265503,-0.8575394749641418,0.2783805727958679,0.6015332341194153,-0.9779200553894043,0.2704801857471466,0.8102995753288269,-0.997443675994873,0.22410926222801208,0.9722548127174377,-0.9639326333999634,0.18804967403411865,0.3172926604747772,-0.9332756400108337,0.16829127073287964,0.6457061171531677,-1.0632140636444092,0.16588494181632996,0.8799431324005127,-1.051152229309082,0.12515884637832642,1.0644418001174927,-0.9844344854354858,0.09268668293952942,0.303000807762146,-0.9512821435928345,0.04336763545870781,0.6702519655227661,-1.0629981756210327,0.015154276043176651,0.922631025314331,-1.029302716255188,-0.021708091720938683,1.1107951402664185,-0.9394849538803101,-0.04388262331485748,0.33026549220085144,-0.9215497374534607,-0.08099348098039627,0.6475485563278198,-1.000401258468628,-0.11265497654676437,0.8497565984725952,-0.9745287895202637,-0.1224852204322815,1.014848232269287,-0.9164711236953735,-0.12390730530023575
0.0,0.0,0.0,0.0,0.0,0.0,0.0,0.0,0.0,0.0,0.0,0.0,0.0,0.0,0.0,0.0,0.0,0.0,0.0,0.0,0.0,0.0,0.0,0.0,0.0,0.0,0.0,0.0,0.0,0.0,0.0,0.0,0.0,0.0,0.0,0.0,0.0,0.0,0.0,0.0,0.0,0.0,0.0,0.0,0.0,0.0,0.0,0.0,0.0,0.0,0.0,0.0,0.0,0.0,0.0,0.0,0.0,0.0,0.0,0.0,0.0,0.0,0.0,0.0,0.0,0.0,0.3515812158584595,-0.01148106250911951,-0.044193826615810394,0.6703994870185852,-0.13617172837257385,-0.0676911473274231,0.9553616046905518,-0.13384410738945007,-0.11258143186569214,1.1821411848068237,-0.11376791447401047,-0.15480837225914001,0.5508416295051575,-0.7749784588813782,0.13801367580890656,0.7652128338813782,-0.9683271646499634,0.06540552526712418,0.9548172950744629,-1.0125783681869507,-0.027496274560689926,1.1235705614089966,-1.025618314743042,-0.0915536880493164,0.4742734730243683,-0.8752182126045227,0.09517212957143784,0.730072021484375,-1.0929170846939087,0.0140386326238513,0.9440409541130066,-1.110834002494812,-0.08155107498168945,1.1469836235046387,-1.0698151588439941,-0.14115215837955475,0.37547558546066284,-0.9533683657646179,0.024685833603143692,0.6633872985839844,-1.1627274751663208,-0.07863308489322662,0.9080595970153809,-1.1670325994491577,-0.15845127403736115,1.1217328310012817,-1.1040464639663696,-0.19395485520362854,0.2670215964317322,-1.005634069442749,-0.05459074303507805,0.5651750564575195,-1.139453649520874,-0.147229865193367,0.7861497402191162,-1.132736086845398,-0.19392290711402893,0.9858722686767578,-1.0832898616790771,-0.21223454177379608
0.0,0.0,0.0,0.0,0.0,0.0,0.0,0.0,0.0,0.0,0.0,0.0,0.0,0.0,0.0,0.0,0.0,0.0,0.0,0.0,0.0,0.0,0.0,0.0,0.0,0.0,0.0,0.0,0.0,0.0,0.0,0.0,0.0,0.0,0.0,0.0,0.0,0.0,0.0,0.0,0.0,0.0,0.0,0.0,0.0,0.0,0.0,0.0,0.0,0.0,0.0,0.0,0.0,0.0,0.0,0.0,0.0,0.0,0.0,0.0,0.0,0.0,0.0,0.0,0.0,0.0,0.3133564889431,-0.07080864161252975,-0.020290987566113472,0.6088869571685791,-0.23412711918354034,-0.053031910210847855,0.8565019369125366,-0.26608166098594666,-0.10757417976856232,1.0714656114578247,-0.2296171635389328,-0.15857698023319244,0.4299997091293335,-0.8852683901786804,0.08303330838680267,0.6170807480812073,-1.0480823516845703,0.00017992814537137747,0.794284999370575,-1.0646246671676636,-0.08939044922590256,0.943442702293396,-1.0297297239303589,-0.14880326390266418,0.33676180243492126,-0.9410489797592163,0.03191124275326729,0.5909391641616821,-1.1234315633773804,-0.05573730915784836,0.7879448533058167,-1.1104167699813843,-0.1377679854631424,0.9556338787078857,-1.0362211465835571,-0.18604646623134613,0.2528056800365448,-0.9513474702835083,-0.03707762435078621,0.5495172739028931,-1.0963339805603027,-0.13139981031417847,0.7715033888816833,-1.0775766372680664,-0.18863435089588165,0.9553803205490112,-0.9952422976493835,-0.2116914838552475,0.1852187067270279,-0.9060786366462708,-0.11270390450954437,0.4769511818885803,-0.9961587190628052,-0.18912126123905182,0.6693652272224426,-0.9931798577308655,-0.2193106710910797,0.8344560265541077,-0.955757737159729,-0.22728483378887177
0.0,0.0,0.0,0.0,0.0,0.0,0.0,0.0,0.0,0.0,0.0,0.0,0.0,0.0,0.0,0.0,0.0,0.0,0.0,0.0,0.0,0.0,0.0,0.0,0.0,0.0,0.0,0.0,0.0,0.0,0.0,0.0,0.0,0.0,0.0,0.0,0.0,0.0,0.0,0.0,0.0,0.0,0.0,0.0,0.0,0.0,0.0,0.0,0.0,0.0,0.0,0.0,0.0,0.0,0.0,0.0,0.0,0.0,0.0,0.0,0.0,0.0,0.0,0.0,0.0,0.0,0.35326477885246277,-0.07053449749946594,0.08100776374340057,0.5857526659965515,-0.18818946182727814,0.07157441228628159,0.7926158308982849,-0.18702131509780884,0.01685842126607895,0.9842770099639893,-0.20043492317199707,-0.03634646534919739,0.30867627263069153,-0.9100507497787476,0.16688477993011475,0.5806955695152283,-1.0092536211013794,0.12220633029937744,0.7906438708305359,-0.9940640926361084,0.06054050847887993,0.9554735422134399,-0.9391456842422485,0.015592136420309544,0.2632904648780823,-0.9622278809547424,0.0692501813173294,0.6148287057876587,-1.0462722778320312,0.028339270502328873,0.8224998712539673,-0.9859033226966858,-0.010830095037817955,0.9761780500411987,-0.8926712870597839,-0.03809073194861412,0.26354464888572693,-0.9383184909820557,-0.0385952964425087,0.6429689526557922,-1.0378286838531494,-0.08215118944644928,0.8683853149414062,-1.0002683401107788,-0.09494464099407196,1.0317115783691406,-0.9258872866630554,-0.0999549850821495,0.31430262327194214,-0.8411731719970703,-0.14708219468593597,0.6360737085342407,-0.9257700443267822,-0.1727737933397293,0.8234156370162964,-0.9234199523925781,-0.16133998334407806,0.9711663722991943,-0.8903225064277649,-0.1489936262369156
0.0,0.0,0.0,0.0,0.0,0.0,0.0,0.0,0.0,0.0,0.0,0.0,0.0,0.0,0.0,0.0,0.0,0.0,0.0,0.0,0.0,0.0,0.0,0.0,0.0,0.0,0.0,0.0,0.0,0.0,0.0,0.0,0.0,0.0,0.0,0.0,0.0,0.0,0.0,0.0,0.0,0.0,0.0,0.0,0.0,0.0,0.0,0.0,0.0,0.0,0.0,0.0,0.0,0.0,0.0,0.0,0.0,0.0,0.0,0.0,0.0,0.0,0.0,0.0,0.0,0.0,0.3395787179470062,-0.08603553473949432,0.04629632458090782,0.550199568271637,-0.23407486081123352,0.020915498957037926,0.7334322333335876,-0.26440703868865967,-0.03613246977329254,0.9109259247779846,-0.24575313925743103,-0.09037432819604874,0.27673473954200745,-0.9609442353248596,0.08785317838191986,0.587833821773529,-1.027963399887085,0.020636266097426414,0.7989035248756409,-0.9901431202888489,-0.05871082842350006,0.966200053691864,-0.9181914329528809,-0.11651820689439774,0.22923396527767181,-0.9733694791793823,0.0019120731158182025,0.6108204126358032,-1.0686051845550537,-0.0619652159512043,0.8396732211112976,-1.0012245178222656,-0.12328198552131653,1.0176352262496948,-0.8938922882080078,-0.16568076610565186,0.22644320130348206,-0.9096680879592896,-0.09039435535669327,0.6110409498214722,-1.0186052322387695,-0.14846159517765045,0.8444311618804932,-0.9743193984031677,-0.17675937712192535,1.0149614810943604,-0.8960639238357544,-0.1925172358751297,0.27286669611930847,-0.7777778506278992,-0.18477018177509308,0.58772873878479,-0.8665481805801392,-0.2201927751302719,0.7628500461578369,-0.8741009831428528,-0.21887719631195068,0.8976608514785767,-0.860478937625885,-0.21418434381484985
0.0,0.0,0.0,0.0,0.0,0.0,0.0,0.0,0.0,0.0,0.0,0.0,0.0,0.0,0.0,0.0,0.0,0.0,0.0,0.0,0.0,0.0,0.0,0.0,0.0,0.0,0.0,0.0,0.0,0.0,0.0,0.0,0.0,0.0,0.0,0.0,0.0,0.0,0.0,0.0,0.0,0.0,0.0,0.0,0.0,0.0,0.0,0.0,0.0,0.0,0.0,0.0,0.0,0.0,0.0,0.0,0.0,0.0,0.0,0.0,0.0,0.0,0.0,0.0,0.0,0.0,0.30346623063087463,-0.10843895375728607,0.007390884682536125,0.5454438328742981,-0.2622027099132538,-0.03346243500709534,0.7771666646003723,-0.272635281085968,-0.0999850183725357,0.9774322509765625,-0.24411049485206604,-0.16215954720973969,0.3074164092540741,-0.9404257535934448,0.06765694171190262,0.5541054010391235,-1.0443675518035889,-0.009344344958662987,0.748894989490509,-1.0310957431793213,-0.09256749600172043,0.9045316576957703,-0.9747427105903625,-0.14953142404556274,0.23708967864513397,-0.971486508846283,0.0015524488408118486,0.5474146604537964,-1.0687754154205322,-0.06402827054262161,0.7577093839645386,-1.039294719696045,-0.12425164878368378,0.932845413684845,-0.9829002022743225,-0.16553020477294922,0.20010288059711456,-0.9321093559265137,-0.0768921971321106,0.5336098074913025,-1.0259416103363037,-0.14396744966506958,0.7582051753997803,-1.002348780632019,-0.1782861202955246,0.9412902593612671,-0.9436760544776917,-0.19469477236270905,0.20430056750774384,-0.8194619417190552,-0.1609136015176773,0.4884592890739441,-0.8973339796066284,-0.20341724157333374,0.6596126556396484,-0.9070983529090881,-0.2072967141866684,0.8014349937438965,-0.8948531746864319,-0.20344890654087067
0.0,0.0,0.0,0.0,0.0,0.0,0.0,0.0,0.0,0.0,0.0,0.0,0.0,0.0,0.0,0.0,0.0,0.0,0.0,0.0,0.0,0.0,0.0,0.0,0.0,0.0,0.0,0.0,0.0,0.0,0.0,0.0,0.0,0.0,0.0,0.0,0.0,0.0,0.0,0.0,0.0,0.0,0.0,0.0,0.0,0.0,0.0,0.0,0.0,0.0,0.0,0.0,0.0,0.0,0.0,0.0,0.0,0.0,0.0,0.0,0.0,0.0,0.0,0.0,0.0,0.0,0.3646544814109802,-0.07871056348085403,0.009289221838116646,0.6541537642478943,-0.21631081402301788,0.0035117226652801037,0.90561443567276,-0.21983346343040466,-0.039331309497356415,1.1115553379058838,-0.22004079818725586,-0.07970302551984787,0.47930097579956055,-0.8211227059364319,0.20796965062618256,0.6705688834190369,-1.0279191732406616,0.15661144256591797,0.8464826345443726,-1.066771388053894,0.07759512215852737,1.0030348300933838,-1.0687870979309082,0.0217564906924963,0.4079846143722534,-0.9022833704948425,0.13940322399139404,0.654714822769165,-1.1409765481948853,0.07360394299030304,0.8661338090896606,-1.1681883335113525,-0.017660222947597504,1.0590765476226807,-1.1255065202713013,-0.07608587294816971,0.32344141602516174,-0.9632255434989929,0.045181091874837875,0.6214918494224548,-1.16904878616333,-0.043578166514635086,0.8705443143844604,-1.162423849105835,-0.12634901702404022,1.0769624710083008,-1.0910687446594238,-0.16750136017799377,0.2350301593542099,-0.9972167611122131,-0.05386378616094589,0.5426768064498901,-1.1184064149856567,-0.13302290439605713,0.7624729871749878,-1.1041241884231567,-0.18029257655143738,0.959997296333313,-1.0615503787994385,-0.20251856744289398
0.0,0.0,0.0,0.0,0.0,0.0,0.0,0.0,0.0,0.0,0.0,0.0,0.0,0.0,0.0,0.0,0.0,0.0,0.0,0.0,0.0,0.0,0.0,0.0,0.0,0.0,0.0,0.0,0.0,0.0,0.0,0.0,0.0,0.0,0.0,0.0,0.0,0.0,0.0,0.0,0.0,0.0,0.0,0.0,0.0,0.0,0.0,0.0,0.0,0.0,0.0,0.0,0.0,0.0,0.0,0.0,0.0,0.0,0.0,0.0,0.0,0.0,0.0,0.0,0.0,0.0,0.4027448892593384,0.029274163767695427,-0.023942699655890465,0.7380524277687073,-0.06521524488925934,-0.025992410257458687,1.0294548273086548,-0.04686036333441734,-0.05690721422433853,1.2591925859451294,-0.03751474991440773,-0.08722871541976929,0.6441351175308228,-0.6943079829216003,0.20712433755397797,0.8877356648445129,-0.866249144077301,0.1483784317970276,1.0830332040786743,-0.9156511425971985,0.05605491250753403,1.258512258529663,-0.9451941251754761,-0.010933675803244114,0.5687629580497742,-0.8085061311721802,0.15108472108840942,0.8565704822540283,-1.0038851499557495,0.08558863401412964,1.0766966342926025,-1.0370008945465088,-0.019031208008527756,1.2922546863555908,-1.0168993473052979,-0.0920635387301445,0.463611364364624,-0.9148657321929932,0.0636596754193306,0.7799050211906433,-1.1144046783447266,-0.03207213431596756,1.0202242136001587,-1.1246163845062256,-0.12498008459806442,1.2311697006225586,-1.0762057304382324,-0.1752365529537201,0.340937077999115,-1.0122100114822388,-0.03176635876297951,0.6478017568588257,-1.1463907957077026,-0.1234479546546936,0.8591736555099487,-1.1240718364715576,-0.1760416030883789,1.0469005107879639,-1.054377794265747,-0.20311902463436127
0.0,0.0,0.0,0.0,0.0,0.0,0.0,0.0,0.0,0.0,0.0,0.0,0.0,0.0,0.0,0.0,0.0,0.0,0.0,0.0,0.0,0.0,0.0,0.0,0.0,0.0,0.0,0.0,0.0,0.0,0.0,0.0,0.0,0.0,0.0,0.0,0.0,0.0,0.0,0.0,0.0,0.0,0.0,0.0,0.0,0.0,0.0,0.0,0.0,0.0,0.0,0.0,0.0,0.0,0.0,0.0,0.0,0.0,0.0,0.0,0.0,0.0,0.0,0.0,0.0,0.0,0.3640127182006836,-0.024486161768436432,-0.025685057044029236,0.6688998937606812,-0.16126804053783417,-0.03055705688893795,0.9426240921020508,-0.1725475937128067,-0.06196195259690285,1.154959797859192,-0.16360417008399963,-0.09011419117450714,0.5391285419464111,-0.7816465497016907,0.182837575674057,0.7406315207481384,-0.9663647413253784,0.1249285563826561,0.9227625131607056,-1.0164377689361572,0.03715285286307335,1.0846936702728271,-1.0352579355239868,-0.024398287758231163,0.46435388922691345,-0.8753635287284851,0.13458895683288574,0.7103840708732605,-1.0806554555892944,0.06617093831300735,0.9126968383789062,-1.1083043813705444,-0.02897518128156662,1.1120448112487793,-1.0816055536270142,-0.08896828442811966,0.37205931544303894,-0.9500579237937927,0.058093857020139694,0.6509702205657959,-1.145971655845642,-0.033608753234148026,0.8835535645484924,-1.1556322574615479,-0.11546635627746582,1.0886116027832031,-1.0980945825576782,-0.15283523499965668,0.2754817008972168,-1.002720832824707,-0.02689758874475956,0.5784101486206055,-1.1400827169418335,-0.10900099575519562,0.7925334572792053,-1.1392505168914795,-0.15510763227939606,0.9874122738838196,-1.0892504453659058,-0.1740001142024994
0.0,0.0,0.0,0.0,0.0,0.0,0.0,0.0,0.0,0.0,0.0,0.0,0.0,0.0,0.0,0.0,0.0,0.0,0.0,0.0,0.0,0.0,0.0,0.0,0.0,0.0,0.0,0.0,0.0,0.0,0.0,0.0,0.0,0.0,0.0,0.0,0.0,0.0,0.0,0.0,0.0,0.0,0.0,0.0,0.0,0.0,0.0,0.0,0.0,0.0,0.0,0.0,0.0,0.0,0.0,0.0,0.0,0.0,0.0,0.0,0.0,0.0,0.0,0.0,0.0,0.0,0.35332003235816956,-0.08995743095874786,0.008268564939498901,0.6267182230949402,-0.23130656778812408,-0.006734365597367287,0.8707566857337952,-0.25743502378463745,-0.055947624146938324,1.0698081254959106,-0.27081403136253357,-0.10374020785093307,0.48605185747146606,-0.8330608010292053,0.14780215919017792,0.6899982690811157,-1.0063518285751343,0.07082153111696243,0.8736825585365295,-1.0154368877410889,-0.017221571877598763,1.0268043279647827,-0.989139974117279,-0.07667669653892517,0.40405434370040894,-0.9110866189002991,0.0816163495182991,0.6702269911766052,-1.099591851234436,-0.008747256360948086,0.876773476600647,-1.0862408876419067,-0.09667568653821945,1.051222324371338,-1.0217849016189575,-0.1479341983795166,0.3192836046218872,-0.9511627554893494,-0.005864191800355911,0.6290693283081055,-1.1136744022369385,-0.10913144052028656,0.8647036552429199,-1.0875680446624756,-0.18041077256202698,1.0575499534606934,-1.0087155103683472,-0.21081547439098358,0.23997579514980316,-0.9437076449394226,-0.09722787141799927,0.5490389466285706,-1.0386213064193726,-0.18055608868598938,0.7513759136199951,-1.0198264122009277,-0.2201656550168991,0.9271329045295715,-0.9766592383384705,-0.23518596589565277
0.0,0.0,0.0,0.0,0.0,0.0,0.0,0.0,0.0,0.0,0.0,0.0,0.0,0.0,0.0,0.0,0.0,0.0,0.0,0.0,0.0,0.0,0.0,0.0,0.0,0.0,0.0,0.0,0.0,0.0,0.0,0.0,0.0,0.0,0.0,0.0,0.0,0.0,0.0,0.0,0.0,0.0,0.0,0.0,0.0,0.0,0.0,0.0,0.0,0.0,0.0,0.0,0.0,0.0,0.0,0.0,0.0,0.0,0.0,0.0,0.0,0.0,0.0,0.0,0.0,0.0,0.3551340699195862,-0.04535568878054619,0.05869504064321518,0.6165816783905029,-0.16714660823345184,0.06497370451688766,0.8612924218177795,-0.18109774589538574,0.022601420059800148,1.0667591094970703,-0.17973202466964722,-0.018791088834404945,0.37793171405792236,-0.8291712403297424,0.26575803756713867,0.5940456390380859,-0.9373981952667236,0.2222663164138794,0.8159334063529968,-0.975526750087738,0.13913753628730774,0.978887677192688,-0.954188346862793,0.08234431594610214,0.3171069324016571,-0.9319283366203308,0.1759340465068817,0.6094046831130981,-1.1168503761291504,0.13202548027038574,0.8674215078353882,-1.1386942863464355,0.05767740309238434,1.0707001686096191,-1.0796635150909424,0.01050055492669344,0.27584177255630493,-0.9867659211158752,0.06291121244430542,0.5984900593757629,-1.1984782218933105,-0.005686263553798199,0.872106671333313,-1.1870090961456299,-0.06866191327571869,1.0781211853027344,-1.0962250232696533,-0.09591842442750931,0.26334789395332336,-0.9836486577987671,-0.0525662787258625,0.5813784003257751,-1.1291766166687012,-0.11392783373594284,0.8082666397094727,-1.1204097270965576,-0.1415134221315384,0.9992467164993286,-1.0598512887954712,-0.14866302907466888
0.0,0.0,0.0,0.0,0.0,0.0,0.0,0.0,0.0,0.0,0.0,0.0,0.0,0.0,0.0,0.0,0.0,0.0,0.0,0.0,0.0,0.0,0.0,0.0,0.0,0.0,0.0,0.0,0.0,0.0,0.0,0.0,0.0,0.0,0.0,0.0,0.0,0.0,0.0,0.0,0.0,0.0,0.0,0.0,0.0,0.0,0.0,0.0,0.0,0.0,0.0,0.0,0.0,0.0,0.0,0.0,0.0,0.0,0.0,0.0,0.0,0.0,0.0,0.0,0.0,0.0,0.2941860556602478,-0.11768458038568497,0.0012251113075762987,0.5343807935714722,-0.26278117299079895,-0.056448061019182205,0.7668713331222534,-0.2641683518886566,-0.1403692662715912,0.9777544736862183,-0.2468252182006836,-0.22167076170444489,0.25849372148513794,-0.960090160369873,0.06636825948953629,0.4958553910255432,-1.081899881362915,0.00047393355634994805,0.6725183129310608,-1.1008689403533936,-0.07431250065565109,0.8093260526657104,-1.0843433141708374,-0.12802499532699585,0.18114711344242096,-0.9834558963775635,-0.0004255843523424119,0.49912288784980774,-1.1165345907211304,-0.055053599178791046,0.6882099509239197,-1.0999410152435303,-0.11064090579748154,0.8400207161903381,-1.0577560663223267,-0.14956167340278625,0.14356690645217896,-0.9395394921302795,-0.07881110161542892,0.4611144959926605,-1.0757900476455688,-0.13451530039310455,0.665729284286499,-1.0621782541275024,-0.1576477736234665,0.8282724022865295,-1.0170001983642578,-0.1680961549282074,0.15070085227489471,-0.8211272358894348,-0.16357526183128357,0.43064790964126587,-0.9279058575630188,-0.1992727667093277,0.6016982197761536,-0.9411275386810303,-0.19584877789020538,0.7390714883804321,-0.9331313371658325,-0.18771487474441528
