hand0_x0,hand0_y0,hand0_z0,hand0_x1,hand0_y1,hand0_z1,hand0_x2,hand0_y2,hand0_z2,hand0_x3,hand0_y3,hand0_z3,hand0_x4,hand0_y4,hand0_z4,hand0_x5,hand0_y5,hand0_z5,hand0_x6,hand0_y6,hand0_z6,hand0_x7,hand0_y7,hand0_z7,hand0_x8,hand0_y8,hand0_z8,hand0_x9,hand0_y9,hand0_z9,hand0_x10,hand0_y10,hand0_z10,hand0_x11,hand0_y11,hand0_z11,hand0_x12,hand0_y12,hand0_z12,hand0_x13,hand0_y13,hand0_z13,hand0_x14,hand0_y14,hand0_z14,hand0_x15,hand0_y15,hand0_z15,hand0_x16,hand0_y16,hand0_z16,hand0_x17,hand0_y17,hand0_z17,hand0_x18,hand0_y18,hand0_z18,hand0_x19,hand0_y19,hand0_z19,hand0_x20,hand0_y20,hand0_z20,hand1_x0,hand1_y0,hand1_z0,hand1_x1,hand1_y1,hand1_z1,hand1_x2,hand1_y2,hand1_z2,hand1_x3,hand1_y3,hand1_z3,hand1_x4,hand1_y4,hand1_z4,hand1_x5,hand1_y5,hand1_z5,hand1_x6,hand1_y6,hand1_z6,hand1_x7,hand1_y7,hand1_z7,hand1_x8,hand1_y8,hand1_z8,hand1_x9,hand1_y9,hand1_z9,hand1_x10,hand1_y10,hand1_z10,hand1_x11,hand1_y11,hand1_z11,hand1_x12,hand1_y12,hand1_z12,hand1_x13,hand1_y13,hand1_z13,hand1_x14,hand1_y14,hand1_z14,hand1_x15,hand1_y15,hand1_z15,hand1_x16,hand1_y16,hand1_z16,hand1_x17,hand1_y17,hand1_z17,hand1_x18,hand1_y18,hand1_z18,hand1_x19,hand1_y19,hand1_z19,hand1_x20,hand1_y20,hand1_z20
0.0,0.0,0.0,-0.2903566062450409,-0.07037501782178879,0.0025635126512497663,-0.5736430883407593,-0.28860610723495483,-0.008735507726669312,-0.8076748847961426,-0.37854689359664917,-0.046380914747714996,-1.0250542163848877,-0.38670000433921814,-0.08348386734724045,-0.39100825786590576,-0.8723395466804504,0.13296857476234436,-0.625103235244751,-0.9838223457336426,0.09686718136072159,-0.8253189325332642,-1.024520993232727,0.03180234134197235,-0.998116672039032,-1.0444358587265015,-0.03296537324786186,-0.32700416445732117,-0.9431058168411255,0.06016404926776886,-0.6381075382232666,-1.0982558727264404,0.012472107075154781,-0.8465878367424011,-1.1183375120162964,-0.05735574662685394,-1.0377434492111206,-1.1464569568634033,-0.11541757732629776,-0.263606458902359,-0.9422999024391174,-0.03097252920269966,-0.5894743204116821,-1.1155149936676025,-0.10833243280649185,-0.8148528933525085,-1.131678581237793,-0.16144011914730072,-1.016855239868164,-1.1362184286117554,-0.1985817849636078,-0.23439034819602966,-0.8640333414077759,-0.12688401341438293,-0.54960036277771,-0.9048095345497131,-0.2086917906999588,-0.744718074798584,-0.925020694732666,-0.2501031160354614,-0.9139187932014465,-0.9533861875534058,-0.2790599465370178,0.0,0.0,0.0,-0.07140748202800751,-0.41274458169937134,0.0346953384578228,-0.0016424147179350257,-0.7167096734046936,0.025909356772899628,0.15627844631671906,-0.7849029302597046,0.002464420860633254,0.2878238260746002,-0.7398049831390381,-0.02386976219713688,0.14888866245746613,-0.9944901466369629,-0.014727180823683739,0.18251845240592957,-1.381220817565918,-0.046667564660310745,0.21444328129291534,-1.6229759454727173,-0.07206887006759644,0.2413564920425415,-1.7881758213043213,-0.09240908920764923,0.33554136753082275,-0.9406267404556274,-0.05131576210260391,0.41916441917419434,-0.9725893139839172,-0.06912930309772491,0.37764713168144226,-0.8553285598754883,-0.0690593272447586,0.3232700526714325,-0.7677273750305176,-0.06652546674013138,0.47608867287635803,-0.7927706837654114,-0.08102839440107346,0.4967941641807556,-0.774692714214325,-0.08163502812385559,0.4371311664581299,-0.6877497434616089,-0.0617593452334404,0.36875906586647034,-0.6231489181518555,-0.052234288305044174,0.5781023502349854,-0.6286464333534241,-0.11110568791627884,0.5588726997375488,-0.6051304936408997,-0.09182745963335037,0.49853697419166565,-0.5223883390426636,-0.05214674770832062,0.4324789345264435,-0.45649710297584534,-0.018889596685767174
0.0,0.0,0.0,-0.2964097857475281,-0.05222625657916069,0.00910375639796257,-0.5918015837669373,-0.28719592094421387,0.011893726885318756,-0.8240001201629639,-0.38467004895210266,-0.01330661866813898,-1.0344911813735962,-0.407681941986084,-0.03698490932583809,-0.4357498288154602,-0.845230221748352,0.15520741045475006,-0.6575673818588257,-0.9777727723121643,0.1295117288827896,-0.8401053547859192,-1.0139001607894897,0.07664460688829422,-0.9888914227485657,-1.0336847305297852,0.021298276260495186,-0.3721165060997009,-0.9246403574943542,0.08105223625898361,-0.6623981595039368,-1.0992149114608765,0.03710288926959038,-0.863541841506958,-1.1383025646209717,-0.03310047462582588,-1.0531073808670044,-1.1753977537155151,-0.08769684284925461,-0.29357343912124634,-0.9428979754447937,-0.01180377509444952,-0.6122726202011108,-1.1346635818481445,-0.09105664491653442,-0.8433402180671692,-1.1742699146270752,-0.14651647210121155,-1.0540145635604858,-1.2036594152450562,-0.18083080649375916,-0.23580525815486908,-0.88790363073349,-0.10781627893447876,-0.572324812412262,-0.9357893466949463,-0.19170771539211273,-0.7816444039344788,-0.9581471681594849,-0.23144683241844177,-0.9585347175598145,-0.9892565608024597,-0.25583311915397644,0.0,0.0,0.0,-0.07298514991998672,-0.4107060730457306,0.05984894186258316,0.012955729849636555,-0.6909306645393372,0.07567109167575836,0.14780136942863464,-0.7660161852836609,0.07652626186609268,0.26455065608024597,-0.7342031002044678,0.0736464187502861,0.12928326427936554,-0.9822162985801697,0.010841483250260353,0.15532711148262024,-1.3544721603393555,0.0014123166911303997,0.1863996684551239,-1.6117050647735596,-0.011586716398596764,0.21922758221626282,-1.7914586067199707,-0.027308154851198196,0.31751662492752075,-0.9480301737785339,-0.02054102160036564,0.33015525341033936,-0.861412763595581,-0.015645621344447136,0.2690567970275879,-0.7159571051597595,-0.015991998836398125,0.21626746654510498,-0.6298762559890747,-0.021483048796653748,0.46263858675956726,-0.7995237708091736,-0.040469635277986526,0.42281052470207214,-0.6969055533409119,-0.02255956642329693,0.3529795706272125,-0.6039389967918396,-0.010094508528709412,0.28784671425819397,-0.5484289526939392,-0.013692673295736313,0.565929114818573,-0.6400635838508606,-0.05754503235220909,0.5235106945037842,-0.5672484040260315,-0.03561612591147423,0.4645887315273285,-0.48162955045700073,-0.009325537830591202,0.4025050103664398,-0.41394758224487305,0.011217130348086357
0.0,0.0,0.0,-0.2868744134902954,-0.06950641423463821,-0.0031976120080798864,-0.577273964881897,-0.3097498118877411,-0.02684665098786354,-0.8048142790794373,-0.4295414686203003,-0.0749010220170021,-1.0050143003463745,-0.5176266431808472,-0.12029699981212616,-0.3761213421821594,-0.8889480233192444,0.09945575892925262,-0.5911879539489746,-1.028220772743225,0.04754872992634773,-0.7477975487709045,-1.0590176582336426,-0.016551312059164047,-0.8639198541641235,-1.064378261566162,-0.07095486670732498,-0.2892264425754547,-0.9568286538124084,0.028758374974131584,-0.5840822458267212,-1.161057949066162,-0.027397219091653824,-0.7919019460678101,-1.2071702480316162,-0.09163204580545425,-0.973594069480896,-1.2481060028076172,-0.13886992633342743,-0.20138469338417053,-0.959457516670227,-0.05979059264063835,-0.5091342329978943,-1.196682333946228,-0.14331205189228058,-0.7619578838348389,-1.2471661567687988,-0.19477391242980957,-0.9780899286270142,-1.2771204710006714,-0.2259456068277359,-0.149356871843338,-0.8834806084632874,-0.1513015329837799,-0.4819411337375641,-0.9490152597427368,-0.2383851408958435,-0.6936911940574646,-0.976396918296814,-0.27900317311286926,-0.8675960302352905,-1.0043439865112305,-0.3016655445098877,0.0,0.0,0.0,-0.06359218806028366,-0.41759830713272095,0.06640782207250595,0.015105091966688633,-0.6961594820022583,0.06918318569660187,0.1510307937860489,-0.7777849435806274,0.05207790061831474,0.27751997113227844,-0.7502368092536926,0.031061120331287384,0.11708922684192657,-0.9983617067337036,0.004133924376219511,0.13500289618968964,-1.3820037841796875,-0.012204598635435104,0.166150763630867,-1.6189903020858765,-0.02551395632326603,0.2005934715270996,-1.7844959497451782,-0.04006914794445038,0.30069994926452637,-0.952603816986084,-0.04610264673829079,0.37236735224723816,-0.9356637001037598,-0.04951959848403931,0.3309297561645508,-0.8005020022392273,-0.04107683524489403,0.2786181569099426,-0.7125563025474548,-0.0383421927690506,0.4478706121444702,-0.8028632402420044,-0.08582939952611923,0.461555153131485,-0.7307730317115784,-0.06867573410272598,0.40163490176200867,-0.6320602297782898,-0.04022611305117607,0.335254967212677,-0.5702338814735413,-0.033205244690179825,0.556119441986084,-0.6360547542572021,-0.12406235188245773,0.5478960871696472,-0.585311770439148,-0.09508185088634491,0.4915243685245514,-0.48890286684036255,-0.05220010131597519,0.4284510910511017,-0.4170566201210022,-0.020970599725842476
0.0,0.0,0.0,-0.3031572699546814,-0.05001650005578995,-0.014211020432412624,-0.6037373542785645,-0.25454995036125183,-0.03934267908334732,-0.8437841534614563,-0.3264279067516327,-0.08759728819131851,-1.0581238269805908,-0.35155317187309265,-0.13513337075710297,-0.4539605975151062,-0.836371898651123,0.10333818197250366,-0.6803544759750366,-0.9762293696403503,0.052734699100255966,-0.8643698692321777,-1.0120172500610352,-0.015397901646792889,-1.008933186531067,-1.0206551551818848,-0.07578554004430771,-0.3799489140510559,-0.9242829084396362,0.03660471737384796,-0.6844263076782227,-1.1236412525177002,-0.029003562405705452,-0.8980303406715393,-1.1525936126708984,-0.10847364366054535,-1.0860153436660767,-1.1728991270065308,-0.16545943915843964,-0.2912050783634186,-0.9410491585731506,-0.048156533390283585,-0.6120214462280273,-1.1788970232009888,-0.1370132714509964,-0.8532181978225708,-1.2120403051376343,-0.19667935371398926,-1.0591298341751099,-1.2247825860977173,-0.2327812910079956,-0.2257130742073059,-0.8776379823684692,-0.13664865493774414,-0.5578038692474365,-0.9359853863716125,-0.22292760014533997,-0.7655792832374573,-0.9570210576057434,-0.263844758272171,-0.9344053864479065,-0.9894771575927734,-0.28827717900276184,0.0,0.0,0.0,-0.08070541173219681,-0.3869558870792389,0.06567706912755966,-0.009651926346123219,-0.6423255801200867,0.06712380796670914,0.09080074727535248,-0.7249277830123901,0.049928218126297,0.16789868474006653,-0.7220454216003418,0.02584877423942089,0.11721321195363998,-0.9815136194229126,-0.015201063826680183,0.143175408244133,-1.3644778728485107,-0.0448390431702137,0.1821945607662201,-1.6193135976791382,-0.0726250410079956,0.21893095970153809,-1.7980843782424927,-0.09729358553886414,0.29889407753944397,-0.9522944688796997,-0.06162400543689728,0.3662024140357971,-0.8594163060188293,-0.0730615183711052,0.31575727462768555,-0.708127498626709,-0.07555463165044785,0.25508737564086914,-0.6325047612190247,-0.08304966241121292,0.44602692127227783,-0.8023681044578552,-0.095687136054039,0.44849953055381775,-0.6765053272247314,-0.08137800544500351,0.38313964009284973,-0.5711982846260071,-0.055903829634189606,0.3094804286956787,-0.5259464383125305,-0.05341926962137222,0.5545015931129456,-0.6358726620674133,-0.1283508837223053,0.5414175391197205,-0.5303482413291931,-0.10208722203969955,0.4801256060600281,-0.4366092085838318,-0.06213892623782158,0.4074448347091675,-0.3798132836818695,-0.03310094401240349
0.0,0.0,0.0,-0.3019372522830963,-0.028845788910984993,-0.005906581413000822,-0.6331701874732971,-0.25878670811653137,-0.01222117431461811,-0.8863693475723267,-0.3598332107067108,-0.04248322173953056,-1.1070078611373901,-0.39822813868522644,-0.07481715083122253,-0.5144107937812805,-0.8052645325660706,0.11910350620746613,-0.7399103045463562,-0.9809042811393738,0.08362721651792526,-0.9138153195381165,-1.0407218933105469,0.030116192996501923,-1.0470185279846191,-1.083960771560669,-0.02262367680668831,-0.42459094524383545,-0.9039138555526733,0.05159731209278107,-0.7067205905914307,-1.1365739107131958,-0.001696797669865191,-0.9184118509292603,-1.2033131122589111,-0.07509960979223251,-1.113295316696167,-1.2554658651351929,-0.1298227310180664,-0.31904467940330505,-0.9479820728302002,-0.03417215123772621,-0.6311319470405579,-1.2151811122894287,-0.1230141818523407,-0.8833380937576294,-1.273879885673523,-0.18677939474582672,-1.1055350303649902,-1.3117210865020752,-0.22557027637958527,-0.228152796626091,-0.9275839328765869,-0.12142018228769302,-0.5805882215499878,-0.9992777109146118,-0.21625520288944244,-0.8014091849327087,-1.0093117952346802,-0.2616586685180664,-0.9814171195030212,-1.029539704322815,-0.28846389055252075,0.0,0.0,0.0,-0.06992132216691971,-0.43437740206718445,0.06557323038578033,0.04041986167430878,-0.725287139415741,0.06233802065253258,0.20073767006397247,-0.7927422523498535,0.0385759063065052,0.33977383375167847,-0.7450941801071167,0.005551599431782961,0.10637577623128891,-0.9918697476387024,-0.011612827889621258,0.14434091746807098,-1.381637692451477,-0.043441105633974075,0.19099435210227966,-1.6414620876312256,-0.07791341841220856,0.2324465960264206,-1.8247941732406616,-0.10817466676235199,0.2887803614139557,-0.9555506706237793,-0.05940405651926994,0.4004353880882263,-0.8671121001243591,-0.08042091876268387,0.34184756875038147,-0.7013345956802368,-0.08986804634332657,0.257038950920105,-0.6160773038864136,-0.09646571427583694,0.4459454417228699,-0.7889158725738525,-0.09434351325035095,0.4861401617527008,-0.6738063097000122,-0.08906961977481842,0.41615530848503113,-0.553529679775238,-0.0668414831161499,0.32787662744522095,-0.48833221197128296,-0.05992063134908676,0.5687646865844727,-0.6069633364677429,-0.1264849156141281,0.5802236199378967,-0.5046889781951904,-0.09933856129646301,0.5168847441673279,-0.397644966840744,-0.055083565413951874,0.4360889494419098,-0.33203789591789246,-0.02006857469677925
0.0,0.0,0.0,-0.32808414101600647,-0.0774093046784401,0.009168129414319992,-0.5848716497421265,-0.25766023993492126,0.0024482766166329384,-0.7955120801925659,-0.3218806982040405,-0.025179212912917137,-0.9645358920097351,-0.3628569543361664,-0.051430754363536835,-0.34707802534103394,-0.8790289759635925,0.10227835178375244,-0.6473394632339478,-0.9407320022583008,0.056564852595329285,-0.855103611946106,-0.937590479850769,-0.010302596725523472,-1.0126951932907104,-0.9235777854919434,-0.06466010957956314,-0.30813756585121155,-0.95062255859375,0.03698696196079254,-0.6790205240249634,-1.1007107496261597,-0.003609833773225546,-0.9035863280296326,-1.1025480031967163,-0.06713256984949112,-1.0777232646942139,-1.0908204317092896,-0.11813118308782578,-0.28944718837738037,-0.9306864142417908,-0.043034348636865616,-0.6646355390548706,-1.0768067836761475,-0.10504323989152908,-0.9099627137184143,-1.093260645866394,-0.1591186374425888,-1.1021677255630493,-1.0908704996109009,-0.19794753193855286,-0.31909048557281494,-0.8157215118408203,-0.12588630616664886,-0.6609993577003479,-0.7992010116577148,-0.1909376084804535,-0.8683208227157593,-0.7939391732215881,-0.225363090634346,-1.0420717000961304,-0.7976070642471313,-0.2479407638311386,0.0,0.0,0.0,-0.054099176079034805,-0.451278954744339,0.08683355897665024,0.03165723755955696,-0.7709535360336304,0.08341481536626816,0.19139230251312256,-0.8963609337806702,0.056113988161087036,0.347967267036438,-0.8776565194129944,0.021298401057720184,0.05251600593328476,-1.0177104473114014,-0.022611819207668304,0.0818190723657608,-1.472455382347107,-0.06624478101730347,0.12303705513477325,-1.7638131380081177,-0.09576238691806793,0.1465589851140976,-1.9839510917663574,-0.11593671888113022,0.2300252616405487,-0.9690706729888916,-0.08938904851675034,0.43233391642570496,-1.063555121421814,-0.11256180703639984,0.41995665431022644,-0.8887003660202026,-0.09509012848138809,0.34521761536598206,-0.7815378904342651,-0.08144703507423401,0.39747223258018494,-0.8128265142440796,-0.14214524626731873,0.565580427646637,-0.9139688611030579,-0.1515854150056839,0.5344944596290588,-0.7821902632713318,-0.09436562657356262,0.4579075872898102,-0.7003002762794495,-0.05579548701643944,0.5441699028015137,-0.6275843977928162,-0.18750552833080292,0.6843593120574951,-0.7983938455581665,-0.16036969423294067,0.6895465850830078,-0.7429724931716919,-0.07899583131074905,0.6557052135467529,-0.6893152594566345,-0.015975603833794594
0.0,0.0,0.0,-0.342530757188797,-0.08565530925989151,0.029530713334679604,-0.5905670523643494,-0.2816506624221802,0.027337392792105675,-0.7931827902793884,-0.3686662018299103,-0.0061971391551196575,-0.9675312042236328,-0.4412901997566223,-0.03916396573185921,-0.3516535758972168,-0.8909063339233398,0.15481926500797272,-0.6257854700088501,-0.9695612788200378,0.1178978905081749,-0.8231896162033081,-0.9731250405311584,0.0550406388938427,-0.9758639335632324,-0.9738764762878418,0.0014977843966335058,-0.2960264980792999,-0.9521729946136475,0.0757293552160263,-0.6406574249267578,-1.1056101322174072,0.03634489327669144,-0.8494774103164673,-1.0819870233535767,-0.02556684799492359,-1.0185683965682983,-1.0652273893356323,-0.07359512150287628,-0.26678046584129333,-0.9461695551872253,-0.020229702815413475,-0.6216652393341064,-1.0989348888397217,-0.07880768924951553,-0.8513945937156677,-1.104432463645935,-0.11990441381931305,-1.0332179069519043,-1.1100285053253174,-0.14789585769176483,-0.2882091999053955,-0.8645915985107422,-0.11942574381828308,-0.6255208253860474,-0.9377609491348267,-0.16981413960456848,-0.8168099522590637,-0.9690027832984924,-0.18771405518054962,-0.9739900827407837,-1.0144383907318115,-0.20009560883045197,0.0,0.0,0.0,-0.038879599422216415,-0.44983258843421936,0.0788588896393776,0.053273092955350876,-0.7697425484657288,0.0677797943353653,0.22304458916187286,-0.9006186723709106,0.03315655514597893,0.3824394941329956,-0.8694391846656799,-0.008112378418445587,0.056149277836084366,-1.0240122079849243,-0.02291969209909439,0.10517452657222748,-1.4682059288024902,-0.05735752359032631,0.1669260412454605,-1.7277125120162964,-0.08159314841032028,0.21331588923931122,-1.9212257862091064,-0.1013973131775856,0.22822615504264832,-0.9690597057342529,-0.09400072693824768,0.46803709864616394,-1.062889814376831,-0.11956851929426193,0.46489059925079346,-0.8884974718093872,-0.10870704054832458,0.3864690661430359,-0.7873585224151611,-0.09820964187383652,0.39448878169059753,-0.8104084730148315,-0.15123966336250305,0.5814997553825378,-0.8893269896507263,-0.15310800075531006,0.5496487021446228,-0.7518792152404785,-0.09811374545097351,0.46744126081466675,-0.6715361475944519,-0.06417824327945709,0.5379037857055664,-0.6247891783714294,-0.20343130826950073,0.6722705364227295,-0.7410740852355957,-0.16700148582458496,0.6502974629402161,-0.6390570998191833,-0.08427886664867401,0.5912749171257019,-0.5573948621749878,-0.022786840796470642
0.0,0.0,0.0,-0.302742063999176,-0.05572957545518875,-0.012218370102345943,-0.5838077664375305,-0.2473497837781906,-0.021459905430674553,-0.8192431330680847,-0.3020685017108917,-0.051251355558633804,-1.018449068069458,-0.3190714716911316,-0.07524193078279495,-0.3779262602329254,-0.8694263696670532,0.12144891172647476,-0.6428917646408081,-0.9279651045799255,0.08402121067047119,-0.851263165473938,-0.9458444714546204,0.02166047692298889,-1.021787405014038,-0.9592705965042114,-0.03335458040237427,-0.32593396306037903,-0.9430721998214722,0.06619569659233093,-0.6536653637886047,-1.0293976068496704,0.032185155898332596,-0.8623894453048706,-1.0477567911148071,-0.017964279279112816,-1.0491589307785034,-1.0818520784378052,-0.05892791971564293,-0.2828250527381897,-0.9591772556304932,-0.009503580629825592,-0.6321319937705994,-1.04899263381958,-0.06795995682477951,-0.8528879880905151,-1.0874054431915283,-0.09680590033531189,-1.0428985357284546,-1.1320234537124634,-0.11261604726314545,-0.27484360337257385,-0.9017417430877686,-0.0935913622379303,-0.5877431631088257,-0.9792940020561218,-0.1464998871088028,-0.7763826251029968,-1.02298104763031,-0.15985189378261566,-0.9370192885398865,-1.0679913759231567,-0.16493335366249084,0.0,0.0,0.0,-0.033435456454753876,-0.4547671377658844,0.08209451287984848,0.06584049016237259,-0.7811018228530884,0.0710848718881607,0.2416423261165619,-0.9050233960151672,0.03625480830669403,0.4032628536224365,-0.8907160758972168,-0.0046161809004843235,0.07910627871751785,-1.0275160074234009,-0.026842216029763222,0.12937846779823303,-1.4756901264190674,-0.0596364364027977,0.17676794528961182,-1.7499521970748901,-0.07900933176279068,0.21253305673599243,-1.9446721076965332,-0.09200620651245117,0.2389964908361435,-0.9660995602607727,-0.09763379395008087,0.5045826435089111,-1.0608433485031128,-0.12917424738407135,0.514545738697052,-0.8922337293624878,-0.1250801384449005,0.4529424011707306,-0.782771110534668,-0.11475282162427902,0.39490216970443726,-0.7990065217018127,-0.15293051302433014,0.6330723166465759,-0.9066797494888306,-0.17926810681819916,0.6217482686042786,-0.7740526795387268,-0.13147185742855072,0.5533174872398376,-0.6939328908920288,-0.09063798934221268,0.534725546836853,-0.5952311754226685,-0.1999167650938034,0.7282801270484924,-0.8051709532737732,-0.19209584593772888,0.8318623900413513,-0.8357901573181152,-0.12411782145500183,0.88853520154953,-0.8535113334655762,-0.06439841538667679
0.0,0.0,0.0,-0.3093712031841278,0.011601193808019161,-0.02158060297369957,-0.60502028465271,-0.1205703467130661,-0.06401990354061127,-0.8493860960006714,-0.167060986161232,-0.12892399728298187,-1.0707783699035645,-0.1823480725288391,-0.18828238546848297,-0.42916426062583923,-0.8155880570411682,0.08720564842224121,-0.7091735601425171,-0.7392839789390564,0.003382646944373846,-0.874441921710968,-0.6229620575904846,-0.0955805703997612,-0.9833352565765381,-0.5343671441078186,-0.16580377519130707,-0.3739900588989258,-0.9270105957984924,0.02797907404601574,-0.7431261539459229,-0.9557021260261536,-0.022870955988764763,-0.976107120513916,-0.9303891658782959,-0.0761423334479332,-1.1740909814834595,-0.9294837713241577,-0.1214386522769928,-0.3184472322463989,-0.9571977853775024,-0.054494280368089676,-0.712178111076355,-1.0008928775787354,-0.12792718410491943,-0.958477795124054,-0.9956532716751099,-0.1469852477312088,-1.15651535987854,-1.015122413635254,-0.1577461212873459,-0.3018585741519928,-0.8933708071708679,-0.14642198383808136,-0.6510419249534607,-0.8976037502288818,-0.2123439610004425,-0.8612020611763,-0.907038688659668,-0.22307099401950836,-1.0382403135299683,-0.9413867592811584,-0.22568342089653015,0.0,0.0,0.0,-0.025635631754994392,-0.44193845987319946,0.08193067461252213,0.0747569352388382,-0.7524435520172119,0.07094241678714752,0.23429159820079803,-0.8515799045562744,0.03467831388115883,0.38765963912010193,-0.7902889847755432,-0.009178545325994492,0.09357185661792755,-1.0087751150131226,-0.018475143238902092,0.14553426206111908,-1.439502477645874,-0.049035508185625076,0.20504073798656464,-1.6954717636108398,-0.06888898462057114,0.2526271343231201,-1.8932642936706543,-0.0878884568810463,0.2644398808479309,-0.9599931240081787,-0.09211280196905136,0.47311633825302124,-0.995755672454834,-0.11413829028606415,0.44891077280044556,-0.8125301599502563,-0.1039935052394867,0.3636178970336914,-0.7175184488296509,-0.09584086388349533,0.4234965145587921,-0.7978063821792603,-0.15162982046604156,0.5784356594085693,-0.7947119474411011,-0.14945918321609497,0.5333266258239746,-0.655756950378418,-0.09815963357686996,0.4506305754184723,-0.5921075344085693,-0.07017551362514496,0.5545454025268555,-0.6142063736915588,-0.2064981311559677,0.6634374260902405,-0.6500041484832764,-0.1649715155363083,0.6191427111625671,-0.5372611880302429,-0.08469969779253006,0.5457303524017334,-0.46686485409736633,-0.028027035295963287
0.0,0.0,0.0,-0.265330970287323,0.015127552673220634,0.020103614777326584,-0.6423087120056152,-0.21566972136497498,0.05488993600010872,-0.8883803486824036,-0.33932194113731384,0.054734006524086,-1.120647668838501,-0.316830575466156,0.05263076722621918,-0.516987144947052,-0.7953757047653198,0.1972646266222,-0.763618528842926,-0.8557801246643066,0.19345322251319885,-0.9680435657501221,-0.9043635725975037,0.17175522446632385,-1.1291173696517944,-0.9412659406661987,0.1412457972764969,-0.43332305550575256,-0.8936390280723572,0.11679206788539886,-0.7420602440834045,-0.9987937211990356,0.10043139010667801,-0.9444485902786255,-1.0458650588989258,0.07820114493370056,-1.1689058542251587,-1.0924022197723389,0.06917160749435425,-0.3310486078262329,-0.9287100434303284,0.013804218731820583,-0.660190761089325,-1.0233466625213623,-0.0694073960185051,-0.8796037435531616,-1.0724248886108398,-0.07513294368982315,-1.1136367321014404,-1.1141960620880127,-0.055812522768974304,-0.26445272564888,-0.8843852877616882,-0.0941786915063858,-0.6199174523353577,-0.9454185366630554,-0.2017991691827774,-0.82231205701828,-0.9963110089302063,-0.22252872586250305,-1.010303020477295,-1.0481888055801392,-0.21353068947792053,0.0,0.0,0.0,-0.05274885892868042,-0.41638678312301636,0.04017182067036629,0.036659739911556244,-0.7106355428695679,0.027527451515197754,0.19117039442062378,-0.7769503593444824,-0.0011568230111151934,0.3259946405887604,-0.7281647324562073,-0.032909926027059555,0.13545788824558258,-0.9923890829086304,-0.02415638603270054,0.14789696037769318,-1.3720144033432007,-0.06197527423501015,0.1847071647644043,-1.6293498277664185,-0.09872060269117355,0.22051440179347992,-1.8156689405441284,-0.1311355084180832,0.3208056688308716,-0.9447476863861084,-0.06734619289636612,0.3752419650554657,-0.8568488955497742,-0.09854892641305923,0.3237769901752472,-0.6995989680290222,-0.10980404168367386,0.25926637649536133,-0.6205083727836609,-0.11773842573165894,0.46781301498413086,-0.7831507921218872,-0.10113811492919922,0.4690161347389221,-0.6794161200523376,-0.10854864865541458,0.4073401689529419,-0.5674399733543396,-0.08219027519226074,0.33636724948883057,-0.5173696875572205,-0.07082352787256241,0.5775005221366882,-0.6048291325569153,-0.1355096995830536,0.5784229040145874,-0.5403806567192078,-0.12230178713798523,0.5186534523963928,-0.4423304498195648,-0.0765843465924263,0.4511600732803345,-0.3842160999774933,-0.039546433836221695
0.0,0.0,0.0,-0.30164122581481934,-0.04965788498520851,-0.007710934150964022,-0.6300042867660522,-0.26587238907814026,-0.018805379047989845,-0.876594066619873,-0.3411811888217926,-0.05523055046796799,-1.1051368713378906,-0.3301406800746918,-0.09163925796747208,-0.5016843676567078,-0.8194317817687988,0.12173829227685928,-0.7431946992874146,-0.9430854320526123,0.09672673791646957,-0.9239622950553894,-1.0091356039047241,0.05226483568549156,-1.0792803764343262,-1.0658599138259888,0.005737649276852608,-0.41269153356552124,-0.9089856147766113,0.058573197573423386,-0.7023931741714478,-1.0605168342590332,0.023159218952059746,-0.895668625831604,-1.115349531173706,-0.02611573599278927,-1.0960780382156372,-1.1729272603988647,-0.06459255516529083,-0.3078650236129761,-0.9410364031791687,-0.022275274619460106,-0.6151448488235474,-1.089544653892517,-0.08835981786251068,-0.832625150680542,-1.1430155038833618,-0.11740176379680634,-1.0420007705688477,-1.1819902658462524,-0.13120406866073608,-0.22766023874282837,-0.907871425151825,-0.10915130376815796,-0.54359370470047,-0.9899582266807556,-0.1741754561662674,-0.7385624647140503,-1.0376501083374023,-0.19297237694263458,-0.9081318974494934,-1.078267216682434,-0.20030643045902252,0.0,0.0,0.0,-0.035377684980630875,-0.41252291202545166,0.06293793767690659,0.0788426548242569,-0.7007949352264404,0.06908366084098816,0.2387416958808899,-0.7659010887145996,0.05606378614902496,0.3739110827445984,-0.7270495295524597,0.0383823998272419,0.15069465339183807,-0.9898854494094849,0.01047656312584877,0.18763014674186707,-1.3912265300750732,6.875631243019598e-06,0.23141327500343323,-1.6340545415878296,-0.012580388225615025,0.2749701738357544,-1.8107010126113892,-0.02758907526731491,0.32684624195098877,-0.9444500207901001,-0.03443317115306854,0.4358075261116028,-0.881434440612793,-0.03687162697315216,0.38557669520378113,-0.7240912914276123,-0.0374881848692894,0.3166786730289459,-0.6582712531089783,-0.039969950914382935,0.47295865416526794,-0.7853516936302185,-0.06750449538230896,0.5107473731040955,-0.6907486319541931,-0.051430594176054,0.44827374815940857,-0.5721330046653748,-0.03015703335404396,0.37841546535491943,-0.5291347503662109,-0.025686582550406456,0.5845399498939514,-0.6178175806999207,-0.09814808517694473,0.6054198145866394,-0.5520406365394592,-0.06630562245845795,0.5502486824989319,-0.44647711515426636,-0.022404558956623077,0.4814637303352356,-0.38777026534080505,0.0108236875385046
0.0,0.0,0.0,-0.3263188600540161,-0.06165353208780289,0.023112919181585312,-0.6217203736305237,-0.23521731793880463,0.01965842954814434,-0.8629469275474548,-0.25635817646980286,-0.016723360866308212,-1.0688273906707764,-0.2506212592124939,-0.05229301005601883,-0.43015041947364807,-0.8616224527359009,0.16896291077136993,-0.6930708289146423,-0.9329439401626587,0.14952531456947327,-0.8794668316841125,-0.9501168131828308,0.10037549585103989,-1.0265018939971924,-0.9600329995155334,0.05223192274570465,-0.3711681365966797,-0.9239894151687622,0.09207454323768616,-0.7079416513442993,-1.0356249809265137,0.0697336196899414,-0.899298369884491,-1.0298093557357788,0.02315613441169262,-1.0707406997680664,-1.0502241849899292,-0.016183622181415558,-0.31611230969429016,-0.9252846240997314,-0.00325183873064816,-0.6710232496261597,-1.0381762981414795,-0.052519865334033966,-0.876706063747406,-1.050133466720581,-0.07279203832149506,-1.049455165863037,-1.0705657005310059,-0.08504850417375565,-0.3030046224594116,-0.8469288349151611,-0.10468252748250961,-0.632850170135498,-0.888484001159668,-0.1529773473739624,-0.8227311372756958,-0.9301143288612366,-0.1635543406009674,-0.9822348356246948,-0.9883738160133362,-0.16879424452781677,0.0,0.0,0.0,0.020177165046334267,-0.4248577654361725,0.0868944525718689,0.15683287382125854,-0.7299954295158386,0.08405426144599915,0.32281166315078735,-0.8192627429962158,0.05257311090826988,0.46198955178260803,-0.7732800841331482,0.0162197258323431,0.1738804131746292,-1.0000580549240112,0.016075266525149345,0.24713943898677826,-1.426944375038147,-0.017948953434824944,0.318141371011734,-1.6828203201293945,-0.04590398445725441,0.3622404932975769,-1.8705202341079712,-0.06587062031030655,0.32404541969299316,-0.9439677596092224,-0.06260538846254349,0.5813613533973694,-0.9617800712585449,-0.09540785849094391,0.5546954274177551,-0.7834753394126892,-0.1004660502076149,0.4526329040527344,-0.7040430903434753,-0.09589087963104248,0.46901935338974,-0.7852197885513306,-0.1287119835615158,0.6664139628410339,-0.7903749346733093,-0.13997414708137512,0.617135763168335,-0.6493164300918579,-0.10182525217533112,0.5239758491516113,-0.5993472337722778,-0.07380831241607666,0.5973830223083496,-0.6037595272064209,-0.18897132575511932,0.7361155152320862,-0.6788830161094666,-0.1525869220495224,0.7012832164764404,-0.5781037211418152,-0.07451567053794861,0.633001983165741,-0.5155298709869385,-0.01493058167397976
0.0,0.0,0.0,-0.30384981632232666,-0.0070252688601613045,0.00552973710000515,-0.581485390663147,-0.16590631008148193,0.002419119467958808,-0.7929598093032837,-0.23940008878707886,-0.026475612074136734,-0.9636611342430115,-0.26439201831817627,-0.05184187740087509,-0.39140811562538147,-0.8483180999755859,0.14829739928245544,-0.6499620079994202,-0.8823912143707275,0.1174091249704361,-0.8554612994194031,-0.8922567963600159,0.059580590575933456,-1.0155093669891357,-0.8941095471382141,0.0066919769160449505,-0.34805774688720703,-0.9339929223060608,0.08070307224988937,-0.690852701663971,-1.0231218338012695,0.05196090415120125,-0.9251068234443665,-1.0325688123703003,0.0074187591671943665,-1.126352071762085,-1.0647691488265991,-0.030188141390681267,-0.3205944299697876,-0.9580497145652771,-0.007954983972012997,-0.6902895569801331,-1.04855215549469,-0.06524662673473358,-0.9319228529930115,-1.0662918090820312,-0.09243983775377274,-1.1256200075149536,-1.0994497537612915,-0.10989151895046234,-0.3334971070289612,-0.9037283658981323,-0.10448979586362839,-0.6681155562400818,-0.924416184425354,-0.16002844274044037,-0.8689098954200745,-0.9412214756011963,-0.17594484984874725,-1.0347295999526978,-0.9851397275924683,-0.1851436197757721,0.0,0.0,0.0,0.007460338529199362,-0.42036718130111694,0.09426640719175339,0.1222766861319542,-0.7364457845687866,0.10072997212409973,0.2749505639076233,-0.8513796925544739,0.07583707571029663,0.4131646454334259,-0.8341691493988037,0.044225968420505524,0.11754696071147919,-1.00285005569458,0.03338524326682091,0.1873050034046173,-1.4080694913864136,0.011592171154916286,0.24003088474273682,-1.6644866466522217,-0.009656909853219986,0.2751886546611786,-1.863730788230896,-0.031218914315104485,0.2514515221118927,-0.9665759205818176,-0.050031233578920364,0.5308312773704529,-0.9739258885383606,-0.07696370780467987,0.5261778235435486,-0.7881534695625305,-0.08270728588104248,0.43590685725212097,-0.70854651927948,-0.0830201506614685,0.3896401524543762,-0.8190483450889587,-0.12048392742872238,0.6235198378562927,-0.8081139922142029,-0.12673263251781464,0.5844942927360535,-0.653919517993927,-0.08512340486049652,0.49607202410697937,-0.5992668271064758,-0.06057020649313927,0.5073835253715515,-0.6389608979225159,-0.18603581190109253,0.6822001934051514,-0.6664515137672424,-0.15437637269496918,0.6370006203651428,-0.5347846746444702,-0.07970386743545532,0.5565667748451233,-0.4611783027648926,-0.02605135552585125
0.0,0.0,0.0,-0.3182153105735779,0.02246284857392311,0.053058065474033356,-0.6112239360809326,-0.12873129546642303,0.08838954567909241,-0.8352332711219788,-0.17445890605449677,0.08462421596050262,-1.0294595956802368,-0.17961911857128143,0.08146621286869049,-0.4606914818286896,-0.8132747411727905,0.2632405757904053,-0.6920971870422363,-0.9022349715232849,0.28231966495513916,-0.8880078196525574,-0.9394180774688721,0.24900799989700317,-1.0555845499038696,-0.9518160223960876,0.20602066814899445,-0.4198839068412781,-0.8901653289794922,0.17692701518535614,-0.7191513776779175,-1.0094670057296753,0.19099406898021698,-0.9177522659301758,-1.019752025604248,0.15162861347198486,-1.1042100191116333,-1.0290944576263428,0.11513982713222504,-0.38386502861976624,-0.9199044704437256,0.06973689794540405,-0.7178537249565125,-1.0105117559432983,0.04414360225200653,-0.9301419258117676,-1.027074933052063,0.017443427816033363,-1.1194970607757568,-1.0367838144302368,-0.0025010767858475447,-0.3783632218837738,-0.87459397315979,-0.04319475591182709,-0.6877544522285461,-0.9152787923812866,-0.0749276652932167,-0.8717769980430603,-0.9388369917869568,-0.08379339426755905,-1.031642198562622,-0.9708269834518433,-0.09056652337312698,0.0,0.0,0.0,0.010318596847355366,-0.4096009433269501,0.09541444480419159,0.132599875330925,-0.723542332649231,0.10302852094173431,0.2866920530796051,-0.8290300965309143,0.07639746367931366,0.4272318482398987,-0.8136342167854309,0.042582008987665176,0.13868790864944458,-0.9938586950302124,0.04536671191453934,0.20813065767288208,-1.364503264427185,0.021839534863829613,0.260188490152359,-1.6129852533340454,-0.004915633704513311,0.2959401309490204,-1.8092340230941772,-0.03271375223994255,0.26200276613235474,-0.9641028642654419,-0.04312967509031296,0.545064389705658,-0.9214996099472046,-0.07762936502695084,0.5322014093399048,-0.7367684841156006,-0.09208458662033081,0.43529757857322693,-0.6677373051643372,-0.0993734672665596,0.3915468454360962,-0.8236191868782043,-0.11963891983032227,0.6330836415290833,-0.7776731252670288,-0.1331867128610611,0.5882444381713867,-0.6213635802268982,-0.09548376500606537,0.49638596177101135,-0.5743588805198669,-0.07453972101211548,0.5020632743835449,-0.65474534034729,-0.19213570654392242,0.6854146718978882,-0.64520663022995,-0.16795796155929565,0.6305060982704163,-0.5125848650932312,-0.09826019406318665,0.5434810519218445,-0.45060041546821594,-0.04889405518770218
0.0,0.0,0.0,-0.2869473397731781,-0.040673550218343735,0.053089335560798645,-0.5803861618041992,-0.21150359511375427,0.06729814410209656,-0.8251041769981384,-0.21665604412555695,0.036798130720853806,-1.0417532920837402,-0.23030498623847961,0.011345376260578632,-0.3873143494129181,-0.864508330821991,0.2650364637374878,-0.5593962669372559,-1.0259953737258911,0.2756706774234772,-0.7294418215751648,-1.1071124076843262,0.2508464753627777,-0.8599787354469299,-1.142216444015503,0.21763640642166138,-0.3524016737937927,-0.9204937219619751,0.16883231699466705,-0.5847572684288025,-1.078310251235962,0.17215000092983246,-0.748562753200531,-1.1138817071914673,0.14537136256694794,-0.8936851620674133,-1.1452691555023193,0.12184008955955505,-0.3276698887348175,-0.9461129307746887,0.04695160314440727,-0.6335426568984985,-1.0569326877593994,0.004643597640097141,-0.8675909042358398,-1.096480369567871,-0.02231510914862156,-1.068360686302185,-1.1273289918899536,-0.03766508400440216,-0.34273213148117065,-0.9183838367462158,-0.08050984144210815,-0.6570791602134705,-0.962557852268219,-0.12901878356933594,-0.8539823889732361,-0.9892041087150574,-0.1509145051240921,-1.026306390762329,-1.0235843658447266,-0.16551966965198517,0.0,0.0,0.0,0.0022931986022740602,-0.4232514798641205,0.08197221904993057,0.1269415318965912,-0.7381496429443359,0.07826730608940125,0.28990715742111206,-0.8482823967933655,0.043465446680784225,0.42830175161361694,-0.8343161940574646,0.00278367567807436,0.1391044408082962,-0.9975535869598389,0.01421403419226408,0.20547957718372345,-1.3950997591018677,-0.02721523493528366,0.2577139437198639,-1.6547682285308838,-0.06139214709401131,0.2977757453918457,-1.85465407371521,-0.0911981612443924,0.2748083174228668,-0.959006130695343,-0.06919270753860474,0.5466697216033936,-0.9103010296821594,-0.12239118665456772,0.5209033489227295,-0.7248788475990295,-0.13731271028518677,0.41649940609931946,-0.6514081358909607,-0.14094169437885284,0.40947964787483215,-0.8115844130516052,-0.1411985456943512,0.6325855255126953,-0.7486810088157654,-0.16845862567424774,0.581333339214325,-0.5942496061325073,-0.12679775059223175,0.485107958316803,-0.5471311211585999,-0.09929393976926804,0.5223163366317749,-0.6396496295928955,-0.21026498079299927,0.7002992630004883,-0.6220639944076538,-0.19331353902816772,0.6424475908279419,-0.488459050655365,-0.12213851511478424,0.5514939427375793,-0.43018341064453125,-0.06869000196456909
0.0,0.0,0.0,-0.29636746644973755,-0.009728953242301941,0.04551452025771141,-0.5814627408981323,-0.18550483882427216,0.053527191281318665,-0.8241395354270935,-0.20635657012462616,0.02684732899069786,-1.0220272541046143,-0.22274582087993622,0.0026498185470700264,-0.28466174006462097,-0.9018397927284241,0.20812934637069702,-0.3837680518627167,-1.0850183963775635,0.24331435561180115,-0.48769357800483704,-1.220806360244751,0.2375539094209671,-0.5754141211509705,-1.3077276945114136,0.2147325724363327,-0.2630217969417572,-0.9557123780250549,0.13203534483909607,-0.5778535604476929,-1.073479175567627,0.16234585642814636,-0.7848938703536987,-1.0900537967681885,0.15756769478321075,-0.9480071067810059,-1.101091980934143,0.14439751207828522,-0.26790305972099304,-0.95896977186203,0.038492824882268906,-0.623650848865509,-1.0379936695098877,0.0274799857288599,-0.8503144979476929,-1.067121148109436,0.016926735639572144,-1.0287493467330933,-1.0913537740707397,0.0055771819315850735,-0.31544235348701477,-0.916339099407196,-0.060117725282907486,-0.6561778783798218,-0.9046618342399597,-0.08365898579359055,-0.8336701393127441,-0.9167884588241577,-0.09431280940771103,-0.975441038608551,-0.9565746188163757,-0.10243634134531021,0.0,0.0,0.0,0.02683001384139061,-0.40255919098854065,0.10303609818220139,0.17339438199996948,-0.7013578414916992,0.10837387293577194,0.35405150055885315,-0.7695895433425903,0.0792003944516182,0.49785688519477844,-0.7289021611213684,0.041517775505781174,0.1714438945055008,-0.9852582812309265,0.033114079385995865,0.24721668660640717,-1.3826123476028442,0.007753955665975809,0.3149470388889313,-1.6322654485702515,-0.019295241683721542,0.36636102199554443,-1.816956639289856,-0.04478110373020172,0.2934955060482025,-0.9543809294700623,-0.054930754005908966,0.5840515494346619,-0.8819929957389832,-0.08572031557559967,0.5736638307571411,-0.6961280107498169,-0.09590836614370346,0.4859950840473175,-0.6175318956375122,-0.09980715811252594,0.415983110666275,-0.8005531430244446,-0.12905462086200714,0.6641793847084045,-0.7209467887878418,-0.1357717216014862,0.6297210454940796,-0.5669175982475281,-0.09896044433116913,0.5468984842300415,-0.5171070098876953,-0.07815437763929367,0.5231683254241943,-0.6154950261116028,-0.19792400300502777,0.713798999786377,-0.5889837741851807,-0.16530804336071014,0.6759476065635681,-0.46345198154449463,-0.09345295280218124,0.6001694202423096,-0.40187394618988037,-0.04096287861466408
0.0,0.0,0.0,-0.31696662306785583,-0.048179034143686295,0.01465689204633236,-0.593341052532196,-0.22939807176589966,0.011210963129997253,-0.8197086453437805,-0.27651527523994446,-0.019865866750478745,-1.016034722328186,-0.29084253311157227,-0.04522128030657768,-0.359797865152359,-0.8883463740348816,0.17823031544685364,-0.600771963596344,-0.9844459295272827,0.16690950095653534,-0.8010312914848328,-1.0343178510665894,0.12150305509567261,-0.971524715423584,-1.0563064813613892,0.07567417621612549,-0.31887105107307434,-0.9414371252059937,0.10962366312742233,-0.6424937844276428,-1.0706032514572144,0.0985826626420021,-0.8518927097320557,-1.0909900665283203,0.060654621571302414,-1.0359243154525757,-1.1302297115325928,0.027228811755776405,-0.29960867762565613,-0.94328373670578,0.02011365443468094,-0.658371090888977,-1.0571590662002563,-0.0225701741874218,-0.8833758234977722,-1.0982725620269775,-0.04750123247504234,-1.070975661277771,-1.1422971487045288,-0.06470949947834015,-0.3279908001422882,-0.8835723996162415,-0.0764743909239769,-0.6614956855773926,-0.936406672000885,-0.11602773517370224,-0.8491019606590271,-0.9748520255088806,-0.12752065062522888,-1.0011378526687622,-1.034315586090088,-0.13538220524787903,0.0,0.0,0.0,-0.013628512620925903,-0.4291028380393982,0.05368080362677574,0.09876983612775803,-0.768105149269104,0.03412804752588272,0.2777464687824249,-0.8870694041252136,-0.007253644522279501,0.4466835856437683,-0.8437535166740417,-0.05282081291079521,0.1038098856806755,-1.0348312854766846,-0.041336774826049805,0.19510146975517273,-1.4729535579681396,-0.08210522681474686,0.27118441462516785,-1.7324764728546143,-0.10925700515508652,0.3320205509662628,-1.9264991283416748,-0.13242191076278687,0.26284852623939514,-0.9589138031005859,-0.10674698650836945,0.5294020771980286,-0.974475622177124,-0.15029194951057434,0.5187751650810242,-0.793343722820282,-0.15279032289981842,0.43424516916275024,-0.7086564302444458,-0.15061034262180328,0.4158882200717926,-0.7852627635002136,-0.15989841520786285,0.620050311088562,-0.7850937247276306,-0.1799585074186325,0.5706263184547424,-0.6350117921829224,-0.13060837984085083,0.47847238183021545,-0.5707706809043884,-0.09841185063123703,0.5431971549987793,-0.5945580005645752,-0.2109876573085785,0.7051168084144592,-0.6425480246543884,-0.18830326199531555,0.6500973105430603,-0.5238097906112671,-0.11001525819301605,0.5606584548950195,-0.4529416561126709,-0.0510978177189827
0.0,0.0,0.0,-0.2996377646923065,-0.05056106671690941,0.014124562963843346,-0.6126039624214172,-0.2714720368385315,0.023490384221076965,-0.8459137678146362,-0.3252657353878021,0.0023804667871445417,-1.0547796487808228,-0.31561505794525146,-0.018609773367643356,-0.4734508991241455,-0.8314186930656433,0.17183002829551697,-0.7129490971565247,-0.9567747712135315,0.14011983573436737,-0.9154683947563171,-1.0071613788604736,0.07496415078639984,-1.0908570289611816,-1.0357476472854614,0.011138197965919971,-0.41363003849983215,-0.9058315753936768,0.09153857082128525,-0.7272030711174011,-1.0511913299560547,0.04392173886299133,-0.9426464438438416,-1.0983341932296753,-0.033400677144527435,-1.1450974941253662,-1.1230597496032715,-0.09506213665008545,-0.34379205107688904,-0.9324726462364197,-0.009516100399196148,-0.6858505606651306,-1.0740180015563965,-0.08457276225090027,-0.918788492679596,-1.121637225151062,-0.14177937805652618,-1.1309840679168701,-1.1578840017318726,-0.17931993305683136,-0.29447442293167114,-0.9033181071281433,-0.11620815098285675,-0.6288581490516663,-0.9904122948646545,-0.18600617349147797,-0.8305928707122803,-1.0402098894119263,-0.2193622589111328,-1.0080233812332153,-1.0946825742721558,-0.24379855394363403,0.0,0.0,0.0,-0.04944581165909767,-0.4380759298801422,0.03890600800514221,0.06595391035079956,-0.7805572748184204,0.028106320649385452,0.23850779235363007,-0.8527930974960327,-0.0005236180732026696,0.4025985598564148,-0.7945928573608398,-0.031086528673768044,0.10609854757785797,-1.030275821685791,-0.027954328805208206,0.16697269678115845,-1.4808400869369507,-0.06616199016571045,0.22868360579013824,-1.7320510149002075,-0.09030778706073761,0.2807817757129669,-1.910259485244751,-0.10991285741329193,0.29370930790901184,-0.9530014991760254,-0.07431663572788239,0.42752259969711304,-0.924019455909729,-0.1165020614862442,0.37733399868011475,-0.7568584084510803,-0.12773969769477844,0.30203378200531006,-0.6965984106063843,-0.13072927296161652,0.4551568627357483,-0.7722378373146057,-0.11087635904550552,0.5279697179794312,-0.7257694602012634,-0.1312912106513977,0.4634890854358673,-0.5964921712875366,-0.10082320123910904,0.38637441396713257,-0.5537442564964294,-0.07986828684806824,0.5763646960258484,-0.5849742293357849,-0.14573262631893158,0.6276786923408508,-0.5737835168838501,-0.1270260214805603,0.5693434476852417,-0.46225401759147644,-0.06668484210968018,0.4962846338748932,-0.4066965878009796,-0.01773736998438835
0.0,0.0,0.0,-0.27461275458335876,-0.04921635240316391,0.03724479675292969,-0.6018055081367493,-0.27546563744544983,0.06093425676226616,-0.8272703289985657,-0.36526593565940857,0.049922674894332886,-1.0419411659240723,-0.3600616455078125,0.03388126939535141,-0.4844866096973419,-0.8197700381278992,0.1725970357656479,-0.7363361716270447,-0.9230373501777649,0.1652626395225525,-0.9156355857849121,-0.9933853149414062,0.13514980673789978,-1.065428376197815,-1.0588473081588745,0.09665466099977493,-0.4061003625392914,-0.9097627997398376,0.0861055999994278,-0.7169904708862305,-1.059602975845337,0.061163973063230515,-0.9092324376106262,-1.1192106008529663,0.01848411001265049,-1.1177268028259277,-1.18259859085083,-0.014104271307587624,-0.31556352972984314,-0.9334418773651123,-0.016075853258371353,-0.6398687362670898,-1.069451928138733,-0.07885938137769699,-0.845742404460907,-1.1301579475402832,-0.10468524694442749,-1.06166672706604,-1.1993298530578613,-0.11677320301532745,-0.25759440660476685,-0.876412570476532,-0.12082173675298691,-0.5802016258239746,-0.9741140007972717,-0.1893986314535141,-0.7653008699417114,-1.0349762439727783,-0.20849184691905975,-0.9383825063705444,-1.1116061210632324,-0.2166169136762619,0.0,0.0,0.0,-0.051675982773303986,-0.428494930267334,0.027177860960364342,0.07647256553173065,-0.7494720220565796,0.01546870730817318,0.26977211236953735,-0.7964718341827393,-0.009083972312510014,0.43556565046310425,-0.7242187857627869,-0.034619204699993134,0.169170543551445,-1.010616421699524,-0.031416893005371094,0.2122325301170349,-1.4318054914474487,-0.07069794088602066,0.25142279267311096,-1.6881165504455566,-0.09996532648801804,0.2859915792942047,-1.8713617324829102,-0.12485124915838242,0.35730791091918945,-0.9314543604850769,-0.06873054802417755,0.45798805356025696,-0.8748571872711182,-0.11809566617012024,0.40022313594818115,-0.7221505641937256,-0.1356939673423767,0.3236778676509857,-0.6614782810211182,-0.13981971144676208,0.5058615803718567,-0.7584713101387024,-0.09770539402961731,0.533355176448822,-0.6426645517349243,-0.11974042654037476,0.45772263407707214,-0.5312320590019226,-0.10424000024795532,0.3770296573638916,-0.5000467300415039,-0.09215711802244186,0.6151692271232605,-0.5840414762496948,-0.12725891172885895,0.6187524795532227,-0.493036150932312,-0.12158525735139847,0.5465277433395386,-0.39212989807128906,-0.08626033365726471,0.46665167808532715,-0.3502283990383148,-0.05297280102968216
0.0,0.0,0.0,-0.2683074176311493,0.004917519632726908,0.0037263347767293453,-0.6405115127563477,-0.23343771696090698,0.027502868324518204,-0.8904662728309631,-0.33238503336906433,0.02353554591536522,-1.113472819328308,-0.30094480514526367,0.018931515514850616,-0.5615653395652771,-0.7728785872459412,0.16932155191898346,-0.7973609566688538,-0.8980299830436707,0.1621437668800354,-0.9713162779808044,-0.9732866287231445,0.12849435210227966,-1.1137888431549072,-1.04397714138031,0.0861428827047348,-0.47696635127067566,-0.8730047345161438,0.10181276500225067,-0.754341721534729,-1.0303770303726196,0.07719037681818008,-0.9333789944648743,-1.1180497407913208,0.030091047286987305,-1.1260789632797241,-1.1916756629943848,-0.005047368351370096,-0.36270561814308167,-0.915681779384613,0.013484802097082138,-0.6504525542259216,-1.0739399194717407,-0.05711875110864639,-0.8553056120872498,-1.1602996587753296,-0.09161566197872162,-1.0703598260879517,-1.232603669166565,-0.10569325089454651,-0.2637665569782257,-0.8991946578025818,-0.08007199317216873,-0.5837839841842651,-1.0062435865402222,-0.1618516445159912,-0.7806096076965332,-1.0760678052902222,-0.19132299721240997,-0.9643954634666443,-1.1487494707107544,-0.20324966311454773,0.0,0.0,0.0,0.007616474758833647,-0.4455612599849701,0.05207699164748192,0.14930367469787598,-0.7541927695274353,0.04108678176999092,0.3208640515804291,-0.8040587306022644,0.011314686387777328,0.4689297378063202,-0.7364434003829956,-0.02170119434595108,0.23111781477928162,-0.9938699007034302,-0.019851695746183395,0.2886001467704773,-1.406330943107605,-0.061462581157684326,0.33391037583351135,-1.6613166332244873,-0.09549514204263687,0.3732844591140747,-1.8540995121002197,-0.12380145490169525,0.41414985060691833,-0.9072951078414917,-0.07277000695466995,0.5437325835227966,-0.8556057810783386,-0.10567370057106018,0.4999968409538269,-0.6983243227005005,-0.11718450486660004,0.4371132552623749,-0.6439960598945618,-0.12313179671764374,0.5594103932380676,-0.7165318727493286,-0.11522915959358215,0.6016565561294556,-0.6002604961395264,-0.12140437215566635,0.5295529365539551,-0.48409029841423035,-0.09732964634895325,0.45259782671928406,-0.45919713377952576,-0.08539621531963348,0.6717395186424255,-0.5201457142829895,-0.15675367414951324,0.6843810081481934,-0.43204188346862793,-0.13243545591831207,0.6128711700439453,-0.3321526050567627,-0.08197078853845596,0.532397985458374,-0.29445549845695496,-0.0424419566988945
0.0,0.0,0.0,-0.3014582395553589,-0.0010812858818098903,-0.02682293951511383,-0.6677677631378174,-0.22045034170150757,-0.025918107479810715,-0.9250927567481995,-0.3315275013446808,-0.044881418347358704,-1.1585865020751953,-0.3284107744693756,-0.06572897732257843,-0.6040690541267395,-0.7348793745040894,0.11336985230445862,-0.8600703477859497,-0.8870641589164734,0.08421389013528824,-1.0372892618179321,-0.9728307127952576,0.03300593048334122,-1.182723045349121,-1.0603985786437988,-0.02090330980718136,-0.5119467973709106,-0.8570284247398376,0.058419398963451385,-0.8080434203147888,-1.0513288974761963,0.01533149741590023,-1.0081279277801514,-1.1470589637756348,-0.05478786304593086,-1.2080919742584229,-1.2340525388717651,-0.11067667603492737,-0.387462854385376,-0.9180341362953186,-0.016226891428232193,-0.703726053237915,-1.1338112354278564,-0.09777764976024628,-0.9296643137931824,-1.2216349840164185,-0.1566845029592514,-1.1509618759155273,-1.290196418762207,-0.19289293885231018,-0.26484134793281555,-0.9215781688690186,-0.09583878517150879,-0.6079056262969971,-1.0354470014572144,-0.1867370903491974,-0.8263113498687744,-1.0903586149215698,-0.22933639585971832,-1.0233253240585327,-1.147907018661499,-0.2552016079425812,0.0,0.0,0.0,-0.028000593185424805,-0.4523235559463501,0.06370160728693008,0.10405787825584412,-0.7477129101753235,0.062300775200128555,0.2735292315483093,-0.76689213514328,0.041781552135944366,0.4229259490966797,-0.6815410852432251,0.014065365307033062,0.15976756811141968,-0.9936007857322693,-0.00880453735589981,0.1950482875108719,-1.3873695135116577,-0.03275364637374878,0.24260669946670532,-1.6339865922927856,-0.05810326337814331,0.2892283797264099,-1.805176854133606,-0.08411827683448792,0.34399470686912537,-0.9371194243431091,-0.058947741985321045,0.46037834882736206,-0.8323691487312317,-0.0799778401851654,0.403858482837677,-0.6626666188240051,-0.09321537613868713,0.3224159777164459,-0.592364490032196,-0.1029709130525589,0.49616381525993347,-0.7543516755104065,-0.09571610391139984,0.5421966910362244,-0.6086019277572632,-0.08731384575366974,0.4651665687561035,-0.4889519512653351,-0.06854736804962158,0.37727561593055725,-0.45755821466445923,-0.06723427027463913,0.6107373237609863,-0.559013843536377,-0.13031291961669922,0.6267105937004089,-0.4327530264854431,-0.10801293700933456,0.5593692660331726,-0.32672441005706787,-0.06954525411128998,0.476686954498291,-0.28376197814941406,-0.0400957353413105
0.0,0.0,0.0,-0.27955883741378784,0.014849276281893253,-0.01918884925544262,-0.6568248271942139,-0.19416525959968567,-0.014047091826796532,-0.9135743379592896,-0.29442495107650757,-0.02872653305530548,-1.1401340961456299,-0.28265616297721863,-0.045842595398426056,-0.6167983412742615,-0.7381746172904968,0.10469017922878265,-0.8795860409736633,-0.8871347904205322,0.07355503737926483,-1.074698805809021,-0.9641032814979553,0.02225688099861145,-1.2342262268066406,-1.0366863012313843,-0.0323827899992466,-0.5242222547531128,-0.8503261208534241,0.04622216895222664,-0.827594518661499,-1.0357838869094849,-0.0015703894896432757,-1.0355274677276611,-1.1177102327346802,-0.07161621749401093,-1.2380621433258057,-1.1843268871307373,-0.12750445306301117,-0.40140974521636963,-0.9051527380943298,-0.03041650913655758,-0.714644193649292,-1.110293984413147,-0.11270055919885635,-0.9434362053871155,-1.186153531074524,-0.1714930385351181,-1.1658470630645752,-1.2436002492904663,-0.20923329889774323,-0.27997010946273804,-0.9066781401634216,-0.11130187660455704,-0.6045911312103271,-1.0133620500564575,-0.20324601233005524,-0.8139777183532715,-1.0597703456878662,-0.24762623012065887,-1.0042462348937988,-1.1146652698516846,-0.2757070064544678,0.0,0.0,0.0,-0.08733529597520828,-0.4100628197193146,0.06586818397045135,0.004982293583452702,-0.7005046606063843,0.06465974450111389,0.15551643073558807,-0.7804431319236755,0.04497823864221573,0.3010035455226898,-0.7419179081916809,0.015994256362318993,0.11165419220924377,-0.9945923089981079,-0.024419456720352173,0.11552374064922333,-1.4134981632232666,-0.05136003717780113,0.14837782084941864,-1.6812893152236938,-0.07975462079048157,0.1872955858707428,-1.8695828914642334,-0.10664218664169312,0.3061324656009674,-0.9493602514266968,-0.07069694995880127,0.38531693816185,-0.8291260004043579,-0.08001497387886047,0.3329625725746155,-0.6551455855369568,-0.08177433162927628,0.2683050036430359,-0.5746824741363525,-0.08852609992027283,0.45797425508499146,-0.7660353779792786,-0.10277225822210312,0.4680635929107666,-0.6280258297920227,-0.08723517507314682,0.40265578031539917,-0.5086793303489685,-0.057017337530851364,0.33108052611351013,-0.4622623324394226,-0.051412634551525116,0.5665338635444641,-0.5714367628097534,-0.13207538425922394,0.5746933817863464,-0.4669366776943207,-0.10110383480787277,0.5118669867515564,-0.3621768355369568,-0.04958275705575943,0.4404129385948181,-0.3102080821990967,-0.0128528056666255
0.0,0.0,0.0,-0.3166404962539673,-0.05074552074074745,0.012775287963449955,-0.6193191409111023,-0.23878733813762665,0.00722244568169117,-0.848410427570343,-0.29346778988838196,-0.028865497559309006,-1.057138442993164,-0.3250427842140198,-0.0636836513876915,-0.4561309814453125,-0.8378601670265198,0.16175127029418945,-0.7033281922340393,-0.9473433494567871,0.12902411818504333,-0.910259485244751,-0.9969180226325989,0.06791771948337555,-1.0801410675048828,-1.0240747928619385,0.009195891208946705,-0.3952128291130066,-0.9151070713996887,0.07991146296262741,-0.7254281640052795,-1.0654643774032593,0.03576961159706116,-0.9405131936073303,-1.1006431579589844,-0.03007120080292225,-1.1385897397994995,-1.141073226928711,-0.08181752264499664,-0.32738375663757324,-0.9404524564743042,-0.021981026977300644,-0.6800276637077332,-1.1029824018478394,-0.09127726405858994,-0.9122442007064819,-1.1467821598052979,-0.13099808990955353,-1.1198821067810059,-1.193134069442749,-0.15641893446445465,-0.28644049167633057,-0.8927987813949585,-0.12970469892024994,-0.6186373233795166,-0.9720292687416077,-0.19488459825515747,-0.8171600699424744,-1.0215381383895874,-0.2160174548625946,-0.988637387752533,-1.0858681201934814,-0.22994272410869598,0.0,0.0,0.0,-0.0031497941818088293,-0.4245123565196991,0.07490449398756027,0.11265230178833008,-0.7123708128929138,0.0649280771613121,0.2677638530731201,-0.7789342999458313,0.022239647805690765,0.39537468552589417,-0.7285869717597961,-0.027730770409107208,0.17247003316879272,-0.9921504259109497,0.023127175867557526,0.23021075129508972,-1.3833749294281006,-0.019884856417775154,0.2859784662723541,-1.6403189897537231,-0.06111616641283035,0.33609265089035034,-1.8299840688705444,-0.09494046121835709,0.3200838565826416,-0.945784866809845,-0.055111367255449295,0.5059888958930969,-0.8186677694320679,-0.11303547769784927,0.45810097455978394,-0.6302692890167236,-0.13915081322193146,0.36369946599006653,-0.5530324578285217,-0.14741235971450806,0.4536908268928528,-0.7824088931083679,-0.12358545511960983,0.5957759618759155,-0.6389333009719849,-0.15884673595428467,0.5244016647338867,-0.4878779351711273,-0.13331486284732819,0.43281883001327515,-0.4479835331439972,-0.11230262368917465,0.567091703414917,-0.5947771668434143,-0.18931172788143158,0.7061961889266968,-0.5045983195304871,-0.17972597479820251,0.6271779537200928,-0.3710259199142456,-0.11757468432188034,0.5335784554481506,-0.3165569007396698,-0.06622343510389328
0.0,0.0,0.0,-0.2968590557575226,-0.08251046389341354,0.014490824192762375,-0.5659371614456177,-0.2987733781337738,0.007579443044960499,-0.7806830406188965,-0.3643946349620819,-0.026080556213855743,-0.973217248916626,-0.3714156448841095,-0.0589907243847847,-0.33943983912467957,-0.9176711440086365,0.13229168951511383,-0.5884085297584534,-1.0343209505081177,0.09729216992855072,-0.7937042117118835,-1.0835126638412476,0.03635655343532562,-0.9675015807151794,-1.100550889968872,-0.020953159779310226,-0.2894034683704376,-0.9554083347320557,0.0586559921503067,-0.616094172000885,-1.1111658811569214,0.021000875160098076,-0.8277373313903809,-1.1323456764221191,-0.039421409368515015,-1.0130115747451782,-1.1650744676589966,-0.09048086404800415,-0.25546467304229736,-0.9284653067588806,-0.031667497009038925,-0.5965712070465088,-1.0802500247955322,-0.08990385383367538,-0.8195562958717346,-1.1204657554626465,-0.13026344776153564,-1.0097497701644897,-1.1620805263519287,-0.1609944850206375,-0.26145485043525696,-0.8297699093818665,-0.12692633271217346,-0.5764466524124146,-0.9006875157356262,-0.18163619935512543,-0.7585797905921936,-0.9484425187110901,-0.20463767647743225,-0.9116239547729492,-1.0104186534881592,-0.22267985343933105,0.0,0.0,0.0,-0.001869266969151795,-0.4512525200843811,0.058531254529953,0.1313767284154892,-0.7946284413337708,0.04716624319553375,0.31321752071380615,-0.9187295436859131,0.016490207985043526,0.4761444628238678,-0.8781968355178833,-0.01727885566651821,0.1542334109544754,-1.026097059249878,-0.03444213420152664,0.22225984930992126,-1.4650648832321167,-0.07566116005182266,0.2691977620124817,-1.7286829948425293,-0.09915480017662048,0.30768683552742004,-1.9384839534759521,-0.11906859278678894,0.3149653971195221,-0.9440584182739258,-0.09772670269012451,0.5444550514221191,-0.9877392053604126,-0.13421311974525452,0.5163742303848267,-0.820540189743042,-0.13040676712989807,0.43583714962005615,-0.7546600103378296,-0.1236119195818901,0.4655722379684448,-0.7650837898254395,-0.14917324483394623,0.6203082799911499,-0.7338201999664307,-0.16362649202346802,0.5628806948661804,-0.5971660614013672,-0.11901194602251053,0.48188531398773193,-0.5530479550361633,-0.09060192108154297,0.5906193256378174,-0.566307783126831,-0.19789697229862213,0.7138224840164185,-0.5729879140853882,-0.16717055439949036,0.6472601294517517,-0.4522126615047455,-0.09261829406023026,0.5646885633468628,-0.3945847153663635,-0.03827263042330742
0.0,0.0,0.0,-0.3107602000236511,-0.1021125465631485,0.0037345592863857746,-0.5915093421936035,-0.3024861514568329,-0.019352685660123825,-0.8172004222869873,-0.335347443819046,-0.066124826669693,-1.0157208442687988,-0.31700798869132996,-0.1122119128704071,-0.3855278491973877,-0.9071900844573975,0.09387044608592987,-0.6426757574081421,-1.0195040702819824,0.051908355206251144,-0.8329551815986633,-1.0564583539962769,-0.010932940989732742,-0.9934739470481873,-1.0833526849746704,-0.06974895298480988,-0.32637301087379456,-0.9449371695518494,0.023967400193214417,-0.6618798971176147,-1.1030536890029907,-0.026023274287581444,-0.8614780306816101,-1.1153424978256226,-0.091733418405056,-1.032718300819397,-1.1439796686172485,-0.1459789127111435,-0.2764122486114502,-0.9100546836853027,-0.06019370257854462,-0.6124332547187805,-1.0627349615097046,-0.12294578552246094,-0.830722987651825,-1.1006332635879517,-0.1648278385400772,-1.0166267156600952,-1.1455203294754028,-0.19720563292503357,-0.265211820602417,-0.7992969751358032,-0.14879228174686432,-0.5777451992034912,-0.8644834756851196,-0.2026398926973343,-0.763243556022644,-0.9109492301940918,-0.2240566462278366,-0.9215700626373291,-0.9761527180671692,-0.24228522181510925,0.0,0.0,0.0,-0.014374563470482826,-0.4564419388771057,0.041047047823667526,0.11228487640619278,-0.8110244870185852,0.014468122273683548,0.294284850358963,-0.9511281847953796,-0.027060072869062424,0.4620983600616455,-0.9594119191169739,-0.06928621977567673,0.13686273992061615,-1.0567939281463623,-0.06226157769560814,0.1934257447719574,-1.4997507333755493,-0.12060719728469849,0.2408123016357422,-1.7903547286987305,-0.1595701277256012,0.273899644613266,-2.020169973373413,-0.1893821805715561,0.30031678080558777,-0.9457497596740723,-0.12396474182605743,0.5255151987075806,-1.0019481182098389,-0.19050271809101105,0.4949114918708801,-0.8068949580192566,-0.19663041830062866,0.39683809876441956,-0.6970333456993103,-0.19002628326416016,0.4517485797405243,-0.7487499713897705,-0.1746983379125595,0.6258007287979126,-0.7755451202392578,-0.21270710229873657,0.57414311170578,-0.6286202073097229,-0.15938282012939453,0.4806945025920868,-0.5557093620300293,-0.11878961324691772,0.5767828226089478,-0.5425445437431335,-0.22330164909362793,0.7117621302604675,-0.6115257740020752,-0.21030457317829132,0.6494134068489075,-0.4869094789028168,-0.1275811642408371,0.5641523599624634,-0.4099084436893463,-0.06346610933542252
0.0,0.0,0.0,-0.3334931433200836,-0.11498832702636719,0.009960265830159187,-0.5868004560470581,-0.3110239505767822,-0.01869129203259945,-0.8051494359970093,-0.38046595454216003,-0.06738195568323135,-0.9869446754455566,-0.40368351340293884,-0.11143694818019867,-0.3303038775920868,-0.9187341928482056,0.07570987939834595,-0.631538450717926,-1.0157430171966553,0.01866287551820278,-0.8446309566497803,-1.0087456703186035,-0.05292974412441254,-1.010315179824829,-0.987736701965332,-0.10963547229766846,-0.3001228868961334,-0.95383220911026,0.011418339796364307,-0.6946505904197693,-1.1022387742996216,-0.03728573024272919,-0.9209374189376831,-1.0908777713775635,-0.09757827967405319,-1.1026229858398438,-1.0882844924926758,-0.14722228050231934,-0.29612594842910767,-0.9065679311752319,-0.0648365393280983,-0.6786795258522034,-1.0577291250228882,-0.11837150901556015,-0.9199318289756775,-1.075479507446289,-0.1521371304988861,-1.1154788732528687,-1.0841138362884521,-0.17896775901317596,-0.33881163597106934,-0.7737900614738464,-0.14424797892570496,-0.6559527516365051,-0.8247464895248413,-0.18577167391777039,-0.8508471250534058,-0.8499950170516968,-0.19864042103290558,-1.0151028633117676,-0.8812940716743469,-0.20972348749637604,0.0,0.0,0.0,-0.025296323001384735,-0.4531978368759155,0.05860838666558266,0.09424640238285065,-0.7954244017601013,0.029670679941773415,0.2770269513130188,-0.9214513897895813,-0.017913714051246643,0.4433033764362335,-0.8960195183753967,-0.06646963953971863,0.09952393174171448,-1.0540003776550293,-0.06641190499067307,0.15966056287288666,-1.5063410997390747,-0.13993138074874878,0.2004951685667038,-1.8049002885818481,-0.19264012575149536,0.2172415405511856,-2.033571720123291,-0.22810225188732147,0.2555290162563324,-0.9570834636688232,-0.13673381507396698,0.5181090831756592,-1.071126103401184,-0.19610635936260223,0.5033522248268127,-0.8851656317710876,-0.19221997261047363,0.40876656770706177,-0.7707691788673401,-0.18128974735736847,0.40933698415756226,-0.7684035897254944,-0.19481198489665985,0.6284483075141907,-0.8709577918052673,-0.22612376511096954,0.5793792605400085,-0.7280910015106201,-0.1609559953212738,0.48161521553993225,-0.64504075050354,-0.1140393540263176,0.5448070764541626,-0.557716965675354,-0.24893715977668762,0.7134037613868713,-0.6861006021499634,-0.2234565168619156,0.6556682586669922,-0.5707247257232666,-0.1254587322473526,0.5702236294746399,-0.48889094591140747,-0.05283414199948311
0.0,0.0,0.0,-0.36216896772384644,-0.061823807656764984,0.03504336252808571,-0.6086944937705994,-0.21336086094379425,0.013076580129563808,-0.8341888189315796,-0.2429870218038559,-0.03644466772675514,-1.0318135023117065,-0.2595985233783722,-0.08601810038089752,-0.3573223948478699,-0.9013249278068542,0.11236216872930527,-0.6963918805122375,-0.9384527206420898,0.07415487617254257,-0.9106972813606262,-0.9282077550888062,0.011625980027019978,-1.078576922416687,-0.9202476739883423,-0.04092124104499817,-0.3316628038883209,-0.9426519274711609,0.03751159831881523,-0.7430065870285034,-1.0480434894561768,0.00990096852183342,-0.9702921509742737,-1.0316435098648071,-0.03980023041367531,-1.155772089958191,-1.0261679887771606,-0.08637087792158127,-0.3445289731025696,-0.8974102735519409,-0.048469334840774536,-0.7448915839195251,-1.0224872827529907,-0.0814543068408966,-0.9853096604347229,-1.0358210802078247,-0.10562600940465927,-1.1801104545593262,-1.0518628358840942,-0.1314246505498886,-0.4144916236400604,-0.7719432711601257,-0.1372346729040146,-0.7388150095939636,-0.8263471722602844,-0.16165119409561157,-0.932496190071106,-0.851006269454956,-0.16479633748531342,-1.0994316339492798,-0.8850153684616089,-0.17207220196723938,0.0,0.0,0.0,0.004918246995657682,-0.4328659176826477,0.08304047584533691,0.1157713457942009,-0.7611907720565796,0.07280498743057251,0.2832624316215515,-0.896817147731781,0.03454310819506645,0.4389946460723877,-0.8920966386795044,-0.009122375398874283,0.11552034318447113,-1.0109362602233887,-0.00899374671280384,0.14931613206863403,-1.4246933460235596,-0.05627213045954704,0.179911807179451,-1.6935205459594727,-0.09404440224170685,0.19825506210327148,-1.9018768072128296,-0.12461737543344498,0.2569054067134857,-0.9618732929229736,-0.09380505979061127,0.5432091355323792,-1.0173566341400146,-0.13688954710960388,0.5410664081573486,-0.8403562903404236,-0.13643813133239746,0.4465879797935486,-0.7541217803955078,-0.13274529576301575,0.39826977252960205,-0.8038193583488464,-0.16671529412269592,0.6447659134864807,-0.8468831181526184,-0.1896033138036728,0.6030933856964111,-0.7079145908355713,-0.1362435668706894,0.5054343938827515,-0.6462113261222839,-0.10207357257604599,0.5187046527862549,-0.6131924986839294,-0.2350492626428604,0.7035873532295227,-0.6896825432777405,-0.21432776749134064,0.6598501801490784,-0.5720164179801941,-0.1318712830543518,0.5755865573883057,-0.49690207839012146,-0.07204557210206985
0.0,0.0,0.0,-0.332494854927063,-0.03624512627720833,0.035610489547252655,-0.5989973545074463,-0.19083426892757416,0.03221938759088516,-0.8240882754325867,-0.20581617951393127,-0.007317302282899618,-1.0279109477996826,-0.19109918177127838,-0.04515078291296959,-0.4205573499202728,-0.8588439226150513,0.19246424734592438,-0.6273604035377502,-0.9771068692207336,0.18442469835281372,-0.8126100897789001,-1.0225831270217896,0.14126481115818024,-0.9740804433822632,-1.0420119762420654,0.0930580198764801,-0.37870222330093384,-0.9196844100952148,0.10375536978244781,-0.6938643455505371,-1.0457578897476196,0.09181047976016998,-0.8929627537727356,-1.041689395904541,0.04949212819337845,-1.0733373165130615,-1.0556012392044067,0.008814522996544838,-0.3499455451965332,-0.9143210053443909,-0.004818076267838478,-0.7110828757286072,-0.9822587966918945,-0.04443357512354851,-0.9385409355163574,-0.9972743988037109,-0.07422991842031479,-1.1363506317138672,-1.0340887308120728,-0.10214663296937943,-0.3632071316242218,-0.8326614499092102,-0.11961434036493301,-0.6960152983665466,-0.8449983596801758,-0.15773911774158478,-0.8821048736572266,-0.8623486161231995,-0.1729183793067932,-1.0424799919128418,-0.9079747796058655,-0.19036684930324554,0.0,0.0,0.0,0.023875175043940544,-0.40744560956954956,0.11061666160821915,0.1522793173789978,-0.7052701115608215,0.12045607715845108,0.30401691794395447,-0.7994886040687561,0.09539110213518143,0.4358851909637451,-0.7733343839645386,0.062155384570360184,0.15662623941898346,-0.9888426661491394,0.05423997342586517,0.19336624443531036,-1.3672435283660889,0.03290845453739166,0.24329735338687897,-1.5907559394836426,0.008248756639659405,0.28179222345352173,-1.7424607276916504,-0.013090710155665874,0.28397953510284424,-0.9581334590911865,-0.03654932975769043,0.5622522234916687,-0.9003227353096008,-0.06136130169034004,0.5437071323394775,-0.7127072811126709,-0.07145732641220093,0.4431048333644867,-0.6463289260864258,-0.07400401681661606,0.4087980091571808,-0.8101235628128052,-0.11422617733478546,0.651729166507721,-0.7296409606933594,-0.1158861368894577,0.6059607863426208,-0.581820011138916,-0.08325233310461044,0.5141584277153015,-0.5536660552024841,-0.06578156352043152,0.5108585357666016,-0.6284799575805664,-0.1854560822248459,0.7068875432014465,-0.5883030295372009,-0.1497603803873062,0.6643214225769043,-0.4669376313686371,-0.08125115185976028,0.580108106136322,-0.42199116945266724,-0.0319693349301815
0.0,0.0,0.0,-0.3010915517807007,-0.006161536555737257,0.03692084550857544,-0.6619963049888611,-0.19243274629116058,0.05610109493136406,-0.9051916003227234,-0.2615867257118225,0.03825221583247185,-1.128481388092041,-0.22295822203159332,0.017182432115077972,-0.5808975100517273,-0.7674011588096619,0.1883237659931183,-0.8331401944160461,-0.8592497110366821,0.18198519945144653,-1.0121550559997559,-0.9053272008895874,0.15371914207935333,-1.1607511043548584,-0.9489417672157288,0.11750257015228271,-0.509099543094635,-0.8551856279373169,0.09734059870243073,-0.8263996839523315,-0.9813298583030701,0.07760842889547348,-1.0228071212768555,-1.018695592880249,0.042708173394203186,-1.2354130744934082,-1.0561432838439941,0.018108922988176346,-0.4099070429801941,-0.8870491981506348,-0.012409059330821037,-0.7417904138565063,-1.011735439300537,-0.07712395489215851,-0.9587038159370422,-1.050315022468567,-0.09214168787002563,-1.1798168420791626,-1.0888302326202393,-0.09164196252822876,-0.33025023341178894,-0.8447268605232239,-0.1257932484149933,-0.681145191192627,-0.9241849184036255,-0.20009924471378326,-0.8818155527114868,-0.9672993421554565,-0.2127162665128708,-1.0660589933395386,-1.017736554145813,-0.21069248020648956,0.0,0.0,0.0,-0.04111189767718315,-0.44951194524765015,0.053003065288066864,0.05897653475403786,-0.7423385381698608,0.03626159578561783,0.23550541698932648,-0.7857510447502136,-0.0013728246558457613,0.40526270866394043,-0.7111986875534058,-0.044138748198747635,0.11897236108779907,-0.9993830323219299,-0.030958151444792747,0.13730217516422272,-1.4282962083816528,-0.07815483957529068,0.1743241399526596,-1.7019761800765991,-0.11527775973081589,0.21259069442749023,-1.9040910005569458,-0.14573590457439423,0.29886671900749207,-0.9504370093345642,-0.08572142571210861,0.4493020176887512,-0.8823977708816528,-0.12927067279815674,0.407122939825058,-0.7067115306854248,-0.1397324502468109,0.3290947377681732,-0.6292650103569031,-0.14290457963943481,0.4549436867237091,-0.7787042260169983,-0.13002100586891174,0.5408379435539246,-0.6698995232582092,-0.1496182531118393,0.47266316413879395,-0.537285327911377,-0.11963091045618057,0.3915310204029083,-0.49335968494415283,-0.10156121850013733,0.5837287902832031,-0.5893061757087708,-0.17233355343341827,0.6460500359535217,-0.519545316696167,-0.16105133295059204,0.5815766453742981,-0.4084155261516571,-0.10691241174936295,0.5039960145950317,-0.35590365529060364,-0.06294474005699158
0.0,0.0,0.0,-0.3035949170589447,-0.02509135752916336,0.025796562433242798,-0.6306514143943787,-0.21296118199825287,0.033956050872802734,-0.8644558191299438,-0.27933281660079956,0.00771544873714447,-1.0781793594360352,-0.291243314743042,-0.01820852793753147,-0.5107632875442505,-0.8092246055603027,0.18662723898887634,-0.7463334798812866,-0.9072593450546265,0.18169505894184113,-0.9360013008117676,-0.953643798828125,0.14663659036159515,-1.092209815979004,-0.9857988953590393,0.10278546810150146,-0.4407599866390228,-0.8920689225196838,0.09971799701452255,-0.7503262758255005,-1.0303860902786255,0.08076943457126617,-0.9471963047981262,-1.0635182857513428,0.03409016132354736,-1.1558029651641846,-1.109192132949829,-0.004979544319212437,-0.3544132709503174,-0.9237473607063293,-0.006168189458549023,-0.6819778084754944,-1.0521453619003296,-0.06471662223339081,-0.8981369733810425,-1.0979281663894653,-0.09492611885070801,-1.1152902841567993,-1.1435436010360718,-0.11305583268404007,-0.29632318019866943,-0.8740555644035339,-0.11648339033126831,-0.6321299076080322,-0.9389522671699524,-0.180283322930336,-0.8272190093994141,-0.9848592877388,-0.19826523959636688,-1.0046305656433105,-1.0373715162277222,-0.20806755125522614,0.0,0.0,0.0,-0.021463077515363693,-0.43615078926086426,0.043217167258262634,0.08942615985870361,-0.7420743703842163,0.020907903090119362,0.2575453221797943,-0.7942985892295837,-0.020877396687865257,0.40788039565086365,-0.72238689661026,-0.0675312802195549,0.15207453072071075,-1.001213788986206,-0.036367375403642654,0.18223346769809723,-1.4100806713104248,-0.08727114647626877,0.21606718003749847,-1.6795858144760132,-0.13482850790023804,0.24225252866744995,-1.8880623579025269,-0.17479601502418518,0.33328977227211,-0.9381409287452698,-0.09385929256677628,0.450626015663147,-0.8606847524642944,-0.13569270074367523,0.4076666533946991,-0.693331241607666,-0.15262943506240845,0.33165982365608215,-0.6356118321418762,-0.16554342210292816,0.48188281059265137,-0.7601600885391235,-0.1413928121328354,0.5430472493171692,-0.6750794649124146,-0.15862424671649933,0.48436203598976135,-0.5438936948776245,-0.12517224252223969,0.4085938334465027,-0.5058494210243225,-0.1087886318564415,0.6002306342124939,-0.5646920800209045,-0.18912070989608765,0.657298743724823,-0.5297510623931885,-0.17406024038791656,0.5966425538063049,-0.41303062438964844,-0.11017052084207535,0.523652195930481,-0.35284143686294556,-0.06183266267180443
0.0,0.0,0.0,-0.2940315902233124,-0.06193613260984421,0.008705848827958107,-0.6091057658195496,-0.2725180983543396,-0.006903499830514193,-0.8492457866668701,-0.3402654230594635,-0.05325350537896156,-1.0722390413284302,-0.3267875909805298,-0.09904693067073822,-0.4646111726760864,-0.8472638726234436,0.14518551528453827,-0.7095077037811279,-0.9727271199226379,0.12245971709489822,-0.8945181369781494,-1.0264012813568115,0.07543803751468658,-1.0500086545944214,-1.0665239095687866,0.024074040353298187,-0.39614999294281006,-0.9159340858459473,0.06426461786031723,-0.7179701328277588,-1.0785579681396484,0.029732756316661835,-0.9161191582679749,-1.1189601421356201,-0.02434214949607849,-1.1108312606811523,-1.1714866161346436,-0.07075385749340057,-0.3199494481086731,-0.9329092502593994,-0.03560899943113327,-0.6574472784996033,-1.1102328300476074,-0.10266174376010895,-0.8829820156097412,-1.1552925109863281,-0.1382555067539215,-1.0901752710342407,-1.1921800374984741,-0.16200891137123108,-0.2734191119670868,-0.8799386620521545,-0.140764519572258,-0.6133432388305664,-0.9577131867408752,-0.20728535950183868,-0.8137941956520081,-1.008895993232727,-0.23111127316951752,-0.987110435962677,-1.0630396604537964,-0.24779938161373138,0.0,0.0,0.0,-0.021743785589933395,-0.43217843770980835,0.06824304908514023,0.09886454790830612,-0.7364360690116882,0.07201961427927017,0.2658555507659912,-0.7790101766586304,0.05668632686138153,0.4202703535556793,-0.7092114090919495,0.03564779460430145,0.15079201757907867,-0.9984697103500366,-0.011594612151384354,0.18747906386852264,-1.4291272163391113,-0.029414691030979156,0.22921714186668396,-1.690609335899353,-0.04064713791012764,0.26641109585762024,-1.8826605081558228,-0.05294851213693619,0.3326551616191864,-0.9410565495491028,-0.06126273423433304,0.471154123544693,-0.910581111907959,-0.0704381912946701,0.4264504313468933,-0.742696225643158,-0.06455346196889877,0.35127779841423035,-0.6749956011772156,-0.060321468859910965,0.48409488797187805,-0.771075963973999,-0.09741337597370148,0.5456507205963135,-0.688321053981781,-0.08494771271944046,0.4806974232196808,-0.5601385831832886,-0.055962156504392624,0.4056832492351532,-0.5219373106956482,-0.04466186463832855,0.5997235178947449,-0.5935709476470947,-0.12964950501918793,0.644548237323761,-0.5405281186103821,-0.09495926648378372,0.5850570201873779,-0.42970573902130127,-0.04200424253940582,0.5085927844047546,-0.3767719864845276,-0.003124465001747012
0.0,0.0,0.0,-0.2855459451675415,-0.025784578174352646,-0.011777924373745918,-0.6213363409042358,-0.2528599202632904,-0.015275401063263416,-0.8620231747627258,-0.3585284352302551,-0.04117652401328087,-1.0815143585205078,-0.3788718581199646,-0.06853318959474564,-0.5212690830230713,-0.7960448265075684,0.10765881091356277,-0.7698824405670166,-0.9415087699890137,0.0766134187579155,-0.9612614512443542,-1.0180145502090454,0.02581537701189518,-1.1172503232955933,-1.0874637365341187,-0.028398092836141586,-0.43414026498794556,-0.8998525142669678,0.042280495166778564,-0.7318822145462036,-1.0903193950653076,-0.00363936391659081,-0.9390026926994324,-1.16108238697052,-0.0666835606098175,-1.1392490863800049,-1.2288225889205933,-0.11871348321437836,-0.3254184126853943,-0.9392317533493042,-0.041218165308237076,-0.6362754106521606,-1.153532862663269,-0.12332068383693695,-0.8627609014511108,-1.2200120687484741,-0.17500804364681244,-1.0743123292922974,-1.2692006826400757,-0.2080637514591217,-0.231251522898674,-0.910556972026825,-0.12907344102859497,-0.559188961982727,-1.0123727321624756,-0.21794050931930542,-0.7659116983413696,-1.065504550933838,-0.258663147687912,-0.9489538073539734,-1.1223104000091553,-0.2844293415546417,0.0,0.0,0.0,-0.043289341032505035,-0.4304235875606537,0.05230984836816788,0.07141844928264618,-0.733169674873352,0.04799507185816765,0.23694950342178345,-0.780658483505249,0.027597574517130852,0.38679811358451843,-0.7197408080101013,0.0010718891862779856,0.14154714345932007,-1.0007619857788086,-0.02735285274684429,0.18028870224952698,-1.4270769357681274,-0.05528409034013748,0.22320698201656342,-1.6877739429473877,-0.08024747669696808,0.26316943764686584,-1.8758087158203125,-0.10389070212841034,0.33386218547821045,-0.9401366114616394,-0.06840492784976959,0.42380738258361816,-0.8531211614608765,-0.087621308863163,0.3623260259628296,-0.6839128732681274,-0.0926729142665863,0.28815916180610657,-0.6167582273483276,-0.09780797362327576,0.48525962233543396,-0.760525107383728,-0.09709209948778152,0.5036931037902832,-0.6437034606933594,-0.08969563245773315,0.4336787760257721,-0.5231356620788574,-0.06475866585969925,0.35800108313560486,-0.48301276564598083,-0.05862854793667793,0.5960251688957214,-0.5767003297805786,-0.12395330518484116,0.6008837819099426,-0.48840534687042236,-0.10036952048540115,0.5338233113288879,-0.38487985730171204,-0.05562981963157654,0.4574781358242035,-0.33759811520576477,-0.021532906219363213
0.0,0.0,0.0,-0.3191058039665222,0.0038844700902700424,-0.020200487226247787,-0.6780358552932739,-0.1984453946352005,-0.01949850469827652,-0.9360212087631226,-0.2946840822696686,-0.042385417968034744,-1.1695722341537476,-0.3305763304233551,-0.06477893888950348,-0.5656468868255615,-0.7472385764122009,0.1262201964855194,-0.8454897403717041,-0.8946519494056702,0.08783328533172607,-1.0568959712982178,-0.9752458930015564,0.03192921355366707,-1.2233784198760986,-1.0551477670669556,-0.021771375089883804,-0.48644012212753296,-0.8713594675064087,0.06409900635480881,-0.8076294660568237,-1.0707522630691528,0.01226373203098774,-1.0318583250045776,-1.1596585512161255,-0.05568481981754303,-1.2371026277542114,-1.2372716665267944,-0.10606366395950317,-0.38102883100509644,-0.9476792216300964,-0.019768808037042618,-0.7200678586959839,-1.1677546501159668,-0.10654275119304657,-0.9687848687171936,-1.2548984289169312,-0.15998001396656036,-1.1966544389724731,-1.329285740852356,-0.18826599419116974,-0.27849408984184265,-0.9704380631446838,-0.10976606607437134,-0.6290102005004883,-1.0951370000839233,-0.20116357505321503,-0.8655452132225037,-1.1538355350494385,-0.24006323516368866,-1.0757864713668823,-1.2146692276000977,-0.260364294052124,0.0,0.0,0.0,-0.037929240614175797,-0.4378165602684021,0.05097153037786484,0.06806427240371704,-0.7378574013710022,0.036240190267562866,0.23716405034065247,-0.7709428668022156,0.0017366157844662666,0.3901488184928894,-0.6977144479751587,-0.03872743248939514,0.12585487961769104,-0.9981274604797363,-0.023320922628045082,0.15123578906059265,-1.3957514762878418,-0.06675369292497635,0.1894894242286682,-1.647871732711792,-0.10621393471956253,0.22391656041145325,-1.8344645500183105,-0.1395764797925949,0.3165167272090912,-0.9456979036331177,-0.07397698611021042,0.4122994840145111,-0.8509542942047119,-0.11644311994314194,0.35160109400749207,-0.6613942980766296,-0.13259823620319366,0.26848796010017395,-0.569267749786377,-0.1396034061908722,0.47398319840431213,-0.7722866535186768,-0.11444920301437378,0.508967936038971,-0.628824770450592,-0.12747453153133392,0.43564772605895996,-0.4908779561519623,-0.10279630869626999,0.35187476873397827,-0.43357065320014954,-0.08993201702833176,0.5941957831382751,-0.5841879844665527,-0.15384335815906525,0.6185726523399353,-0.4699424207210541,-0.1359928846359253,0.5509640574455261,-0.3554497957229614,-0.08737806230783463,0.4737083911895752,-0.301043301820755,-0.04868258908390999
0.0,0.0,0.0,-0.31483590602874756,0.014961954206228256,0.0014386666007339954,-0.6737390160560608,-0.16347117722034454,0.010620526038110256,-0.9301159381866455,-0.23928409814834595,-0.011349596083164215,-1.158776044845581,-0.2670367658138275,-0.03579992800951004,-0.5813496708869934,-0.73647141456604,0.17258378863334656,-0.8535518050193787,-0.8543137907981873,0.14245253801345825,-1.0637236833572388,-0.919477641582489,0.0842917263507843,-1.228933572769165,-0.9840139150619507,0.025835974141955376,-0.5103808641433716,-0.8546490669250488,0.09532222896814346,-0.8378074169158936,-1.019627332687378,0.04785385727882385,-1.0632846355438232,-1.089328408241272,-0.027343589812517166,-1.2767754793167114,-1.1513742208480835,-0.08523160964250565,-0.41039028763771057,-0.928389310836792,-0.004353933501988649,-0.751746654510498,-1.1131948232650757,-0.08858879655599594,-0.9962088465690613,-1.1790398359298706,-0.14475160837173462,-1.2277077436447144,-1.2373771667480469,-0.17725108563899994,-0.31327083706855774,-0.9454835653305054,-0.10959647595882416,-0.6660565733909607,-1.042316198348999,-0.19811269640922546,-0.8901795148849487,-1.0950380563735962,-0.23640362918376923,-1.0934349298477173,-1.156216025352478,-0.2588385343551636,0.0,0.0,0.0,-0.03740394860506058,-0.42493095993995667,0.02083747461438179,0.05728785693645477,-0.7150501608848572,-0.017429377883672714,0.21752317249774933,-0.7612263560295105,-0.07309360802173615,0.35031136870384216,-0.7017676830291748,-0.13276924192905426,0.12806092202663422,-0.9948598742485046,-0.06664564460515976,0.166670560836792,-1.4016951322555542,-0.13344985246658325,0.21461272239685059,-1.6646533012390137,-0.1881752759218216,0.25689104199409485,-1.8584322929382324,-0.2316613346338272,0.32465675473213196,-0.9385347366333008,-0.11726269125938416,0.41123005747795105,-0.8438365459442139,-0.18940073251724243,0.35561156272888184,-0.6724212765693665,-0.2199697345495224,0.2777557075023651,-0.5944446921348572,-0.23501341044902802,0.4897007644176483,-0.7665777206420898,-0.1599796861410141,0.5174851417541504,-0.6216720938682556,-0.20087972283363342,0.45051202178001404,-0.48851343989372253,-0.18046826124191284,0.36953210830688477,-0.43208327889442444,-0.16644898056983948,0.6246420741081238,-0.5822773575782776,-0.20555655658245087,0.647017776966095,-0.4672223627567291,-0.20938824117183685,0.5781933665275574,-0.3517732322216034,-0.16484926640987396,0.5003690719604492,-0.289726197719574,-0.12616263329982758
0.0,0.0,0.0,-0.33234289288520813,-0.04370860382914543,0.013339961878955364,-0.5913899540901184,-0.18771108984947205,-0.016734696924686432,-0.8242210745811462,-0.20375919342041016,-0.07383453845977783,-1.0272988080978394,-0.20380574464797974,-0.12771807610988617,-0.36422112584114075,-0.8938000202178955,0.10829426348209381,-0.6587363481521606,-0.954939603805542,0.06433949619531631,-0.8609785437583923,-0.9478189945220947,0.003843496786430478,-1.0140678882598877,-0.932778537273407,-0.04805688187479973,-0.3287578821182251,-0.9437789916992188,0.034633930772542953,-0.7039088606834412,-1.0568947792053223,-0.00577497947961092,-0.9161161184310913,-1.0277049541473389,-0.05746041238307953,-1.085854172706604,-1.0186806917190552,-0.10211611539125443,-0.3221016824245453,-0.9187095165252686,-0.055143777281045914,-0.7080793380737305,-1.0308036804199219,-0.11278346925973892,-0.9476250410079956,-1.033626675605774,-0.1446896493434906,-1.1336517333984375,-1.0392423868179321,-0.16992059350013733,-0.3709844648838043,-0.8141721487045288,-0.14935302734375,-0.710391640663147,-0.852760374546051,-0.1984608918428421,-0.9060102701187134,-0.8753014206886292,-0.2143196016550064,-1.0649454593658447,-0.9094412326812744,-0.22717192769050598,0.0,0.0,0.0,-0.017082970589399338,-0.4465862214565277,0.08540225774049759,0.08829688280820847,-0.7614565491676331,0.06953145563602448,0.25727733969688416,-0.8937960267066956,0.027316931635141373,0.41783109307289124,-0.8828716278076172,-0.01919582486152649,0.10772716999053955,-1.0135198831558228,-0.02245233580470085,0.14220480620861053,-1.4497318267822266,-0.07267851382493973,0.1740802675485611,-1.7405349016189575,-0.11016494780778885,0.19358928501605988,-1.9493403434753418,-0.13511477410793304,0.2547723352909088,-0.9619154930114746,-0.09904360771179199,0.5436773300170898,-1.024851679801941,-0.13522109389305115,0.5481120347976685,-0.847788393497467,-0.12887966632843018,0.4647342264652252,-0.7433708310127258,-0.11849772930145264,0.40318432450294495,-0.8063510060310364,-0.161760613322258,0.6614956855773926,-0.8497728705406189,-0.1814044713973999,0.6295301914215088,-0.7112686634063721,-0.12663312256336212,0.5362525582313538,-0.6386446356773376,-0.08556684106588364,0.5409069061279297,-0.6194368004798889,-0.21840251982212067,0.7634629607200623,-0.7449070811271667,-0.1945691555738449,0.7946493625640869,-0.7010554671287537,-0.112302765250206,0.7692788243293762,-0.6720877885818481,-0.04677785187959671
0.0,0.0,0.0,-0.3494960367679596,-0.06855273991823196,0.02860768511891365,-0.6018702983856201,-0.23935125768184662,0.015770765021443367,-0.8314436674118042,-0.2861741781234741,-0.021854158490896225,-1.0302386283874512,-0.3079315423965454,-0.058881063014268875,-0.35736241936683655,-0.8865461349487305,0.1251930147409439,-0.6711449027061462,-0.9319358468055725,0.08953597396612167,-0.8881880640983582,-0.9121198058128357,0.02613445557653904,-1.057814359664917,-0.8878442049026489,-0.02728641778230667,-0.3268471360206604,-0.9434415698051453,0.05557802692055702,-0.7308369278907776,-1.0644559860229492,0.03090745210647583,-0.9603627324104309,-1.0410062074661255,-0.023688431829214096,-1.141074538230896,-1.0264601707458496,-0.07329992949962616,-0.33088961243629456,-0.9128040671348572,-0.026471517980098724,-0.7229316234588623,-1.052196741104126,-0.06357655674219131,-0.956329345703125,-1.0605071783065796,-0.09889508783817291,-1.1394339799880981,-1.0595885515213013,-0.13067539036273956,-0.38934651017189026,-0.798891007900238,-0.1107962429523468,-0.7184011340141296,-0.8331829309463501,-0.1438767910003662,-0.9078295826911926,-0.855449378490448,-0.1574879288673401,-1.0660126209259033,-0.8882870674133301,-0.17078261077404022,0.0,0.0,0.0,0.011734128929674625,-0.4538498520851135,0.07427706569433212,0.1325475573539734,-0.7795541286468506,0.057047415524721146,0.30502545833587646,-0.8884472846984863,0.013837992213666439,0.4647696316242218,-0.8577517867088318,-0.03394535556435585,0.14876610040664673,-1.0245949029922485,-0.022049468010663986,0.20120222866535187,-1.4509443044662476,-0.07280958443880081,0.23883971571922302,-1.7232909202575684,-0.10548929125070572,0.2639963924884796,-1.9354182481765747,-0.1303705871105194,0.2933836877346039,-0.9504777789115906,-0.102557472884655,0.5711601376533508,-1.0010422468185425,-0.1505209505558014,0.5540899038314819,-0.8132601380348206,-0.14751632511615753,0.4571632742881775,-0.7184895277023315,-0.13787342607975006,0.4314161241054535,-0.7771008014678955,-0.17147840559482574,0.6635231375694275,-0.7926231026649475,-0.19554667174816132,0.6060097217559814,-0.6438689231872559,-0.13950122892856598,0.5080292224884033,-0.5829765796661377,-0.10118073225021362,0.5466930270195007,-0.5822567343711853,-0.23617617785930634,0.7151498198509216,-0.6384623050689697,-0.2103130966424942,0.6508126258850098,-0.5169107913970947,-0.12297113239765167,0.5613520741462708,-0.45287612080574036,-0.05911736190319061
0.0,0.0,0.0,-0.35056382417678833,-0.09750878810882568,0.026770656928420067,-0.6213077902793884,-0.2777586281299591,0.010059289634227753,-0.8540949821472168,-0.3212030827999115,-0.030796704813838005,-1.0496748685836792,-0.325075626373291,-0.06906937062740326,-0.3629303276538849,-0.9098686575889587,0.11728872358798981,-0.6684078574180603,-1.0018044710159302,0.10095082968473434,-0.8637123107910156,-1.013826847076416,0.05536773428320885,-1.0270832777023315,-1.0251777172088623,0.009027495048940182,-0.32252082228660583,-0.9451705813407898,0.05131204426288605,-0.7190003991127014,-1.0814054012298584,0.03623131662607193,-0.92838054895401,-1.075706124305725,-0.012501589953899384,-1.0960795879364014,-1.0773714780807495,-0.06132694333791733,-0.3093324303627014,-0.8935992121696472,-0.02514861337840557,-0.6906331777572632,-1.0083400011062622,-0.04901663586497307,-0.9221813678741455,-1.028029441833496,-0.07994921505451202,-1.1081875562667847,-1.0418084859848022,-0.11335242539644241,-0.3482326865196228,-0.7659299969673157,-0.10461459308862686,-0.6593483090400696,-0.8127985596656799,-0.12270713597536087,-0.8503584265708923,-0.8377464413642883,-0.1326460838317871,-1.0147905349731445,-0.8660856485366821,-0.1486668586730957,0.0,0.0,0.0,-0.004022139590233564,-0.4513096809387207,0.04794235900044441,0.12395871430635452,-0.796138346195221,0.014541029930114746,0.310842365026474,-0.9131956100463867,-0.03662939742207527,0.4789414703845978,-0.8740348815917969,-0.08865278214216232,0.13050676882266998,-1.0485255718231201,-0.07211339473724365,0.17826442420482635,-1.508484959602356,-0.1434013396501541,0.20782370865345,-1.8052772283554077,-0.19167201220989227,0.22031040489673615,-2.039933204650879,-0.22628886997699738,0.281919002532959,-0.9488978385925293,-0.14182567596435547,0.5515678524971008,-1.0127760171890259,-0.20846673846244812,0.5239500999450684,-0.8174896836280823,-0.20527541637420654,0.41994205117225647,-0.7225156426429749,-0.19547265768051147,0.42888346314430237,-0.7556036710739136,-0.20075839757919312,0.6458637118339539,-0.8056621551513672,-0.24042071402072906,0.5872797966003418,-0.6575808525085449,-0.1778918206691742,0.48606786131858826,-0.5909897089004517,-0.13347381353378296,0.5600859522819519,-0.5455398559570312,-0.25695672631263733,0.7276779413223267,-0.638093113899231,-0.23976141214370728,0.661172091960907,-0.5126936435699463,-0.14597105979919434,0.5709577202796936,-0.43531832098960876,-0.07686422765254974
0.0,0.0,0.0,-0.3487403988838196,-0.08742110431194305,-0.017575731500983238,-0.6186286211013794,-0.24353107810020447,-0.05826612189412117,-0.8552354574203491,-0.2685624957084656,-0.11715007573366165,-1.0318280458450317,-0.2680862247943878,-0.17045137286186218,-0.38643065094947815,-0.9115907549858093,0.07005361467599869,-0.6885795593261719,-0.9932770729064941,0.013461780734360218,-0.8940966725349426,-0.988900899887085,-0.06966996937990189,-1.076330542564392,-0.9725499153137207,-0.13842953741550446,-0.3520565629005432,-0.9358357787132263,0.01635926216840744,-0.7518556118011475,-1.058392882347107,-0.04520817846059799,-0.9578951001167297,-1.0333352088928223,-0.1345035284757614,-1.1260703802108765,-0.9988536238670349,-0.20497776567935944,-0.3290609121322632,-0.8940260410308838,-0.049515027552843094,-0.6784305572509766,-1.0190578699111938,-0.10524344444274902,-0.9078114032745361,-1.0266880989074707,-0.16039520502090454,-1.0969645977020264,-1.0042715072631836,-0.20106768608093262,-0.3445441722869873,-0.7705801129341125,-0.12128297984600067,-0.6444549560546875,-0.8191956877708435,-0.15901504456996918,-0.8420299291610718,-0.85038822889328,-0.17952464520931244,-1.0123995542526245,-0.8688504695892334,-0.19667738676071167,0.0,0.0,0.0,0.03226223215460777,-0.42987877130508423,0.08407556265592575,0.17241983115673065,-0.7507179379463196,0.07879512757062912,0.33950337767601013,-0.82976233959198,0.04498855397105217,0.47013115882873535,-0.7894658446311951,0.006063918583095074,0.17559389770030975,-1.0003677606582642,0.01701315864920616,0.22497926652431488,-1.4043935537338257,-0.014586344361305237,0.2681834101676941,-1.6650983095169067,-0.04159914702177048,0.3032650649547577,-1.8681050539016724,-0.06681396812200546,0.31738191843032837,-0.9461340308189392,-0.06402469426393509,0.5636816024780273,-0.9025974273681641,-0.107300765812397,0.5247225761413574,-0.708961546421051,-0.12023162841796875,0.420919805765152,-0.6381253004074097,-0.12332630902528763,0.45491284132003784,-0.789555549621582,-0.13244779407978058,0.6679480671882629,-0.7331619262695312,-0.1513059288263321,0.6040950417518616,-0.5793130993843079,-0.11334951221942902,0.5102283358573914,-0.5411537885665894,-0.09024357050657272,0.5754667520523071,-0.6131283044815063,-0.1960267722606659,0.7348886728286743,-0.6007641553878784,-0.16871553659439087,0.6604323387145996,-0.467434287071228,-0.09513493627309799,0.5667964816093445,-0.41532912850379944,-0.042554281651973724
0.0,0.0,0.0,-0.3496939241886139,-0.06028822436928749,0.013361357152462006,-0.6067079305648804,-0.21771901845932007,-0.012547939084470272,-0.8309250473976135,-0.2523408830165863,-0.06529250741004944,-1.0380369424819946,-0.24545621871948242,-0.1171274483203888,-0.4206760823726654,-0.8754110932350159,0.10405664891004562,-0.7121208310127258,-0.9686709642410278,0.06044621765613556,-0.9247691035270691,-0.9925951957702637,0.0020477157086133957,-1.0854473114013672,-1.0090409517288208,-0.051062438637018204,-0.36930617690086365,-0.9288628697395325,0.028752116486430168,-0.7532625198364258,-1.0690819025039673,-0.019997702911496162,-0.9724946022033691,-1.05857253074646,-0.08126562088727951,-1.1469556093215942,-1.0686335563659668,-0.13287560641765594,-0.33987483382225037,-0.9041858315467834,-0.061124201864004135,-0.7180112600326538,-1.036485195159912,-0.12492910772562027,-0.9585573077201843,-1.0439748764038086,-0.1679145246744156,-1.147546410560608,-1.0487403869628906,-0.20136193931102753,-0.35964256525039673,-0.7931990623474121,-0.15448975563049316,-0.6963541507720947,-0.8216226100921631,-0.2103092223405838,-0.8909211158752441,-0.8424661159515381,-0.2350761890411377,-1.0509867668151855,-0.8760172128677368,-0.2556130290031433,0.0,0.0,0.0,0.07105745375156403,-0.38519763946533203,0.12153282016515732,0.2299247831106186,-0.6820797920227051,0.1430160403251648,0.3845917284488678,-0.7726863026618958,0.12869706749916077,0.5073581337928772,-0.777227520942688,0.10910900682210922,0.230214461684227,-0.9718962907791138,0.0799255296587944,0.2805587947368622,-1.3267078399658203,0.06686598062515259,0.3172577917575836,-1.5712090730667114,0.04436253383755684,0.34850838780403137,-1.7640703916549683,0.02050299011170864,0.3335879147052765,-0.9426547288894653,-0.0110053401440382,0.6111040711402893,-0.845099687576294,-0.027416013181209564,0.5812842845916748,-0.6559605598449707,-0.03586164116859436,0.48366835713386536,-0.6019696593284607,-0.042212143540382385,0.4349554479122162,-0.8010293245315552,-0.08863179385662079,0.6809608340263367,-0.6915585398674011,-0.08592113852500916,0.6193408966064453,-0.5417775511741638,-0.05261853709816933,0.5256120562553406,-0.5237850546836853,-0.039422664791345596,0.5252130031585693,-0.6275342106819153,-0.15884454548358917,0.7203733325004578,-0.5600282549858093,-0.11811911314725876,0.6483925580978394,-0.4357537031173706,-0.04956940934062004,0.5477619171142578,-0.40645015239715576,-0.005237699951976538
0.0,0.0,0.0,-0.3387288451194763,-0.05619683861732483,0.016476687043905258,-0.6161218285560608,-0.2250836342573166,0.0028528613038361073,-0.8451888561248779,-0.25549617409706116,-0.039914730936288834,-1.0522308349609375,-0.23234155774116516,-0.08109453320503235,-0.44022801518440247,-0.8668372631072998,0.14953956007957458,-0.6968016028404236,-0.9534825682640076,0.12508127093315125,-0.8909104466438293,-0.9881376624107361,0.066212497651577,-1.0571632385253906,-1.0141631364822388,0.008374269120395184,-0.38511550426483154,-0.9197832345962524,0.07539792358875275,-0.7270902395248413,-1.0132652521133423,0.049271125346422195,-0.9314119219779968,-1.0340830087661743,-0.010041138157248497,-1.114488959312439,-1.0660241842269897,-0.06472565978765488,-0.3394227623939514,-0.9135591983795166,-0.015686726197600365,-0.6873828172683716,-0.9958886504173279,-0.05320623889565468,-0.9020408987998962,-1.0302298069000244,-0.08494136482477188,-1.086024522781372,-1.0656486749649048,-0.11457721889019012,-0.3266216814517975,-0.8410816788673401,-0.11372656375169754,-0.6249085068702698,-0.8918070197105408,-0.1427917629480362,-0.7969276905059814,-0.9293304085731506,-0.15169504284858704,-0.941946804523468,-0.9733577370643616,-0.16397452354431152,0.0,0.0,0.0,0.07003447413444519,-0.4059044122695923,0.11568129062652588,0.22277376055717468,-0.7051717638969421,0.12966839969158173,0.37809687852859497,-0.8059943914413452,0.10702591389417648,0.5127703547477722,-0.8082209229469299,0.07783186435699463,0.22236758470535278,-0.975077211856842,0.06388868391513824,0.2764289379119873,-1.3367208242416382,0.0448235459625721,0.31697559356689453,-1.581505298614502,0.024393800646066666,0.3537990152835846,-1.7756986618041992,0.0021296425256878138,0.3340859115123749,-0.9420464038848877,-0.03058062307536602,0.6182517409324646,-0.8776713609695435,-0.055278751999139786,0.6101612448692322,-0.6911581158638,-0.06335143744945526,0.5286741256713867,-0.6234385967254639,-0.06673729419708252,0.4427485466003418,-0.7977853417396545,-0.11209554225206375,0.6810558438301086,-0.6995452046394348,-0.1161358430981636,0.6259759068489075,-0.5471388101577759,-0.08024176955223083,0.5365437865257263,-0.5210508704185486,-0.06302402913570404,0.5399672389030457,-0.6218001842498779,-0.18724995851516724,0.7217775583267212,-0.5647150278091431,-0.1529674381017685,0.6533713936805725,-0.4398151934146881,-0.08481566607952118,0.5579780340194702,-0.4067055284976959,-0.03927350416779518
0.0,0.0,0.0,-0.3513926565647125,-0.06756430864334106,0.031777217984199524,-0.6259191036224365,-0.22853608429431915,0.014031770639121532,-0.8594391345977783,-0.2582951486110687,-0.03681875765323639,-1.07106351852417,-0.24626150727272034,-0.08872546255588531,-0.4313770532608032,-0.8797688484191895,0.14329499006271362,-0.7200084924697876,-0.9548904895782471,0.1108647808432579,-0.9245272874832153,-0.979636549949646,0.048600923269987106,-1.0959234237670898,-0.9934091567993164,-0.009880387224256992,-0.37765511870384216,-0.9241042137145996,0.05837808921933174,-0.7513459324836731,-1.020776391029358,0.0209843460470438,-0.9632328748703003,-1.0208505392074585,-0.04505346715450287,-1.1498140096664429,-1.0303772687911987,-0.10217555612325668,-0.3421684801578522,-0.9034484028816223,-0.04041009768843651,-0.7149454355239868,-1.0026593208312988,-0.08392229676246643,-0.939311146736145,-1.0262340307235718,-0.11542680114507675,-1.1297764778137207,-1.0518425703048706,-0.14344914257526398,-0.3476284146308899,-0.8114418387413025,-0.14370985329151154,-0.6664985418319702,-0.8743270635604858,-0.17825302481651306,-0.8466718196868896,-0.921207070350647,-0.18733999133110046,-0.9953218698501587,-0.9744159579277039,-0.19806285202503204,0.0,0.0,0.0,0.07044171541929245,-0.4075259268283844,0.11300589889287949,0.22972038388252258,-0.6980652213096619,0.12319372594356537,0.3873032033443451,-0.7926832437515259,0.09619951993227005,0.5193948149681091,-0.797034502029419,0.06339213997125626,0.21520528197288513,-0.9654229283332825,0.06199298053979874,0.2763440012931824,-1.330902099609375,0.03730960562825203,0.3208375871181488,-1.5789507627487183,0.01474141888320446,0.36412325501441956,-1.7717076539993286,-0.008722136728465557,0.3302743136882782,-0.9432610869407654,-0.03431400656700134,0.6156796813011169,-0.8587407469749451,-0.0702260360121727,0.6001439094543457,-0.6759458780288696,-0.08214619755744934,0.5150182247161865,-0.6124171614646912,-0.08622127771377563,0.4413659870624542,-0.8058701157569885,-0.11858267337083817,0.6890280246734619,-0.6811071038246155,-0.13405507802963257,0.6278346180915833,-0.5291724801063538,-0.10174373537302017,0.5336811542510986,-0.5079772472381592,-0.08493242412805557,0.5412158370018005,-0.634088933467865,-0.1966974288225174,0.7232496738433838,-0.5419731140136719,-0.17149215936660767,0.6506705284118652,-0.41404667496681213,-0.10886207967996597,0.5540421009063721,-0.3855126202106476,-0.06619150191545486
0.0,0.0,0.0,-0.2671109735965729,0.04309951886534691,0.04945729672908783,-0.6700514554977417,-0.1261346936225891,0.0991518571972847,-0.911926805973053,-0.20824046432971954,0.10866627097129822,-1.1220320463180542,-0.1691739857196808,0.11677747219800949,-0.6012371182441711,-0.734351396560669,0.21281461417675018,-0.847017228603363,-0.8026368618011475,0.21230274438858032,-1.0434459447860718,-0.8649521470069885,0.20593199133872986,-1.194795846939087,-0.9091343283653259,0.18984243273735046,-0.5173075199127197,-0.847261369228363,0.1205863282084465,-0.832542359828949,-0.9619744420051575,0.08972395211458206,-1.040832757949829,-1.0199570655822754,0.08156625926494598,-1.2658849954605103,-1.0635039806365967,0.0946381688117981,-0.40949442982673645,-0.8927478790283203,0.00810388196259737,-0.7321791052818298,-0.9965488910675049,-0.08171438425779343,-0.9616868495941162,-1.060409665107727,-0.0594404861330986,-1.2090693712234497,-1.117611289024353,-0.010029350407421589,-0.32968252897262573,-0.8593692779541016,-0.10708855092525482,-0.6941009163856506,-0.9382128715515137,-0.21641574800014496,-0.8989742994308472,-1.0011942386627197,-0.21783092617988586,-1.0925747156143188,-1.0636885166168213,-0.1857517659664154,0.0,0.0,0.0,-0.02297661453485489,-0.42722707986831665,0.04612143337726593,0.09733249992132187,-0.7343308329582214,0.02394796535372734,0.2884477972984314,-0.7857862114906311,-0.020767545327544212,0.447021484375,-0.7206815481185913,-0.06799225509166718,0.12427706271409988,-0.9972856640815735,-0.026655148714780807,0.17753292620182037,-1.413862943649292,-0.08001641184091568,0.21923813223838806,-1.6828786134719849,-0.1194644495844841,0.25825032591819763,-1.8881077766418457,-0.15156665444374084,0.288871705532074,-0.9535492658615112,-0.08542180806398392,0.4991392493247986,-0.8912462592124939,-0.14560362696647644,0.4657701253890991,-0.715135395526886,-0.16735972464084625,0.38894519209861755,-0.6448310613632202,-0.1731615662574768,0.4346264600753784,-0.7940446734428406,-0.13498704135417938,0.5929535031318665,-0.6586032509803772,-0.17382262647151947,0.5185099840164185,-0.5117764472961426,-0.1510826051235199,0.4294373393058777,-0.4752599895000458,-0.13118097186088562,0.5583375096321106,-0.612721860408783,-0.18288247287273407,0.695982038974762,-0.5061914324760437,-0.1823498159646988,0.6233885288238525,-0.3813968002796173,-0.13237029314041138,0.5320077538490295,-0.3398812711238861,-0.08875029534101486
0.0,0.0,0.0,-0.31041544675827026,0.009922263212502003,0.020209528505802155,-0.6740803718566895,-0.1737746149301529,0.03486984223127365,-0.9184367060661316,-0.23963432013988495,0.01793208159506321,-1.1372301578521729,-0.2607037425041199,0.0013624393614009023,-0.5687505006790161,-0.7652395963668823,0.16618791222572327,-0.8420234322547913,-0.8909367918968201,0.1478261947631836,-1.0422905683517456,-0.9604150652885437,0.10994932055473328,-1.2036001682281494,-1.027938723564148,0.0704139843583107,-0.47785684466362,-0.8743228316307068,0.08492599427700043,-0.8036506175994873,-1.0253660678863525,0.05777905881404877,-1.0246684551239014,-1.1036213636398315,0.01670040190219879,-1.2351957559585571,-1.1579372882843018,-0.012996643781661987,-0.3725338280200958,-0.9237101078033447,-0.016163868829607964,-0.7071568369865417,-1.0823686122894287,-0.08175566792488098,-0.9484437108039856,-1.1577157974243164,-0.10193561017513275,-1.1739660501480103,-1.210242509841919,-0.10486092418432236,-0.2938840389251709,-0.9052724242210388,-0.1224316656589508,-0.6290994882583618,-1.0225638151168823,-0.20106777548789978,-0.8461924195289612,-1.0974702835083008,-0.22172266244888306,-1.0410192012786865,-1.166509747505188,-0.2242051362991333,0.0,0.0,0.0,-0.008165739476680756,-0.44875988364219666,0.044225357472896576,0.12358804047107697,-0.7494540214538574,0.015998924151062965,0.319084495306015,-0.7851635813713074,-0.033322256058454514,0.47605597972869873,-0.7102242708206177,-0.08690439909696579,0.15645672380924225,-0.9974302053451538,-0.047923821955919266,0.2193133383989334,-1.4145456552505493,-0.11913905292749405,0.27813833951950073,-1.6930172443389893,-0.170402392745018,0.3233514130115509,-1.8994140625,-0.206888809800148,0.3335188329219818,-0.9365928173065186,-0.1075129359960556,0.5252282023429871,-0.906206488609314,-0.17974765598773956,0.49463123083114624,-0.7208812236785889,-0.19697168469429016,0.4110635221004486,-0.6193342804908752,-0.1955558955669403,0.48789387941360474,-0.7648703455924988,-0.15832863748073578,0.6289647817611694,-0.638969361782074,-0.20351043343544006,0.5539692640304565,-0.4953761398792267,-0.17297843098640442,0.4527401924133301,-0.4429457187652588,-0.144491046667099,0.6133889555931091,-0.5699704885482788,-0.20753790438175201,0.7308506965637207,-0.4758225381374359,-0.2036534994840622,0.6497644782066345,-0.352451890707016,-0.1448967158794403,0.5502837896347046,-0.30478331446647644,-0.09458314627408981
0.0,0.0,0.0,-0.30757471919059753,0.010923445224761963,0.031856242567300797,-0.6603257060050964,-0.1595868170261383,0.044816140085458755,-0.899268388748169,-0.21780435740947723,0.021012481302022934,-1.1212106943130493,-0.22420424222946167,-0.003757948288694024,-0.5623160600662231,-0.7658630609512329,0.17813007533550262,-0.8304170370101929,-0.8700966238975525,0.16477328538894653,-1.0287712812423706,-0.9326909780502319,0.13660919666290283,-1.1853396892547607,-0.9915606379508972,0.10472792387008667,-0.4759907126426697,-0.8751386404037476,0.08697791397571564,-0.7991885542869568,-1.019658088684082,0.06613067537546158,-1.0148231983184814,-1.0840339660644531,0.0396260991692543,-1.2297004461288452,-1.1329630613327026,0.02413387969136238,-0.37409770488739014,-0.9214486479759216,-0.023956498131155968,-0.7083598375320435,-1.073410153388977,-0.09071454405784607,-0.945324182510376,-1.141259789466858,-0.0972660556435585,-1.1727280616760254,-1.1858209371566772,-0.08696845918893814,-0.3041658401489258,-0.8867135047912598,-0.13931672275066376,-0.6440686583518982,-0.9831123948097229,-0.2235068380832672,-0.8535796403884888,-1.0530749559402466,-0.2377326339483261,-1.0419683456420898,-1.1157000064849854,-0.23106896877288818,0.0,0.0,0.0,-0.01268949918448925,-0.43599802255630493,0.07632029801607132,0.12007571011781693,-0.7365131378173828,0.0656864121556282,0.304284006357193,-0.781448245048523,0.027545738965272903,0.455355167388916,-0.7223387360572815,-0.017907075583934784,0.15034793317317963,-0.9896799921989441,-0.003486471716314554,0.21059881150722504,-1.406266450881958,-0.0495891310274601,0.25691479444503784,-1.6800587177276611,-0.08927226811647415,0.2898271679878235,-1.8870679140090942,-0.12267909944057465,0.3173089325428009,-0.9452886581420898,-0.0757921040058136,0.5067099332809448,-0.8886118531227112,-0.11985170841217041,0.47105786204338074,-0.6937084197998047,-0.13286201655864716,0.38443997502326965,-0.605021595954895,-0.137105792760849,0.4672296345233917,-0.7827074527740479,-0.13672567903995514,0.6065478920936584,-0.6614411473274231,-0.1540149450302124,0.5361402630805969,-0.5074291825294495,-0.12002304196357727,0.44228506088256836,-0.4634151756763458,-0.10059606283903122,0.5921711325645447,-0.5948745608329773,-0.19436407089233398,0.7155146598815918,-0.5103589296340942,-0.17430812120437622,0.6386970281600952,-0.37375542521476746,-0.11188242584466934,0.5438792109489441,-0.3222994804382324,-0.06487838923931122
0.0,0.0,0.0,-0.32590633630752563,-0.036297883838415146,-0.014778399839997292,-0.5907461643218994,-0.17797169089317322,-0.05581887811422348,-0.8050420880317688,-0.2056511491537094,-0.11731056869029999,-0.9895669221878052,-0.21429206430912018,-0.17691612243652344,-0.4381442070007324,-0.8725298643112183,0.058729030191898346,-0.7096590995788574,-1.0064349174499512,-0.009085913188755512,-0.9186877608299255,-1.0327649116516113,-0.08639528602361679,-1.0855841636657715,-1.0254583358764648,-0.148760586977005,-0.38698408007621765,-0.9220439791679382,-0.00884618703275919,-0.7387555837631226,-1.1161221265792847,-0.08215423673391342,-0.9576165080070496,-1.1010633707046509,-0.15614962577819824,-1.1320087909698486,-1.0706950426101685,-0.21054400503635406,-0.3481828570365906,-0.8867518901824951,-0.0922735184431076,-0.6972635984420776,-1.09390389919281,-0.17209617793560028,-0.9360120892524719,-1.1011408567428589,-0.22154368460178375,-1.1234054565429688,-1.0888513326644897,-0.2543671727180481,-0.3484874963760376,-0.761547327041626,-0.1807282269001007,-0.6665831804275513,-0.85514897108078,-0.25199222564697266,-0.8637098073959351,-0.9038360118865967,-0.2842792272567749,-1.0251089334487915,-0.9653518199920654,-0.305769145488739,0.0,0.0,0.0,0.04485835134983063,-0.39724746346473694,0.09221190959215164,0.18842217326164246,-0.7070329189300537,0.09076271206140518,0.355155885219574,-0.821626603603363,0.05742336064577103,0.500566840171814,-0.8102240562438965,0.020522110164165497,0.22265563905239105,-0.9940020442008972,0.023683179169893265,0.284600168466568,-1.4011958837509155,-0.020686201751232147,0.33587729930877686,-1.6653828620910645,-0.0538027323782444,0.37615981698036194,-1.8736541271209717,-0.07973726838827133,0.338532030582428,-0.9386684894561768,-0.06555550545454025,0.6395975947380066,-0.9294809699058533,-0.11417394131422043,0.6279160976409912,-0.7461397051811218,-0.12023184448480606,0.5413803458213806,-0.6749749779701233,-0.11449537426233292,0.4510762393474579,-0.7813107371330261,-0.14362245798110962,0.6894593238830566,-0.7117519974708557,-0.16887445747852325,0.6295011043548584,-0.5580722689628601,-0.12429998070001602,0.5380948185920715,-0.5240676999092102,-0.09205891191959381,0.551889181137085,-0.5905911922454834,-0.2170410454273224,0.7401508688926697,-0.5607889294624329,-0.1912165880203247,0.6629008650779724,-0.4300491511821747,-0.11195562779903412,0.566306471824646,-0.3836193084716797,-0.05366482958197594
0.0,0.0,0.0,-0.35323232412338257,-0.019692957401275635,-0.012506481260061264,-0.6283567547798157,-0.14947974681854248,-0.06123187765479088,-0.8520522117614746,-0.1735157072544098,-0.13213378190994263,-1.0393626689910889,-0.15588073432445526,-0.1995486468076706,-0.44711050391197205,-0.887046754360199,0.06145429238677025,-0.7102726101875305,-1.0563116073608398,-0.020086558535695076,-0.912979781627655,-1.0486273765563965,-0.10469598323106766,-1.0639148950576782,-0.9875288605690002,-0.16427233815193176,-0.40549972653388977,-0.9140619039535522,-0.007794895209372044,-0.7479829788208008,-1.1629117727279663,-0.09769924730062485,-0.9599111676216125,-1.1020593643188477,-0.17692603170871735,-1.1095060110092163,-0.9935334920883179,-0.22599734365940094,-0.38607919216156006,-0.8492321372032166,-0.09362880140542984,-0.7143709063529968,-1.1079645156860352,-0.1802496463060379,-0.9494740962982178,-1.0863031148910522,-0.23167386651039124,-1.1219911575317383,-1.018222689628601,-0.2581724226474762,-0.41442081332206726,-0.689898669719696,-0.1835625320672989,-0.7153375744819641,-0.8338472843170166,-0.24855852127075195,-0.9135995507240295,-0.8900997042655945,-0.2792953848838806,-1.0752677917480469,-0.9365276098251343,-0.2975565493106842,0.0,0.0,0.0,0.0638490617275238,-0.3930570185184479,0.13472922146320343,0.2344444841146469,-0.6908704042434692,0.14225316047668457,0.42371314764022827,-0.7902958393096924,0.10858751088380814,0.5830525755882263,-0.8106248378753662,0.06858617067337036,0.21677842736244202,-1.005935549736023,0.05996118485927582,0.30284184217453003,-1.3735041618347168,0.03769698739051819,0.3479757308959961,-1.607118844985962,0.016771676018834114,0.3825668394565582,-1.7970730066299438,-0.005054792854934931,0.3006197214126587,-0.9524714350700378,-0.04925427585840225,0.6256274580955505,-0.8867893815040588,-0.07244616001844406,0.5983608961105347,-0.6983777284622192,-0.07093893736600876,0.5026803016662598,-0.6526520848274231,-0.0718151405453682,0.3916085958480835,-0.7898374795913696,-0.14362913370132446,0.6784789562225342,-0.6970117092132568,-0.14951764047145844,0.6115677356719971,-0.5412543416023254,-0.10118429362773895,0.516416072845459,-0.5309170484542847,-0.07891447097063065,0.4791707992553711,-0.597230851650238,-0.22914910316467285,0.7124660015106201,-0.5614806413650513,-0.19071319699287415,0.6355249881744385,-0.425633043050766,-0.10794629901647568,0.531951367855072,-0.3961925506591797,-0.055970847606658936
0.0,0.0,0.0,-0.3497532606124878,-0.06286086142063141,0.015860509127378464,-0.6188583374023438,-0.224132239818573,-0.018290311098098755,-0.8427022099494934,-0.2514129877090454,-0.08164529502391815,-1.041713833808899,-0.23352451622486115,-0.14431096613407135,-0.41370388865470886,-0.9024825692176819,0.1014021560549736,-0.6653472781181335,-1.0646618604660034,0.042231421917676926,-0.8554121851921082,-1.078430414199829,-0.024631254374980927,-0.9921128749847412,-1.0480725765228271,-0.07447309046983719,-0.36073175072669983,-0.9324852228164673,0.018543390557169914,-0.6835787892341614,-1.1738529205322266,-0.043648701161146164,-0.8863365054130554,-1.1357817649841309,-0.10765234380960464,-1.0340473651885986,-1.0743721723556519,-0.1509225219488144,-0.3314460515975952,-0.8812168836593628,-0.08020096272230148,-0.6431143879890442,-1.1461336612701416,-0.15431413054466248,-0.8775937557220459,-1.1453571319580078,-0.19847892224788666,-1.0534480810165405,-1.1113227605819702,-0.22361673414707184,-0.35873842239379883,-0.7406308650970459,-0.1805698424577713,-0.669654130935669,-0.869567334651947,-0.24144992232322693,-0.8590735793113708,-0.9266347885131836,-0.2653038203716278,-1.0082571506500244,-0.9836940765380859,-0.2798638343811035,0.0,0.0,0.0,0.07081075012683868,-0.3845784664154053,0.09709677845239639,0.2608516812324524,-0.6899199485778809,0.09498593211174011,0.4776327610015869,-0.7789471745491028,0.057606447488069534,0.6595299243927002,-0.7751843929290771,0.017971815541386604,0.20321403443813324,-1.0032492876052856,0.04970313236117363,0.3057921826839447,-1.3717186450958252,0.025625286623835564,0.3645971119403839,-1.6062172651290894,0.002194437198340893,0.4154888689517975,-1.7976655960083008,-0.02299068309366703,0.2930741310119629,-0.9550900459289551,-0.043709851801395416,0.6030245423316956,-0.8752050399780273,-0.08749175071716309,0.5612630248069763,-0.6872605085372925,-0.10218917578458786,0.4576154947280884,-0.6370261907577515,-0.108070969581604,0.3910248875617981,-0.8005988001823425,-0.1257205456495285,0.659796953201294,-0.7092748284339905,-0.15005628764629364,0.5883658528327942,-0.5560438632965088,-0.11394333094358444,0.4917680025100708,-0.540405809879303,-0.0922473892569542,0.4858093559741974,-0.6224582195281982,-0.20236067473888397,0.712131917476654,-0.5868989825248718,-0.1784384548664093,0.6383680105209351,-0.4535651206970215,-0.10783912986516953,0.5404075980186462,-0.41982847452163696,-0.05975310504436493
0.0,0.0,0.0,-0.32315880060195923,-0.048567790538072586,-0.01039136853069067,-0.5871588587760925,-0.2074415385723114,-0.04735661298036575,-0.7989732623100281,-0.2530955374240875,-0.10667107254266739,-0.9884968996047974,-0.25723445415496826,-0.16298696398735046,-0.4034208655357361,-0.8957929015159607,0.07525886595249176,-0.6354094743728638,-1.059305191040039,0.01673196256160736,-0.8280057311058044,-1.1012513637542725,-0.04731304571032524,-0.9712562561035156,-1.107295274734497,-0.09855514764785767,-0.3452480137348175,-0.9384881258010864,0.006622967775911093,-0.6403380632400513,-1.1721328496932983,-0.054119255393743515,-0.8486822843551636,-1.1703720092773438,-0.1119581088423729,-1.0056655406951904,-1.1483055353164673,-0.153062105178833,-0.30751919746398926,-0.9040007591247559,-0.08019912242889404,-0.6139458417892456,-1.14420747756958,-0.15962067246437073,-0.8445810079574585,-1.162497878074646,-0.20327043533325195,-1.016202688217163,-1.1536190509796143,-0.22845660150051117,-0.3198222815990448,-0.7822256684303284,-0.17138493061065674,-0.6325182318687439,-0.8967148661613464,-0.24368816614151,-0.8232274651527405,-0.9521023631095886,-0.273991197347641,-0.9709177017211914,-1.0119763612747192,-0.29174479842185974,0.0,0.0,0.0,0.043566085398197174,-0.3945079445838928,0.08943378925323486,0.17739106714725494,-0.7086941599845886,0.0911792516708374,0.3332183063030243,-0.8319459557533264,0.06015390157699585,0.46433284878730774,-0.8460543155670166,0.027020873501896858,0.18105818331241608,-0.9875271320343018,0.045322634279727936,0.24878573417663574,-1.3567242622375488,0.012253186665475368,0.304923951625824,-1.5974960327148438,-0.014843867160379887,0.35476574301719666,-1.7852815389633179,-0.03939434885978699,0.29140758514404297,-0.9557296633720398,-0.04077263921499252,0.5742047429084778,-0.9061926603317261,-0.08846365660429001,0.5548352599143982,-0.7232630252838135,-0.10283585637807846,0.4661957919597626,-0.6621688008308411,-0.10464035719633102,0.4075380861759186,-0.8244236707687378,-0.11702678352594376,0.6473162174224854,-0.7377358675003052,-0.13723838329315186,0.5940682291984558,-0.5901865363121033,-0.10103953629732132,0.5065698623657227,-0.5670450925827026,-0.07837153971195221,0.5133690237998962,-0.6611813306808472,-0.19024010002613068,0.6987589597702026,-0.6055261492729187,-0.16338321566581726,0.6325005888938904,-0.47627416253089905,-0.0975998118519783,0.5409141778945923,-0.43886592984199524,-0.05096610262989998
0.0,0.0,0.0,-0.3112998902797699,-0.016315387561917305,0.008229704573750496,-0.6351958513259888,-0.1822020411491394,-0.012866238132119179,-0.8753690123558044,-0.22512571513652802,-0.06444534659385681,-1.0933809280395508,-0.23878060281276703,-0.11513178050518036,-0.5205518007278442,-0.8213041424751282,0.1369970589876175,-0.7468182444572449,-1.0132455825805664,0.10420362651348114,-0.9328325986862183,-1.071047067642212,0.053544946014881134,-1.0834778547286987,-1.0966156721115112,0.0067229801788926125,-0.43594664335250854,-0.8983386754989624,0.054204195737838745,-0.7171335816383362,-1.160143494606018,0.009782642126083374,-0.9298511147499084,-1.1846777200698853,-0.045905951410532,-1.1195755004882812,-1.1732512712478638,-0.0864923819899559,-0.35216224193573,-0.9222385287284851,-0.0483253113925457,-0.65134197473526,-1.2260677814483643,-0.11779212951660156,-0.8919681310653687,-1.2672698497772217,-0.1553012877702713,-1.0936352014541626,-1.260628342628479,-0.17578619718551636,-0.3070169985294342,-0.8696905970573425,-0.15525281429290771,-0.6410331130027771,-1.02186918258667,-0.22409942746162415,-0.8559833765029907,-1.0945943593978882,-0.2507771849632263,-1.0361016988754272,-1.1628978252410889,-0.26596254110336304,0.0,0.0,0.0,0.0018228183034807444,-0.42551368474960327,0.07512712478637695,0.12179778516292572,-0.7292091846466064,0.060482583940029144,0.2948765754699707,-0.7961552143096924,0.016797004267573357,0.4412253797054291,-0.7450621128082275,-0.03475227206945419,0.1468963623046875,-0.9897997975349426,-0.011928919702768326,0.22218793630599976,-1.404358983039856,-0.05536191537976265,0.2766730785369873,-1.6646350622177124,-0.08916463702917099,0.3185407519340515,-1.8663454055786133,-0.11836130172014236,0.3000946044921875,-0.949791669845581,-0.0885380432009697,0.5267793536186218,-0.8818158507347107,-0.1361663043498993,0.48292532563209534,-0.6817399859428406,-0.14505288004875183,0.3833419382572174,-0.5996925234794617,-0.14543570578098297,0.44397395849227905,-0.7890943288803101,-0.1529947817325592,0.617076575756073,-0.6813615560531616,-0.17356903851032257,0.5443689227104187,-0.5205242037773132,-0.13336163759231567,0.44705381989479065,-0.4763854146003723,-0.10907438397407532,0.5676684975624084,-0.6016355752944946,-0.21409496665000916,0.7094345688819885,-0.5329524874687195,-0.1913885474205017,0.6299780011177063,-0.38983720541000366,-0.11964715272188187,0.5322879552841187,-0.3328140676021576,-0.06650923192501068
0.0,0.0,0.0,-0.2972566485404968,-0.026123451068997383,0.0040700072422623634,-0.620843768119812,-0.18957124650478363,-0.022777747362852097,-0.8615983724594116,-0.22292985022068024,-0.07983461767435074,-1.0800999402999878,-0.23251281678676605,-0.13743560016155243,-0.5080563426017761,-0.8336759209632874,0.11966098845005035,-0.7208327651023865,-1.0287681818008423,0.0813310295343399,-0.8988979458808899,-1.0956296920776367,0.02500367909669876,-1.0569140911102295,-1.1267589330673218,-0.02817610464990139,-0.4193783700466156,-0.9070664644241333,0.03677278012037277,-0.6970680356025696,-1.1609084606170654,-0.013284998945891857,-0.8992990255355835,-1.1968727111816406,-0.07663767039775848,-1.0881285667419434,-1.19435453414917,-0.12589913606643677,-0.3281971216201782,-0.9264476299285889,-0.06478037685155869,-0.6172229051589966,-1.2167149782180786,-0.1407036930322647,-0.8478824496269226,-1.2583848237991333,-0.1865270733833313,-1.0485397577285767,-1.2478878498077393,-0.21409472823143005,-0.27124014496803284,-0.8720909357070923,-0.17030774056911469,-0.5970244407653809,-1.009533405303955,-0.2448556125164032,-0.8081180453300476,-1.079529881477356,-0.2794821858406067,-0.9892310500144958,-1.1364657878875732,-0.3015178143978119,0.0,0.0,0.0,0.025617657229304314,-0.40815669298171997,0.07284322381019592,0.15928807854652405,-0.7126976251602173,0.06812198460102081,0.32417428493499756,-0.770469605922699,0.03434961289167404,0.4576722979545593,-0.7231643795967102,-0.005527331028133631,0.1942230463027954,-0.9982495307922363,0.01575283519923687,0.2878563702106476,-1.3884443044662476,-0.014476802200078964,0.34801509976387024,-1.637251853942871,-0.041323937475681305,0.3917919099330902,-1.8343743085861206,-0.06617628037929535,0.3351936340332031,-0.9404096007347107,-0.057227205485105515,0.5541582107543945,-0.8631265163421631,-0.09298329055309296,0.5065350532531738,-0.676274836063385,-0.1051788404583931,0.4076710343360901,-0.6096413135528564,-0.10924587398767471,0.466288298368454,-0.7735944390296936,-0.11899356544017792,0.6317827701568604,-0.6735077500343323,-0.13488782942295074,0.5595255494117737,-0.52065509557724,-0.10038458555936813,0.4640692174434662,-0.48277097940444946,-0.07876207679510117,0.5741183161735535,-0.584332287311554,-0.17781499028205872,0.7207191586494446,-0.5366082191467285,-0.15433326363563538,0.6421768665313721,-0.3982241153717041,-0.08418844640254974,0.5441474318504333,-0.34105074405670166,-0.031094463542103767
0.0,0.0,0.0,-0.32463738322257996,-0.03596939891576767,-0.0035107817966490984,-0.6233325004577637,-0.1847270429134369,-0.04633873701095581,-0.8533943295478821,-0.2112920880317688,-0.1147368848323822,-1.0629936456680298,-0.19976170361042023,-0.1822996288537979,-0.4430493712425232,-0.8720707893371582,0.0741613432765007,-0.7096951007843018,-1.0326461791992188,0.007321290206164122,-0.9212291836738586,-1.0646156072616577,-0.06460926681756973,-1.0772287845611572,-1.0414998531341553,-0.12062123417854309,-0.3781264126300812,-0.9257532954216003,-0.0010923780500888824,-0.7174137234687805,-1.1277189254760742,-0.07202520966529846,-0.9410364031791687,-1.1037306785583496,-0.13853779435157776,-1.1175975799560547,-1.0615441799163818,-0.18453514575958252,-0.31818026304244995,-0.909451425075531,-0.09339004755020142,-0.6657129526138306,-1.171221375465393,-0.17577587068080902,-0.9101919531822205,-1.1596465110778809,-0.21393448114395142,-1.100528597831726,-1.1178841590881348,-0.23472313582897186,-0.29631152749061584,-0.8025211095809937,-0.18971094489097595,-0.6201286911964417,-0.9138480424880981,-0.269500195980072,-0.8235650062561035,-0.9706270694732666,-0.30135393142700195,-0.987396776676178,-1.03866708278656,-0.3185378611087799,0.0,0.0,0.0,0.020559746772050858,-0.39720290899276733,0.08241953700780869,0.15966039896011353,-0.7109062671661377,0.07777806371450424,0.3262806832790375,-0.8001145124435425,0.040647152811288834,0.4586584270000458,-0.7673131227493286,-0.001221320009790361,0.1938619315624237,-1.0044804811477661,0.029401401057839394,0.27653035521507263,-1.4129658937454224,-0.00036181200994178653,0.33680152893066406,-1.676989197731018,-0.028347931802272797,0.381091445684433,-1.8814738988876343,-0.055619239807128906,0.314151406288147,-0.9477194547653198,-0.05600612238049507,0.5726242065429688,-0.9035378098487854,-0.10013683140277863,0.5370342135429382,-0.7248306274414062,-0.11639565229415894,0.4398651719093323,-0.6669835448265076,-0.12295568734407425,0.43369749188423157,-0.7880955338478088,-0.13018472492694855,0.6490521430969238,-0.7112066745758057,-0.15146693587303162,0.5815781950950623,-0.5535991191864014,-0.11648473143577576,0.48496466875076294,-0.5204944014549255,-0.09534446150064468,0.5399597883224487,-0.602677583694458,-0.20106834173202515,0.7274914979934692,-0.5639406442642212,-0.17875045537948608,0.6497865319252014,-0.4267447590827942,-0.10983473807573318,0.5509737133979797,-0.37390437722206116,-0.06005164980888367
0.0,0.0,0.0,-0.35011422634124756,-0.017304208129644394,0.004288896918296814,-0.610034167766571,-0.11186055094003677,-0.04535229131579399,-0.8415192365646362,-0.12372700124979019,-0.12269529700279236,-1.0494834184646606,-0.12433841079473495,-0.19681157171726227,-0.4158546030521393,-0.8719994425773621,0.09426543116569519,-0.7065242528915405,-0.9666829705238342,0.03422877565026283,-0.9090200066566467,-0.9460328221321106,-0.03654708340764046,-1.0470051765441895,-0.9011149406433105,-0.0890425592660904,-0.3790373206138611,-0.9250859618186951,0.023379970341920853,-0.7387332916259766,-1.1130104064941406,-0.03185080736875534,-0.9460972547531128,-1.0681883096694946,-0.08516875654459,-1.0953565835952759,-1.0117292404174805,-0.12369494885206223,-0.37004706263542175,-0.8923484086990356,-0.06429032981395721,-0.7305414080619812,-1.1146858930587769,-0.1262645572423935,-0.9782171845436096,-1.1091606616973877,-0.15098412334918976,-1.1588406562805176,-1.0722076892852783,-0.16574250161647797,-0.41785377264022827,-0.7645577192306519,-0.1565069556236267,-0.7340582013130188,-0.8865815997123718,-0.2065068483352661,-0.9385008811950684,-0.9279415011405945,-0.21691559255123138,-1.1025646924972534,-0.9676571488380432,-0.22159229218959808,0.0,0.0,0.0,0.08748666942119598,-0.4056134521961212,0.08044670522212982,0.2698524594306946,-0.7194105982780457,0.062410544604063034,0.5059394836425781,-0.8088830709457397,0.009488270618021488,0.7211219072341919,-0.7938676476478577,-0.04456783086061478,0.18396255373954773,-1.016640305519104,0.026675526052713394,0.2737441956996918,-1.3840744495391846,-0.01718522235751152,0.32525181770324707,-1.63818359375,-0.05787164345383644,0.3669108748435974,-1.8399571180343628,-0.0937151238322258,0.26720261573791504,-0.9614191055297852,-0.06539199501276016,0.6167862415313721,-0.9116369485855103,-0.12821438908576965,0.5867748260498047,-0.722174346446991,-0.14761826395988464,0.47613728046417236,-0.6593571901321411,-0.15324679017066956,0.3622950315475464,-0.800089418888092,-0.1482018530368805,0.684505820274353,-0.7531197667121887,-0.19479338824748993,0.6323919296264648,-0.5986757278442383,-0.15641769766807556,0.5259379744529724,-0.5601047277450562,-0.12384019047021866,0.45728954672813416,-0.6163517236709595,-0.22739669680595398,0.7177603244781494,-0.633693277835846,-0.22067448496818542,0.7056695222854614,-0.5312454104423523,-0.15186740458011627,0.6474213600158691,-0.4841742217540741,-0.0985095351934433
0.0,0.0,0.0,-0.3406814932823181,0.05225292593240738,0.011469854973256588,-0.604410707950592,-0.05632390081882477,-0.007088031154125929,-0.8277860283851624,-0.0740947350859642,-0.053219474852085114,-1.011955976486206,-0.07436729222536087,-0.09279877692461014,-0.4480641186237335,-0.8492711186408997,0.15297453105449677,-0.7023717761039734,-0.9489446878433228,0.13536208868026733,-0.9007559418678284,-0.9798988699913025,0.0933380201458931,-1.055543065071106,-0.9674918055534363,0.05612083524465561,-0.4180205762386322,-0.9046639800071716,0.08271592110395432,-0.7223599553108215,-1.0924392938613892,0.07221591472625732,-0.9174647927284241,-1.0837576389312744,0.046966131776571274,-1.073035717010498,-1.0528297424316406,0.027759842574596405,-0.4161672294139862,-0.883905827999115,-0.008035926148295403,-0.7457128763198853,-1.0616716146469116,-0.04574618488550186,-0.967328667640686,-1.0777682065963745,-0.06449665129184723,-1.137213945388794,-1.0571650266647339,-0.07557252049446106,-0.4659498929977417,-0.7765814661979675,-0.10523178428411484,-0.7782332897186279,-0.8527697920799255,-0.13995687663555145,-0.967633068561554,-0.8772973418235779,-0.1474991887807846,-1.1177345514297485,-0.8972532153129578,-0.15070514380931854,0.0,0.0,0.0,0.05877574533224106,-0.371902197599411,0.1670759916305542,0.19320577383041382,-0.6746382713317871,0.20176774263381958,0.3461715877056122,-0.784064769744873,0.18663199245929718,0.47618889808654785,-0.8077653646469116,0.1630358099937439,0.1462278515100479,-1.0013346672058105,0.11716187000274658,0.23616577684879303,-1.3781092166900635,0.11879761517047882,0.28080815076828003,-1.6276741027832031,0.1035100594162941,0.3148972988128662,-1.8274390697479248,0.0807255432009697,0.21372589468955994,-0.9768893122673035,-0.0029190396890044212,0.5685586333274841,-0.9305031895637512,-0.010409432463347912,0.559249758720398,-0.740745484828949,-0.013366729952394962,0.4611811637878418,-0.6752145290374756,-0.02109423838555813,0.30120623111724854,-0.841408371925354,-0.10679563134908676,0.62891685962677,-0.7881885766983032,-0.08989570289850235,0.5869845747947693,-0.6216169595718384,-0.044226765632629395,0.49046531319618225,-0.5864501595497131,-0.030570929870009422,0.38915202021598816,-0.6752274036407471,-0.2016216665506363,0.6626508235931396,-0.6522555351257324,-0.1478091925382614,0.6102529764175415,-0.5082622766494751,-0.06861244887113571,0.5115014910697937,-0.45084765553474426,-0.023561770096421242
0.0,0.0,0.0,-0.355815052986145,0.04459213465452194,0.13696061074733734,-0.6552481055259705,-0.0792512446641922,0.2238815724849701,-0.8708648681640625,-0.11445622146129608,0.25245457887649536,-1.0526702404022217,-0.14107272028923035,0.27588289976119995,-0.58481764793396,-0.6705385446548462,0.38593077659606934,-0.8700292706489563,-0.7559677958488464,0.43459177017211914,-1.0883760452270508,-0.7412028908729553,0.42517444491386414,-1.23891282081604,-0.7153146862983704,0.40727826952934265,-0.5599979162216187,-0.7812998294830322,0.275631844997406,-0.9163870215415955,-0.8915555477142334,0.315927118062973,-1.1249656677246094,-0.8426335453987122,0.28324002027511597,-1.2682228088378906,-0.8040152788162231,0.2570889890193939,-0.5320599675178528,-0.8782616257667542,0.14814770221710205,-0.9011155962944031,-1.0151046514511108,0.16202734410762787,-1.1449599266052246,-0.9828692078590393,0.13653358817100525,-1.3168940544128418,-0.9590545296669006,0.11696774512529373,-0.5107632279396057,-0.9364010691642761,0.022149980068206787,-0.8298693299293518,-1.0511577129364014,0.02624378353357315,-1.05166757106781,-1.051058053970337,0.02933146432042122,-1.2300423383712769,-1.0392053127288818,0.03066272847354412,0.0,0.0,0.0,0.07296621054410934,-0.33190762996673584,0.10584726929664612,0.21854984760284424,-0.6207810044288635,0.11047455668449402,0.3690755367279053,-0.7190350294113159,0.07447937875986099,0.48057612776756287,-0.7568573355674744,0.03539673611521721,0.17481397092342377,-0.9847294092178345,0.0738258883357048,0.26516327261924744,-1.3292487859725952,0.04447255656123161,0.3015822768211365,-1.5889524221420288,0.016519218683242798,0.331295907497406,-1.7957241535186768,-0.012211191467940807,0.24949626624584198,-0.9680006504058838,-0.02695060707628727,0.6208560466766357,-0.8797023892402649,-0.08413860946893692,0.5833067893981934,-0.688765823841095,-0.0933213159441948,0.46858349442481995,-0.6211647987365723,-0.0914609283208847,0.3348899781703949,-0.8564204573631287,-0.11960359662771225,0.6820064783096313,-0.743549108505249,-0.14619342982769012,0.6132739782333374,-0.5694424510002136,-0.1008051335811615,0.510487973690033,-0.5310882925987244,-0.07374989986419678,0.4212305545806885,-0.711837649345398,-0.21017012000083923,0.6999107599258423,-0.6125255227088928,-0.19193051755428314,0.6219232082366943,-0.46576976776123047,-0.1283511370420456,0.5129615664482117,-0.4255691468715668,-0.08654209971427917
0.0,0.0,0.0,-0.358090877532959,0.06103011965751648,0.07212577760219574,-0.7079171538352966,-0.04592873156070709,0.12884332239627838,-0.9632232189178467,-0.03209972009062767,0.13783107697963715,-1.1761373281478882,-0.011950340121984482,0.14296409487724304,-0.5883981585502625,-0.6628128290176392,0.33318930864334106,-0.8791972398757935,-0.7553509473800659,0.3671876788139343,-1.105046033859253,-0.7545900940895081,0.3461898863315582,-1.2695317268371582,-0.7317475080490112,0.317441463470459,-0.5591509342193604,-0.7914952039718628,0.24674995243549347,-0.903631865978241,-0.9304202795028687,0.26682350039482117,-1.1134729385375977,-0.8845579624176025,0.2121877521276474,-1.272881031036377,-0.8436176180839539,0.17029832303524017,-0.523066520690918,-0.9086922407150269,0.1389068365097046,-0.8869764804840088,-1.1131585836410522,0.12963812053203583,-1.1356514692306519,-1.0934375524520874,0.08485686033964157,-1.3249508142471313,-1.0667721033096313,0.05501954257488251,-0.49721667170524597,-0.9638811349868774,0.029357444494962692,-0.8484615683555603,-1.0452195405960083,0.01586110331118107,-1.0726673603057861,-1.03904390335083,0.008338863961398602,-1.25819993019104,-1.0376949310302734,0.0035949144512414932,0.0,0.0,0.0,0.06478501111268997,-0.3516300618648529,0.11912939697504044,0.2023545801639557,-0.6473155617713928,0.12766818702220917,0.34674111008644104,-0.7495302557945251,0.09211243689060211,0.45622238516807556,-0.7862250804901123,0.052485544234514236,0.15593808889389038,-0.9844257235527039,0.08287950605154037,0.2455325722694397,-1.3357125520706177,0.056754063814878464,0.28158387541770935,-1.5855631828308105,0.029845865443348885,0.3140450119972229,-1.786685824394226,0.0018631451530382037,0.2195834070444107,-0.9753105640411377,-0.0235038660466671,0.5827047228813171,-0.8862301707267761,-0.08256389200687408,0.55106121301651,-0.6901859045028687,-0.1001514419913292,0.446061909198761,-0.6157770156860352,-0.10214557498693466,0.30330684781074524,-0.8690371513366699,-0.11919648945331573,0.6461182832717896,-0.7484835982322693,-0.14530867338180542,0.584301233291626,-0.5687268972396851,-0.10693936049938202,0.4857747256755829,-0.5313299894332886,-0.0828201174736023,0.396455854177475,-0.7286103963851929,-0.21105079352855682,0.6806116700172424,-0.6337012052536011,-0.18970182538032532,0.6150997281074524,-0.48146185278892517,-0.12592604756355286,0.51500403881073,-0.44052061438560486,-0.08222604542970657
0.0,0.0,0.0,-0.3171669840812683,0.0647004172205925,0.014675937592983246,-0.639532744884491,-0.029617417603731155,0.01060378085821867,-0.8772801756858826,-0.039198294281959534,-0.028294654563069344,-1.0885854959487915,-0.040600672364234924,-0.06495354324579239,-0.6535714268684387,-0.6643922328948975,0.18401756882667542,-0.9336878061294556,-0.7522528767585754,0.12496583163738251,-1.1244118213653564,-0.6845031380653381,0.04131730645895004,-1.2501403093338013,-0.6155562996864319,-0.021768830716609955,-0.6086280941963196,-0.7869198322296143,0.10163166373968124,-0.942274808883667,-0.9151430726051331,0.024335624650120735,-1.1375732421875,-0.829471230506897,-0.06705202907323837,-1.2756397724151611,-0.7292312979698181,-0.12061827629804611,-0.5372676849365234,-0.8946998715400696,-0.0034090185072273016,-0.894133448600769,-1.1230264902114868,-0.08494573086500168,-1.145712971687317,-1.1241286993026733,-0.13718482851982117,-1.3406188488006592,-1.1094826459884644,-0.15952344238758087,-0.4508832097053528,-0.9650497436523438,-0.11328348517417908,-0.7874278426170349,-1.09526789188385,-0.17860855162143707,-1.0167899131774902,-1.1076500415802002,-0.19497227668762207,-1.2191330194473267,-1.1025220155715942,-0.1968725323677063,0.0,0.0,0.0,0.06457258760929108,-0.36441510915756226,0.11920146644115448,0.20409907400608063,-0.6456552147865295,0.1346137821674347,0.3568805754184723,-0.7448614239692688,0.10910310596227646,0.4759702682495117,-0.7811785936355591,0.07761228829622269,0.16393695771694183,-0.9761600494384766,0.08520630747079849,0.2164405733346939,-1.3251224756240845,0.06044791266322136,0.2518978714942932,-1.5683737993240356,0.03077143244445324,0.2832314372062683,-1.7614423036575317,0.001974912593141198,0.2563529312610626,-0.9664776921272278,-0.014286584220826626,0.561583399772644,-0.9026906490325928,-0.05942811444401741,0.5490362048149109,-0.6994287967681885,-0.07929964363574982,0.4613799750804901,-0.6028684973716736,-0.08699468523263931,0.35968735814094543,-0.8507950305938721,-0.10270465165376663,0.641933023929596,-0.76302170753479,-0.12409409880638123,0.5925092101097107,-0.5789185762405396,-0.08844068646430969,0.5106199979782104,-0.5123196840286255,-0.06742788106203079,0.45814746618270874,-0.6942760944366455,-0.18623602390289307,0.6924761533737183,-0.6309928894042969,-0.1662781983613968,0.6275017857551575,-0.48170006275177,-0.10498783737421036,0.5378906726837158,-0.41636785864830017,-0.0625893697142601
0.0,0.0,0.0,-0.3588255047798157,0.0732390433549881,-0.013652109540998936,-0.7119821310043335,-0.004854217171669006,-0.027816958725452423,-0.9800697565078735,-0.0032024895772337914,-0.0703849121928215,-1.220360279083252,-0.004672664683312178,-0.11530325561761856,-0.6819339394569397,-0.641048789024353,0.13843245804309845,-0.9764934778213501,-0.7884154915809631,0.09032541513442993,-1.1991407871246338,-0.8241327404975891,0.01901395432651043,-1.3844578266143799,-0.8637065291404724,-0.04654661566019058,-0.6185970902442932,-0.7828778028488159,0.06663337349891663,-0.968005895614624,-0.9494138956069946,-0.0008513616630807519,-1.217700719833374,-0.9632723331451416,-0.09399040788412094,-1.4361989498138428,-0.9710157513618469,-0.16567257046699524,-0.5278043746948242,-0.8894945979118347,-0.026740286499261856,-0.8959745764732361,-1.1399266719818115,-0.12134495377540588,-1.169744849205017,-1.1597589254379272,-0.1930348128080368,-1.401871681213379,-1.151168704032898,-0.23790857195854187,-0.4366220533847809,-0.9393185973167419,-0.1249334067106247,-0.8079802393913269,-1.0234259366989136,-0.22049984335899353,-1.0534344911575317,-1.0452015399932861,-0.2677535116672516,-1.2684013843536377,-1.0775272846221924,-0.29735586047172546,0.0,0.0,0.0,-0.027638906612992287,-0.3240340054035187,0.030560288578271866,0.08192131668329239,-0.5533393025398254,-0.01706782914698124,0.24559780955314636,-0.6059544682502747,-0.08906035125255585,0.38063889741897583,-0.5707502961158752,-0.16537703573703766,0.08585865050554276,-0.9638436436653137,-0.05521627143025398,0.1458505094051361,-1.3698660135269165,-0.1420813798904419,0.18722385168075562,-1.653190016746521,-0.20749211311340332,0.22727376222610474,-1.882164478302002,-0.2605370879173279,0.23099203407764435,-0.9643003940582275,-0.12948930263519287,0.511004626750946,-0.9185749292373657,-0.23238830268383026,0.4985053241252899,-0.714270830154419,-0.2633696496486664,0.41278547048568726,-0.6406692862510681,-0.27305009961128235,0.37480005621910095,-0.8429009318351746,-0.19836072623729706,0.6320820450782776,-0.7450188994407654,-0.2834501266479492,0.5888210535049438,-0.5589646100997925,-0.2550479769706726,0.5042387247085571,-0.5217788815498352,-0.2285027801990509,0.5123352408409119,-0.6770987510681152,-0.26726749539375305,0.7258628010749817,-0.5706692934036255,-0.3050016164779663,0.6576145887374878,-0.4119938910007477,-0.256315678358078,0.5646701455116272,-0.3724410831928253,-0.21373319625854492
0.0,0.0,0.0,-0.3134671747684479,0.09747587144374847,-0.022487105801701546,-0.6976917386054993,0.004262428265064955,-0.03253643214702606,-0.9618338942527771,-0.025471532717347145,-0.06601931899785995,-1.187975525856018,-0.036641716957092285,-0.1005067527294159,-0.7081599235534668,-0.6354278922080994,0.11024335026741028,-0.9873032569885254,-0.7899850010871887,0.06935037672519684,-1.1949297189712524,-0.8392648100852966,0.007352498825639486,-1.3714348077774048,-0.8738198280334473,-0.0519290566444397,-0.6319443583488464,-0.7738686203956604,0.04211541265249252,-0.9683869481086731,-0.9495534896850586,-0.017511708661913872,-1.2061632871627808,-0.9777310490608215,-0.09360025823116302,-1.4192397594451904,-0.9731419682502747,-0.1508171558380127,-0.5248947739601135,-0.8796291947364807,-0.04690582677721977,-0.8738191723823547,-1.111863613128662,-0.13691358268260956,-1.1329021453857422,-1.1440106630325317,-0.19678309559822083,-1.3646706342697144,-1.1364647150039673,-0.23292070627212524,-0.405544638633728,-0.9370724558830261,-0.14178496599197388,-0.7444454431533813,-1.0506113767623901,-0.23533602058887482,-0.981713593006134,-1.0875927209854126,-0.2781617045402527,-1.1975924968719482,-1.1186329126358032,-0.30362093448638916,0.0,0.0,0.0,-0.052374862134456635,-0.42480799555778503,0.055288344621658325,0.04173425957560539,-0.7273256182670593,0.027706701308488846,0.21096856892108917,-0.8017147183418274,-0.025034015998244286,0.3632366955280304,-0.7586415410041809,-0.0850464254617691,0.06204614415764809,-0.975757360458374,-0.043038345873355865,0.09441664814949036,-1.3989105224609375,-0.09709139913320541,0.13634245097637177,-1.667489767074585,-0.13805581629276276,0.17410634458065033,-1.8754256963729858,-0.1738889515399933,0.2376384139060974,-0.9649063944816589,-0.11173037439584732,0.4294281005859375,-0.9121348857879639,-0.1727512776851654,0.4001292288303375,-0.7265543341636658,-0.19221258163452148,0.31735292077064514,-0.63691246509552,-0.19897203147411346,0.4027225971221924,-0.8287184834480286,-0.1689966768026352,0.5435066223144531,-0.6993479132652283,-0.19952473044395447,0.481178879737854,-0.5451205968856812,-0.17085394263267517,0.3930274546146393,-0.49381181597709656,-0.15377432107925415,0.5464023351669312,-0.6678167581558228,-0.2253718078136444,0.6572344899177551,-0.539680004119873,-0.21411308646202087,0.5923710465431213,-0.403647243976593,-0.16085439920425415,0.5117490291595459,-0.35678941011428833,-0.11995901167392731
0.0,0.0,0.0,-0.30527254939079285,0.01268377061933279,-0.004489109851419926,-0.6521914005279541,-0.14679387211799622,-0.017355937510728836,-0.9022930264472961,-0.19842708110809326,-0.055326301604509354,-1.1207233667373657,-0.2103678286075592,-0.09465071558952332,-0.575670599937439,-0.7635221481323242,0.11057224869728088,-0.81441330909729,-0.9552233219146729,0.06547632068395615,-1.0008440017700195,-1.0126068592071533,0.0041105374693870544,-1.147377848625183,-1.0395206212997437,-0.048492755740880966,-0.4957740306854248,-0.8675293922424316,0.04001040756702423,-0.7909274101257324,-1.1038620471954346,-0.012710077688097954,-1.0049676895141602,-1.1377007961273193,-0.08068433403968811,-1.1925058364868164,-1.1343220472335815,-0.13166096806526184,-0.40015578269958496,-0.9268540740013123,-0.049202121794223785,-0.7080904841423035,-1.2148818969726562,-0.12855254113674164,-0.9503910541534424,-1.2533633708953857,-0.1833898425102234,-1.1520861387252808,-1.241791009902954,-0.2153693586587906,-0.3206261992454529,-0.9196763038635254,-0.14199960231781006,-0.6605015993118286,-1.0504614114761353,-0.2205972969532013,-0.8784123659133911,-1.09476637840271,-0.25684162974357605,-1.0598782300949097,-1.1258785724639893,-0.2778884470462799,0.0,0.0,0.0,-0.03571798652410507,-0.42845696210861206,0.03718765825033188,0.07081388682126999,-0.7374520301818848,0.006715475581586361,0.26096948981285095,-0.7926510572433472,-0.04443783313035965,0.4127495586872101,-0.7206825613975525,-0.10139918327331543,0.11391760408878326,-1.006868839263916,-0.058808136731386185,0.18373441696166992,-1.4472012519836426,-0.11482105404138565,0.2360856682062149,-1.7230294942855835,-0.1583034247159958,0.27959150075912476,-1.9332636594772339,-0.19568341970443726,0.30003321170806885,-0.9468594193458557,-0.11591923981904984,0.449533075094223,-0.8703975677490234,-0.17723704874515533,0.39229023456573486,-0.695877194404602,-0.19835501909255981,0.3029453754425049,-0.6165854334831238,-0.20853105187416077,0.4593948423862457,-0.7684312462806702,-0.16219905018806458,0.5406171679496765,-0.6468896269798279,-0.19380231201648712,0.4603572189807892,-0.5069676637649536,-0.1620940864086151,0.3667380213737488,-0.4556950032711029,-0.14189016819000244,0.5880049467086792,-0.5753389000892639,-0.2089328020811081,0.66331547498703,-0.4885909855365753,-0.19966793060302734,0.587201714515686,-0.3657056391239166,-0.13994228839874268,0.49890345335006714,-0.31062111258506775,-0.09216564148664474
0.0,0.0,0.0,-0.30589810013771057,-0.005408355034887791,0.0006293579353950918,-0.6416005492210388,-0.16006797552108765,-0.014460749924182892,-0.8840430974960327,-0.20080429315567017,-0.057451795786619186,-1.1008377075195312,-0.22390314936637878,-0.10138554126024246,-0.5662672519683838,-0.7851285934448242,0.12713617086410522,-0.8005399107933044,-0.9598055481910706,0.09325381368398666,-0.9915624260902405,-1.0213571786880493,0.03525196760892868,-1.1542670726776123,-1.0610682964324951,-0.021521026268601418,-0.48388540744781494,-0.8737367391586304,0.0493868924677372,-0.7855379581451416,-1.101298213005066,-0.0031061829067766666,-1.00320565700531,-1.1347144842147827,-0.0758325457572937,-1.2014297246932983,-1.1370205879211426,-0.13178101181983948,-0.38871878385543823,-0.9151687026023865,-0.0465799979865551,-0.7022361755371094,-1.1883293390274048,-0.12432972341775894,-0.9451398849487305,-1.2290362119674683,-0.17881716787815094,-1.1568814516067505,-1.22542142868042,-0.21331308782100677,-0.3108980059623718,-0.8911845088005066,-0.14656716585159302,-0.6450610160827637,-1.0157710313796997,-0.2251344472169876,-0.8636904358863831,-1.0697613954544067,-0.26320210099220276,-1.0518910884857178,-1.1233049631118774,-0.2878769636154175,0.0,0.0,0.0,-0.027043841779232025,-0.4121679365634918,0.059084702283144,0.07712528109550476,-0.7254036664962769,0.04500275477766991,0.24289315938949585,-0.7949328422546387,0.009414809755980968,0.3874935507774353,-0.744074821472168,-0.034728094935417175,0.12196798622608185,-0.9962739944458008,-0.038632314652204514,0.18635225296020508,-1.4231958389282227,-0.07692217826843262,0.2371196448802948,-1.6917250156402588,-0.10749951004981995,0.2752284109592438,-1.899529218673706,-0.134983092546463,0.2984987795352936,-0.9496087431907654,-0.095612533390522,0.45611774921417236,-0.8722544312477112,-0.12765461206436157,0.4018675684928894,-0.6812652945518494,-0.13041606545448303,0.3142060935497284,-0.602630078792572,-0.1320994645357132,0.45280808210372925,-0.7795544266700745,-0.13957291841506958,0.5478718876838684,-0.667526125907898,-0.1452285647392273,0.4735504984855652,-0.5194677710533142,-0.10558290779590607,0.3844483196735382,-0.46621081233024597,-0.08602464944124222,0.576113224029541,-0.5953912138938904,-0.18133248388767242,0.6602438688278198,-0.5184647440910339,-0.15139536559581757,0.5845187902450562,-0.38751959800720215,-0.08425188064575195,0.49802902340888977,-0.3295043110847473,-0.0350479893386364
0.0,0.0,0.0,-0.3054845333099365,-0.019840266555547714,-0.001954639097675681,-0.6326724290847778,-0.18433527648448944,-0.022435462102293968,-0.8736961483955383,-0.22180673480033875,-0.07028736174106598,-1.0833604335784912,-0.231175497174263,-0.12016630917787552,-0.5407252311706543,-0.8119920492172241,0.10921133309602737,-0.7610520124435425,-1.021377444267273,0.06739652156829834,-0.9487645626068115,-1.0954176187515259,0.0066175940446555614,-1.1085100173950195,-1.1268553733825684,-0.04932699352502823,-0.4490065276622772,-0.8929876685142517,0.03108385019004345,-0.7294152975082397,-1.1582306623458862,-0.025265056639909744,-0.9433906674385071,-1.2063204050064087,-0.09927873313426971,-1.1323306560516357,-1.1990933418273926,-0.15437206625938416,-0.3474804759025574,-0.9197112917900085,-0.06498663127422333,-0.6423574090003967,-1.2348989248275757,-0.14558330178260803,-0.8843554854393005,-1.2818201780319214,-0.2074010968208313,-1.0868732929229736,-1.2662668228149414,-0.2462460994720459,-0.2681846022605896,-0.8774868845939636,-0.16446304321289062,-0.5892438888549805,-0.9984891414642334,-0.2504110634326935,-0.8032412528991699,-1.054320216178894,-0.29858532547950745,-0.9789588451385498,-1.0992969274520874,-0.3289019465446472,0.0,0.0,0.0,-0.010961586609482765,-0.40488696098327637,0.0637245625257492,0.10508276522159576,-0.7234981656074524,0.05845997855067253,0.2763115167617798,-0.7853729724884033,0.030526576563715935,0.42829349637031555,-0.7234224081039429,-0.00438267644494772,0.15957434475421906,-1.0061230659484863,-0.008190796710550785,0.22858402132987976,-1.4138973951339722,-0.02948925271630287,0.28319674730300903,-1.6653680801391602,-0.0500277541577816,0.32437101006507874,-1.8587913513183594,-0.07175009697675705,0.32698479294776917,-0.9426549673080444,-0.06695188581943512,0.48037463426589966,-0.8639340996742249,-0.08488468080759048,0.42783981561660767,-0.6823005080223083,-0.09026288241147995,0.34046199917793274,-0.6139681935310364,-0.09538605064153671,0.47065815329551697,-0.7663549780845642,-0.11284235119819641,0.567973792552948,-0.6682102680206299,-0.11272016912698746,0.49488407373428345,-0.52350914478302,-0.07820574194192886,0.4099924564361572,-0.47834086418151855,-0.06211834028363228,0.582040548324585,-0.5788321495056152,-0.1556016206741333,0.6824162602424622,-0.5371547937393188,-0.12378469109535217,0.6025797724723816,-0.40599325299263,-0.055044203996658325,0.5126734375953674,-0.3434666395187378,-0.004860190209001303
0.0,0.0,0.0,-0.2956900894641876,-0.025747152045369148,-5.143021553521976e-05,-0.6249623894691467,-0.20858769118785858,-0.022071275860071182,-0.8616147637367249,-0.2605069875717163,-0.0703204944729805,-1.0705673694610596,-0.2535703480243683,-0.1215863972902298,-0.5224853754043579,-0.8142732977867126,0.08908655494451523,-0.7389078736305237,-1.0225468873977661,0.03449219837784767,-0.9283312559127808,-1.09384024143219,-0.03348994627594948,-1.0923272371292114,-1.1263824701309204,-0.09378078579902649,-0.4355854392051697,-0.9001004695892334,0.009189611300826073,-0.7202020287513733,-1.1653014421463013,-0.06162092462182045,-0.9373605251312256,-1.2025693655014038,-0.1387915164232254,-1.1306995153427124,-1.1928856372833252,-0.193751260638237,-0.34144559502601624,-0.9288824796676636,-0.08691318333148956,-0.6367599368095398,-1.2375359535217285,-0.17590630054473877,-0.8783571124076843,-1.2750853300094604,-0.23334535956382751,-1.086504340171814,-1.261831521987915,-0.26751500368118286,-0.2691870927810669,-0.8861353397369385,-0.18571370840072632,-0.5871068835258484,-1.0194650888442993,-0.26964911818504333,-0.7940055131912231,-1.0774685144424438,-0.3090458810329437,-0.968293309211731,-1.1281344890594482,-0.33327972888946533,0.0,0.0,0.0,0.00429434422403574,-0.40599367022514343,0.05793911963701248,0.13417799770832062,-0.7198362350463867,0.04669176787137985,0.3034912049770355,-0.7823464870452881,0.011714298278093338,0.4451906085014343,-0.7242105603218079,-0.030031152069568634,0.1813732385635376,-0.9986428022384644,-0.018293969333171844,0.25530847907066345,-1.4161787033081055,-0.0554758682847023,0.31664180755615234,-1.672812819480896,-0.0855773314833641,0.3639979064464569,-1.8718942403793335,-0.11189937591552734,0.33988040685653687,-0.9368992447853088,-0.0818600133061409,0.517237663269043,-0.8732122778892517,-0.11871670186519623,0.47027337551116943,-0.6881223917007446,-0.12875841557979584,0.38004282116889954,-0.6224902868270874,-0.13303826749324799,0.47978413105010986,-0.7614755034446716,-0.133854478597641,0.5962047576904297,-0.6810994744300842,-0.15079694986343384,0.5316854119300842,-0.5346677899360657,-0.11767951399087906,0.4463101625442505,-0.49437519907951355,-0.0977030098438263,0.5916959643363953,-0.5708800554275513,-0.1831543743610382,0.7034492492675781,-0.548812210559845,-0.16181275248527527,0.6323716640472412,-0.4201910197734833,-0.09237679094076157,0.5444219708442688,-0.3586278259754181,-0.0393378809094429
0.0,0.0,0.0,-0.30130642652511597,-0.07166551053524017,-0.01447664387524128,-0.574122428894043,-0.24757826328277588,-0.056940510869026184,-0.7988494038581848,-0.27521973848342896,-0.12021633982658386,-1.0027642250061035,-0.2604968547821045,-0.18383252620697021,-0.4058859646320343,-0.8932824730873108,0.04818613827228546,-0.6583686470985413,-1.0517308712005615,-0.030359510332345963,-0.8591554760932922,-1.094671607017517,-0.11266867816448212,-1.0152860879898071,-1.0945566892623901,-0.1761769950389862,-0.3451194167137146,-0.9382606744766235,-0.023652708157896996,-0.6720075011253357,-1.1627633571624756,-0.1113242581486702,-0.8835842609405518,-1.1626811027526855,-0.19184166193008423,-1.0490771532058716,-1.1394939422607422,-0.2451198846101761,-0.29253950715065,-0.8972179293632507,-0.11091292649507523,-0.6211485266685486,-1.1382793188095093,-0.20253442227840424,-0.8525628447532654,-1.1619528532028198,-0.25665906071662903,-1.0366144180297852,-1.1673572063446045,-0.28928542137145996,-0.28009846806526184,-0.7637221813201904,-0.20205900073051453,-0.5798195600509644,-0.8588462471961975,-0.2828713357448578,-0.7613710165023804,-0.9180005788803101,-0.31937047839164734,-0.9091997742652893,-0.9923685789108276,-0.341743528842926,0.0,0.0,0.0,-0.0007886970997788012,-0.4156123101711273,0.07097876816987991,0.12149284034967422,-0.7522625923156738,0.060512784868478775,0.2832883298397064,-0.8668453097343445,0.022790338844060898,0.42925137281417847,-0.8568235635757446,-0.01943746581673622,0.13442669808864594,-1.0297842025756836,-0.008815216831862926,0.2196078598499298,-1.4345535039901733,-0.04826056584715843,0.27116408944129944,-1.6970570087432861,-0.07748158276081085,0.30746719241142273,-1.9000927209854126,-0.10340212285518646,0.2598107159137726,-0.9618149995803833,-0.08608288317918777,0.5326751470565796,-0.9075471758842468,-0.13344477117061615,0.5043581128120422,-0.7193871736526489,-0.14158426225185394,0.4062514901161194,-0.6503085494041443,-0.1435367316007614,0.38927170634269714,-0.7886458039283752,-0.1515703946352005,0.6210066676139832,-0.7205774784088135,-0.17816932499408722,0.5677047371864319,-0.5652428865432739,-0.1333291083574295,0.4768849313259125,-0.5253795385360718,-0.10540751367807388,0.5032238960266113,-0.5924831628799438,-0.2137805074453354,0.7019792199134827,-0.5759817361831665,-0.19629839062690735,0.6340008974075317,-0.4376945197582245,-0.12048447132110596,0.5383515357971191,-0.38076069951057434,-0.06489863246679306
0.0,0.0,0.0,-0.3501446843147278,-0.12086179107427597,-5.065854224994837e-07,-0.59940105676651,-0.3138350546360016,-0.04409429058432579,-0.8117019534111023,-0.35638028383255005,-0.10671472549438477,-0.9827432036399841,-0.337516725063324,-0.16980569064617157,-0.3381449580192566,-0.9490089416503906,0.03533260151743889,-0.6156532168388367,-1.0834683179855347,-0.0426265150308609,-0.8251212239265442,-1.0835628509521484,-0.1323600858449936,-0.9939898252487183,-1.0412030220031738,-0.19760508835315704,-0.2970113754272461,-0.9544237852096558,-0.029317060485482216,-0.6610927581787109,-1.1567310094833374,-0.10378009080886841,-0.8755686283111572,-1.1257362365722656,-0.18831667304039001,-1.038786768913269,-1.064059853553772,-0.25035083293914795,-0.2790869474411011,-0.8685449957847595,-0.1029164120554924,-0.6103630065917969,-1.084722638130188,-0.16664612293243408,-0.8421652913093567,-1.1084619760513306,-0.22063294053077698,-1.0288327932357788,-1.0875797271728516,-0.25954100489616394,-0.30951404571533203,-0.6931359767913818,-0.17852678894996643,-0.5936601758003235,-0.8017565011978149,-0.2225099503993988,-0.7796127200126648,-0.858002781867981,-0.24516116082668304,-0.9395998120307922,-0.9039875268936157,-0.2637909948825836,0.0,0.0,0.0,0.006924735382199287,-0.47084423899650574,0.025601301342248917,0.17246712744235992,-0.8789581060409546,-0.02815341018140316,0.37854933738708496,-1.0817980766296387,-0.09520553797483444,0.535077691078186,-1.1071730852127075,-0.16114522516727448,0.12564343214035034,-1.1120434999465942,-0.14241211116313934,0.2117900252342224,-1.5979936122894287,-0.2342519462108612,0.2854149639606476,-1.8948012590408325,-0.28232455253601074,0.3441809415817261,-2.112943172454834,-0.31510525941848755,0.23671872913837433,-0.946426272392273,-0.21963952481746674,0.6140063405036926,-1.0117729902267456,-0.33430835604667664,0.5742746591567993,-0.8066999316215515,-0.3296407461166382,0.4536118805408478,-0.7266485095024109,-0.3108710050582886,0.35959911346435547,-0.699986457824707,-0.2854717969894409,0.7188131213188171,-0.759845495223999,-0.36998650431632996,0.6404784321784973,-0.6051159501075745,-0.28886064887046814,0.5212875604629517,-0.5592919588088989,-0.22364069521427155,0.4687347710132599,-0.4436650574207306,-0.3494001030921936,0.7622493505477905,-0.547458291053772,-0.3617284595966339,0.6868971586227417,-0.4220390021800995,-0.2607322037220001,0.5737789273262024,-0.3719692826271057,-0.1829172968864441
0.0,0.0,0.0,-0.33975252509117126,-0.09158717095851898,0.019834063947200775,-0.5868920087814331,-0.2735864222049713,-0.011192446574568748,-0.8033199906349182,-0.31716832518577576,-0.06208905577659607,-0.9864131808280945,-0.28475093841552734,-0.11287428438663483,-0.33688119053840637,-0.9404847621917725,0.05384505167603493,-0.6149138808250427,-1.1035100221633911,-0.006545557640492916,-0.8188033699989319,-1.1178293228149414,-0.07645035535097122,-0.9746420383453369,-1.0902656316757202,-0.12817589938640594,-0.3123222589492798,-0.9498847126960754,-0.013183187693357468,-0.6704355478286743,-1.1868512630462646,-0.06332285702228546,-0.8740917444229126,-1.170596718788147,-0.12120658904314041,-1.0221965312957764,-1.117819905281067,-0.16504356265068054,-0.3199124336242676,-0.8670040369033813,-0.08860307186841965,-0.6649927496910095,-1.0934066772460938,-0.1348268836736679,-0.8873326778411865,-1.1235246658325195,-0.1736602783203125,-1.063830018043518,-1.1175379753112793,-0.204096719622612,-0.37245234847068787,-0.6949103474617004,-0.164643332362175,-0.6701692938804626,-0.7978375554084778,-0.19606854021549225,-0.8529861569404602,-0.8345648646354675,-0.2103852778673172,-1.0098012685775757,-0.8641376495361328,-0.22373345494270325,0.0,0.0,0.0,0.0028170589357614517,-0.46197062730789185,0.01871207170188427,0.17446014285087585,-0.8691652417182922,-0.03703111782670021,0.3957950472831726,-1.0444985628128052,-0.1056637316942215,0.5651461482048035,-1.0486456155776978,-0.17122605443000793,0.1347123682498932,-1.099948763847351,-0.1329246163368225,0.24258026480674744,-1.5628184080123901,-0.22802284359931946,0.299894779920578,-1.8676257133483887,-0.28463128209114075,0.3455542027950287,-2.0991294384002686,-0.32633161544799805,0.23782187700271606,-0.9492372274398804,-0.2058870494365692,0.64202481508255,-0.9713315367698669,-0.32173433899879456,0.585270881652832,-0.7658277153968811,-0.31883668899536133,0.44674596190452576,-0.693679690361023,-0.30251026153564453,0.34735047817230225,-0.7199842929840088,-0.2699927091598511,0.7204184532165527,-0.7493162751197815,-0.34694424271583557,0.6392257809638977,-0.6021151542663574,-0.2673218548297882,0.5099228024482727,-0.5713573098182678,-0.20799849927425385,0.44563028216362,-0.48317858576774597,-0.3351244628429413,0.7562819719314575,-0.5403169989585876,-0.3464663326740265,0.676159679889679,-0.4146591126918793,-0.2534991204738617,0.5504843592643738,-0.37644219398498535,-0.18482641875743866
0.0,0.0,0.0,-0.33936795592308044,0.0032928120344877243,-0.019754592329263687,-0.5831639766693115,-0.11627262830734253,-0.0774749219417572,-0.7850565910339355,-0.14811937510967255,-0.1512366086244583,-0.9571089744567871,-0.1678697019815445,-0.22008854150772095,-0.3116724193096161,-0.9060573577880859,0.022148791700601578,-0.6249200105667114,-1.0246018171310425,-0.05925099924206734,-0.846627950668335,-1.0182229280471802,-0.14313538372516632,-1.0082679986953735,-0.971863329410553,-0.20272283256053925,-0.32072892785072327,-0.9465290307998657,-0.0348677821457386,-0.6705019474029541,-1.1649141311645508,-0.10796207189559937,-0.8890979886054993,-1.1443842649459839,-0.16784995794296265,-1.0519866943359375,-1.1019506454467773,-0.20928511023521423,-0.37007060647010803,-0.891793429851532,-0.10642728954553604,-0.7391636371612549,-1.1222044229507446,-0.18892401456832886,-0.9773243069648743,-1.1096622943878174,-0.230164036154747,-1.158128261566162,-1.0708441734313965,-0.25466692447662354,-0.4692477583885193,-0.7477869987487793,-0.18169771134853363,-0.7873526811599731,-0.8399848937988281,-0.2510007917881012,-0.9831985831260681,-0.8545098900794983,-0.2780631482601166,-1.1409193277359009,-0.878915548324585,-0.29326605796813965,0.0,0.0,0.0,0.09505640715360641,-0.3720671236515045,0.14940398931503296,0.2342510223388672,-0.7014824151992798,0.16529721021652222,0.3980616629123688,-0.840120792388916,0.1365840882062912,0.5437836647033691,-0.8936923742294312,0.09940437972545624,0.19905786216259003,-1.0277284383773804,0.05659376457333565,0.26156479120254517,-1.3913861513137817,0.035277385264635086,0.29012584686279297,-1.636208176612854,0.010001969523727894,0.30858784914016724,-1.83512544631958,-0.01818855293095112,0.23400166630744934,-0.9703763127326965,-0.0601082369685173,0.6314327120780945,-0.9457135796546936,-0.0790310949087143,0.6344147324562073,-0.7413057088851929,-0.06332799047231674,0.542594850063324,-0.6749677658081055,-0.05925678461790085,0.2961605489253998,-0.8004229664802551,-0.16219571232795715,0.6676270365715027,-0.7749959230422974,-0.16050934791564941,0.6318382024765015,-0.6078488826751709,-0.09608400613069534,0.5300705432891846,-0.568686842918396,-0.06926614046096802,0.36217692494392395,-0.6057462096214294,-0.2561488449573517,0.6620610952377319,-0.6104583144187927,-0.21769200265407562,0.6111636161804199,-0.4827543795108795,-0.13256515562534332,0.5028847455978394,-0.43304532766342163,-0.08327382802963257
0.0,0.0,0.0,-0.32194867730140686,0.04029909148812294,0.04265688359737396,-0.5861212015151978,-0.10113267600536346,0.04253040999174118,-0.804604709148407,-0.11447008699178696,0.009220566600561142,-0.9841934442520142,-0.08133001625537872,-0.022243645042181015,-0.4472684860229492,-0.8527368903160095,0.1721418797969818,-0.7197027802467346,-0.9280028939247131,0.15365959703922272,-0.9124089479446411,-0.9222763776779175,0.10897425562143326,-1.0615051984786987,-0.8846253156661987,0.07059638947248459,-0.4208143651485443,-0.9024975299835205,0.091725192964077,-0.742996096611023,-1.0361342430114746,0.08172906190156937,-0.9403685927391052,-0.9941036701202393,0.05046674236655235,-1.1051874160766602,-0.9568288922309875,0.026082666590809822,-0.41552919149398804,-0.8688707947731018,-0.005476471967995167,-0.7538971900939941,-1.0066237449645996,-0.033460862934589386,-0.961167573928833,-0.988678514957428,-0.04822579026222229,-1.1273781061172485,-0.9660621285438538,-0.05910753086209297,-0.45579805970191956,-0.7408920526504517,-0.10685837268829346,-0.7475611567497253,-0.7920504808425903,-0.12585537135601044,-0.9192934036254883,-0.8107753992080688,-0.12468449771404266,-1.0625022649765015,-0.8444753289222717,-0.12482868134975433,0.0,0.0,0.0,0.08371397107839584,-0.3418659567832947,0.13736304640769958,0.22714588046073914,-0.6256722211837769,0.16532793641090393,0.3887820839881897,-0.7229085564613342,0.15166732668876648,0.524707555770874,-0.7418652772903442,0.1331607848405838,0.19237545132637024,-1.000644564628601,0.10472123324871063,0.2801060080528259,-1.3344006538391113,0.10733744502067566,0.2996775805950165,-1.5781008005142212,0.09030833095312119,0.31529971957206726,-1.7850085496902466,0.06608930230140686,0.2532874047756195,-0.9673853516578674,0.0033290137071162462,0.6125837564468384,-0.8745018243789673,-0.008058842271566391,0.582655668258667,-0.6822556257247925,-0.01676836609840393,0.47755175828933716,-0.6183030009269714,-0.026154212653636932,0.33090874552726746,-0.8255322575569153,-0.08344576507806778,0.6647365689277649,-0.7339592576026917,-0.07166169583797455,0.602218747138977,-0.5689098834991455,-0.03182316571474075,0.49905282258987427,-0.5294564366340637,-0.017060259357094765,0.40886494517326355,-0.6619279980659485,-0.16363653540611267,0.6776156425476074,-0.6139941215515137,-0.1166214868426323,0.6223772764205933,-0.47834643721580505,-0.04491739720106125,0.5309122800827026,-0.4215511381626129,-0.0011571894865483046
0.0,0.0,0.0,-0.33362293243408203,0.039104871451854706,0.06751649081707001,-0.5856108665466309,-0.08790235221385956,0.0852736160159111,-0.7858269810676575,-0.11653383076190948,0.06170104444026947,-0.9515910148620605,-0.1213708370923996,0.03851825371384621,-0.49666687846183777,-0.8230975866317749,0.23101520538330078,-0.7409077286720276,-0.8970720767974854,0.23726008832454681,-0.9257911443710327,-0.9004747867584229,0.19867150485515594,-1.0798417329788208,-0.890808641910553,0.15614043176174164,-0.4626293480396271,-0.8763948678970337,0.13381369411945343,-0.776496946811676,-0.9809858798980713,0.13622665405273438,-0.9727132320404053,-0.9603475332260132,0.0984019935131073,-1.1381827592849731,-0.9343130588531494,0.06321341544389725,-0.4456344246864319,-0.855019211769104,0.019841987639665604,-0.7788249850273132,-0.959457516670227,-0.005943542346358299,-0.9908487796783447,-0.9623836874961853,-0.02364601008594036,-1.1633338928222656,-0.9572948813438416,-0.038440171629190445,-0.4697142243385315,-0.7545551657676697,-0.09790016710758209,-0.7590181231498718,-0.8360084891319275,-0.11991815268993378,-0.9402065873146057,-0.8668665289878845,-0.11787223070859909,-1.0953425168991089,-0.9044989347457886,-0.11927767097949982,0.0,0.0,0.0,0.06688977032899857,-0.362856388092041,0.16405357420444489,0.2022535502910614,-0.6511663198471069,0.18890418112277985,0.35714519023895264,-0.7501135468482971,0.16439104080200195,0.49324139952659607,-0.7527352571487427,0.1294412612915039,0.1836431324481964,-0.9930549263954163,0.09416698664426804,0.2620946168899536,-1.338664174079895,0.090273417532444,0.2896372675895691,-1.5886430740356445,0.07181334495544434,0.312090665102005,-1.7994303703308105,0.04476110637187958,0.24395336210727692,-0.9693403840065002,-0.029427420347929,0.6152894496917725,-0.8788882493972778,-0.039388928562402725,0.5897171497344971,-0.6858035326004028,-0.03492635115981102,0.48235705494880676,-0.6303181648254395,-0.03904459998011589,0.3258638083934784,-0.8284956216812134,-0.1358073651790619,0.6736022233963013,-0.7362855076789856,-0.12045314908027649,0.6159383654594421,-0.5696215033531189,-0.06658690422773361,0.5095548033714294,-0.5442997813224792,-0.04928586259484291,0.40985986590385437,-0.6614468097686768,-0.23404650390148163,0.6971243619918823,-0.6098609566688538,-0.1854182779788971,0.6345417499542236,-0.4635258615016937,-0.10346131026744843,0.5291822552680969,-0.4134991765022278,-0.056965865194797516
0.0,0.0,0.0,-0.29815414547920227,0.006897292099893093,-0.013783498667180538,-0.592523455619812,-0.12875252962112427,-0.03149816021323204,-0.814570426940918,-0.1452486217021942,-0.07358035445213318,-0.9956609010696411,-0.16490565240383148,-0.10805480927228928,-0.47052001953125,-0.8471227884292603,0.11537881195545197,-0.6859220266342163,-0.9713881611824036,0.07280024886131287,-0.8714935183525085,-1.0173841714859009,0.015595157630741596,-1.0294439792633057,-1.0467745065689087,-0.033835288137197495,-0.4129473865032196,-0.9094641208648682,0.04847104474902153,-0.6975817680358887,-1.0777446031570435,-0.007734000217169523,-0.9086262583732605,-1.0977956056594849,-0.054427824914455414,-1.0863271951675415,-1.1154636144638062,-0.08112703263759613,-0.36602360010147095,-0.9092113971710205,-0.03916041925549507,-0.7025917768478394,-0.993614137172699,-0.12750349938869476,-0.8496862053871155,-0.9697819948196411,-0.14047019183635712,-0.9518383741378784,-0.9890987873077393,-0.13073842227458954,-0.35525551438331604,-0.8291714191436768,-0.13536128401756287,-0.6571746468544006,-0.8646760582923889,-0.21057724952697754,-0.7924427390098572,-0.8588777184486389,-0.2118508219718933,-0.8842085599899292,-0.889593243598938,-0.19989146292209625,0.0,0.0,0.0,0.0326855294406414,-0.3910735845565796,0.11827346682548523,0.18029122054576874,-0.6863062977790833,0.12491559237241745,0.34051233530044556,-0.7843188643455505,0.09045688062906265,0.4758877456188202,-0.7966852784156799,0.050933122634887695,0.17029394209384918,-0.9966128468513489,0.05997529998421669,0.24885626137256622,-1.3610841035842896,0.03285042569041252,0.2860689163208008,-1.6140236854553223,0.010699361562728882,0.3228100836277008,-1.8169331550598145,-0.01331543829292059,0.2691737711429596,-0.9620478749275208,-0.04482538253068924,0.5855122208595276,-0.8754704594612122,-0.09226999431848526,0.5514094233512878,-0.6800261735916138,-0.0993470698595047,0.4565044939517975,-0.6056694984436035,-0.09851080179214478,0.37175747752189636,-0.8213926553726196,-0.1372877061367035,0.6611785888671875,-0.7206019163131714,-0.16143037378787994,0.5907579660415649,-0.5555815100669861,-0.11610835045576096,0.49568986892700195,-0.5194698572158813,-0.08913737535476685,0.468646764755249,-0.6514589190483093,-0.22442865371704102,0.7137382626533508,-0.5898705720901489,-0.20667102932929993,0.6322983503341675,-0.455421507358551,-0.13895435631275177,0.5271519422531128,-0.41739362478256226,-0.09207864850759506
0.0,0.0,0.0,-0.29320892691612244,0.025866860523819923,0.01696806587278843,-0.6679182052612305,-0.13244225084781647,0.04309384152293205,-0.9106166362762451,-0.19982221722602844,0.03797435387969017,-1.1199381351470947,-0.20749416947364807,0.031203093007206917,-0.6111573576927185,-0.7311580181121826,0.17408539354801178,-0.873292863368988,-0.8920119404792786,0.16282033920288086,-1.0629056692123413,-0.9811912775039673,0.13413552939891815,-1.2174781560897827,-1.0552281141281128,0.10137684643268585,-0.5316791534423828,-0.8415787220001221,0.09519733488559723,-0.8319015502929688,-1.0371829271316528,0.06915901601314545,-1.0379239320755005,-1.1283533573150635,0.033925168216228485,-1.2404022216796875,-1.18586266040802,0.014562171883881092,-0.4205104112625122,-0.902935266494751,-0.004967743996530771,-0.7285652160644531,-1.1124083995819092,-0.0725841149687767,-0.9484637379646301,-1.212046504020691,-0.08982224017381668,-1.1702308654785156,-1.2870550155639648,-0.08597474545240402,-0.31476104259490967,-0.9061512351036072,-0.11063820123672485,-0.6356508135795593,-1.0739331245422363,-0.19504153728485107,-0.8386372923851013,-1.1691046953201294,-0.21355976164340973,-1.0318305492401123,-1.2529712915420532,-0.2104358673095703,0.0,0.0,0.0,-0.015613864175975323,-0.41256222128868103,0.07819025218486786,0.10572998225688934,-0.7156254649162292,0.07053358852863312,0.2792092561721802,-0.7939220070838928,0.03203557804226875,0.4311213791370392,-0.7476215958595276,-0.011608592234551907,0.12654638290405273,-0.9953920245170593,0.014920344576239586,0.19989079236984253,-1.4060224294662476,-0.024636127054691315,0.2699442505836487,-1.6553560495376587,-0.05426936596632004,0.3249320983886719,-1.8442604541778564,-0.07860209047794342,0.26795968413352966,-0.961461067199707,-0.061564844101667404,0.5356098413467407,-0.9359932541847229,-0.11019625514745712,0.5218415260314941,-0.7608291506767273,-0.12513920664787292,0.43381690979003906,-0.6821035146713257,-0.1251247227191925,0.40888476371765137,-0.8136206865310669,-0.12786534428596497,0.6272991299629211,-0.6963965892791748,-0.1554931402206421,0.5651538968086243,-0.5405382513999939,-0.1302061229944229,0.4718455374240875,-0.49346408247947693,-0.10907425731420517,0.5356352925300598,-0.632302463054657,-0.19032858312129974,0.7060739398002625,-0.5488129258155823,-0.17433373630046844,0.6437789797782898,-0.4173002243041992,-0.11790844053030014,0.5524749755859375,-0.36685657501220703,-0.07258035242557526
0.0,0.0,0.0,-0.29330697655677795,0.04670332372188568,-0.003684400115162134,-0.6898840665817261,-0.11804576963186264,0.01786091737449169,-0.932706892490387,-0.17640835046768188,0.01669793389737606,-1.1367175579071045,-0.1547020673751831,0.012799279764294624,-0.6721322536468506,-0.6962568759918213,0.12380728125572205,-0.9227929711341858,-0.8508281707763672,0.10493087023496628,-1.1024525165557861,-0.9390787482261658,0.06859873235225677,-1.2582206726074219,-1.0226885080337524,0.026680123060941696,-0.5710063576698303,-0.8189725279808044,0.05688367038965225,-0.8634560704231262,-1.0100430250167847,0.020015191286802292,-1.0666316747665405,-1.1041839122772217,-0.030400799587368965,-1.2748225927352905,-1.1721951961517334,-0.06578769534826279,-0.428770512342453,-0.8790743350982666,-0.028381995856761932,-0.7273038625717163,-1.084992527961731,-0.10856238752603531,-0.9471745491027832,-1.175247073173523,-0.14545376598834991,-1.177278995513916,-1.2481755018234253,-0.1598365753889084,-0.2882525622844696,-0.8833781480789185,-0.11765211820602417,-0.5999234914779663,-1.0169875621795654,-0.2143310308456421,-0.8029143214225769,-1.098678708076477,-0.24774739146232605,-0.9993835687637329,-1.1882195472717285,-0.25968366861343384,0.0,0.0,0.0,-0.03905002400279045,-0.4239000976085663,0.05975545942783356,0.06279938668012619,-0.732261598110199,0.038031551986932755,0.2365598827600479,-0.8023780584335327,-0.007926261983811855,0.397119402885437,-0.7524389028549194,-0.06240701675415039,0.10037534683942795,-0.9961126446723938,-0.04462432116270065,0.14121560752391815,-1.4085161685943604,-0.10114441812038422,0.19621875882148743,-1.6712578535079956,-0.14371351897716522,0.2469494342803955,-1.8734692335128784,-0.17853529751300812,0.2781239449977875,-0.9543235301971436,-0.10914976894855499,0.46005287766456604,-0.8857161998748779,-0.16344912350177765,0.4202576279640198,-0.6990043520927429,-0.17259392142295837,0.3292299807071686,-0.6103410124778748,-0.17360256612300873,0.4335457682609558,-0.7910476326942444,-0.1624082624912262,0.5641231536865234,-0.6683010458946228,-0.18984147906303406,0.49855220317840576,-0.525199294090271,-0.1528019905090332,0.407922625541687,-0.4739706814289093,-0.1294994354248047,0.558603823184967,-0.6086577773094177,-0.21362842619419098,0.6678429841995239,-0.5140202641487122,-0.19968606531620026,0.5940993428230286,-0.389096736907959,-0.1394139975309372,0.5033845901489258,-0.34012168645858765,-0.09315648674964905
0.0,0.0,0.0,-0.28201422095298767,-0.01644855923950672,0.0078300004824996,-0.613736629486084,-0.22670482099056244,0.014700324274599552,-0.8340202569961548,-0.31434547901153564,-0.004649472422897816,-1.0338115692138672,-0.3400934040546417,-0.02814401686191559,-0.5388517379760742,-0.7928401231765747,0.12219598889350891,-0.781074047088623,-0.9589542746543884,0.09236641973257065,-0.9737548828125,-1.0438138246536255,0.04211953282356262,-1.129866600036621,-1.1131830215454102,-0.008984819985926151,-0.4495086967945099,-0.8920482397079468,0.04681747406721115,-0.7430130243301392,-1.0911614894866943,0.005681977141648531,-0.950432538986206,-1.1757732629776,-0.05337081849575043,-1.1418768167495728,-1.2459684610366821,-0.10131680965423584,-0.3390195369720459,-0.9370739459991455,-0.04623378813266754,-0.637233555316925,-1.1730949878692627,-0.11859600245952606,-0.8637014031410217,-1.2674821615219116,-0.1659507155418396,-1.0700578689575195,-1.3407655954360962,-0.1973472535610199,-0.24026739597320557,-0.9211088418960571,-0.14314942061901093,-0.5476089119911194,-1.0610394477844238,-0.2233002483844757,-0.7511928081512451,-1.1405856609344482,-0.25821653008461,-0.9336749911308289,-1.2232071161270142,-0.2805822789669037,0.0,0.0,0.0,-0.022214112803339958,-0.42685362696647644,0.08225475251674652,0.08684112876653671,-0.7242326140403748,0.06458533555269241,0.26590850949287415,-0.7963205575942993,0.01820952445268631,0.42994067072868347,-0.7447569370269775,-0.038600072264671326,0.13288632035255432,-0.9935572743415833,-0.037042856216430664,0.19743476808071136,-1.4257667064666748,-0.08813907951116562,0.2511717677116394,-1.68529212474823,-0.12306343019008636,0.29758962988853455,-1.8839260339736938,-0.15113969147205353,0.29318833351135254,-0.9491304755210876,-0.11485601216554642,0.5304826498031616,-0.9163099527359009,-0.15390510857105255,0.5018274188041687,-0.7362866401672363,-0.15069325268268585,0.4200284481048584,-0.6549599170684814,-0.14592202007770538,0.4365822970867157,-0.7808334827423096,-0.1788090020418167,0.5988431572914124,-0.6610674858093262,-0.19343163073062897,0.5237298011779785,-0.5090211033821106,-0.148720383644104,0.4286952018737793,-0.4622576832771301,-0.12394765764474869,0.5575423836708069,-0.587955892086029,-0.23854562640190125,0.6935366988182068,-0.5043054819107056,-0.21119621396064758,0.6147539019584656,-0.3670969009399414,-0.1364588886499405,0.5184747576713562,-0.31268662214279175,-0.08271844685077667
0.0,0.0,0.0,-0.30656930804252625,-0.004848675802350044,-9.751955985848326e-06,-0.649002194404602,-0.19093574583530426,-0.0010349194053560495,-0.8872925639152527,-0.26419875025749207,-0.02816919982433319,-1.1031794548034668,-0.2765096426010132,-0.0574692040681839,-0.5803793668746948,-0.7586884498596191,0.13170139491558075,-0.8395564556121826,-0.9165499806404114,0.09787507355213165,-1.035012125968933,-0.9931180477142334,0.038421645760536194,-1.1985336542129517,-1.0634406805038452,-0.020533252507448196,-0.49230852723121643,-0.8685131072998047,0.05759577453136444,-0.7961061596870422,-1.0626925230026245,0.0074283285066485405,-1.0121817588806152,-1.1486573219299316,-0.06602240353822708,-1.2091448307037354,-1.2137686014175415,-0.1260300874710083,-0.3825119733810425,-0.918506383895874,-0.03572743013501167,-0.6919305324554443,-1.1506106853485107,-0.11412009596824646,-0.9288524985313416,-1.2426737546920776,-0.173435777425766,-1.143075942993164,-1.3066707849502563,-0.21406540274620056,-0.28188276290893555,-0.9102233052253723,-0.1336139589548111,-0.5938834547996521,-1.0441701412200928,-0.21628732979297638,-0.812923789024353,-1.1155387163162231,-0.25870853662490845,-1.011430263519287,-1.1923036575317383,-0.2886551022529602,0.0,0.0,0.0,-0.013734341599047184,-0.4302898943424225,0.07555593550205231,0.11037808656692505,-0.7313773036003113,0.057282064110040665,0.2871057987213135,-0.7963364720344543,0.009919616393744946,0.432998389005661,-0.7383391261100769,-0.045950278639793396,0.149260014295578,-0.9916244149208069,-0.019764365628361702,0.22272470593452454,-1.4147967100143433,-0.06645593792200089,0.2786363661289215,-1.6850254535675049,-0.10356858372688293,0.3223513960838318,-1.896461844444275,-0.13694895803928375,0.3069026470184326,-0.9464709162712097,-0.10001807659864426,0.5386611819267273,-0.863723874092102,-0.15249426662921906,0.4914851784706116,-0.6657396554946899,-0.16322827339172363,0.3888910710811615,-0.5865132212638855,-0.16569426655769348,0.4494273066520691,-0.7800853848457336,-0.16755615174770355,0.6373863220214844,-0.6567776203155518,-0.19452685117721558,0.5618041753768921,-0.49885496497154236,-0.15277248620986938,0.46137815713882446,-0.45794862508773804,-0.12777163088321686,0.5739357471466064,-0.5903792977333069,-0.23195858299732208,0.7328306436538696,-0.5021336078643799,-0.21705296635627747,0.6506924033164978,-0.36166635155677795,-0.1475086659193039,0.5517131090164185,-0.31709420680999756,-0.09594911336898804
0.0,0.0,0.0,-0.29504528641700745,-0.035675689578056335,0.013171769678592682,-0.6132743954658508,-0.21280841529369354,-0.005400435999035835,-0.8499056696891785,-0.25822195410728455,-0.05518580228090286,-1.0659699440002441,-0.25215989351272583,-0.10728925466537476,-0.5076359510421753,-0.8237009048461914,0.1264944225549698,-0.7488433718681335,-0.9748865962028503,0.09225667268037796,-0.9357447028160095,-1.0370118618011475,0.03744298592209816,-1.0930900573730469,-1.0790390968322754,-0.0182291679084301,-0.4289388358592987,-0.9025231599807739,0.03825421258807182,-0.7377222776412964,-1.105210781097412,-0.015136766247451305,-0.9412869215011597,-1.1410062313079834,-0.08239339292049408,-1.1339731216430664,-1.1555989980697632,-0.13371579349040985,-0.3407838046550751,-0.9203929901123047,-0.06669379025697708,-0.6619019508361816,-1.1640619039535522,-0.1451158970594406,-0.8925248980522156,-1.210073709487915,-0.19117692112922668,-1.1000720262527466,-1.2287009954452515,-0.21984049677848816,-0.27887049317359924,-0.8623342514038086,-0.17488409578800201,-0.6028068661689758,-0.9792309403419495,-0.2537488341331482,-0.8045535087585449,-1.0509394407272339,-0.2873891294002533,-0.9798362255096436,-1.124076247215271,-0.3087557256221771,0.0,0.0,0.0,0.02583346702158451,-0.4081699550151825,0.12406034767627716,0.16609418392181396,-0.6989903450012207,0.13199695944786072,0.3365229070186615,-0.7629165053367615,0.10265468060970306,0.46755340695381165,-0.7301368117332458,0.06403139233589172,0.1968485414981842,-0.9851453900337219,0.031054837629199028,0.27998024225234985,-1.3949471712112427,-0.0003861419390887022,0.3324190378189087,-1.6683564186096191,-0.03291580080986023,0.36979368329048157,-1.8847485780715942,-0.06318605691194534,0.32414376735687256,-0.9438397884368896,-0.06400974839925766,0.5696547627449036,-0.8291900753974915,-0.08800928294658661,0.52132248878479,-0.6379036903381348,-0.09048064798116684,0.4186577796936035,-0.5765298008918762,-0.09475816041231155,0.44598135352134705,-0.7824807167053223,-0.1426440179347992,0.6478613018989563,-0.6529927849769592,-0.14189396798610687,0.574654221534729,-0.5035828351974487,-0.09699737280607224,0.4817875325679779,-0.4787256717681885,-0.07824723422527313,0.5549490451812744,-0.5937808752059937,-0.21392950415611267,0.7314433455467224,-0.5196048617362976,-0.1742137223482132,0.6448094844818115,-0.38425225019454956,-0.09467916190624237,0.543847918510437,-0.345179945230484,-0.04151400923728943
0.0,0.0,0.0,-0.32362744212150574,-0.05517900735139847,-0.004257221706211567,-0.601283848285675,-0.20493732392787933,-0.04727507755160332,-0.832111656665802,-0.23315122723579407,-0.11449602246284485,-1.0375618934631348,-0.24286159873008728,-0.18121662735939026,-0.43306732177734375,-0.8792406320571899,0.0710628405213356,-0.6994398832321167,-1.0113109350204468,0.0005022921832278371,-0.9069495797157288,-1.0413717031478882,-0.08102322369813919,-1.0785846710205078,-1.0282652378082275,-0.1464860737323761,-0.3804019093513489,-0.9248133301734924,-0.0038360559847205877,-0.7262797951698303,-1.105177402496338,-0.08023284375667572,-0.9409844875335693,-1.0924663543701172,-0.15765735507011414,-1.1261441707611084,-1.0737590789794922,-0.21479007601737976,-0.3387559950351715,-0.8937380909919739,-0.09403791278600693,-0.6793036460876465,-1.1021820306777954,-0.17396675050258636,-0.9124435782432556,-1.1101257801055908,-0.21868209540843964,-1.1079750061035156,-1.0993728637695312,-0.24866580963134766,-0.33438634872436523,-0.7749040722846985,-0.1887085735797882,-0.6374233961105347,-0.867182195186615,-0.25676244497299194,-0.824039876461029,-0.9245246052742004,-0.2844793498516083,-0.9807304739952087,-0.9913374781608582,-0.303109735250473,0.0,0.0,0.0,0.03620842099189758,-0.399213045835495,0.13581635057926178,0.17878539860248566,-0.6978551149368286,0.15605103969573975,0.32823193073272705,-0.7940123081207275,0.135637566447258,0.4544451832771301,-0.7863304018974304,0.10709714889526367,0.20296669006347656,-0.9877820014953613,0.07850456237792969,0.26257839798927307,-1.367472529411316,0.06199845299124718,0.3072304129600525,-1.6152442693710327,0.03657583147287369,0.34884077310562134,-1.8067116737365723,0.0104770977050066,0.3048553168773651,-0.9521265029907227,-0.022767631337046623,0.5692638158798218,-0.8750055432319641,-0.04110296443104744,0.5329470038414001,-0.6922644376754761,-0.0500609390437603,0.43974217772483826,-0.6342379450798035,-0.057377271354198456,0.4092963933944702,-0.8012790083885193,-0.10857163369655609,0.6345399022102356,-0.6937524080276489,-0.10499686747789383,0.5648175477981567,-0.5387192368507385,-0.06894873827695847,0.4730707108974457,-0.5178625583648682,-0.05504526570439339,0.5039488673210144,-0.6157002449035645,-0.18619394302368164,0.7034456133842468,-0.5582977533340454,-0.1441531628370285,0.6203330159187317,-0.4241190552711487,-0.07068438827991486,0.5174704194068909,-0.3829331398010254,-0.023234430700540543
0.0,0.0,0.0,-0.33703699707984924,-0.06929608434438705,-0.010416770353913307,-0.579701840877533,-0.22299590706825256,-0.06472194939851761,-0.8043562173843384,-0.2656089663505554,-0.13704122602939606,-1.0054185390472412,-0.27225425839424133,-0.20725251734256744,-0.34729376435279846,-0.919654130935669,0.029695192351937294,-0.6470842361450195,-1.05092191696167,-0.041457824409008026,-0.8596065044403076,-1.0577569007873535,-0.11594757437705994,-1.0179916620254517,-1.0304349660873413,-0.17023888230323792,-0.3120971620082855,-0.9496309161186218,-0.028221549466252327,-0.7064430713653564,-1.1416451930999756,-0.08754810690879822,-0.9297959804534912,-1.1183212995529175,-0.14502492547035217,-1.0907219648361206,-1.0853290557861328,-0.18981488049030304,-0.3082243502140045,-0.8876989483833313,-0.09799135476350784,-0.6860738396644592,-1.0756937265396118,-0.15781177580356598,-0.9222540855407715,-1.0864324569702148,-0.19002839922904968,-1.0984891653060913,-1.0764297246932983,-0.21546335518360138,-0.35564056038856506,-0.7380103468894958,-0.17144714295864105,-0.6706756949424744,-0.807788074016571,-0.21579314768314362,-0.8538512587547302,-0.8374281525611877,-0.2284793257713318,-1.0004241466522217,-0.8688725233078003,-0.23857130110263824,0.0,0.0,0.0,0.10303784161806107,-0.39368197321891785,0.10268648713827133,0.2962576746940613,-0.6965387463569641,0.09584648162126541,0.5135448575019836,-0.789716899394989,0.04989611729979515,0.7016340494155884,-0.8038699626922607,0.000991057837381959,0.22557230293750763,-1.0006502866744995,0.06302852928638458,0.2957781255245209,-1.3617782592773438,0.03031962923705578,0.33130383491516113,-1.602773666381836,-0.0004537808708846569,0.3573765456676483,-1.8038407564163208,-0.029764004051685333,0.29839423298835754,-0.9536015391349792,-0.04006199538707733,0.6243109703063965,-0.92022705078125,-0.08907677233219147,0.5899203419685364,-0.7295570373535156,-0.10040298849344254,0.48007968068122864,-0.6767354607582092,-0.10314003378152847,0.37973350286483765,-0.8021731376647949,-0.13411787152290344,0.6786627173423767,-0.7515395879745483,-0.16508090496063232,0.6152772307395935,-0.5896130800247192,-0.1216919869184494,0.5132244825363159,-0.5675089359283447,-0.0944461077451706,0.46200501918792725,-0.6204805374145508,-0.22297845780849457,0.7056424617767334,-0.6111093163490295,-0.20205377042293549,0.637079656124115,-0.47706282138824463,-0.12630482017993927,0.5358426570892334,-0.44030600786209106,-0.07617318630218506
0.0,0.0,0.0,-0.35816946625709534,-0.028525931760668755,0.015172289684414864,-0.5879166722297668,-0.2416587471961975,0.016431953758001328,-0.7399136424064636,-0.41390740871429443,-0.005342776887118816,-0.837161123752594,-0.5653168559074402,-0.022485530003905296,-0.42803114652633667,-0.8627852201461792,0.11081010848283768,-0.702999472618103,-0.9640074372291565,0.06425996124744415,-0.9110625386238098,-0.984128475189209,0.00698568020015955,-1.073231816291809,-0.9911773800849915,-0.04117237403988838,-0.38700100779533386,-0.9210942387580872,0.042610377073287964,-0.7172603011131287,-1.0835832357406616,-0.005095326341688633,-0.9368138909339905,-1.0764917135238647,-0.0556802824139595,-1.1101233959197998,-1.06617271900177,-0.09384699165821075,-0.37744301557540894,-0.8949187397956848,-0.04166947677731514,-0.7323021292686462,-1.0635290145874023,-0.11421032249927521,-0.9639272093772888,-1.05983567237854,-0.148702934384346,-1.1404306888580322,-1.051534652709961,-0.16889473795890808,-0.41407281160354614,-0.7771148681640625,-0.12908007204532623,-0.7395567893981934,-0.8465251922607422,-0.19590504467487335,-0.9294816255569458,-0.8691421151161194,-0.2172057032585144,-1.08000648021698,-0.9109646677970886,-0.22843845188617706,0.0,0.0,0.0,0.05654854327440262,-0.3658570647239685,0.1278718262910843,0.18946383893489838,-0.6739082932472229,0.14307226240634918,0.33430105447769165,-0.7685188055038452,0.11469543725252151,0.45355358719825745,-0.7769970893859863,0.08009166270494461,0.18278264999389648,-0.9964993000030518,0.07598670572042465,0.27313461899757385,-1.3724747896194458,0.059702999889850616,0.31839096546173096,-1.6266310214996338,0.03925499692559242,0.35590383410453796,-1.8251343965530396,0.016644779592752457,0.24892179667949677,-0.9680779576301575,-0.029377808794379234,0.5836827158927917,-0.8752703666687012,-0.06877757608890533,0.5430654287338257,-0.6809673309326172,-0.07745114713907242,0.4360784590244293,-0.6174255013465881,-0.07786238193511963,0.33135172724723816,-0.8351907730102539,-0.12079869210720062,0.64942866563797,-0.7282309532165527,-0.12911903858184814,0.579298734664917,-0.5590777397155762,-0.08448231965303421,0.47783830761909485,-0.5265269875526428,-0.06016889587044716,0.4138052761554718,-0.6725372076034546,-0.20646290481090546,0.6817465424537659,-0.6016843914985657,-0.16795165836811066,0.6110228896141052,-0.4627456068992615,-0.09157802909612656,0.5104402899742126,-0.4173904061317444,-0.04106775298714638
0.0,0.0,0.0,-0.31346026062965393,-0.031830646097660065,0.06258337199687958,-0.5684370398521423,-0.17874236404895782,0.05677434056997299,-0.7953948378562927,-0.20047223567962646,0.007583248894661665,-1.0052729845046997,-0.175378680229187,-0.044525668025016785,-0.413525253534317,-0.8699581623077393,0.22560127079486847,-0.6834359765052795,-0.9043877124786377,0.2266862690448761,-0.8614450693130493,-0.8942997455596924,0.18071399629116058,-1.0014675855636597,-0.8907468318939209,0.1356806755065918,-0.3766021728515625,-0.9170486330986023,0.13112063705921173,-0.7071259617805481,-0.9870264530181885,0.13189798593521118,-0.8916033506393433,-0.9595181941986084,0.08991964906454086,-1.0425021648406982,-0.9480317831039429,0.055157795548439026,-0.3646543622016907,-0.8927549719810486,0.021841542795300484,-0.6985023021697998,-0.9883151650428772,0.017772147431969643,-0.9028459787368774,-1.0221829414367676,0.016901813447475433,-1.0662730932235718,-1.0688519477844238,0.010886295698583126,-0.3944792151451111,-0.7813165783882141,-0.09302154928445816,-0.667168140411377,-0.8942155241966248,-0.0893927812576294,-0.8375659584999084,-0.9549469947814941,-0.06754938513040543,-0.9839229583740234,-1.0203169584274292,-0.0545717254281044,0.0,0.0,0.0,0.0744524672627449,-0.36603912711143494,0.13250385224819183,0.2106282114982605,-0.6695993542671204,0.1465051919221878,0.3601849377155304,-0.7754502892494202,0.11664710193872452,0.4831388592720032,-0.7993086576461792,0.07862643897533417,0.19445088505744934,-0.9955491423606873,0.06577157974243164,0.266312837600708,-1.3731317520141602,0.043140046298503876,0.3053812086582184,-1.6287394762039185,0.018090788275003433,0.338226318359375,-1.8287421464920044,-0.00783700030297041,0.24777281284332275,-0.9677749872207642,-0.04494674876332283,0.6217477917671204,-0.8881007432937622,-0.08274352550506592,0.604541540145874,-0.6876357793807983,-0.08462975174188614,0.5053108930587769,-0.6233038306236267,-0.08409032970666885,0.3222305476665497,-0.8283736109733582,-0.14231599867343903,0.6772070527076721,-0.7371135354042053,-0.15463799238204956,0.629362165927887,-0.5646923780441284,-0.10288294404745102,0.534799337387085,-0.5302102565765381,-0.07585037499666214,0.3981386125087738,-0.6585423946380615,-0.23350699245929718,0.6917491555213928,-0.6139461398124695,-0.2011604607105255,0.6393900513648987,-0.4704565107822418,-0.11974923312664032,0.5454745292663574,-0.41762951016426086,-0.06714979559183121
0.0,0.0,0.0,-0.37105605006217957,0.0028156342450529337,0.05020866170525551,-0.6448748707771301,-0.11226644366979599,0.02708127535879612,-0.881807267665863,-0.09474579989910126,-0.03198083117604256,-1.0961780548095703,-0.07559866458177567,-0.0926193818449974,-0.386277973651886,-0.8889014720916748,0.151530459523201,-0.669998824596405,-1.0281739234924316,0.1304808408021927,-0.8672844171524048,-1.074709415435791,0.08084069937467575,-1.0288593769073486,-1.090903401374817,0.03341585397720337,-0.3429705500602722,-0.9375726580619812,0.057694628834724426,-0.7312213182449341,-1.0619312524795532,0.037494637072086334,-0.9525593519210815,-1.0711063146591187,-0.0035276913549751043,-1.1305265426635742,-1.0845105648040771,-0.040378984063863754,-0.3403366804122925,-0.9115740060806274,-0.0498085655272007,-0.758127748966217,-1.038211703300476,-0.08494481444358826,-0.9862543940544128,-1.0731991529464722,-0.0888441801071167,-1.164326786994934,-1.1191949844360352,-0.09351221472024918,-0.39786988496780396,-0.8034332990646362,-0.16108982264995575,-0.7387202978134155,-0.9188977479934692,-0.1990049034357071,-0.9267751574516296,-0.9881798028945923,-0.1944892406463623,-1.076039433479309,-1.074058175086975,-0.1891099363565445,0.0,0.0,0.0,0.14261183142662048,-0.32712414860725403,0.12583036720752716,0.30107972025871277,-0.632424533367157,0.13529247045516968,0.46401503682136536,-0.7633846402168274,0.10136879235506058,0.5874801874160767,-0.8149402737617493,0.06170046329498291,0.24791045486927032,-0.9966021180152893,0.06011436879634857,0.3159051835536957,-1.376028060913086,0.02534007839858532,0.3554646372795105,-1.6385974884033203,-0.010126408189535141,0.3887430727481842,-1.8428763151168823,-0.042377885431051254,0.2632862329483032,-0.9634861946105957,-0.04873083531856537,0.6425918936729431,-0.8838971257209778,-0.10106514394283295,0.6403297781944275,-0.6663120985031128,-0.10896908491849899,0.5580673813819885,-0.5907399654388428,-0.1089552566409111,0.30827417969703674,-0.8158038258552551,-0.14547908306121826,0.6792512536048889,-0.7316781878471375,-0.17251735925674438,0.6357473134994507,-0.5544468760490417,-0.12156613916158676,0.5411210060119629,-0.5137115716934204,-0.09017892181873322,0.36308416724205017,-0.6387724876403809,-0.2364281415939331,0.6677101254463196,-0.5965009927749634,-0.2152116596698761,0.6224755644798279,-0.45631083846092224,-0.13716132938861847,0.5322838425636292,-0.40523672103881836,-0.08396574854850769
0.0,0.0,0.0,-0.3804965913295746,-0.04574716091156006,0.05164177343249321,-0.6349532008171082,-0.1712646782398224,0.008795221336185932,-0.8659223914146423,-0.17253251373767853,-0.06972742825746536,-1.0617092847824097,-0.17505526542663574,-0.15174078941345215,-0.37166208028793335,-0.9117371439933777,0.11381085962057114,-0.7024177312850952,-0.9455035328865051,0.06013171747326851,-0.8919954299926758,-0.8444971442222595,-0.02023368328809738,-1.0154263973236084,-0.7376591563224792,-0.07960539311170578,-0.3461981415748596,-0.9379115700721741,0.02164921909570694,-0.7570963501930237,-1.0827851295471191,-0.013470635749399662,-0.9967469573020935,-1.073530673980713,-0.07318824529647827,-1.187158465385437,-1.0636547803878784,-0.12864014506340027,-0.3529943525791168,-0.8669959902763367,-0.08057412505149841,-0.7448793649673462,-1.0522412061691284,-0.1114148199558258,-0.9932957291603088,-1.1084609031677246,-0.136516273021698,-1.1825236082077026,-1.1531466245651245,-0.16673125326633453,-0.4177792966365814,-0.7289460301399231,-0.18333567678928375,-0.7291889190673828,-0.8666447401046753,-0.1968073695898056,-0.9144087433815002,-0.9328554272651672,-0.1879442036151886,-1.0664851665496826,-1.0066909790039062,-0.19128820300102234,0.0,0.0,0.0,0.07425428926944733,-0.3873683214187622,0.11692076176404953,0.2232898324728012,-0.7094354033470154,0.11861670017242432,0.38877660036087036,-0.844771146774292,0.08273494988679886,0.5332157611846924,-0.8948019742965698,0.042753301560878754,0.2170518934726715,-1.0231142044067383,0.02098592184484005,0.2983388304710388,-1.420115351676941,-0.013395294547080994,0.3344167172908783,-1.6795676946640015,-0.039006348699331284,0.36378517746925354,-1.8836544752120972,-0.06377958506345749,0.2584974467754364,-0.9626842141151428,-0.0801137164235115,0.6321776509284973,-0.9299879670143127,-0.11738581210374832,0.6197047233581543,-0.7327695488929749,-0.10537295788526535,0.5314695835113525,-0.6691861152648926,-0.09836959838867188,0.3172670006752014,-0.7949042320251465,-0.16834959387779236,0.6679970026016235,-0.7409663796424866,-0.18288403749465942,0.6162187457084656,-0.5848236083984375,-0.12142522633075714,0.5182114839553833,-0.5552842617034912,-0.09021679311990738,0.37929219007492065,-0.5934655070304871,-0.25081345438957214,0.684866726398468,-0.5785746574401855,-0.22515612840652466,0.6280066967010498,-0.4564487040042877,-0.14540500938892365,0.5209577083587646,-0.4153274595737457,-0.0941133052110672
