hand0_x0,hand0_y0,hand0_z0,hand0_x1,hand0_y1,hand0_z1,hand0_x2,hand0_y2,hand0_z2,hand0_x3,hand0_y3,hand0_z3,hand0_x4,hand0_y4,hand0_z4,hand0_x5,hand0_y5,hand0_z5,hand0_x6,hand0_y6,hand0_z6,hand0_x7,hand0_y7,hand0_z7,hand0_x8,hand0_y8,hand0_z8,hand0_x9,hand0_y9,hand0_z9,hand0_x10,hand0_y10,hand0_z10,hand0_x11,hand0_y11,hand0_z11,hand0_x12,hand0_y12,hand0_z12,hand0_x13,hand0_y13,hand0_z13,hand0_x14,hand0_y14,hand0_z14,hand0_x15,hand0_y15,hand0_z15,hand0_x16,hand0_y16,hand0_z16,hand0_x17,hand0_y17,hand0_z17,hand0_x18,hand0_y18,hand0_z18,hand0_x19,hand0_y19,hand0_z19,hand0_x20,hand0_y20,hand0_z20,hand1_x0,hand1_y0,hand1_z0,hand1_x1,hand1_y1,hand1_z1,hand1_x2,hand1_y2,hand1_z2,hand1_x3,hand1_y3,hand1_z3,hand1_x4,hand1_y4,hand1_z4,hand1_x5,hand1_y5,hand1_z5,hand1_x6,hand1_y6,hand1_z6,hand1_x7,hand1_y7,hand1_z7,hand1_x8,hand1_y8,hand1_z8,hand1_x9,hand1_y9,hand1_z9,hand1_x10,hand1_y10,hand1_z10,hand1_x11,hand1_y11,hand1_z11,hand1_x12,hand1_y12,hand1_z12,hand1_x13,hand1_y13,hand1_z13,hand1_x14,hand1_y14,hand1_z14,hand1_x15,hand1_y15,hand1_z15,hand1_x16,hand1_y16,hand1_z16,hand1_x17,hand1_y17,hand1_z17,hand1_x18,hand1_y18,hand1_z18,hand1_x19,hand1_y19,hand1_z19,hand1_x20,hand1_y20,hand1_z20
0.0,0.0,0.0,0.03495892509818077,-0.44336751103401184,0.05096367374062538,-0.076650470495224,-0.7673481106758118,0.03952585905790329,-0.25283902883529663,-0.8422904014587402,0.012191176414489746,-0.40757298469543457,-0.8051109313964844,-0.02876156195998192,-0.2102379947900772,-1.0340865850448608,-0.043575089424848557,-0.3093477189540863,-1.4473882913589478,-0.07992589473724365,-0.3702619671821594,-1.7116503715515137,-0.10163982957601547,-0.41448673605918884,-1.901602029800415,-0.1175578385591507,-0.38710564374923706,-0.9178431630134583,-0.08782429248094559,-0.5294622778892517,-0.9384899139404297,-0.11083753407001495,-0.48343414068222046,-0.7754377126693726,-0.09211552143096924,-0.3971967399120331,-0.6926398873329163,-0.08134231716394424,-0.523801326751709,-0.712336540222168,-0.12058113515377045,-0.623832643032074,-0.7344512343406677,-0.13017769157886505,-0.558495819568634,-0.5949944853782654,-0.07451653480529785,-0.4758467376232147,-0.5194096565246582,-0.041368041187524796,-0.6295177936553955,-0.48763468861579895,-0.1490219682455063,-0.7115275859832764,-0.5632408261299133,-0.13896356523036957,-0.6430149078369141,-0.4532153308391571,-0.07000182569026947,-0.5727111101150513,-0.3777453899383545,-0.012824740260839462,0.0,0.0,0.0,0.10570529103279114,-0.4776704013347626,0.03157825767993927,0.25418856739997864,-0.875609278678894,-0.03814290836453438,0.24070611596107483,-1.2685890197753906,-0.12933185696601868,0.1324382871389389,-1.5673439502716064,-0.2352720946073532,0.7880659699440002,-0.7067279815673828,-0.10016123205423355,1.1652253866195679,-0.7150360941886902,-0.1223369836807251,1.3915907144546509,-0.7067338824272156,-0.14363767206668854,1.5486572980880737,-0.7016161680221558,-0.17305095493793488,0.8877307772636414,-0.4334709346294403,-0.15503863990306854,0.9059891700744629,-0.23691663146018982,-0.16478128731250763,0.7473432421684265,-0.19690890610218048,-0.1518353521823883,0.613554060459137,-0.21070051193237305,-0.15734125673770905,0.8714224100112915,-0.10838853567838669,-0.19560696184635162,0.8046640157699585,0.0048319133929908276,-0.17364436388015747,0.6676704287528992,0.033732928335666656,-0.13049297034740448,0.5462777614593506,0.008009527809917927,-0.1252516210079193,0.8225126266479492,0.19720281660556793,-0.23662595450878143,0.7564852833747864,0.28373411297798157,-0.19867151975631714,0.6264352202415466,0.28879812359809875,-0.13923728466033936,0.51447993516922,0.2517799437046051,-0.10247783362865448
0.0,0.0,0.0,0.012464961968362331,-0.45495766401290894,0.0683942437171936,-0.12366411089897156,-0.7825487852096558,0.06015796959400177,-0.2942664623260498,-0.8443017601966858,0.0309283509850502,-0.4448520839214325,-0.7848779559135437,-0.013258039951324463,-0.21843549609184265,-1.0491119623184204,-0.027960315346717834,-0.32167455554008484,-1.4838958978652954,-0.06436782330274582,-0.3857819736003876,-1.7504900693893433,-0.08559643477201462,-0.42818358540534973,-1.9351743459701538,-0.10066445916891098,-0.3902878165245056,-0.9170375466346741,-0.08196042478084564,-0.5402913689613342,-0.9894246459007263,-0.104730024933815,-0.49000221490859985,-0.8287718296051025,-0.08367621153593063,-0.40015071630477905,-0.7402344346046448,-0.0714501366019249,-0.5281218886375427,-0.7020904421806335,-0.12377128005027771,-0.6447756886482239,-0.7862684726715088,-0.1267835944890976,-0.5802679657936096,-0.646524965763092,-0.06407848745584488,-0.5005659461021423,-0.5587983727455139,-0.029019847512245178,-0.6336992979049683,-0.46544399857521057,-0.1602003574371338,-0.7324117422103882,-0.5848578810691833,-0.14240065217018127,-0.6654085516929626,-0.48184841871261597,-0.06662553548812866,-0.5957255363464355,-0.4010981619358063,-0.0076918089762330055,0.0,0.0,0.0,0.11729754507541656,-0.4773716926574707,0.03176410123705864,0.2708999812602997,-0.8691195249557495,-0.04318670928478241,0.2542577087879181,-1.252509593963623,-0.1436527818441391,0.14828936755657196,-1.5457470417022705,-0.2582477629184723,0.7918300032615662,-0.7054609060287476,-0.08392041176557541,1.1699399948120117,-0.7213897109031677,-0.12140307575464249,1.398292064666748,-0.7089449763298035,-0.15532582998275757,1.5570858716964722,-0.6992604732513428,-0.1928534060716629,0.8878836631774902,-0.43601131439208984,-0.1468220204114914,0.9368112683296204,-0.264611154794693,-0.17779351770877838,0.7684141397476196,-0.2178950160741806,-0.17487579584121704,0.6242283582687378,-0.2316935509443283,-0.1812150478363037,0.8811429142951965,-0.11529835313558578,-0.19841629266738892,0.8316056132316589,-0.004774075001478195,-0.18787646293640137,0.6819644570350647,0.0253998301923275,-0.1451868712902069,0.5514659881591797,-0.006787850521504879,-0.137440025806427,0.8375956416130066,0.1935712695121765,-0.25202080607414246,0.7609953880310059,0.2901456952095032,-0.22252163290977478,0.6207404136657715,0.2938288748264313,-0.16721220314502716,0.5057402849197388,0.25149795413017273,-0.13222406804561615
0.0,0.0,0.0,0.03853387385606766,-0.4760606586933136,0.05694757401943207,-0.09680003672838211,-0.8556419014930725,0.04495618864893913,-0.28381067514419556,-0.9540454149246216,0.018248839303851128,-0.4572622776031494,-0.9006957411766052,-0.022528694942593575,-0.1846529245376587,-1.0702705383300781,-0.07027658820152283,-0.29743197560310364,-1.5804836750030518,-0.11476630717515945,-0.3607478141784668,-1.8715611696243286,-0.1288636326789856,-0.40794965624809265,-2.0890443325042725,-0.1366291046142578,-0.3729209005832672,-0.9195974469184875,-0.12357396632432938,-0.5575900673866272,-1.1684638261795044,-0.15787887573242188,-0.5118634700775146,-1.0008074045181274,-0.1263478398323059,-0.4327090084552765,-0.8805776834487915,-0.1019863486289978,-0.5280922651290894,-0.7069813013076782,-0.16322378814220428,-0.6598753929138184,-0.9367995858192444,-0.17069408297538757,-0.5900299549102783,-0.7973148822784424,-0.092787005007267,-0.5182750821113586,-0.6901260614395142,-0.04571675881743431,-0.6436496376991272,-0.47674721479415894,-0.19758285582065582,-0.7508115768432617,-0.703996479511261,-0.17495611310005188,-0.6740228533744812,-0.6085755825042725,-0.0853922963142395,-0.6070588827133179,-0.5118123888969421,-0.01886732690036297,0.0,0.0,0.0,0.10887876898050308,-0.4903098940849304,0.04151749238371849,0.2517799139022827,-0.8832798600196838,-0.025778576731681824,0.2448040395975113,-1.2644529342651367,-0.1142498329281807,0.1310347467660904,-1.5566059350967407,-0.21540887653827667,0.7751750349998474,-0.7330136895179749,-0.08167120069265366,1.1723003387451172,-0.7380123734474182,-0.11070290207862854,1.407396674156189,-0.7405605316162109,-0.13456717133522034,1.565306544303894,-0.749721884727478,-0.16196826100349426,0.8696542978286743,-0.47502195835113525,-0.13437098264694214,1.004959225654602,-0.31103724241256714,-0.12587964534759521,0.8488638997077942,-0.2600228190422058,-0.08666963130235672,0.7009435892105103,-0.27645161747932434,-0.0758286640048027,0.8673403263092041,-0.16318415105342865,-0.17548269033432007,0.9042260050773621,-0.05657138302922249,-0.13272148370742798,0.7691375613212585,-0.022888142615556717,-0.06602540612220764,0.6251903772354126,-0.05498885735869408,-0.05004935339093208,0.8282044529914856,0.14054785668849945,-0.21698713302612305,0.8134390115737915,0.21585328876972198,-0.16081874072551727,0.6895350813865662,0.2198946177959442,-0.08717940747737885,0.5664836764335632,0.1714877188205719,-0.04509398713707924
0.0,0.0,0.0,0.029834464192390442,-0.4734085202217102,0.058783575892448425,-0.11174358427524567,-0.8576785922050476,0.047374431043863297,-0.29823538661003113,-0.9639538526535034,0.018980270251631737,-0.478144109249115,-0.9108032584190369,-0.024700013920664787,-0.15068162977695465,-1.0770922899246216,-0.0608292780816555,-0.25583547353744507,-1.572242021560669,-0.10888717323541641,-0.3283076584339142,-1.8568458557128906,-0.12677986919879913,-0.3904918432235718,-2.0705668926239014,-0.1384161412715912,-0.32224181294441223,-0.9394851326942444,-0.11630959808826447,-0.5606014728546143,-1.124190330505371,-0.166181281208992,-0.5291233062744141,-0.9457881450653076,-0.14055433869361877,-0.445160835981369,-0.8357643485069275,-0.11673303693532944,-0.47675850987434387,-0.7403021454811096,-0.15892980992794037,-0.668855607509613,-0.9136221408843994,-0.1831594854593277,-0.608765184879303,-0.7662015557289124,-0.11113740503787994,-0.5294403433799744,-0.6732950806617737,-0.062033697962760925,-0.5966649055480957,-0.5257720947265625,-0.1961904764175415,-0.7388765215873718,-0.7036968469619751,-0.18681304156780243,-0.6773651242256165,-0.5985520482063293,-0.10553426295518875,-0.6062895655632019,-0.510374128818512,-0.04162730649113655,0.0,0.0,0.0,0.08194530010223389,-0.48569536209106445,0.031035160645842552,0.20467646420001984,-0.9048432111740112,-0.03802591934800148,0.1882895827293396,-1.3073168992996216,-0.1276591569185257,0.08394727110862732,-1.6069252490997314,-0.22981345653533936,0.7261791229248047,-0.7727953791618347,-0.07894835621118546,1.088942527770996,-0.8123199343681335,-0.10178960114717484,1.3192154169082642,-0.8164641261100769,-0.12633360922336578,1.4917947053909302,-0.8258007764816284,-0.159397155046463,0.8455172181129456,-0.5157681703567505,-0.13814426958560944,0.9788475036621094,-0.3410213887691498,-0.14024271070957184,0.8271195888519287,-0.28130680322647095,-0.12216362357139587,0.6822126507759094,-0.29308679699897766,-0.12687185406684875,0.8678738474845886,-0.19707217812538147,-0.18548214435577393,0.9217310547828674,-0.06026781350374222,-0.16182981431484222,0.7917163968086243,-0.02038281038403511,-0.10852790623903275,0.6521095633506775,-0.04537384584546089,-0.0981418639421463,0.8497878909111023,0.11231348663568497,-0.2336469292640686,0.884455144405365,0.21793000400066376,-0.1978605091571808,0.7638286352157593,0.2453390657901764,-0.1313360184431076,0.635529100894928,0.21442800760269165,-0.09180071949958801
0.0,0.0,0.0,0.056242797523736954,-0.4679330289363861,0.046038076281547546,-0.060002002865076065,-0.8638262152671814,0.03174145147204399,-0.2649451792240143,-0.9675273895263672,0.00738432165235281,-0.43943557143211365,-0.918681800365448,-0.031519483774900436,-0.16783757507801056,-1.0627015829086304,-0.09281191974878311,-0.2875151038169861,-1.5777772665023804,-0.1411980837583542,-0.36194169521331787,-1.8805667161941528,-0.16109658777713776,-0.42347872257232666,-2.109506368637085,-0.17538248002529144,-0.35887935757637024,-0.923210620880127,-0.13743282854557037,-0.533940851688385,-1.166382074356079,-0.17003972828388214,-0.47898828983306885,-1.0033560991287231,-0.13496354222297668,-0.40011534094810486,-0.8839402794837952,-0.1117192730307579,-0.5185531377792358,-0.7186988592147827,-0.1681673377752304,-0.6514401435852051,-0.9492615461349487,-0.17270927131175995,-0.5770735144615173,-0.8171371817588806,-0.09174494445323944,-0.5035200715065002,-0.7072296738624573,-0.045746736228466034,-0.642949640750885,-0.49071359634399414,-0.19458205997943878,-0.7496972680091858,-0.7186676263809204,-0.17330452799797058,-0.6741071939468384,-0.6270470023155212,-0.08606681227684021,-0.6077681183815002,-0.5260937809944153,-0.02272866480052471,0.0,0.0,0.0,0.06332939863204956,-0.48273465037345886,0.03540759161114693,0.17346574366092682,-0.9180178046226501,-0.03035544417798519,0.1467660814523697,-1.2961291074752808,-0.11775574833154678,0.034690599888563156,-1.576675295829773,-0.2131371945142746,0.7288093566894531,-0.7993494868278503,-0.06262828409671783,1.0999078750610352,-0.8534267544746399,-0.08390532433986664,1.3069489002227783,-0.8907331824302673,-0.09920275956392288,1.4420013427734375,-0.9213887453079224,-0.11832654476165771,0.8317009210586548,-0.5434268116950989,-0.11384577304124832,1.0179450511932373,-0.3650375306606293,-0.10025949031114578,0.9042789340019226,-0.2735721170902252,-0.06114884838461876,0.7768064141273499,-0.24928900599479675,-0.044609762728214264,0.8487789630889893,-0.23514266312122345,-0.15567277371883392,0.9304299354553223,-0.09416183829307556,-0.11882398277521133,0.7796790599822998,-0.03972426429390907,-0.05739728733897209,0.6190817356109619,-0.05700237676501274,-0.036134302616119385,0.8311727046966553,0.07995340973138809,-0.19791924953460693,0.8399492502212524,0.17476439476013184,-0.1558309942483902,0.7050520777702332,0.19217661023139954,-0.0913316085934639,0.5694782137870789,0.15168723464012146,-0.048484962433576584
0.0,0.0,0.0,0.08766049146652222,-0.4723871946334839,0.01307976245880127,0.0028178682550787926,-0.9052154421806335,-0.016849055886268616,-0.23258699476718903,-1.065114140510559,-0.043189290910959244,-0.43643441796302795,-1.0210247039794922,-0.07997117191553116,-0.1954362690448761,-1.0692800283432007,-0.15675850212574005,-0.3626272976398468,-1.6422539949417114,-0.20559725165367126,-0.47403380274772644,-1.9698739051818848,-0.21633771061897278,-0.5659164190292358,-2.2072184085845947,-0.2227615863084793,-0.41851338744163513,-0.8901433944702148,-0.18025332689285278,-0.5713479518890381,-1.209829330444336,-0.2078220248222351,-0.4963241219520569,-1.0687555074691772,-0.16243986785411835,-0.4181157052516937,-0.9326273202896118,-0.13476233184337616,-0.5894132256507874,-0.6649326086044312,-0.18813644349575043,-0.7068250775337219,-0.9774467349052429,-0.18788473308086395,-0.6227546334266663,-0.8648675084114075,-0.09682723879814148,-0.5531649589538574,-0.7333115935325623,-0.048105016350746155,-0.7177351117134094,-0.42982155084609985,-0.1928129643201828,-0.8067765831947327,-0.7158147096633911,-0.16713957488536835,-0.7194597125053406,-0.6471967697143555,-0.07527205348014832,-0.6615369319915771,-0.5376438498497009,-0.01019697729498148,0.0,0.0,0.0,0.10227924585342407,-0.4612291157245636,0.039796918630599976,0.25434714555740356,-0.8779818415641785,-0.02136162668466568,0.24488015472888947,-1.2528647184371948,-0.10118013620376587,0.11513172835111618,-1.5094332695007324,-0.194235160946846,0.7316821813583374,-0.7925611138343811,-0.10030201077461243,1.122122049331665,-0.8651618361473083,-0.1217951625585556,1.3396596908569336,-0.9437694549560547,-0.14199131727218628,1.4878277778625488,-1.0387117862701416,-0.1730230450630188,0.8374847173690796,-0.5210343599319458,-0.16474980115890503,0.9749607443809509,-0.3673715889453888,-0.16197997331619263,0.8278767466545105,-0.28443509340286255,-0.12941882014274597,0.6904285550117493,-0.3029159605503082,-0.12783251702785492,0.8565770387649536,-0.1919180154800415,-0.2149660736322403,0.9359892010688782,-0.09623021632432938,-0.1873018890619278,0.8092093467712402,-0.03455299511551857,-0.1142401248216629,0.6763885021209717,-0.06392443925142288,-0.09393741190433502,0.8443990349769592,0.12294819205999374,-0.26478877663612366,0.9263015389442444,0.16879737377166748,-0.22554481029510498,0.8067719340324402,0.20339567959308624,-0.14048373699188232,0.6812990307807922,0.18210479617118835,-0.09035713225603104
0.0,0.0,0.0,0.054436974227428436,-0.42123377323150635,0.06328652054071426,-0.014106807298958302,-0.7884182333946228,0.07516453415155411,-0.1805436909198761,-0.9350627064704895,0.07750410586595535,-0.3446357250213623,-0.9201443791389465,0.07011836022138596,-0.24087727069854736,-1.0292874574661255,-0.02257496491074562,-0.37484505772590637,-1.476991891860962,-0.024867549538612366,-0.45428335666656494,-1.698329210281372,-0.01629381999373436,-0.5097579956054688,-1.8326674699783325,-0.009756466373801231,-0.43965277075767517,-0.8963456749916077,-0.057183075696229935,-0.5775340795516968,-1.0819634199142456,-0.0367509126663208,-0.5073826313018799,-0.9420183300971985,0.003875624854117632,-0.4242461323738098,-0.829050600528717,0.02657155692577362,-0.5810499787330627,-0.6887389421463013,-0.07716552168130875,-0.6677897572517395,-0.833251953125,-0.04519132524728775,-0.59050053358078,-0.719123125076294,0.016935262829065323,-0.5195252299308777,-0.6220998167991638,0.04526098072528839,-0.6842842698097229,-0.4628334045410156,-0.09064693748950958,-0.7583250403404236,-0.6101992130279541,-0.045405175536870956,-0.6804168224334717,-0.5293629169464111,0.03156190738081932,-0.6128280162811279,-0.4452196955680847,0.08705838769674301,0.0,0.0,0.0,0.11416148394346237,-0.4663318991661072,0.07240470498800278,0.26427775621414185,-0.8506526350975037,0.006565449759364128,0.23887687921524048,-1.219039797782898,-0.08890058845281601,0.1119917556643486,-1.4986199140548706,-0.19986066222190857,0.7579636573791504,-0.7967544794082642,-0.08009659498929977,1.1926568746566772,-0.8044838905334473,-0.09868398308753967,1.4422991275787354,-0.810087263584137,-0.11275993287563324,1.6226935386657715,-0.8303621411323547,-0.13769908249378204,0.8340309858322144,-0.5252666473388672,-0.16878162324428558,1.0514552593231201,-0.25352439284324646,-0.1699216663837433,0.8860960006713867,-0.1544518768787384,-0.12962888181209564,0.7365025877952576,-0.18173637986183167,-0.11882790923118591,0.8389822840690613,-0.1870000660419464,-0.2410091906785965,0.9895709156990051,0.018357831984758377,-0.20499393343925476,0.8419010639190674,0.08706069737672806,-0.11267449706792831,0.7001134753227234,0.04186010733246803,-0.08081935346126556,0.8162736892700195,0.14446380734443665,-0.31157320737838745,0.9531199336051941,0.26919686794281006,-0.259082555770874,0.819235622882843,0.3145696520805359,-0.1556609719991684,0.6895751953125,0.2736090123653412,-0.09311134368181229
0.0,0.0,0.0,0.030176259577274323,-0.46730750799179077,0.05823412165045738,-0.11939168721437454,-0.8328966498374939,0.047280386090278625,-0.2931607663631439,-0.9021567106246948,0.01901860348880291,-0.4588250517845154,-0.8256369829177856,-0.024687178432941437,-0.18801946938037872,-1.0648843050003052,-0.06284664571285248,-0.30758827924728394,-1.5595167875289917,-0.1064092144370079,-0.38544973731040955,-1.8425817489624023,-0.12403883785009384,-0.44824299216270447,-2.0573482513427734,-0.13615475594997406,-0.37050846219062805,-0.9213413000106812,-0.11770162731409073,-0.5472392439842224,-1.146261215209961,-0.15510068833827972,-0.49566420912742615,-0.9774755835533142,-0.128210186958313,-0.41399937868118286,-0.8613234758377075,-0.10690515488386154,-0.5230947732925415,-0.7099397778511047,-0.15893763303756714,-0.6660468578338623,-0.93929523229599,-0.16851817071437836,-0.5949451327323914,-0.7925023436546326,-0.0926092267036438,-0.521847665309906,-0.680806040763855,-0.046289313584566116,-0.6369991302490234,-0.4759395718574524,-0.19512709975242615,-0.7508896589279175,-0.6989939212799072,-0.17427095770835876,-0.6798878908157349,-0.6035144925117493,-0.08617748320102692,-0.6140140891075134,-0.50568026304245,-0.021044479683041573,0.0,0.0,0.0,0.07155207544565201,-0.46571168303489685,0.024844441562891006,0.1779114007949829,-0.8686643838882446,-0.05421208217740059,0.14752544462680817,-1.2459927797317505,-0.1549050658941269,0.0395088829100132,-1.5209109783172607,-0.26588505506515503,0.704852819442749,-0.8254498839378357,-0.08951258659362793,1.078884243965149,-0.9010050296783447,-0.12888120114803314,1.3106133937835693,-0.9379200339317322,-0.15636269748210907,1.472301721572876,-0.9655717015266418,-0.1832486093044281,0.8014756441116333,-0.57968670129776,-0.1469697505235672,1.0562978982925415,-0.461191326379776,-0.16734209656715393,0.951486349105835,-0.3689514100551605,-0.14305739104747772,0.8031768202781677,-0.3398788571357727,-0.1312224566936493,0.8257289528846741,-0.2713686227798462,-0.19552373886108398,0.9748123288154602,-0.13891400396823883,-0.17895621061325073,0.8602719306945801,-0.06681294739246368,-0.11483467370271683,0.7077264785766602,-0.06911144405603409,-0.08715957403182983,0.817952573299408,0.04191499948501587,-0.24547332525253296,0.9173468947410583,0.1288595050573349,-0.20409893989562988,0.8309347033500671,0.17104622721672058,-0.13114860653877258,0.713529109954834,0.14797121286392212,-0.08385957032442093
0.0,0.0,0.0,0.030181042850017548,-0.4705980718135834,0.05799505487084389,-0.1111096739768982,-0.828864336013794,0.04617156833410263,-0.29149162769317627,-0.883597731590271,0.014831941574811935,-0.45267921686172485,-0.7955835461616516,-0.034292157739400864,-0.16452574729919434,-1.061444640159607,-0.05920489877462387,-0.29366105794906616,-1.5202481746673584,-0.10926160961389542,-0.37604856491088867,-1.78290593624115,-0.13167338073253632,-0.44587916135787964,-1.9901407957077026,-0.1497964709997177,-0.3239126205444336,-0.9385716915130615,-0.11901189386844635,-0.5433107018470764,-1.0925464630126953,-0.16517220437526703,-0.5118454694747925,-0.9087453484535217,-0.1411265879869461,-0.42725488543510437,-0.8104488253593445,-0.1232537180185318,-0.46543747186660767,-0.7372769117355347,-0.16748252511024475,-0.6501978635787964,-0.908308744430542,-0.19762678444385529,-0.6014183163642883,-0.7556285858154297,-0.1313277631998062,-0.52059406042099,-0.6649700403213501,-0.08733559399843216,-0.582040011882782,-0.5091061592102051,-0.21039216220378876,-0.7373398542404175,-0.6919505596160889,-0.21302932500839233,-0.6825627088546753,-0.5862442851066589,-0.1376381665468216,-0.6051557660102844,-0.495283305644989,-0.07796061784029007,0.0,0.0,0.0,0.033852964639663696,-0.45468583703041077,0.019426418468356133,0.1327371597290039,-0.825316846370697,-0.056341901421546936,0.10154839605093002,-1.1909148693084717,-0.1559152603149414,-0.0022914016153663397,-1.4631385803222656,-0.268812358379364,0.6551681756973267,-0.8262695074081421,-0.08550495654344559,0.9978983402252197,-0.8747730851173401,-0.14347651600837708,1.2308751344680786,-0.8997260332107544,-0.2007005363702774,1.391190767288208,-0.9122743010520935,-0.2547993063926697,0.7839978933334351,-0.601483941078186,-0.15350671112537384,0.8425307273864746,-0.3962182402610779,-0.2057720571756363,0.7021700143814087,-0.32351672649383545,-0.22118130326271057,0.5617335438728333,-0.32220759987831116,-0.24093879759311676,0.8114750385284424,-0.2912530303001404,-0.21436305344104767,0.7827761173248291,-0.13376756012439728,-0.23526521027088165,0.649622917175293,-0.07440613955259323,-0.19962185621261597,0.5247964859008789,-0.08618728071451187,-0.19323159754276276,0.7948923110961914,0.022852201014757156,-0.27899613976478577,0.7367720007896423,0.16821248829364777,-0.27725955843925476,0.6031478047370911,0.18898066878318787,-0.2325403392314911,0.49001196026802063,0.15711480379104614,-0.20405060052871704
0.0,0.0,0.0,0.03310036286711693,-0.4706366956233978,0.04733145609498024,-0.1246473491191864,-0.8668574690818787,0.029073771089315414,-0.3277895152568817,-0.953819751739502,-0.0028940835036337376,-0.5160972476005554,-0.8864720463752747,-0.04934808611869812,-0.17236843705177307,-1.095659852027893,-0.08718476444482803,-0.31155169010162354,-1.605927586555481,-0.13769502937793732,-0.4003305733203888,-1.8946053981781006,-0.1525656282901764,-0.472952276468277,-2.1103382110595703,-0.1621241569519043,-0.3601956069469452,-0.9218083024024963,-0.1432781219482422,-0.6048064231872559,-1.1731598377227783,-0.19631072878837585,-0.5516630411148071,-0.9987179040908813,-0.16685867309570312,-0.4573085904121399,-0.876376748085022,-0.13951778411865234,-0.520652711391449,-0.6932216286659241,-0.18604764342308044,-0.7066760659217834,-0.9310040473937988,-0.21398618817329407,-0.6280381679534912,-0.790557861328125,-0.13431979715824127,-0.5443475246429443,-0.6862720847129822,-0.08012636005878448,-0.6401325464248657,-0.454102486371994,-0.22371330857276917,-0.7786872386932373,-0.6969072222709656,-0.2155270129442215,-0.7037665843963623,-0.600364089012146,-0.12589795887470245,-0.6320934891700745,-0.499404639005661,-0.057420764118433,0.0,0.0,0.0,0.06075965240597725,-0.4711461365222931,0.05451057106256485,0.17354901134967804,-0.8635877966880798,-0.0002025972498813644,0.14533595740795135,-1.2259111404418945,-0.08068671077489853,0.031117646023631096,-1.4860390424728394,-0.17723718285560608,0.6753179430961609,-0.8182192444801331,-0.054017066955566406,1.0426009893417358,-0.859977662563324,-0.06901808828115463,1.2687113285064697,-0.8861602544784546,-0.0892295390367508,1.429115891456604,-0.9121856689453125,-0.11980234086513519,0.7949405908584595,-0.5951533913612366,-0.11773655563592911,0.8850054740905762,-0.4114567041397095,-0.10871483385562897,0.7218515872955322,-0.34013694524765015,-0.08399147540330887,0.5750660300254822,-0.3501211106777191,-0.08599720895290375,0.8224966526031494,-0.2810516357421875,-0.1685549020767212,0.8424452543258667,-0.16259177029132843,-0.13007208704948425,0.699306845664978,-0.10032620280981064,-0.06767240911722183,0.5630382299423218,-0.11924424022436142,-0.05545717850327492,0.8075517416000366,0.036890629678964615,-0.21896693110466003,0.8133912682533264,0.12408456206321716,-0.17201757431030273,0.6823551654815674,0.1529497355222702,-0.10174775868654251,0.5594376921653748,0.12218503654003143,-0.06150378659367561
0.0,0.0,0.0,0.057719215750694275,-0.4528650641441345,0.033766940236091614,-0.06315826624631882,-0.8464306592941284,0.015233805403113365,-0.2737066447734833,-0.9440640807151794,-0.010099244304001331,-0.44178470969200134,-0.8976684212684631,-0.047225698828697205,-0.19251561164855957,-1.0654526948928833,-0.10496127605438232,-0.32940030097961426,-1.5729302167892456,-0.1510082334280014,-0.4224305748939514,-1.8598766326904297,-0.1644432097673416,-0.5000805258750916,-2.0696349143981934,-0.17393209040164948,-0.3861073851585388,-0.910655677318573,-0.14706219732761383,-0.5544271469116211,-1.1620991230010986,-0.1793895810842514,-0.4871383309364319,-1.0091147422790527,-0.1393892467021942,-0.4050508737564087,-0.8937063813209534,-0.11177902668714523,-0.5399677753448486,-0.6930277943611145,-0.17640002071857452,-0.6656267046928406,-0.9432989954948425,-0.18296486139297485,-0.5854310393333435,-0.8164555430412292,-0.09839103370904922,-0.5141012072563171,-0.7107994556427002,-0.04950486496090889,-0.6542690992355347,-0.45218122005462646,-0.20275484025478363,-0.7517949342727661,-0.6884714365005493,-0.18125173449516296,-0.6725354194641113,-0.6037344932556152,-0.09153289347887039,-0.6113476753234863,-0.5084903240203857,-0.026738105341792107,0.0,0.0,0.0,0.07934828847646713,-0.4431900084018707,0.057759128510951996,0.21349866688251495,-0.8703914880752563,0.016653865575790405,0.18870478868484497,-1.2356281280517578,-0.04996272549033165,0.055793751031160355,-1.4899259805679321,-0.12866097688674927,0.692696213722229,-0.8530551195144653,-0.027464943006634712,1.0679270029067993,-0.9048227071762085,-0.017926979809999466,1.2834217548370361,-0.9155921936035156,-0.015675002709031105,1.435592770576477,-0.9349480271339417,-0.029547514393925667,0.7933606505393982,-0.6014705896377563,-0.09387224912643433,0.964219331741333,-0.3847426176071167,-0.08422520011663437,0.8043271899223328,-0.29754048585891724,-0.05963021144270897,0.6435182690620422,-0.3097642958164215,-0.05414420738816261,0.8195395469665527,-0.2847308814525604,-0.14643971621990204,0.9147776365280151,-0.12270765751600266,-0.1194927841424942,0.7631697654724121,-0.054922591894865036,-0.06260115653276443,0.6157749891281128,-0.07566270232200623,-0.0439290888607502,0.8176475763320923,0.02354351244866848,-0.19545017182826996,0.9159355163574219,0.11535206437110901,-0.1550108790397644,0.7855327725410461,0.1556290090084076,-0.07973212748765945,0.6541895866394043,0.12753796577453613,-0.03181152790784836
0.0,0.0,0.0,0.008898871019482613,-0.4766954481601715,0.05541520565748215,-0.1441827118396759,-0.8294039964675903,0.04404238238930702,-0.32720595598220825,-0.881759762763977,0.014809884130954742,-0.4865930676460266,-0.7990578413009644,-0.02887166291475296,-0.23296613991260529,-1.0612345933914185,-0.043666403740644455,-0.37485620379447937,-1.5194727182388306,-0.08142441511154175,-0.4556690454483032,-1.789599061012268,-0.09788158535957336,-0.5170810222625732,-1.9907196760177612,-0.11017722636461258,-0.4097142219543457,-0.9070363640785217,-0.09705322980880737,-0.5801793932914734,-1.0765966176986694,-0.13075006008148193,-0.5173615217208862,-0.9228323101997375,-0.10918600857257843,-0.43108728528022766,-0.8201237916946411,-0.09295424073934555,-0.5510551333427429,-0.6844620108604431,-0.13835524022579193,-0.6869664192199707,-0.8591166138648987,-0.1496390402317047,-0.6103395223617554,-0.7288013696670532,-0.08564405888319016,-0.5345962643623352,-0.6295929551124573,-0.04726579785346985,-0.6586344838142395,-0.44554030895233154,-0.1750662475824356,-0.7694298624992371,-0.6286323666572571,-0.15994542837142944,-0.6920685768127441,-0.5403872132301331,-0.08209869265556335,-0.6224921941757202,-0.45182421803474426,-0.022960832342505455,0.0,0.0,0.0,0.07724916934967041,-0.44870007038116455,0.0525984913110733,0.20314908027648926,-0.8736705780029297,0.003501227358356118,0.17436255514621735,-1.2413554191589355,-0.06885489821434021,0.04124825447797775,-1.4977716207504272,-0.15318022668361664,0.7011436223983765,-0.8443613052368164,-0.06512767821550369,1.0998313426971436,-0.9097263813018799,-0.05936410650610924,1.3264977931976318,-0.9560784101486206,-0.048207834362983704,1.4841653108596802,-1.0080729722976685,-0.05350884795188904,0.7972206473350525,-0.5904035568237305,-0.12594813108444214,0.9618707299232483,-0.40755659341812134,-0.12527061998844147,0.8046639561653137,-0.3126952350139618,-0.09725666046142578,0.654315173625946,-0.31097668409347534,-0.08789420127868652,0.8220342397689819,-0.2759919762611389,-0.17088283598423004,0.9262294769287109,-0.1253184825181961,-0.17066720128059387,0.7882736921310425,-0.03761279955506325,-0.12238144874572754,0.6399973034858704,-0.04582272842526436,-0.09869206696748734,0.8264660239219666,0.022983668372035027,-0.20932170748710632,0.9985764026641846,0.1278957575559616,-0.19377517700195312,1.004234790802002,0.2224869430065155,-0.13411962985992432,0.9715064764022827,0.23644641041755676,-0.08943630754947662
0.0,0.0,0.0,0.02799220010638237,-0.4689333736896515,0.06881682574748993,-0.11155825853347778,-0.8292776346206665,0.06888987869024277,-0.29030340909957886,-0.9115110039710999,0.04997488856315613,-0.44939878582954407,-0.8582808971405029,0.016024405136704445,-0.18947280943393707,-1.0640789270401,-0.03792765736579895,-0.32661786675453186,-1.5379997491836548,-0.07315593212842941,-0.4157852530479431,-1.8122624158859253,-0.08478830754756927,-0.4873882830142975,-2.0168254375457764,-0.09298670291900635,-0.37106209993362427,-0.9239977598190308,-0.09241772443056107,-0.563601553440094,-1.0955549478530884,-0.12141349166631699,-0.5140020847320557,-0.9216302633285522,-0.08982376754283905,-0.4260280728340149,-0.8104342818260193,-0.0652899518609047,-0.5251477956771851,-0.7156051993370056,-0.13382986187934875,-0.665864109992981,-0.8777061700820923,-0.14006274938583374,-0.6013890504837036,-0.7310742139816284,-0.06793927401304245,-0.5254088640213013,-0.6320763230323792,-0.023241998627781868,-0.646664559841156,-0.4869389832019806,-0.16962634027004242,-0.7504971027374268,-0.6676086187362671,-0.14874975383281708,-0.6831341981887817,-0.5596411228179932,-0.06535796076059341,-0.6138335466384888,-0.46702030301094055,-0.001415108097717166,0.0,0.0,0.0,0.10040201246738434,-0.4299887716770172,0.06878141313791275,0.2330261915922165,-0.8208732604980469,0.030238980427384377,0.20305801928043365,-1.175612211227417,-0.034870345145463943,0.09044387191534042,-1.4338337182998657,-0.11433319747447968,0.7096297144889832,-0.8129728436470032,-0.03492961451411247,1.0853354930877686,-0.8696874976158142,-0.023758571594953537,1.3034355640411377,-0.9041813611984253,-0.018092554062604904,1.4568008184432983,-0.9479769468307495,-0.029977431520819664,0.8085574507713318,-0.5794671177864075,-0.10223857313394547,0.9598933458328247,-0.3615782856941223,-0.08868765085935593,0.8092160224914551,-0.2744169235229492,-0.06555386632680893,0.6581292152404785,-0.28642377257347107,-0.0627695620059967,0.8276184797286987,-0.27127760648727417,-0.15376101434230804,0.8954623937606812,-0.08756836503744125,-0.1271575689315796,0.7684324979782104,-0.01047877874225378,-0.08243943005800247,0.6357648968696594,-0.03529764339327812,-0.07047993689775467,0.8165544867515564,0.02358105592429638,-0.20019693672657013,0.9175636172294617,0.1569451242685318,-0.16746419668197632,0.882473349571228,0.23676219582557678,-0.11166731268167496,0.8224759697914124,0.23741264641284943,-0.07501224428415298
0.0,0.0,0.0,0.01982801780104637,-0.46666085720062256,0.051633987575769424,-0.1259036511182785,-0.8462623357772827,0.026550425216555595,-0.3166501820087433,-0.9236299395561218,-0.017094116657972336,-0.4918341040611267,-0.8404523134231567,-0.07800891995429993,-0.135502427816391,-1.096453070640564,-0.09223633259534836,-0.2954879403114319,-1.5889248847961426,-0.14951059222221375,-0.39303120970726013,-1.8636811971664429,-0.173055037856102,-0.47386181354522705,-2.0769479274749756,-0.19185873866081238,-0.303359717130661,-0.939150333404541,-0.1611507087945938,-0.564063549041748,-1.1505193710327148,-0.21742872893810272,-0.5374926328659058,-0.9774264097213745,-0.19479048252105713,-0.44906720519065857,-0.8688541650772095,-0.1786087453365326,-0.45587387681007385,-0.7152308225631714,-0.21778957545757294,-0.6784050464630127,-0.9358319044113159,-0.25384387373924255,-0.6311829686164856,-0.7904943227767944,-0.18212513625621796,-0.5467464327812195,-0.6911327242851257,-0.13576291501522064,-0.5824303030967712,-0.4759499728679657,-0.27004119753837585,-0.7649779319763184,-0.713182270526886,-0.2769041657447815,-0.7115476727485657,-0.6174541711807251,-0.19735519587993622,-0.6314403414726257,-0.5123487710952759,-0.13660484552383423,0.0,0.0,0.0,0.05554637685418129,-0.4628077447414398,0.027431590482592583,0.15460172295570374,-0.8644391298294067,-0.04909471794962883,0.1168903037905693,-1.2526041269302368,-0.1458580195903778,0.00493696378543973,-1.5245572328567505,-0.2545567452907562,0.647816002368927,-0.8473120927810669,-0.09978456050157547,1.0150872468948364,-0.9477640986442566,-0.14069725573062897,1.24551522731781,-0.990244448184967,-0.16863270103931427,1.4161282777786255,-1.0306098461151123,-0.1986934095621109,0.7687241435050964,-0.6191359162330627,-0.16041801869869232,1.0041300058364868,-0.45839494466781616,-0.18176253139972687,0.8661098480224609,-0.3562767207622528,-0.15750791132450104,0.7013307809829712,-0.35022443532943726,-0.14838601648807526,0.8129355907440186,-0.31239402294158936,-0.20993754267692566,0.9324067831039429,-0.16707368195056915,-0.18954287469387054,0.8117638230323792,-0.09026717394590378,-0.12343864887952805,0.6696544885635376,-0.09827186912298203,-0.10001678019762039,0.8170958757400513,-0.003774397075176239,-0.2608824670314789,0.8922293186187744,0.09067166596651077,-0.21511763334274292,0.7832213640213013,0.13413310050964355,-0.1371893733739853,0.6597162485122681,0.10915622860193253,-0.08990707993507385
0.0,0.0,0.0,0.047148190438747406,-0.47905322909355164,0.03326132521033287,-0.09450984001159668,-0.8930823802947998,0.0003829171764664352,-0.3096979856491089,-1.030928134918213,-0.0460163876414299,-0.5118290185928345,-0.9883664846420288,-0.10685166716575623,-0.10780955851078033,-1.1104400157928467,-0.11415480822324753,-0.25803709030151367,-1.6546434164047241,-0.18638397753238678,-0.3535343110561371,-1.960358738899231,-0.21692951023578644,-0.43876883387565613,-2.1944937705993652,-0.237550750374794,-0.29324159026145935,-0.9397932291030884,-0.17549382150173187,-0.5801119208335876,-1.2068346738815308,-0.26038262248039246,-0.550233006477356,-1.0265121459960938,-0.24295556545257568,-0.4620620310306549,-0.8896442651748657,-0.22030961513519287,-0.46521446108818054,-0.717745304107666,-0.22502589225769043,-0.6923859119415283,-0.9860802292823792,-0.2808779180049896,-0.6319136619567871,-0.8413927555084229,-0.20141199231147766,-0.5475702285766602,-0.7205472588539124,-0.1414184868335724,-0.6029341816902161,-0.48981520533561707,-0.27131387591362,-0.7672612071037292,-0.7506297826766968,-0.2844225764274597,-0.7077354788780212,-0.6479758024215698,-0.19817271828651428,-0.6334584355354309,-0.5313031673431396,-0.12862882018089294,0.0,0.0,0.0,0.05633926019072533,-0.5056623220443726,0.06153951585292816,0.16710157692432404,-0.906058132648468,-0.0023202230222523212,0.1476265788078308,-1.2880889177322388,-0.0901608094573021,0.053567610681056976,-1.5719079971313477,-0.18938155472278595,0.6795378923416138,-0.8398081064224243,-0.07485820353031158,1.059849739074707,-0.9183123707771301,-0.10801549255847931,1.2781009674072266,-0.9777606725692749,-0.12784408032894135,1.4317010641098022,-1.0140113830566406,-0.1487731784582138,0.7917520999908447,-0.5948960185050964,-0.1386626660823822,1.0316108465194702,-0.43501564860343933,-0.12436965852975845,0.8948497772216797,-0.3489849269390106,-0.06669943034648895,0.7482805848121643,-0.33907949924468994,-0.03803889453411102,0.8174730539321899,-0.2791190445423126,-0.19019600749015808,0.9369543790817261,-0.18116655945777893,-0.1381399929523468,0.8148657083511353,-0.11768651008605957,-0.05696547403931618,0.671386182308197,-0.1252359002828598,-0.030456125736236572,0.8029260635375977,0.03474299609661102,-0.24050630629062653,0.8124755620956421,0.09662560373544693,-0.17759740352630615,0.6922690272331238,0.12901274859905243,-0.09669179469347,0.5699948668479919,0.10318261384963989,-0.04954267293214798
0.0,0.0,0.0,0.03636283054947853,-0.4806860685348511,0.04849375784397125,-0.11147571355104446,-0.8751030564308167,0.03093021549284458,-0.32117876410484314,-0.9468869566917419,-0.002053610747680068,-0.5056288242340088,-0.8607350587844849,-0.050172869116067886,-0.18631066381931305,-1.0897321701049805,-0.08793739974498749,-0.35351258516311646,-1.6012637615203857,-0.14214536547660828,-0.4615395963191986,-1.8918721675872803,-0.1620742678642273,-0.5500733256340027,-2.1105546951293945,-0.17623232305049896,-0.3729662299156189,-0.9165076613426208,-0.14460252225399017,-0.5968909859657288,-1.1557625532150269,-0.19267067313194275,-0.5425522923469543,-0.9837684631347656,-0.15971717238426208,-0.45101988315582275,-0.8683831095695496,-0.13530683517456055,-0.5341861844062805,-0.6799119710922241,-0.18847320973873138,-0.7100221514701843,-0.9302505254745483,-0.20777469873428345,-0.6377233862876892,-0.7859343886375427,-0.12133163213729858,-0.5541821718215942,-0.6755430698394775,-0.06846915930509567,-0.6620011329650879,-0.42467001080513,-0.22872306406497955,-0.7931667566299438,-0.6674471497535706,-0.2149781733751297,-0.7206931710243225,-0.5724159479141235,-0.12253201752901077,-0.6482642889022827,-0.4715442657470703,-0.05526316910982132,0.0,0.0,0.0,0.08183969557285309,-0.4599820375442505,0.05766677111387253,0.22679834067821503,-0.8813034892082214,0.022892367094755173,0.21888193488121033,-1.246994972229004,-0.03575066849589348,0.11355721950531006,-1.5034786462783813,-0.10610529035329819,0.6913808584213257,-0.8506805896759033,-0.03412910923361778,1.0680358409881592,-0.9229326248168945,-0.024914801120758057,1.2831416130065918,-0.9713724851608276,-0.017467474564909935,1.4385370016098022,-1.0257291793823242,-0.027572523802518845,0.7888323068618774,-0.6070904731750488,-0.09583722800016403,0.9412688612937927,-0.43919292092323303,-0.07900682091712952,0.7855767011642456,-0.359954833984375,-0.04634316265583038,0.6393722891807556,-0.36918404698371887,-0.038159389048814774,0.8115622997283936,-0.2944740355014801,-0.14365316927433014,0.886204719543457,-0.1792069375514984,-0.10825960338115692,0.7469372153282166,-0.11489366739988327,-0.04899948835372925,0.6202270984649658,-0.12673057615756989,-0.03179095685482025,0.8072744011878967,0.007912239991128445,-0.18857432901859283,0.8872271180152893,0.07138080894947052,-0.1386188119649887,0.762744128704071,0.10559640824794769,-0.06366371363401413,0.6402765512466431,0.08649393171072006,-0.0185741875320673
0.0,0.0,0.0,0.02830381691455841,-0.4765481650829315,0.056630827486515045,-0.11662652343511581,-0.8335622549057007,0.048948194831609726,-0.2930622100830078,-0.9209882616996765,0.026278795674443245,-0.4468965232372284,-0.8660165667533875,-0.00892719253897667,-0.2134552001953125,-1.067735195159912,-0.062344592064619064,-0.3711526095867157,-1.5450879335403442,-0.1005898118019104,-0.4699171483516693,-1.8200112581253052,-0.11196084320545197,-0.5448731780052185,-2.0121185779571533,-0.1196141466498375,-0.3901152014732361,-0.9141485095024109,-0.11019378900527954,-0.586764931678772,-1.0705338716506958,-0.14564406871795654,-0.5263195633888245,-0.9165329933166504,-0.11648473143577576,-0.43459948897361755,-0.8181747198104858,-0.09428105503320694,-0.5369071960449219,-0.692369282245636,-0.14439654350280762,-0.6867247223854065,-0.845661461353302,-0.14920386672019958,-0.6143830418586731,-0.718738853931427,-0.0808786079287529,-0.5318905115127563,-0.6227092146873474,-0.041683122515678406,-0.6510791182518005,-0.4584963023662567,-0.17435041069984436,-0.7574372887611389,-0.5947534441947937,-0.15655764937400818,-0.6836186647415161,-0.5141332149505615,-0.08397632837295532,-0.6110967993736267,-0.4381429851055145,-0.028579676523804665,0.0,0.0,0.0,0.08345060050487518,-0.4447016716003418,0.06363708525896072,0.22116152942180634,-0.8510648012161255,0.01779857836663723,0.20913636684417725,-1.211702585220337,-0.05372927710413933,0.09299172461032867,-1.4797470569610596,-0.13706977665424347,0.6922200322151184,-0.841123640537262,-0.0491538904607296,1.0929628610610962,-0.9289893507957458,-0.048324331641197205,1.3268550634384155,-0.9724816679954529,-0.04799586907029152,1.4897712469100952,-1.010471224784851,-0.06060726195573807,0.7878959774971008,-0.6046059727668762,-0.11692555248737335,0.9777632355690002,-0.3657219111919403,-0.11366172879934311,0.8196240663528442,-0.26853013038635254,-0.08507787436246872,0.6689016819000244,-0.2818755805492401,-0.07766093313694,0.8114984631538391,-0.2943105697631836,-0.16879333555698395,0.9572033286094666,-0.12168987840414047,-0.15740801393985748,0.8217076063156128,-0.03925811126828194,-0.09753634035587311,0.6734820008277893,-0.06404490768909454,-0.07209330797195435,0.8116388320922852,0.006319240666925907,-0.214021235704422,0.9898303151130676,0.09430254250764847,-0.1873704493045807,0.9338553547859192,0.17718739807605743,-0.10919461399316788,0.8457431197166443,0.17188207805156708,-0.05380556732416153
0.0,0.0,0.0,0.01953340321779251,-0.4793172776699066,0.05750046670436859,-0.12963274121284485,-0.850587010383606,0.04863966256380081,-0.30268794298171997,-0.9332588315010071,0.021993819624185562,-0.45878857374191284,-0.8648208975791931,-0.020556369796395302,-0.17746753990650177,-1.081952452659607,-0.058208901435136795,-0.3350223898887634,-1.5505658388137817,-0.10218121111392975,-0.4342542588710785,-1.8216091394424438,-0.12030501663684845,-0.5154389142990112,-2.0295755863189697,-0.13411755859851837,-0.35827749967575073,-0.9264237284660339,-0.11565620452165604,-0.5784510970115662,-1.1119996309280396,-0.15738582611083984,-0.5277161002159119,-0.9327628016471863,-0.1332659125328064,-0.4350177049636841,-0.8109627962112427,-0.11254295706748962,-0.5131925344467163,-0.7030974626541138,-0.16030269861221313,-0.6794852614402771,-0.8844863176345825,-0.17995332181453705,-0.6127418875694275,-0.7384437918663025,-0.11106301099061966,-0.5312033891677856,-0.6299051642417908,-0.06600474566221237,-0.6345065236091614,-0.4601547420024872,-0.20012277364730835,-0.7651322484016418,-0.6601346135139465,-0.1920030564069748,-0.6946056485176086,-0.5615631937980652,-0.11145008355379105,-0.6172309517860413,-0.46059033274650574,-0.048661116510629654,0.0,0.0,0.0,0.07574853301048279,-0.4493573009967804,0.051268406212329865,0.20206956565380096,-0.8640225529670715,-0.006077204365283251,0.17352351546287537,-1.240861415863037,-0.08912784606218338,0.051753491163253784,-1.498878836631775,-0.18585462868213654,0.6884061694145203,-0.8421720862388611,-0.07181151956319809,1.0835542678833008,-0.9292612671852112,-0.08174139261245728,1.3094645738601685,-0.9698780179023743,-0.08654821664094925,1.4659308195114136,-1.0198540687561035,-0.10407581180334091,0.792160153388977,-0.5940101742744446,-0.1401222199201584,0.9528821110725403,-0.4357565939426422,-0.14435292780399323,0.7999942898750305,-0.34779638051986694,-0.11472573131322861,0.642805278301239,-0.34747713804244995,-0.10664428770542145,0.8185549974441528,-0.2808530330657959,-0.1948397159576416,0.891703724861145,-0.14370954036712646,-0.17366954684257507,0.7555171847343445,-0.07026612013578415,-0.11312918365001678,0.6122199892997742,-0.08418316394090652,-0.09398387372493744,0.8176959753036499,0.02127208188176155,-0.2476259171962738,0.9012412428855896,0.12479733675718307,-0.21067877113819122,0.7898525595664978,0.17929452657699585,-0.139153391122818,0.664693295955658,0.16103006899356842,-0.09478927403688431
0.0,0.0,0.0,0.0408942811191082,-0.46857160329818726,0.04835578426718712,-0.0972333550453186,-0.8671384453773499,0.028419505804777145,-0.2842733860015869,-0.9874573349952698,-0.006161598488688469,-0.46228814125061035,-0.942417323589325,-0.05645681172609329,-0.1226714551448822,-1.1004911661148071,-0.09587911516427994,-0.2690592110157013,-1.6145122051239014,-0.15155206620693207,-0.36906376481056213,-1.9029240608215332,-0.17320045828819275,-0.4573732018470764,-2.122002601623535,-0.1900353580713272,-0.30331382155418396,-0.9399288892745972,-0.1566345989704132,-0.567384660243988,-1.1850486993789673,-0.21504880487918854,-0.5303238034248352,-1.0054162740707397,-0.18754592537879944,-0.4392600357532501,-0.8819407224655151,-0.16452109813690186,-0.46393999457359314,-0.7165999412536621,-0.20432636141777039,-0.6788544058799744,-0.9622243642807007,-0.23845602571964264,-0.6154130697250366,-0.8184454441070557,-0.15842197835445404,-0.5298096537590027,-0.7099689245223999,-0.10549218207597733,-0.5889288783073425,-0.47987815737724304,-0.24768713116645813,-0.7485941648483276,-0.720281720161438,-0.2513124346733093,-0.685718834400177,-0.6205999851226807,-0.1668882966041565,-0.6096799373626709,-0.5129618048667908,-0.10204394906759262,0.0,0.0,0.0,0.04399722442030907,-0.4938986301422119,0.03888939693570137,0.16459426283836365,-0.8917077779769897,-0.017353849485516548,0.22960537672042847,-1.2607754468917847,-0.09301246702671051,0.27401280403137207,-1.5346723794937134,-0.1758369356393814,0.6733264923095703,-0.8321911692619324,-0.08851387351751328,1.0578746795654297,-0.9223626255989075,-0.13503344357013702,1.2882096767425537,-0.963385820388794,-0.16149355471134186,1.458560824394226,-0.9933806657791138,-0.18455035984516144,0.7933485507965088,-0.5930862426757812,-0.13728362321853638,0.9543846845626831,-0.44208329916000366,-0.15839768946170807,0.7914385199546814,-0.37679198384284973,-0.12337332963943481,0.624599277973175,-0.36854857206344604,-0.10357638448476791,0.8188806176185608,-0.27780333161354065,-0.17619159817695618,0.8555066585540771,-0.13731637597084045,-0.16779470443725586,0.717229962348938,-0.09412165731191635,-0.10378716886043549,0.5778837203979492,-0.10648845881223679,-0.07648714631795883,0.805553138256073,0.035188764333724976,-0.2136770486831665,0.7992424964904785,0.14233069121837616,-0.18100333213806152,0.6716595888137817,0.156915083527565,-0.11614487320184708,0.5577431321144104,0.12196027487516403,-0.0727294385433197
0.0,0.0,0.0,0.04125361517071724,-0.49308517575263977,0.048528365790843964,-0.10627972334623337,-0.8835783004760742,0.02545950748026371,-0.305167555809021,-0.9633445739746094,-0.014757292345166206,-0.49334198236465454,-0.8943328857421875,-0.07142278552055359,-0.1494864821434021,-1.1010664701461792,-0.09184017032384872,-0.2756395637989044,-1.6209779977798462,-0.14784543216228485,-0.3622376024723053,-1.9069633483886719,-0.1665663719177246,-0.44090577960014343,-2.123455762863159,-0.1802418828010559,-0.34458044171333313,-0.9260386824607849,-0.1540023237466812,-0.5782297849655151,-1.1869227886199951,-0.21144479513168335,-0.5250809192657471,-1.0105092525482178,-0.1837945282459259,-0.44019800424575806,-0.8872606754302979,-0.16065920889377594,-0.5142146348953247,-0.694103479385376,-0.203217014670372,-0.6914369463920593,-0.9667492508888245,-0.23901459574699402,-0.6096139550209045,-0.8186386227607727,-0.15656356513500214,-0.5304130911827087,-0.7031286954879761,-0.10120223462581635,-0.6449458003044128,-0.452055424451828,-0.247328981757164,-0.7769572138786316,-0.7127460241317749,-0.24687685072422028,-0.6998414993286133,-0.6138640642166138,-0.1552487164735794,-0.6294986009597778,-0.5065374374389648,-0.08574353158473969,0.0,0.0,0.0,0.105287104845047,-0.49949610233306885,0.0583408921957016,0.25690653920173645,-0.8705897331237793,0.008533828891813755,0.34374263882637024,-1.2427970170974731,-0.061809610575437546,0.40320298075675964,-1.5151159763336182,-0.14078457653522491,0.7539594173431396,-0.7824220061302185,-0.07705947756767273,1.1639474630355835,-0.8167307376861572,-0.11841244250535965,1.3865180015563965,-0.8260635733604431,-0.13666203618049622,1.5494309663772583,-0.8354940414428711,-0.14716419577598572,0.8518674969673157,-0.5097600817680359,-0.12027660012245178,1.0793352127075195,-0.4426743984222412,-0.09979820251464844,0.9530683755874634,-0.4185521900653839,-0.03931745886802673,0.8017850518226624,-0.4328078329563141,-0.006332597695291042,0.8527875542640686,-0.1803620308637619,-0.1517091691493988,0.9231186509132385,-0.09356608241796494,-0.10644787549972534,0.7820116877555847,-0.05741734802722931,-0.032851897180080414,0.6335941553115845,-0.07713408023118973,-0.0023341651540249586,0.8154745697975159,0.14029401540756226,-0.17895981669425964,0.8283663392066956,0.19018296897411346,-0.10876187682151794,0.7008247375488281,0.20547330379486084,-0.025936419144272804,0.5801714062690735,0.1804409772157669,0.027056626975536346
0.0,0.0,0.0,0.06366918236017227,-0.47923484444618225,0.03965822979807854,-0.052371833473443985,-0.8778780698776245,0.019215524196624756,-0.2638373374938965,-0.9789938926696777,-0.007923510856926441,-0.45078393816947937,-0.92853844165802,-0.04899885505437851,-0.16362623870372772,-1.0749938488006592,-0.12342441827058792,-0.2914866507053375,-1.6274207830429077,-0.17149238288402557,-0.37739506363868713,-1.934913992881775,-0.18378229439258575,-0.4501902461051941,-2.162754774093628,-0.19166016578674316,-0.36613327264785767,-0.9158297777175903,-0.16493088006973267,-0.5496965646743774,-1.1846011877059937,-0.19757716357707977,-0.4893602430820465,-1.0165854692459106,-0.15385398268699646,-0.40615564584732056,-0.8931267857551575,-0.12496821582317352,-0.5326343774795532,-0.6980422735214233,-0.19095097482204437,-0.6704930067062378,-0.9608299136161804,-0.19329892098903656,-0.5907758474349976,-0.8209312558174133,-0.10487105697393417,-0.5143511295318604,-0.7073689103126526,-0.055453866720199585,-0.6588332056999207,-0.45931753516197205,-0.2128433734178543,-0.7671105265617371,-0.7124430537223816,-0.19031377136707306,-0.6820470690727234,-0.6178638339042664,-0.0980411171913147,-0.6105940341949463,-0.5157663226127625,-0.031348709017038345,0.0,0.0,0.0,0.1069144681096077,-0.48519158363342285,0.04136770963668823,0.2587946653366089,-0.8839938044548035,-0.020846402272582054,0.32049843668937683,-1.2837837934494019,-0.0996851995587349,0.3226480782032013,-1.589059829711914,-0.1894560009241104,0.7600501775741577,-0.7936363220214844,-0.10643364489078522,1.1743372678756714,-0.812440812587738,-0.13042844831943512,1.4141898155212402,-0.8170620799064636,-0.14254142343997955,1.588772177696228,-0.8213363289833069,-0.15858106315135956,0.8562959432601929,-0.4930209219455719,-0.15390801429748535,1.0439503192901611,-0.29214298725128174,-0.13383029401302338,0.8841004967689514,-0.23907898366451263,-0.07725708931684494,0.7183792591094971,-0.2624486982822418,-0.05619411543011665,0.8580329418182373,-0.14062485098838806,-0.18792983889579773,0.963770866394043,-0.001519413199275732,-0.1548033058643341,0.8191210627555847,0.04155861213803291,-0.07424259185791016,0.6653043627738953,0.01218984741717577,-0.045549359172582626,0.82972651720047,0.19095076620578766,-0.21794097125530243,0.9109641313552856,0.25201597809791565,-0.17108502984046936,0.7720258235931396,0.2811301648616791,-0.08132720738649368,0.632496178150177,0.2535207271575928,-0.02528727799654007
0.0,0.0,0.0,0.06400170922279358,-0.47454801201820374,0.019480189308524132,-0.042763713747262955,-0.8818343877792358,-0.003878995543345809,-0.25822383165359497,-1.0218673944473267,-0.02807890996336937,-0.4334670305252075,-0.9966428875923157,-0.06327672302722931,-0.18439899384975433,-1.0662450790405273,-0.13357330858707428,-0.3315221965312958,-1.6171523332595825,-0.1842600405216217,-0.4265412390232086,-1.935415267944336,-0.2022593468427658,-0.5074694156646729,-2.1735031604766846,-0.2152807116508484,-0.38938769698143005,-0.906301736831665,-0.16429956257343292,-0.5685743689537048,-1.1787950992584229,-0.20008301734924316,-0.5032331943511963,-1.0275636911392212,-0.15927685797214508,-0.4182731807231903,-0.9071805477142334,-0.13201788067817688,-0.5515329241752625,-0.689242422580719,-0.18173857033252716,-0.6781005263328552,-0.9513165354728699,-0.1844303011894226,-0.601143479347229,-0.8306785225868225,-0.09805407375097275,-0.5253545045852661,-0.7178815603256226,-0.050450392067432404,-0.6734746694564819,-0.45599472522735596,-0.19795829057693481,-0.7603446841239929,-0.6960752010345459,-0.17468620836734772,-0.6815687417984009,-0.6124504208564758,-0.08852193504571915,-0.616935670375824,-0.5126927495002747,-0.026857441291213036,0.0,0.0,0.0,0.11178573220968246,-0.5241724848747253,0.08587489277124405,0.27912798523902893,-0.9271512627601624,0.028265492990612984,0.34154850244522095,-1.33760666847229,-0.05315336212515831,0.310709685087204,-1.647275447845459,-0.15107204020023346,0.749621570110321,-0.8254460096359253,-0.0886678472161293,1.1941102743148804,-0.8318206667900085,-0.1120062991976738,1.4533721208572388,-0.8471252918243408,-0.12377849966287613,1.6403645277023315,-0.8535246849060059,-0.13978788256645203,0.8458269834518433,-0.5105887055397034,-0.154518261551857,1.0677319765090942,-0.32631370425224304,-0.1246856078505516,0.89351487159729,-0.2529061436653137,-0.04839032143354416,0.7208688259124756,-0.26383063197135925,-0.01541541051119566,0.8549425005912781,-0.14219993352890015,-0.20184922218322754,1.0008028745651245,-0.03936005383729935,-0.1496099829673767,0.8539279699325562,0.030143899843096733,-0.038404107093811035,0.6933579444885254,0.014872302301228046,0.004689644556492567,0.8317270874977112,0.20599620044231415,-0.24148054420948029,0.9581952095031738,0.22638623416423798,-0.17559371888637543,0.8149839639663696,0.27058297395706177,-0.05769047886133194,0.6703972220420837,0.2567383944988251,0.013932561501860619
0.0,0.0,0.0,0.06738081574440002,-0.5071827173233032,0.026324443519115448,-0.05064944922924042,-0.9427790641784668,0.001304163015447557,-0.26690375804901123,-1.0911052227020264,-0.028939472511410713,-0.4650898873806,-1.0516033172607422,-0.07238060981035233,-0.16059856116771698,-1.0959892272949219,-0.13528110086917877,-0.3157672882080078,-1.6777572631835938,-0.19429421424865723,-0.4142252504825592,-2.00679874420166,-0.21280309557914734,-0.49825069308280945,-2.2513442039489746,-0.22386935353279114,-0.36953204870224,-0.9124817848205566,-0.1755649894475937,-0.5834700465202332,-1.2362338304519653,-0.2265808880329132,-0.518447995185852,-1.0854641199111938,-0.19001060724258423,-0.42779383063316345,-0.956729531288147,-0.1625075489282608,-0.545960545539856,-0.6839128136634827,-0.20177887380123138,-0.7134371399879456,-1.0046395063400269,-0.22345709800720215,-0.6260316967964172,-0.8802010416984558,-0.13446056842803955,-0.54019695520401,-0.75679612159729,-0.07987107336521149,-0.6822599172592163,-0.45298638939857483,-0.22479687631130219,-0.8038098812103271,-0.7545798420906067,-0.21588923037052155,-0.7165951132774353,-0.6716939210891724,-0.1251150518655777,-0.6432304382324219,-0.5604917407035828,-0.05820544809103012,0.0,0.0,0.0,0.10317114740610123,-0.47229763865470886,0.04675545170903206,0.2655099928379059,-0.8938704133033752,-4.0941740735433996e-05,0.3223854899406433,-1.2907451391220093,-0.06320960819721222,0.27732110023498535,-1.5920087099075317,-0.1364634782075882,0.7266166806221008,-0.8021950125694275,-0.08795024454593658,1.1168478727340698,-0.8198146224021912,-0.09920122474431992,1.321275234222412,-0.8617937564849854,-0.10054627060890198,1.4578672647476196,-0.9256767630577087,-0.11305342614650726,0.8409561514854431,-0.5229272246360779,-0.13906775414943695,0.9455510377883911,-0.3554820120334625,-0.12602294981479645,0.7861618995666504,-0.30752748250961304,-0.084935761988163,0.6427080035209656,-0.3267274498939514,-0.07386282831430435,0.8574399948120117,-0.1879458874464035,-0.1748243123292923,0.8740316033363342,-0.0916086956858635,-0.14435002207756042,0.7421907782554626,-0.048586655408144,-0.07921990007162094,0.6167619824409485,-0.06946437060832977,-0.06085403636097908,0.8427892923355103,0.129839226603508,-0.2067282497882843,0.853346586227417,0.16879193484783173,-0.1648319810628891,0.7336358428001404,0.19025103747844696,-0.09015944600105286,0.6233223676681519,0.16823425889015198,-0.04379945248365402
0.0,0.0,0.0,0.04038893058896065,-0.47509992122650146,0.0480065792798996,-0.10013606399297714,-0.8665198683738708,0.027614980936050415,-0.2899777889251709,-0.9601361155509949,-0.00782440509647131,-0.4724101424217224,-0.8944371938705444,-0.05934843793511391,-0.13217690587043762,-1.0903840065002441,-0.09072832763195038,-0.2595286965370178,-1.6055387258529663,-0.14216899871826172,-0.34064748883247375,-1.8936048746109009,-0.16025787591934204,-0.4092617630958557,-2.1149065494537354,-0.17337431013584137,-0.32512974739074707,-0.9340535998344421,-0.1477651447057724,-0.5583347082138062,-1.1825660467147827,-0.20069840550422668,-0.5185463428497314,-1.0027951002120972,-0.17395585775375366,-0.43084001541137695,-0.877019464969635,-0.15045076608657837,-0.4917190372943878,-0.7186126708984375,-0.1912805140018463,-0.6743946075439453,-0.9510117769241333,-0.21752360463142395,-0.6066187620162964,-0.8030208349227905,-0.14124652743339539,-0.5253158807754517,-0.6930899024009705,-0.09141373634338379,-0.6183355450630188,-0.4906623363494873,-0.23029448091983795,-0.7552329897880554,-0.7128588557243347,-0.225169837474823,-0.6874371767044067,-0.609599232673645,-0.1407356560230255,-0.6162500381469727,-0.5072286128997803,-0.07628094404935837,0.0,0.0,0.0,0.0984341949224472,-0.48892396688461304,0.07254579663276672,0.2521696984767914,-0.8736968636512756,0.02377590909600258,0.28081780672073364,-1.2680529356002808,-0.04894081503152847,0.2347916066646576,-1.5506073236465454,-0.1346825510263443,0.7239430546760559,-0.7985883355140686,-0.06892181187868118,1.1325390338897705,-0.8473056554794312,-0.10582904517650604,1.372758388519287,-0.8520066738128662,-0.12916822731494904,1.5490301847457886,-0.8501879572868347,-0.15032875537872314,0.8280390501022339,-0.5461957454681396,-0.12657645344734192,1.067513346672058,-0.4003921449184418,-0.1102161854505539,0.9254743456840515,-0.3350121080875397,-0.05202799290418625,0.7581448554992676,-0.34123820066452026,-0.026290783658623695,0.8447557687759399,-0.2239365577697754,-0.17121678590774536,0.9677377939224243,-0.10301944613456726,-0.11641933768987656,0.8396349549293518,-0.053221236914396286,-0.030585380271077156,0.6860660910606384,-0.07305771857500076,-0.0023488644510507584,0.8222288489341736,0.09362871944904327,-0.21290713548660278,0.8711864948272705,0.16038267314434052,-0.13699480891227722,0.7460309863090515,0.17589367926120758,-0.04742565006017685,0.614906370639801,0.13220427930355072,0.002089342102408409
0.0,0.0,0.0,0.03545024245977402,-0.47067224979400635,0.05159856751561165,-0.11593490839004517,-0.8723719120025635,0.03435740992426872,-0.31388697028160095,-0.9524903297424316,0.001386057585477829,-0.5004358887672424,-0.86837238073349,-0.04689909145236015,-0.1306542307138443,-1.0850480794906616,-0.08608220517635345,-0.2492641806602478,-1.612261176109314,-0.13646721839904785,-0.3352821469306946,-1.902255892753601,-0.14953121542930603,-0.4113175868988037,-2.1206066608428955,-0.1588727980852127,-0.3120496869087219,-0.9390813708305359,-0.14405253529548645,-0.5611244440078735,-1.1665343046188354,-0.2036847472190857,-0.5291150808334351,-0.9863529205322266,-0.1750718206167221,-0.44331133365631104,-0.8682401180267334,-0.14836551249027252,-0.47744622826576233,-0.7384244203567505,-0.1886645406484604,-0.6785598993301392,-0.9569876194000244,-0.22085689008235931,-0.6149852275848389,-0.8047381043434143,-0.14508064091205597,-0.5335347652435303,-0.7035142779350281,-0.09315450489521027,-0.6053104400634766,-0.5283825993537903,-0.22823601961135864,-0.7521858215332031,-0.7364904880523682,-0.2249508649110794,-0.6889869570732117,-0.6239502429962158,-0.1423434615135193,-0.6169288754463196,-0.5256844162940979,-0.07832178473472595,0.0,0.0,0.0,0.08278549462556839,-0.4695912301540375,0.05999712273478508,0.22449077665805817,-0.8635716438293457,0.010342851281166077,0.26464831829071045,-1.24303138256073,-0.06280828267335892,0.23975783586502075,-1.532312273979187,-0.1471172571182251,0.7110378742218018,-0.7960759401321411,-0.04008697345852852,1.0688060522079468,-0.8725526332855225,-0.051288388669490814,1.2896859645843506,-0.900327742099762,-0.0673433467745781,1.4546825885772705,-0.9126363396644592,-0.09012022614479065,0.8273024559020996,-0.552566647529602,-0.10119623690843582,1.008653998374939,-0.3384864628314972,-0.07834146916866302,0.8556246161460876,-0.2615695893764496,-0.04237855225801468,0.6976802945137024,-0.27230995893478394,-0.033776313066482544,0.8523542284965515,-0.2313249260187149,-0.1489957869052887,0.9611987471580505,-0.07012185454368591,-0.10160667449235916,0.8305457830429077,-0.017266640439629555,-0.02976250648498535,0.6818529963493347,-0.04145192727446556,-0.00974199827760458,0.8342722654342651,0.08445943146944046,-0.1943625509738922,0.9054944515228271,0.16898147761821747,-0.13448071479797363,0.7804425358772278,0.20126256346702576,-0.04896635562181473,0.646634578704834,0.1716032177209854,0.002082778373733163
0.0,0.0,0.0,0.0537240095436573,-0.5078452229499817,0.02065151184797287,-0.0896606296300888,-0.9288551211357117,-0.014091407880187035,-0.30924689769744873,-1.0646902322769165,-0.056884024292230606,-0.5179307460784912,-1.0101072788238525,-0.11266134679317474,-0.143377423286438,-1.107165813446045,-0.12848351895809174,-0.27190956473350525,-1.7009683847427368,-0.19664046168327332,-0.35712099075317383,-2.030736207962036,-0.2222261279821396,-0.4342647194862366,-2.282017946243286,-0.2384624034166336,-0.35390642285346985,-0.918494701385498,-0.1764022558927536,-0.6046459078788757,-1.2631210088729858,-0.2521969676017761,-0.5503234267234802,-1.089169979095459,-0.22662588953971863,-0.45698636770248413,-0.9468176364898682,-0.19883504509925842,-0.5388974547386169,-0.6875870823860168,-0.2118643820285797,-0.7274801731109619,-1.0191107988357544,-0.25561070442199707,-0.6475352048873901,-0.8796101808547974,-0.16949336230754852,-0.5648201107978821,-0.7501545548439026,-0.10774878412485123,-0.679700493812561,-0.4611043930053711,-0.24477027356624603,-0.8209018111228943,-0.7721349000930786,-0.24704203009605408,-0.7398917078971863,-0.6800987720489502,-0.15363562107086182,-0.6621308922767639,-0.5591793656349182,-0.08123011887073517,0.0,0.0,0.0,0.08899370580911636,-0.4903682470321655,0.046883948147296906,0.24254266917705536,-0.8842891454696655,-0.004026713781058788,0.2778957486152649,-1.268047571182251,-0.07479365170001984,0.23184272646903992,-1.5493993759155273,-0.15969158709049225,0.7176358699798584,-0.7887681722640991,-0.08853764086961746,1.1007949113845825,-0.8372796177864075,-0.1338006854057312,1.3488975763320923,-0.8546634316444397,-0.17083480954170227,1.5290100574493408,-0.8601838946342468,-0.20319290459156036,0.8346189260482788,-0.5339258313179016,-0.13540469110012054,0.8867857456207275,-0.3909591734409332,-0.13923726975917816,0.7250528335571289,-0.3477315604686737,-0.1068030372262001,0.5761865973472595,-0.3466140329837799,-0.09756102412939072,0.8430249691009521,-0.21416939795017242,-0.17001354694366455,0.8168678879737854,-0.12893880903720856,-0.15313184261322021,0.6847372055053711,-0.08810446411371231,-0.0930938869714737,0.5564493536949158,-0.09261136502027512,-0.071763776242733,0.8148894309997559,0.09055402129888535,-0.20168809592723846,0.7886925935745239,0.13944168388843536,-0.16623343527317047,0.6618216633796692,0.15824204683303833,-0.09435992687940598,0.5476345419883728,0.14338324964046478,-0.0459209643304348
0.0,0.0,0.0,0.07468173652887344,-0.4903651177883148,0.011406396515667439,-0.03922159597277641,-0.9281868934631348,-0.02232491225004196,-0.25843319296836853,-1.0685698986053467,-0.05838892236351967,-0.4584294259548187,-1.0175131559371948,-0.10774191468954086,-0.16357065737247467,-1.0884556770324707,-0.1584784984588623,-0.3136065602302551,-1.68930184841156,-0.2327815145254135,-0.417244017124176,-2.0398619174957275,-0.26480934023857117,-0.5057691335678101,-2.300764322280884,-0.28596433997154236,-0.3764581084251404,-0.9061466455459595,-0.19281484186649323,-0.5905727744102478,-1.1928142309188843,-0.25867918133735657,-0.5285134315490723,-1.0266138315200806,-0.22598135471343994,-0.4408282935619354,-0.893274188041687,-0.200370654463768,-0.5557805299758911,-0.6705225110054016,-0.21425384283065796,-0.7314460277557373,-0.9615004658699036,-0.2443777620792389,-0.6451848745346069,-0.8291971683502197,-0.1493903398513794,-0.5591337084770203,-0.7028604745864868,-0.09005105495452881,-0.6932988166809082,-0.42193713784217834,-0.23439206182956696,-0.8161385655403137,-0.6830046772956848,-0.23386867344379425,-0.7288826107978821,-0.5992200970649719,-0.143668532371521,-0.657278299331665,-0.4980394244194031,-0.07505585998296738,0.0,0.0,0.0,0.1094384714961052,-0.5224401354789734,0.07559451460838318,0.2656373977661133,-0.9461209177970886,0.018326058983802795,0.31262001395225525,-1.3607945442199707,-0.06057385727763176,0.2571805417537689,-1.6757750511169434,-0.15396785736083984,0.7376046776771545,-0.8467437028884888,-0.07521481812000275,1.1619495153427124,-0.8767716884613037,-0.07485594600439072,1.3953533172607422,-0.8895803093910217,-0.06781218945980072,1.5535666942596436,-0.8983348608016968,-0.07220552861690521,0.8379863500595093,-0.5286579728126526,-0.13527610898017883,1.0639132261276245,-0.3753182590007782,-0.08632445335388184,0.9038252234458923,-0.3092738389968872,-0.008017485961318016,0.7359580993652344,-0.31152889132499695,0.02492331899702549,0.8512445688247681,-0.1630188524723053,-0.1775694191455841,0.9908019304275513,-0.09878680109977722,-0.10575269162654877,0.8499546647071838,-0.032487113028764725,-0.004380146507173777,0.6956642866134644,-0.034868236631155014,0.02800525166094303,0.8378322124481201,0.1880655586719513,-0.21346226334571838,0.9410654306411743,0.1743856817483902,-0.13485369086265564,0.8065720796585083,0.22627244889736176,-0.024977322667837143,0.6706023216247559,0.22854101657867432,0.03797668218612671
0.0,0.0,0.0,0.056958042085170746,-0.5037227869033813,0.02179986611008644,-0.06995034962892532,-0.9111687541007996,-0.015395386144518852,-0.2783984839916229,-1.0587939023971558,-0.05479952320456505,-0.47432011365890503,-1.0185229778289795,-0.10745071619749069,-0.19473202526569366,-1.0871800184249878,-0.17432738840579987,-0.3494011461734772,-1.6720539331436157,-0.24156852066516876,-0.45919665694236755,-2.007664203643799,-0.26293453574180603,-0.5542063117027283,-2.2504780292510986,-0.2764986753463745,-0.4050999581813812,-0.888862669467926,-0.2140495777130127,-0.6305609941482544,-1.173339605331421,-0.2675546407699585,-0.5591531991958618,-1.0145964622497559,-0.22423270344734192,-0.4660845994949341,-0.8837802410125732,-0.19499216973781586,-0.5791432857513428,-0.6395481824874878,-0.23777049779891968,-0.7475939393043518,-0.9310572743415833,-0.2583070695400238,-0.6531590819358826,-0.8074971437454224,-0.15846426784992218,-0.566828727722168,-0.6862764358520508,-0.09984677284955978,-0.7085807919502258,-0.38570740818977356,-0.25891783833503723,-0.8262856006622314,-0.6489118337631226,-0.24974839389324188,-0.7344767451286316,-0.5681175589561462,-0.1541542112827301,-0.6638748049736023,-0.4649771451950073,-0.08481380343437195,0.0,0.0,0.0,0.09939970821142197,-0.5097588300704956,0.06945843249559402,0.25189539790153503,-0.9388691782951355,0.01106229703873396,0.2989477217197418,-1.3515067100524902,-0.06828044354915619,0.246399387717247,-1.6627819538116455,-0.16087214648723602,0.7215534448623657,-0.8506537675857544,-0.092588409781456,1.157762885093689,-0.8731672763824463,-0.10738224536180496,1.4020942449569702,-0.8882954120635986,-0.10967528074979782,1.5733449459075928,-0.8956366777420044,-0.12155167758464813,0.8232624530792236,-0.5455127358436584,-0.15701846778392792,1.0499238967895508,-0.3479432165622711,-0.13702717423439026,0.8827068209648132,-0.2749558687210083,-0.07209999114274979,0.7179742455482483,-0.28791701793670654,-0.044521111994981766,0.8400593996047974,-0.181204155087471,-0.20341721177101135,0.9773286581039429,-0.08175968378782272,-0.1558786928653717,0.8349413871765137,-0.009837360121309757,-0.05455465987324715,0.6826873421669006,-0.022151626646518707,-0.01729733869433403,0.8293908834457397,0.17375104129314423,-0.24404172599315643,0.9262011051177979,0.18785130977630615,-0.18580134212970734,0.7958199977874756,0.2363603264093399,-0.07904248684644699,0.6653586030006409,0.223323255777359,-0.013486156240105629
0.0,0.0,0.0,0.02003585733473301,-0.49132388830184937,0.023929620161652565,-0.14165377616882324,-0.8737529516220093,-0.01186834555119276,-0.35598424077033997,-0.9800954461097717,-0.05686228722333908,-0.5562437772750854,-0.90201735496521,-0.1153266653418541,-0.20556247234344482,-1.0961858034133911,-0.1287684440612793,-0.3553123474121094,-1.6488404273986816,-0.2009940892457962,-0.4528830051422119,-1.9617117643356323,-0.23205821216106415,-0.5392848253250122,-2.2038986682891846,-0.25376930832862854,-0.4050258696079254,-0.8958698511123657,-0.18267816305160522,-0.6658877730369568,-1.1729464530944824,-0.2504839301109314,-0.600470244884491,-0.9842782020568848,-0.22175802290439606,-0.5039288997650146,-0.8579407334327698,-0.19733691215515137,-0.5764989256858826,-0.6375249028205872,-0.22494076192378998,-0.7742452025413513,-0.9274941086769104,-0.2678382992744446,-0.6879525184631348,-0.778581976890564,-0.17716191709041595,-0.6019350290298462,-0.6565303206443787,-0.1155087873339653,-0.7057514786720276,-0.37143468856811523,-0.2648008167743683,-0.8594286441802979,-0.6507955193519592,-0.27072444558143616,-0.7764506340026855,-0.5637006163597107,-0.17539235949516296,-0.6955522894859314,-0.45485424995422363,-0.1022258922457695,0.0,0.0,0.0,0.10567670315504074,-0.48553186655044556,0.05098409578204155,0.2580454349517822,-0.9044238924980164,-0.0007203391287475824,0.29774612188339233,-1.2991091012954712,-0.07243657112121582,0.24441322684288025,-1.5904723405838013,-0.15438570082187653,0.7348231077194214,-0.7853974103927612,-0.07554428279399872,1.1328129768371582,-0.8332189321517944,-0.09501826018095016,1.349689245223999,-0.866007924079895,-0.10063234716653824,1.4993568658828735,-0.9035704135894775,-0.11173690110445023,0.8424519896507263,-0.5244715809822083,-0.12330539524555206,0.9677456021308899,-0.3677794933319092,-0.10503178834915161,0.8091278672218323,-0.30894914269447327,-0.0564427450299263,0.6650514602661133,-0.30807217955589294,-0.03789409622550011,0.8573604822158813,-0.20557847619056702,-0.15767420828342438,0.8814743161201477,-0.09892269223928452,-0.12265348434448242,0.7380551695823669,-0.055370260030031204,-0.056983582675457,0.601858377456665,-0.0665816217660904,-0.03578384220600128,0.8449996709823608,0.10625935345888138,-0.18803150951862335,0.8522083163261414,0.1623474657535553,-0.13769908249378204,0.7230095267295837,0.1859334260225296,-0.060736801475286484,0.6026058793067932,0.16263344883918762,-0.01221898291260004
0.0,0.0,0.0,0.020783143118023872,-0.45972272753715515,0.05393153429031372,-0.13033954799175262,-0.8311313390731812,0.03246171399950981,-0.31544995307922363,-0.923518717288971,-0.003847318235784769,-0.49587133526802063,-0.8660830855369568,-0.05710172653198242,-0.1489197164773941,-1.0850311517715454,-0.09554915130138397,-0.28457111120224,-1.5674653053283691,-0.15009914338588715,-0.37075838446617126,-1.8390644788742065,-0.17249339818954468,-0.44440823793411255,-2.049069881439209,-0.18922363221645355,-0.32443004846572876,-0.9329411387443542,-0.1560959368944168,-0.5895271301269531,-1.1472017765045166,-0.20412170886993408,-0.5570944547653198,-0.9712669253349304,-0.1748475581407547,-0.46930935978889465,-0.8591552376747131,-0.15249302983283997,-0.48034170269966125,-0.7093865871429443,-0.20263558626174927,-0.6978500485420227,-0.905523955821991,-0.22747723758220673,-0.638394832611084,-0.7603397369384766,-0.1494903713464737,-0.5563995838165283,-0.6634964346885681,-0.09944747388362885,-0.6012444496154785,-0.4663606286048889,-0.2440512776374817,-0.7623139023780823,-0.6659395694732666,-0.24199046194553375,-0.7009793519973755,-0.5659731030464172,-0.15878449380397797,-0.6285956501960754,-0.47360509634017944,-0.09494361281394958,0.0,0.0,0.0,0.09480392932891846,-0.48463934659957886,0.04592948034405708,0.23916010558605194,-0.8787794709205627,-0.0026825121603906155,0.2808263301849365,-1.2356263399124146,-0.07134094834327698,0.2904866635799408,-1.5055317878723145,-0.14825522899627686,0.7327107191085815,-0.7869535088539124,-0.06156110763549805,1.101040005683899,-0.861584484577179,-0.07396868616342545,1.3138630390167236,-0.8930809497833252,-0.08290927857160568,1.4609074592590332,-0.9302948117256165,-0.0966712087392807,0.8388650417327881,-0.5325624942779541,-0.11261714994907379,1.0311239957809448,-0.35062840580940247,-0.10175690799951553,0.9050511717796326,-0.2873622477054596,-0.07278658449649811,0.7449502348899841,-0.29834073781967163,-0.06305806338787079,0.8550256490707397,-0.21583834290504456,-0.1512559950351715,0.9523023962974548,-0.05023936927318573,-0.10921795666217804,0.8384623527526855,0.0017994873924180865,-0.05267546698451042,0.6949408054351807,-0.018913164734840393,-0.03691660240292549,0.8348383903503418,0.09021119773387909,-0.18852773308753967,0.9042434096336365,0.20050036907196045,-0.13012813031673431,0.8078176975250244,0.22200709581375122,-0.05965274199843407,0.688831627368927,0.18115493655204773,-0.016303222626447678
0.0,0.0,0.0,0.028659524396061897,-0.4706522226333618,0.04796886816620827,-0.1264781355857849,-0.8712697625160217,0.018978748470544815,-0.33157244324684143,-0.9748803973197937,-0.02496156096458435,-0.5228807330131531,-0.9029195308685303,-0.0857587605714798,-0.13207900524139404,-1.103082299232483,-0.11247476935386658,-0.2583158612251282,-1.6289643049240112,-0.17628630995750427,-0.3509998321533203,-1.9257124662399292,-0.1997353881597519,-0.43196046352386475,-2.149078845977783,-0.21680665016174316,-0.3070073127746582,-0.9349437952041626,-0.17783871293067932,-0.5857768654823303,-1.1893223524093628,-0.24285250902175903,-0.5558281540870667,-1.0124269723892212,-0.21613232791423798,-0.46483948826789856,-0.8860924243927002,-0.19357040524482727,-0.4663453996181488,-0.704766035079956,-0.22922039031982422,-0.6977295279502869,-0.9581447839736938,-0.27133533358573914,-0.6378223299980164,-0.8181324005126953,-0.19168367981910706,-0.5499135851860046,-0.709800660610199,-0.1368747502565384,-0.592024564743042,-0.4652608633041382,-0.2751992344856262,-0.7755681276321411,-0.7147038578987122,-0.28325188159942627,-0.7137817740440369,-0.6194325089454651,-0.1973935067653656,-0.6318874359130859,-0.5135710835456848,-0.130760058760643,0.0,0.0,0.0,0.09960438311100006,-0.48843178153038025,0.05697327107191086,0.25280725955963135,-0.8628268241882324,0.003939956892281771,0.30869466066360474,-1.2436673641204834,-0.06831703335046768,0.31499677896499634,-1.5163575410842896,-0.14991305768489838,0.7447583675384521,-0.7806475162506104,-0.0748271495103836,1.148971676826477,-0.830315113067627,-0.10671466588973999,1.3717405796051025,-0.836834192276001,-0.12203563749790192,1.5262858867645264,-0.8480408787727356,-0.13227692246437073,0.8507692813873291,-0.5104161500930786,-0.1251678615808487,1.1271486282348633,-0.36513811349868774,-0.11059346795082092,0.9932084679603577,-0.2840879261493683,-0.05616554245352745,0.8180559873580933,-0.2824685871601105,-0.02379171922802925,0.8700594902038574,-0.1859099417924881,-0.16254813969135284,1.0219236612319946,-0.046454936265945435,-0.11288183182477951,0.89625084400177,0.009084323421120644,-0.03612290322780609,0.7405439019203186,-0.012364879250526428,-0.0052774264477193356,0.8493121266365051,0.12232993543148041,-0.19694890081882477,0.9282307028770447,0.20837919414043427,-0.12048163264989853,0.8041418790817261,0.23472809791564941,-0.03021281398832798,0.6710476279258728,0.19660237431526184,0.02540774457156658
0.0,0.0,0.0,0.0305353794246912,-0.49763521552085876,0.05005914717912674,-0.1297229528427124,-0.8958123922348022,0.025113506242632866,-0.34203267097473145,-0.991682767868042,-0.01565779559314251,-0.5419822335243225,-0.9252689480781555,-0.0725059062242508,-0.1555439829826355,-1.107858419418335,-0.10638954490423203,-0.29061993956565857,-1.6542699337005615,-0.17081761360168457,-0.375791996717453,-1.9538129568099976,-0.1920776516199112,-0.44987815618515015,-2.1864840984344482,-0.20571911334991455,-0.3499701917171478,-0.9211107492446899,-0.17051643133163452,-0.6283014416694641,-1.2083534002304077,-0.23972444236278534,-0.5817458629608154,-1.0225785970687866,-0.2096112072467804,-0.48590993881225586,-0.8951160907745361,-0.18121230602264404,-0.5243924260139465,-0.6858744621276855,-0.22090958058834076,-0.7385423183441162,-0.9701447486877441,-0.26391223073005676,-0.6611511707305908,-0.8196470737457275,-0.17636781930923462,-0.5740920901298523,-0.7070619463920593,-0.11465726792812347,-0.6582639813423157,-0.4485074281692505,-0.2661404311656952,-0.8144055008888245,-0.725913405418396,-0.2694478929042816,-0.7380581498146057,-0.6209313273429871,-0.17469820380210876,-0.658789336681366,-0.5096415281295776,-0.10155582427978516,0.0,0.0,0.0,0.10880396515130997,-0.4973233640193939,0.07327553629875183,0.2728702425956726,-0.8752046823501587,0.020677834749221802,0.3221433162689209,-1.2819404602050781,-0.056615691632032394,0.2921961843967438,-1.56557297706604,-0.1462460607290268,0.7496263384819031,-0.7742887735366821,-0.07163058966398239,1.156456470489502,-0.8309819102287292,-0.13566386699676514,1.4022096395492554,-0.8422067165374756,-0.1740817427635193,1.57105553150177,-0.8367156982421875,-0.19603364169597626,0.8469606041908264,-0.5157277584075928,-0.12916111946105957,1.1890573501586914,-0.4572540819644928,-0.12255309522151947,1.1057544946670532,-0.3930870592594147,-0.0635257139801979,0.9577751755714417,-0.38117215037345886,-0.027715418487787247,0.8594774007797241,-0.1903325319290161,-0.17415159940719604,1.056273341178894,-0.10361494868993759,-0.12306244671344757,0.9370741844177246,-0.06773868203163147,-0.03677413612604141,0.7740276455879211,-0.09478390961885452,0.00019401762983761728,0.8267116546630859,0.13300009071826935,-0.216217041015625,0.8825759887695312,0.18748125433921814,-0.13950325548648834,0.7599310874938965,0.1963658332824707,-0.04972993955016136,0.6277313828468323,0.1562671661376953,0.005145716946572065
0.0,0.0,0.0,0.06963089108467102,-0.4938792288303375,0.02180318348109722,-0.05370396748185158,-0.9363893866539001,-0.0077812508679926395,-0.2672705352306366,-1.102575659751892,-0.04069693014025688,-0.4679337739944458,-1.0767638683319092,-0.08723694831132889,-0.16543027758598328,-1.0935418605804443,-0.15867763757705688,-0.31662052869796753,-1.687699317932129,-0.22561442852020264,-0.4151148796081543,-2.0238757133483887,-0.24824732542037964,-0.5015387535095215,-2.2736260890960693,-0.26227614283561707,-0.37892013788223267,-0.903843879699707,-0.19871030747890472,-0.5997114181518555,-1.2288544178009033,-0.2570625841617584,-0.5356541275978088,-1.0683884620666504,-0.21789124608039856,-0.4458876848220825,-0.931077778339386,-0.18800869584083557,-0.5600501298904419,-0.6639752984046936,-0.2238384634256363,-0.7336104512214661,-0.9860792756080627,-0.2492275834083557,-0.6469173431396484,-0.8546360731124878,-0.15240955352783203,-0.5623636245727539,-0.724399209022522,-0.09226721525192261,-0.6993212103843689,-0.4135122299194336,-0.24631862342357635,-0.8263034820556641,-0.7104781270027161,-0.2432061731815338,-0.73784339427948,-0.6194866895675659,-0.14943964779376984,-0.6654815077781677,-0.5057209134101868,-0.07921990007162094,0.0,0.0,0.0,0.11241529136896133,-0.5012428164482117,0.06923262029886246,0.27262747287750244,-0.9177614450454712,0.023641852661967278,0.3296397626399994,-1.3240472078323364,-0.04548236355185509,0.2780776917934418,-1.6270376443862915,-0.12880173325538635,0.755863606929779,-0.8025088310241699,-0.046112529933452606,1.162501573562622,-0.8136471509933472,-0.04106481745839119,1.3946727514266968,-0.8323545455932617,-0.036201998591423035,1.5580369234085083,-0.8586181402206421,-0.04545944929122925,0.8576736450195312,-0.5029149651527405,-0.10710977017879486,1.0333048105239868,-0.31650349497795105,-0.06957933306694031,0.8666830658912659,-0.2571982443332672,-0.015687430277466774,0.7011632919311523,-0.27135905623435974,0.001702631008811295,0.8678937554359436,-0.14988306164741516,-0.1520887315273285,0.9623600244522095,-0.03068884089589119,-0.102401964366436,0.810416042804718,0.014855259098112583,-0.022431181743741035,0.6575822234153748,-0.009093096479773521,0.0023940943647176027,0.8474810123443604,0.1867130845785141,-0.19137565791606903,0.9323928952217102,0.23129385709762573,-0.1323007047176361,0.7910041809082031,0.2619621753692627,-0.038487449288368225,0.6518644690513611,0.24042779207229614,0.017681196331977844
0.0,0.0,0.0,0.07092709094285965,-0.4782258868217468,0.014417695812880993,-0.05254809558391571,-0.8963350057601929,-0.014314497821033001,-0.2617380917072296,-1.0362727642059326,-0.04455534368753433,-0.45270392298698425,-0.9899845719337463,-0.0874100998044014,-0.17792339622974396,-1.0752955675125122,-0.15178386867046356,-0.313304603099823,-1.6384130716323853,-0.2147352546453476,-0.4026937782764435,-1.9647856950759888,-0.24254024028778076,-0.4868631660938263,-2.2052459716796875,-0.2624950110912323,-0.386463463306427,-0.903008759021759,-0.18767300248146057,-0.5778040885925293,-1.198712706565857,-0.2334594577550888,-0.5063477158546448,-1.0482048988342285,-0.1952488273382187,-0.4242691993713379,-0.9155598878860474,-0.1702144294977188,-0.5529922842979431,-0.6726917624473572,-0.21057602763175964,-0.6997660398483276,-0.9725304245948792,-0.22565245628356934,-0.6111751198768616,-0.8556200861930847,-0.13355684280395508,-0.5365760326385498,-0.7322136759757996,-0.08065278083086014,-0.6721212267875671,-0.43235230445861816,-0.2324182540178299,-0.778188943862915,-0.7103177309036255,-0.22057639062404633,-0.6925686001777649,-0.6336445212364197,-0.12835870683193207,-0.6290295124053955,-0.5252535939216614,-0.06230289861559868,0.0,0.0,0.0,0.0845218151807785,-0.5030227899551392,0.027416246011853218,0.2285260707139969,-0.9213201403617859,-0.050801388919353485,0.27290695905685425,-1.3275508880615234,-0.1427244395017624,0.22136454284191132,-1.630481481552124,-0.24669091403484344,0.7172294855117798,-0.8367161154747009,-0.1402111053466797,1.1447563171386719,-0.8678815364837646,-0.1776670664548874,1.3933615684509277,-0.8908302187919617,-0.19585160911083221,1.5691827535629272,-0.9024164080619812,-0.216790571808815,0.8279537558555603,-0.5280219912528992,-0.1889055222272873,1.0232980251312256,-0.34464308619499207,-0.19057497382164001,0.8533419370651245,-0.2862880527973175,-0.13542118668556213,0.6888250112533569,-0.2986224293708801,-0.11194238066673279,0.8471770882606506,-0.17027267813682556,-0.22362086176872253,0.9517511129379272,-0.07148978859186172,-0.1977231353521347,0.8032729625701904,-0.014909651130437851,-0.10774557292461395,0.6503493189811707,-0.02364393137395382,-0.0734400600194931,0.8404277563095093,0.1714639663696289,-0.25620022416114807,0.8967742919921875,0.1962798535823822,-0.212266743183136,0.7593281269073486,0.235716313123703,-0.1166079193353653,0.6304376721382141,0.2256576120853424,-0.056468602269887924
0.0,0.0,0.0,0.060086265206336975,-0.5059629678726196,0.01448024157434702,-0.07641827315092087,-0.9412323832511902,-0.021754030138254166,-0.29321080446243286,-1.0956367254257202,-0.05940801650285721,-0.499288946390152,-1.0327792167663574,-0.11110525578260422,-0.18500952422618866,-1.0907844305038452,-0.18243645131587982,-0.3455517888069153,-1.704411268234253,-0.25612348318099976,-0.4608071446418762,-2.05350661277771,-0.2820412218570709,-0.5611213445663452,-2.310406446456909,-0.2989119291305542,-0.39899373054504395,-0.8898813128471375,-0.22116780281066895,-0.62821364402771,-1.2075985670089722,-0.2850912809371948,-0.5627012252807617,-1.046046257019043,-0.24615059792995453,-0.46955811977386475,-0.9114636182785034,-0.2186497300863266,-0.5834214091300964,-0.6398885250091553,-0.2448558360338211,-0.7625173330307007,-0.9548647999763489,-0.27570047974586487,-0.6760662198066711,-0.8267273306846619,-0.17874778807163239,-0.5873661637306213,-0.6991034746170044,-0.11942748725414276,-0.7281093001365662,-0.3877739906311035,-0.26637595891952515,-0.8604344725608826,-0.694267213344574,-0.26537415385246277,-0.7723401784896851,-0.6075662970542908,-0.17120908200740814,-0.6954538822174072,-0.4890468716621399,-0.10194386541843414,0.0,0.0,0.0,0.10234332829713821,-0.5009329915046692,0.05440646409988403,0.25755029916763306,-0.9251315593719482,-0.008583636954426765,0.3008652925491333,-1.332688808441162,-0.08962693810462952,0.24183349311351776,-1.6311179399490356,-0.18387441337108612,0.7237522006034851,-0.8448347449302673,-0.10798904299736023,1.1452561616897583,-0.8750190734863281,-0.13454100489616394,1.3881324529647827,-0.8856424689292908,-0.1472637802362442,1.5568327903747559,-0.8876035809516907,-0.16545440256595612,0.8241177797317505,-0.5409557819366455,-0.167918860912323,1.0383774042129517,-0.3571690022945404,-0.15758541226387024,0.8818795680999756,-0.2808421552181244,-0.09926929324865341,0.7239549160003662,-0.2907070219516754,-0.07642320543527603,0.8414149880409241,-0.18198436498641968,-0.21197493374347687,0.968418300151825,-0.0800359696149826,-0.1764228343963623,0.8300788402557373,-0.014038016088306904,-0.0811927393078804,0.6800752878189087,-0.027196722105145454,-0.04638025909662247,0.8289182186126709,0.16358615458011627,-0.25192269682884216,0.9245551228523254,0.18754234910011292,-0.2046116143465042,0.7934522032737732,0.233094722032547,-0.10390148311853409,0.6606429815292358,0.2234552502632141,-0.042213261127471924
0.0,0.0,0.0,0.026386428624391556,-0.4863938093185425,0.019933179020881653,-0.1291816085577011,-0.8858448266983032,-0.01935325749218464,-0.34728190302848816,-1.0221922397613525,-0.06795531511306763,-0.5553073883056641,-0.9822033047676086,-0.1295304149389267,-0.15509721636772156,-1.110972285270691,-0.12988173961639404,-0.28714582324028015,-1.6726936101913452,-0.20969893038272858,-0.3813629150390625,-1.9861449003219604,-0.24445632100105286,-0.46248820424079895,-2.2251620292663574,-0.26707208156585693,-0.3449878692626953,-0.9204853773117065,-0.18354834616184235,-0.6265802979469299,-1.2149735689163208,-0.26436975598335266,-0.585624098777771,-1.0234854221343994,-0.24228137731552124,-0.49167323112487793,-0.8916553258895874,-0.21909199655056,-0.5197160840034485,-0.6735290884971619,-0.2264728844165802,-0.7403136491775513,-0.9720951318740845,-0.2818750739097595,-0.6753838658332825,-0.8165280818939209,-0.1954096257686615,-0.5896468162536621,-0.6872403025627136,-0.13219702243804932,-0.6618418097496033,-0.42227062582969666,-0.26674655079841614,-0.8297981023788452,-0.6965976357460022,-0.2832929193973541,-0.7619907259941101,-0.5971829295158386,-0.19388385117053986,-0.6828230619430542,-0.48142480850219727,-0.12210516631603241,0.0,0.0,0.0,0.09956973046064377,-0.49087128043174744,0.06426820904016495,0.2532941997051239,-0.8849777579307556,0.01965831220149994,0.28998154401779175,-1.2573572397232056,-0.04668106138706207,0.22274963557720184,-1.54225492477417,-0.12431889027357101,0.7390658259391785,-0.7705192565917969,-0.05045578256249428,1.1267653703689575,-0.8250250816345215,-0.067991703748703,1.3552348613739014,-0.8644523024559021,-0.08369547128677368,1.5156229734420776,-0.8949109315872192,-0.10325516760349274,0.8515603542327881,-0.5148320198059082,-0.09895940870046616,0.983849287033081,-0.3489149808883667,-0.07381503283977509,0.8352890610694885,-0.28004762530326843,-0.027202878147363663,0.6940777897834778,-0.2709656357765198,-0.00911580491811037,0.8638527989387512,-0.20580995082855225,-0.13351720571517944,0.9008065462112427,-0.10823997855186462,-0.08891519159078598,0.7662147283554077,-0.06217291206121445,-0.02713613025844097,0.623242199420929,-0.07564432173967361,-0.009677515365183353,0.8422391414642334,0.09087536484003067,-0.16360704600811005,0.8271455764770508,0.159702330827713,-0.11442088335752487,0.6984841227531433,0.18434534966945648,-0.04743366688489914,0.5724422931671143,0.1521035134792328,-0.005670488346368074
0.0,0.0,0.0,0.04626426100730896,-0.47134333848953247,0.03380454704165459,-0.09253057092428207,-0.8713467121124268,0.002045838627964258,-0.2954133152961731,-0.9951330423355103,-0.041211310774087906,-0.494471937417984,-0.946196436882019,-0.09900496155023575,-0.12067780643701553,-1.1074506044387817,-0.1164238229393959,-0.24106520414352417,-1.6544238328933716,-0.1833442598581314,-0.3316905200481415,-1.9648289680480957,-0.20768100023269653,-0.4106642007827759,-2.196507692337036,-0.22343410551548004,-0.30879727005958557,-0.9354102611541748,-0.1721971184015274,-0.5870519876480103,-1.2173091173171997,-0.24258840084075928,-0.5491580367088318,-1.0375964641571045,-0.2157869040966034,-0.4557992219924927,-0.9062865972518921,-0.18978844583034515,-0.4796870946884155,-0.708984911441803,-0.21545745432376862,-0.7005104422569275,-0.9754814505577087,-0.26104357838630676,-0.6330191493034363,-0.8253581523895264,-0.1786494255065918,-0.5470261573791504,-0.7070758938789368,-0.11944051086902618,-0.6136430501937866,-0.47736817598342896,-0.2547634541988373,-0.7794276475906372,-0.7298583388328552,-0.26289692521095276,-0.7125982046127319,-0.6243336796760559,-0.17533178627490997,-0.6364279389381409,-0.5133453011512756,-0.10623952746391296,0.0,0.0,0.0,0.09371263533830643,-0.4882611334323883,0.09036912024021149,0.23698975145816803,-0.8769803047180176,0.058293018490076065,0.2736230790615082,-1.2479510307312012,0.001041985466144979,0.2149403989315033,-1.514439582824707,-0.06924409419298172,0.7150104641914368,-0.7936787605285645,-0.02267785184085369,1.1014949083328247,-0.8345451354980469,-0.03551999479532242,1.32991623878479,-0.8723808526992798,-0.05140792205929756,1.4914658069610596,-0.9002532958984375,-0.0695357620716095,0.8332183361053467,-0.5474774241447449,-0.07756086438894272,1.0276917219161987,-0.40118613839149475,-0.02645868994295597,0.8985216021537781,-0.3284822702407837,0.03434428572654724,0.7503922581672668,-0.31832075119018555,0.05643457919359207,0.8548917770385742,-0.23381908237934113,-0.11770502477884293,0.9698421955108643,-0.14387673139572144,-0.04633171856403351,0.8513930439949036,-0.10009073466062546,0.029515815898776054,0.6993793845176697,-0.11512438207864761,0.04981023073196411,0.8388153910636902,0.07701988518238068,-0.15170392394065857,0.8734027743339539,0.10801563411951065,-0.07506439089775085,0.7561172842979431,0.12538795173168182,0.00920527521520853,0.622046172618866,0.09206639975309372,0.057382579892873764
0.0,0.0,0.0,0.029658380895853043,-0.4711516201496124,0.04660958796739578,-0.11755650490522385,-0.8576251864433289,0.022317444905638695,-0.32337701320648193,-0.9313510060310364,-0.016346124932169914,-0.5110800862312317,-0.8547912836074829,-0.0706702247262001,-0.15629437565803528,-1.0899567604064941,-0.08941452950239182,-0.27864328026771545,-1.582719087600708,-0.1424446552991867,-0.35883817076683044,-1.8649219274520874,-0.162505641579628,-0.42829909920692444,-2.076352834701538,-0.17597520351409912,-0.3426041603088379,-0.9280481934547424,-0.1461125910282135,-0.5617640018463135,-1.1639362573623657,-0.19677890837192535,-0.5169256925582886,-0.9951215386390686,-0.17147448658943176,-0.4299502372741699,-0.8821815252304077,-0.14989210665225983,-0.5043869614601135,-0.7093409299850464,-0.18968066573143005,-0.6747696399688721,-0.93270343542099,-0.2154608964920044,-0.6058809161186218,-0.7839654088020325,-0.1404750943183899,-0.5276469588279724,-0.681607723236084,-0.09141061455011368,-0.629888653755188,-0.4770095944404602,-0.22826936841011047,-0.752598762512207,-0.7088034749031067,-0.21718890964984894,-0.6803221702575684,-0.602946937084198,-0.1294957846403122,-0.6123037934303284,-0.5030213594436646,-0.06387517601251602,0.0,0.0,0.0,0.09154470264911652,-0.4593994617462158,0.03583032265305519,0.23229122161865234,-0.8384891748428345,-0.015833694487810135,0.2706010043621063,-1.1715887784957886,-0.08880876749753952,0.26647689938545227,-1.4207791090011597,-0.1711384654045105,0.7099338173866272,-0.7790305018424988,-0.07560551166534424,1.0816324949264526,-0.8467842936515808,-0.10100992769002914,1.3117161989212036,-0.875494658946991,-0.1273992657661438,1.4789801836013794,-0.9019989371299744,-0.15846647322177887,0.828001081943512,-0.5440495610237122,-0.13573609292507172,0.9120816588401794,-0.31302782893180847,-0.1549787074327469,0.7654664516448975,-0.24691985547542572,-0.15217941999435425,0.6219252347946167,-0.2686368525028229,-0.162237286567688,0.8508538007736206,-0.23010894656181335,-0.1834079772233963,0.8871939778327942,-0.0519227609038353,-0.17192400991916656,0.7589386701583862,-0.0034153065644204617,-0.12030865252017975,0.6293523907661438,-0.0265644621104002,-0.10678094625473022,0.8325033783912659,0.07252096384763718,-0.23185735940933228,0.8754965662956238,0.21130628883838654,-0.20319215953350067,0.7469044923782349,0.238394632935524,-0.13662120699882507,0.619439959526062,0.21172714233398438,-0.09205494821071625
0.0,0.0,0.0,0.022349726408720016,-0.48345282673835754,0.042303044348955154,-0.1369394212961197,-0.8711243271827698,0.02091803215444088,-0.3427024483680725,-0.9339972138404846,-0.015448922291398048,-0.5254032611846924,-0.840781033039093,-0.06815086305141449,-0.18201227486133575,-1.083799958229065,-0.08522900938987732,-0.30930426716804504,-1.579413890838623,-0.13920752704143524,-0.3935358226299286,-1.8665673732757568,-0.16116508841514587,-0.4663761258125305,-2.089057445526123,-0.17702244222164154,-0.3733989894390106,-0.916829526424408,-0.14140991866588593,-0.5841982960700989,-1.1514430046081543,-0.19667571783065796,-0.5302853584289551,-0.9803926944732666,-0.17642241716384888,-0.4412667155265808,-0.8623889088630676,-0.15681003034114838,-0.5384213924407959,-0.6898630857467651,-0.1849968433380127,-0.6995729804039001,-0.9111467003822327,-0.21650399267673492,-0.6245652437210083,-0.7702217102050781,-0.14686241745948792,-0.5456291437149048,-0.6640185713768005,-0.09905843436717987,-0.6675347089767456,-0.4495585858821869,-0.22391058504581451,-0.7991363406181335,-0.683309018611908,-0.2180686742067337,-0.7224603891372681,-0.5879373550415039,-0.13329075276851654,-0.6493849158287048,-0.4870947301387787,-0.06845515221357346,0.0,0.0,0.0,0.0939636379480362,-0.45024436712265015,0.03873413801193237,0.25482556223869324,-0.8367286920547485,-0.003476058365777135,0.3002822995185852,-1.1891796588897705,-0.06500332057476044,0.29166892170906067,-1.448489785194397,-0.13707545399665833,0.7190815806388855,-0.775371253490448,-0.07240131497383118,1.1028088331222534,-0.8405396938323975,-0.0960228443145752,1.3405216932296753,-0.8741719722747803,-0.11995234340429306,1.5172169208526611,-0.907346785068512,-0.14750654995441437,0.8287637829780579,-0.5450855493545532,-0.12661857903003693,0.9266510009765625,-0.3038884997367859,-0.13432636857032776,0.7787615656852722,-0.23510894179344177,-0.12362301349639893,0.6391372680664062,-0.2609195411205292,-0.13009463250637054,0.8465644121170044,-0.22659380733966827,-0.16753070056438446,0.8972045183181763,-0.050610098987817764,-0.15690939128398895,0.7707205414772034,0.001886140089482069,-0.10474470257759094,0.6451784372329712,-0.022371748462319374,-0.08861786127090454,0.827282190322876,0.07955195754766464,-0.20671406388282776,0.8978052735328674,0.19181351363658905,-0.17905105650424957,0.7727705836296082,0.22412152588367462,-0.10663914680480957,0.6457239389419556,0.20296387374401093,-0.056592002511024475
0.0,0.0,0.0,0.04150690138339996,-0.4858635365962982,0.03439142927527428,-0.1095748022198677,-0.8702322840690613,0.007457822095602751,-0.31987449526786804,-0.9645442962646484,-0.028919747099280357,-0.5091490745544434,-0.9051562547683716,-0.0797545313835144,-0.1840338110923767,-1.084617018699646,-0.12320217490196228,-0.3206481635570526,-1.6264052391052246,-0.17529518902301788,-0.41220927238464355,-1.9277042150497437,-0.190251424908638,-0.49680718779563904,-2.1517467498779297,-0.20189319550991058,-0.38748541474342346,-0.9058194756507874,-0.17130713164806366,-0.6018456816673279,-1.1593759059906006,-0.21767322719097137,-0.5362979769706726,-0.9914333820343018,-0.18041105568408966,-0.44864368438720703,-0.8711340427398682,-0.15454930067062378,-0.5588330030441284,-0.6684088706970215,-0.2052503228187561,-0.7241090536117554,-0.9306921362876892,-0.22546641528606415,-0.6392769813537598,-0.7967978119850159,-0.1381906419992447,-0.561029851436615,-0.6853621602058411,-0.08606258779764175,-0.6887391805648804,-0.41964974999427795,-0.23530377447605133,-0.8206287622451782,-0.6797386407852173,-0.22690530121326447,-0.7355951070785522,-0.5871572494506836,-0.13462227582931519,-0.662013828754425,-0.47912001609802246,-0.06698545068502426,0.0,0.0,0.0,0.09340839833021164,-0.47043365240097046,0.05554491654038429,0.24142718315124512,-0.86130291223526,0.018027808517217636,0.2922683656215668,-1.2132585048675537,-0.03933805599808693,0.26161789894104004,-1.4756666421890259,-0.10782906413078308,0.713305652141571,-0.8036495447158813,-0.05536506697535515,1.0746012926101685,-0.8736608028411865,-0.058853086084127426,1.2874062061309814,-0.9024471044540405,-0.06382862478494644,1.4487050771713257,-0.9311096668243408,-0.08165005594491959,0.82818204164505,-0.548095166683197,-0.11707372963428497,0.9572978615760803,-0.351887047290802,-0.10387341678142548,0.800325334072113,-0.28103065490722656,-0.07453399896621704,0.651328980922699,-0.29167523980140686,-0.07076464593410492,0.8507975339889526,-0.22048649191856384,-0.16468650102615356,0.911312460899353,-0.07914023846387863,-0.14002686738967896,0.7707087993621826,-0.022935716435313225,-0.07739584147930145,0.6356853246688843,-0.039930835366249084,-0.058782707899808884,0.8380929827690125,0.09746429324150085,-0.20884943008422852,0.8988378643989563,0.18345583975315094,-0.17497479915618896,0.768840491771698,0.2234206199645996,-0.10092604905366898,0.6436575651168823,0.20726896822452545,-0.05386250466108322
0.0,0.0,0.0,0.08658770471811295,-0.5058804750442505,0.02377801202237606,-0.008427808061242104,-0.9575795531272888,-0.005469700321555138,-0.22572995722293854,-1.1394758224487305,-0.03239791467785835,-0.4288182258605957,-1.1049295663833618,-0.07252862304449081,-0.17228689789772034,-1.0795767307281494,-0.1926921159029007,-0.3368433117866516,-1.7049182653427124,-0.257070928812027,-0.44171470403671265,-2.0704963207244873,-0.27570587396621704,-0.5308829545974731,-2.3323445320129395,-0.28644201159477234,-0.40487563610076904,-0.8857039213180542,-0.22716578841209412,-0.5747420191764832,-1.2765251398086548,-0.267488569021225,-0.49335581064224243,-1.1510902643203735,-0.21878701448440552,-0.4105687141418457,-0.9997773766517639,-0.18985465168952942,-0.5906056761741638,-0.6524990797042847,-0.24338233470916748,-0.7261872291564941,-1.0296176671981812,-0.2474837452173233,-0.6303547024726868,-0.9262969493865967,-0.1473781019449234,-0.5529752373695374,-0.7864387035369873,-0.09485504031181335,-0.7326332926750183,-0.40845540165901184,-0.25621891021728516,-0.8462650179862976,-0.7473644018173218,-0.2360375076532364,-0.7453173995018005,-0.6790663003921509,-0.13803699612617493,-0.6746272444725037,-0.5602186918258667,-0.07098204642534256,0.0,0.0,0.0,0.1139330342411995,-0.48167499899864197,0.05479386821389198,0.2834932804107666,-0.8934952616691589,-0.0050001442432403564,0.35325974225997925,-1.277407169342041,-0.08378880470991135,0.32175013422966003,-1.5705347061157227,-0.1756594479084015,0.7447724938392639,-0.8323639631271362,-0.11922385543584824,1.1963309049606323,-0.8577401041984558,-0.15906204283237457,1.4518033266067505,-0.8850961327552795,-0.1758960783481598,1.638058066368103,-0.9284243583679199,-0.1962553858757019,0.8331140875816345,-0.5207427740097046,-0.18640770018100739,1.0970499515533447,-0.3820858597755432,-0.194462850689888,0.9376206994056702,-0.2956252694129944,-0.13492627441883087,0.7702847719192505,-0.2950529456138611,-0.1065276637673378,0.8460908532142639,-0.15767893195152283,-0.23886021971702576,1.039659857749939,-0.07518936693668365,-0.2242330014705658,0.8951755166053772,-0.006023796275258064,-0.12097474932670593,0.7400739789009094,-0.010943815112113953,-0.073785200715065,0.8241894841194153,0.19497895240783691,-0.2865583896636963,0.9893699884414673,0.20466317236423492,-0.25350669026374817,0.8521566390991211,0.24245703220367432,-0.14930245280265808,0.7148498892784119,0.23559680581092834,-0.08203640580177307
0.0,0.0,0.0,0.08166401088237762,-0.48644328117370605,0.023943183943629265,-0.010473758913576603,-0.9111530780792236,0.006557295564562082,-0.22152845561504364,-1.0774966478347778,-0.009864166378974915,-0.40901172161102295,-1.0396618843078613,-0.03665855899453163,-0.20633545517921448,-1.0661875009536743,-0.1377841979265213,-0.3568589985370636,-1.6279737949371338,-0.17867180705070496,-0.44821640849113464,-1.948954463005066,-0.18689489364624023,-0.5263808369636536,-2.1727144718170166,-0.19247877597808838,-0.425294429063797,-0.8895546793937683,-0.16678471863269806,-0.5659822225570679,-1.204713225364685,-0.1920688897371292,-0.4891267716884613,-1.0660773515701294,-0.14799629151821136,-0.41188931465148926,-0.9212020635604858,-0.12045609205961227,-0.5935968160629272,-0.6654620170593262,-0.179916650056839,-0.6896052956581116,-0.9739435911178589,-0.17694708704948425,-0.6018180251121521,-0.863787055015564,-0.08967182040214539,-0.5333292484283447,-0.7345522046089172,-0.044371169060468674,-0.7189090847969055,-0.42643317580223083,-0.18993230164051056,-0.7973772883415222,-0.7008920907974243,-0.1650763899087906,-0.7057157754898071,-0.6240079402923584,-0.07575048506259918,-0.6423829793930054,-0.517738401889801,-0.013405699282884598,0.0,0.0,0.0,0.10919181257486343,-0.4710747003555298,0.07229896634817123,0.2659378945827484,-0.8905475735664368,0.023716773837804794,0.3056076169013977,-1.2640902996063232,-0.048892874270677567,0.24721172451972961,-1.5473672151565552,-0.13796904683113098,0.7164008617401123,-0.8613468408584595,-0.08873353898525238,1.1594377756118774,-0.907738983631134,-0.10555941611528397,1.4068166017532349,-0.9310525059700012,-0.11085135489702225,1.574750542640686,-0.9699683785438538,-0.12499874830245972,0.807232677936554,-0.5672447681427002,-0.1631217896938324,1.0681328773498535,-0.3826720714569092,-0.1546851098537445,0.9181686639785767,-0.2774694561958313,-0.10075650364160538,0.7631676197052002,-0.28682950139045715,-0.0788341537117958,0.8310402631759644,-0.21202883124351501,-0.21959535777568817,1.018447756767273,-0.09641247242689133,-0.18437108397483826,0.8853404521942139,-0.0093616284430027,-0.086197130382061,0.7407916188240051,-0.018806543201208115,-0.04829368367791176,0.8219225406646729,0.13156457245349884,-0.2707176208496094,0.9891587495803833,0.16166256368160248,-0.21790219843387604,0.8594677448272705,0.21401219069957733,-0.10733317583799362,0.7242259979248047,0.20954015851020813,-0.03905034437775612
0.0,0.0,0.0,0.06814981997013092,-0.5011913180351257,0.012251791544258595,-0.048612263053655624,-0.9396436214447021,-0.029392177239060402,-0.2827479839324951,-1.0902997255325317,-0.06793317943811417,-0.4908106029033661,-1.0462614297866821,-0.11903263628482819,-0.18011535704135895,-1.0806770324707031,-0.20303615927696228,-0.3387640118598938,-1.698337435722351,-0.270673543214798,-0.44087785482406616,-2.0499207973480225,-0.29032057523727417,-0.5296666026115417,-2.307495594024658,-0.30246198177337646,-0.40838706493377686,-0.881978452205658,-0.2352318912744522,-0.5911798477172852,-1.23281991481781,-0.2788606584072113,-0.5122103691101074,-1.0818153619766235,-0.22861987352371216,-0.42465704679489136,-0.9427294731140137,-0.19907182455062866,-0.5906246304512024,-0.6462470293045044,-0.25003132224082947,-0.7272137999534607,-0.9917750954627991,-0.2566071152687073,-0.6365821957588196,-0.8722470998764038,-0.15302090346813202,-0.5602415800094604,-0.7388452887535095,-0.09872240573167801,-0.7304651737213135,-0.41362640261650085,-0.2628875970840454,-0.8343410491943359,-0.7238206267356873,-0.2407071739435196,-0.7411198616027832,-0.6395599246025085,-0.14038202166557312,-0.6748896241188049,-0.5221235752105713,-0.07246668636798859,0.0,0.0,0.0,0.10373930633068085,-0.4897693693637848,0.05610975995659828,0.2447575479745865,-0.8923836350440979,-0.005523235071450472,0.288262277841568,-1.2905819416046143,-0.09146527945995331,0.22814753651618958,-1.5784014463424683,-0.18869908154010773,0.7190750241279602,-0.8457937240600586,-0.08460143953561783,1.1633036136627197,-0.8868646025657654,-0.12548840045928955,1.4123588800430298,-0.8966601490974426,-0.14510269463062286,1.5994148254394531,-0.9099863767623901,-0.15819032490253448,0.8175531029701233,-0.5550863146781921,-0.15325184166431427,1.1799393892288208,-0.5494579672813416,-0.13670413196086884,1.2728630304336548,-0.5072279572486877,-0.09838449954986572,1.3198332786560059,-0.5110524892807007,-0.08712141960859299,0.8492646813392639,-0.20042845606803894,-0.20819391310214996,1.0184993743896484,-0.12830176949501038,-0.17738698422908783,0.8746668100357056,-0.0553656667470932,-0.09516475349664688,0.7125498652458191,-0.055947065353393555,-0.052134882658720016,0.8416672348976135,0.15306931734085083,-0.26044267416000366,0.9656686186790466,0.1708507537841797,-0.20978568494319916,0.8329155445098877,0.21130907535552979,-0.10709406435489655,0.6897985935211182,0.2039327472448349,-0.03489390388131142
0.0,0.0,0.0,0.05110248178243637,-0.4741937220096588,0.03650378808379173,-0.08174701035022736,-0.8748437762260437,0.003198156598955393,-0.2890740633010864,-1.007965326309204,-0.03816022351384163,-0.4902662932872772,-0.9625641107559204,-0.09442488104104996,-0.12489226460456848,-1.1026101112365723,-0.14716090261936188,-0.27003300189971924,-1.6629406213760376,-0.21200823783874512,-0.3727836012840271,-1.9770631790161133,-0.2329232096672058,-0.4661094546318054,-2.21037220954895,-0.24683070182800293,-0.33132097125053406,-0.9220619797706604,-0.20007026195526123,-0.576089084148407,-1.2160552740097046,-0.2560826539993286,-0.5232008695602417,-1.0291277170181274,-0.2160995900630951,-0.43287965655326843,-0.8917978405952454,-0.18684642016887665,-0.5117359757423401,-0.68809974193573,-0.2376851737499237,-0.6977612972259521,-0.9779943823814392,-0.26409196853637695,-0.6211234331130981,-0.8260384202003479,-0.16948433220386505,-0.538978099822998,-0.7038309574127197,-0.11079122126102448,-0.6543115377426147,-0.44618889689445496,-0.2712395489215851,-0.7898275256156921,-0.7206514477729797,-0.2638973593711853,-0.7118334174156189,-0.6156684756278992,-0.16763116419315338,-0.6386748552322388,-0.504092812538147,-0.09742669016122818,0.0,0.0,0.0,0.0926034227013588,-0.46105557680130005,0.07045695185661316,0.24318183958530426,-0.8365175724029541,0.032715391367673874,0.2950732409954071,-1.1872578859329224,-0.028340160846710205,0.28979045152664185,-1.4545848369598389,-0.09992912411689758,0.7210663557052612,-0.7633605599403381,-0.047847941517829895,1.1052520275115967,-0.8093112707138062,-0.04669171944260597,1.3161711692810059,-0.8071864247322083,-0.04766041412949562,1.4727113246917725,-0.8004086017608643,-0.058620378375053406,0.8328022360801697,-0.542965829372406,-0.10783583670854568,0.9651744961738586,-0.2945512533187866,-0.07742643356323242,0.8280397057533264,-0.22183862328529358,-0.04605388268828392,0.6962155699729919,-0.22959204018115997,-0.043593715876340866,0.8497451543807983,-0.2410501390695572,-0.15115350484848022,0.9090590476989746,-0.066548191010952,-0.09821756929159164,0.783220112323761,-0.011590155772864819,-0.03789234161376953,0.6540492177009583,-0.02882416360080242,-0.026516184210777283,0.8335654139518738,0.05470564588904381,-0.1904923915863037,0.8933330774307251,0.16313500702381134,-0.12555962800979614,0.7803375124931335,0.20347526669502258,-0.04582776129245758,0.6556993722915649,0.17628954350948334,0.0017170222708955407
0.0,0.0,0.0,0.046566929668188095,-0.48406779766082764,0.03532303869724274,-0.09498747438192368,-0.8716223835945129,0.006451743189245462,-0.30310219526290894,-0.9749061465263367,-0.033615827560424805,-0.49688395857810974,-0.915069580078125,-0.08836867660284042,-0.14020965993404388,-1.0869756937026978,-0.11829952895641327,-0.2720928192138672,-1.626521110534668,-0.18061672151088715,-0.35935139656066895,-1.928425908088684,-0.20518559217453003,-0.43810614943504333,-2.1636059284210205,-0.22327618300914764,-0.3472568690776825,-0.9219756722450256,-0.1713869422674179,-0.5671960711479187,-1.2008092403411865,-0.2280992567539215,-0.5130990147590637,-1.0146692991256714,-0.19733284413814545,-0.4293951690196991,-0.8867444396018982,-0.17369534075260162,-0.5247596502304077,-0.6983242034912109,-0.21157020330429077,-0.6926632523536682,-0.982620894908905,-0.24251310527324677,-0.614346981048584,-0.8323267102241516,-0.15670502185821533,-0.5360586047172546,-0.7127507925033569,-0.10179927945137024,-0.6615445017814636,-0.461239218711853,-0.24805207550525665,-0.788806140422821,-0.7348184585571289,-0.24579167366027832,-0.7085015177726746,-0.6367536783218384,-0.1545811891555786,-0.6340472102165222,-0.5251708626747131,-0.0863824412226677,0.0,0.0,0.0,0.07026895880699158,-0.48085257411003113,0.05722927674651146,0.2066463977098465,-0.8482711315155029,0.007785426918417215,0.2579619288444519,-1.2050796747207642,-0.06226372346282005,0.2510787844657898,-1.465757966041565,-0.14420579373836517,0.6939057111740112,-0.7837620377540588,-0.09044124186038971,1.0831321477890015,-0.8390219807624817,-0.11850795894861221,1.3020474910736084,-0.8373100161552429,-0.14138217270374298,1.4652029275894165,-0.8207114338874817,-0.16538406908512115,0.8191346526145935,-0.5544087290763855,-0.14713723957538605,0.9105849862098694,-0.32745733857154846,-0.13578152656555176,0.7659440636634827,-0.2713724672794342,-0.10737358778715134,0.6323022842407227,-0.283118337392807,-0.1068495437502861,0.840415894985199,-0.23614974319934845,-0.18801066279411316,0.8530677556991577,-0.08755836635828018,-0.14759719371795654,0.7275119423866272,-0.04097828269004822,-0.0833718329668045,0.6051589250564575,-0.05460546910762787,-0.06887874007225037,0.8244986534118652,0.07574243098497391,-0.22662900388240814,0.8330091238021851,0.16892024874687195,-0.1713791936635971,0.7090781927108765,0.19730043411254883,-0.0919472873210907,0.5899757146835327,0.17395523190498352,-0.04264196380972862
0.0,0.0,0.0,0.05243176594376564,-0.4681823253631592,0.045056432485580444,-0.08082186430692673,-0.8610561490058899,0.0256834514439106,-0.2729041278362274,-0.9884802103042603,-0.004442151170223951,-0.4593483805656433,-0.9556856155395508,-0.04881559684872627,-0.12320636212825775,-1.0937728881835938,-0.1020086407661438,-0.25966909527778625,-1.6186872720718384,-0.14734908938407898,-0.34898272156715393,-1.911821722984314,-0.1570756435394287,-0.42858290672302246,-2.129018783569336,-0.16389429569244385,-0.3204071819782257,-0.9348069429397583,-0.1532163918018341,-0.5459328293800354,-1.2217459678649902,-0.19376569986343384,-0.500757098197937,-1.0509454011917114,-0.15632349252700806,-0.4170679748058319,-0.9188539981842041,-0.1279936581850052,-0.4915541708469391,-0.7153428196907043,-0.19019953906536102,-0.6651954650878906,-0.980964183807373,-0.20615728199481964,-0.5996852517127991,-0.8373870849609375,-0.12563492357730865,-0.5261536240577698,-0.7189573049545288,-0.07577572762966156,-0.6259520649909973,-0.48511406779289246,-0.2222852110862732,-0.7558301091194153,-0.7413575053215027,-0.20901432633399963,-0.6849912405014038,-0.6454420685768127,-0.12235172837972641,-0.617262065410614,-0.536881148815155,-0.05839893966913223,0.0,0.0,0.0,0.10766058415174484,-0.4492107629776001,0.09285583347082138,0.2706244885921478,-0.8198803663253784,0.08394980430603027,0.3250357210636139,-1.1526087522506714,0.0443427637219429,0.32259565591812134,-1.4058252573013306,-0.008415420539677143,0.7536745667457581,-0.7418934106826782,0.014858444221317768,1.1247286796569824,-0.7949364185333252,0.036231622099876404,1.3465601205825806,-0.8061521649360657,0.044353507459163666,1.5091708898544312,-0.8130006790161133,0.03714901581406593,0.8570111989974976,-0.512063205242157,-0.05764635279774666,0.9758952856063843,-0.2544983923435211,-0.03424585983157158,0.8207530379295349,-0.18727050721645355,-0.02169267274439335,0.6693026423454285,-0.21673958003520966,-0.0252944715321064,0.8622970581054688,-0.19886352121829987,-0.11249376833438873,0.932879626750946,0.009268006309866905,-0.08837223052978516,0.7918824553489685,0.0697491466999054,-0.050637852400541306,0.6508690714836121,0.03649752959609032,-0.04146848991513252,0.8318513035774231,0.10893702507019043,-0.15898796916007996,0.9543333053588867,0.26117143034935,-0.1280425488948822,0.8694970011711121,0.3044537305831909,-0.06638962030410767,0.7630451321601868,0.2668880820274353,-0.022390414029359818
0.0,0.0,0.0,0.03548822179436684,-0.47348952293395996,0.05267935246229172,-0.11002475768327713,-0.8637943267822266,0.035384662449359894,-0.309693843126297,-0.9559729695320129,0.003111079568043351,-0.4994700253009796,-0.8952879309654236,-0.04447341710329056,-0.1399592161178589,-1.0892329216003418,-0.08654816448688507,-0.2728370130062103,-1.6001249551773071,-0.13356609642505646,-0.366437166929245,-1.8750380277633667,-0.14698021113872528,-0.45167791843414307,-2.083301305770874,-0.1572100669145584,-0.329568088054657,-0.9329476356506348,-0.14489157497882843,-0.567456841468811,-1.1798361539840698,-0.19420066475868225,-0.5260194540023804,-1.0033231973648071,-0.16368050873279572,-0.442154198884964,-0.8821820616722107,-0.13823182880878448,-0.495561420917511,-0.7186293601989746,-0.1893109232187271,-0.6835895776748657,-0.9585041999816895,-0.2128853052854538,-0.6125881671905518,-0.8096798658370972,-0.1330188363790512,-0.5324330925941467,-0.7004064321517944,-0.08160991966724396,-0.6217049360275269,-0.4930243492126465,-0.22869253158569336,-0.7535724639892578,-0.7184629440307617,-0.2196459025144577,-0.6817702651023865,-0.6123155951499939,-0.13206735253334045,-0.6090249419212341,-0.5097320079803467,-0.06617417931556702,0.0,0.0,0.0,0.12006809562444687,-0.4432961344718933,0.0770835354924202,0.27755677700042725,-0.8054920434951782,0.04385712742805481,0.3266611695289612,-1.13620126247406,-0.015320494771003723,0.32746002078056335,-1.3965997695922852,-0.08517235517501831,0.766536295413971,-0.7509664297103882,-0.02320406399667263,1.151581883430481,-0.8065301775932312,-0.022004691883921623,1.3692511320114136,-0.8252795934677124,-0.024003712460398674,1.5267888307571411,-0.8454714417457581,-0.03491135314106941,0.8541435599327087,-0.5120712518692017,-0.09067419171333313,1.0940816402435303,-0.3054518401622772,-0.06340639293193817,0.969266951084137,-0.20444728434085846,-0.027931751683354378,0.8169443607330322,-0.19930140674114227,-0.016428077593445778,0.8596659898757935,-0.20172297954559326,-0.14417755603790283,1.0236319303512573,-0.013181149959564209,-0.0952494665980339,0.9062637686729431,0.05982467532157898,-0.035113245248794556,0.7645764350891113,0.037172771990299225,-0.018365291878581047,0.8317960500717163,0.10521264374256134,-0.1936439424753189,0.9750405550003052,0.24015241861343384,-0.13524192571640015,0.8931502103805542,0.28799697756767273,-0.06317832320928574,0.7856626510620117,0.25018611550331116,-0.01973218098282814
0.0,0.0,0.0,0.048483386635780334,-0.49623966217041016,0.028521286323666573,-0.08662602305412292,-0.9057623147964478,-0.00029427112895064056,-0.30128538608551025,-1.021380066871643,-0.03894708305597305,-0.495800256729126,-0.9687111377716064,-0.09117383509874344,-0.15895701944828033,-1.1011309623718262,-0.11699173599481583,-0.31612828373908997,-1.6338050365447998,-0.17935389280319214,-0.41598519682884216,-1.9375362396240234,-0.2008630335330963,-0.503473699092865,-2.1668272018432617,-0.2146224081516266,-0.3587401807308197,-0.9183735847473145,-0.16701914370059967,-0.585127055644989,-1.201992154121399,-0.22875867784023285,-0.5273935198783875,-1.0357675552368164,-0.2010393589735031,-0.43810829520225525,-0.9104598760604858,-0.17622528970241547,-0.5331264138221741,-0.684351921081543,-0.20464617013931274,-0.7020159959793091,-0.9753908514976501,-0.24076807498931885,-0.6225069165229797,-0.8315069079399109,-0.15636436641216278,-0.5405889749526978,-0.7145955562591553,-0.09955641627311707,-0.6715166568756104,-0.43749770522117615,-0.23926037549972534,-0.793853223323822,-0.7138391733169556,-0.23965194821357727,-0.7125713229179382,-0.6121106147766113,-0.14979371428489685,-0.6401109099388123,-0.5018471479415894,-0.081227608025074,0.0,0.0,0.0,0.1220589205622673,-0.4594140648841858,0.0525684729218483,0.29699668288230896,-0.878284752368927,0.010941904969513416,0.3360186517238617,-1.2643510103225708,-0.051314741373062134,0.2699456512928009,-1.5517138242721558,-0.12522731721401215,0.7676499485969543,-0.7806897759437561,-0.052765924483537674,1.1563116312026978,-0.820085346698761,-0.044709738343954086,1.3735301494598389,-0.839577853679657,-0.037670329213142395,1.5277878046035767,-0.872687816619873,-0.04832573980093002,0.8589590191841125,-0.4992941915988922,-0.1135549396276474,1.027485966682434,-0.2721191942691803,-0.09159461408853531,0.8633846044540405,-0.20359624922275543,-0.055484943091869354,0.7090031504631042,-0.2406734973192215,-0.04833805188536644,0.8664591908454895,-0.16097433865070343,-0.15938988327980042,0.9506622552871704,-0.005694146733731031,-0.12597225606441498,0.8012945652008057,0.04585736244916916,-0.0614934116601944,0.6633065342903137,0.005986933596432209,-0.04304622486233711,0.844200074672699,0.1575113981962204,-0.2013193666934967,0.9430216550827026,0.24276161193847656,-0.15701666474342346,0.8084635734558105,0.2744140028953552,-0.07528898119926453,0.6750701665878296,0.23554712533950806,-0.025054609403014183
0.0,0.0,0.0,0.0714632198214531,-0.4873984754085541,0.025689948350191116,-0.04057539254426956,-0.905020534992218,0.006928036920726299,-0.24671046435832977,-1.0563732385635376,-0.014268375933170319,-0.43304067850112915,-1.0317611694335938,-0.04726092517375946,-0.17901252210140228,-1.082741141319275,-0.13219767808914185,-0.3422892689704895,-1.6297568082809448,-0.17878635227680206,-0.44782182574272156,-1.9341316223144531,-0.18940091133117676,-0.5393881797790527,-2.155911684036255,-0.19674940407276154,-0.3862454295158386,-0.9072158336639404,-0.16665492951869965,-0.5862988829612732,-1.1835105419158936,-0.20117391645908356,-0.520825982093811,-1.033364176750183,-0.15693391859531403,-0.4344469904899597,-0.9111344814300537,-0.1270010769367218,-0.5519362688064575,-0.676213800907135,-0.18722675740718842,-0.6982603669166565,-0.9531129002571106,-0.19333329796791077,-0.6144829392433167,-0.827142059803009,-0.10341353714466095,-0.5348638892173767,-0.7159281373023987,-0.05268435180187225,-0.6731469631195068,-0.43075302243232727,-0.20549826323986053,-0.767776370048523,-0.6841402649879456,-0.18721039593219757,-0.6837601065635681,-0.5944977402687073,-0.09867414832115173,-0.6188291907310486,-0.49214181303977966,-0.03496457263827324,0.0,0.0,0.0,0.08888663351535797,-0.48991572856903076,0.07637439668178558,0.2397422194480896,-0.9212538599967957,0.017932714894413948,0.28366613388061523,-1.3178902864456177,-0.06483812630176544,0.21948398649692535,-1.61607825756073,-0.1624232679605484,0.7170348763465881,-0.8607398271560669,-0.10078554600477219,1.1699937582015991,-0.90252286195755,-0.1274568736553192,1.4312517642974854,-0.9352738857269287,-0.13762423396110535,1.6149580478668213,-0.9611387848854065,-0.15382474660873413,0.8138759136199951,-0.5541298389434814,-0.17477451264858246,1.0685441493988037,-0.3522661030292511,-0.1685647815465927,0.8952381014823914,-0.26490747928619385,-0.10087526589632034,0.7194095849990845,-0.2764105796813965,-0.0695924460887909,0.8320221304893494,-0.18902231752872467,-0.23123954236507416,1.0118340253829956,-0.06295457482337952,-0.20487233996391296,0.8601466417312622,0.012031298130750656,-0.09783369302749634,0.69609135389328,-0.0007624223362654448,-0.05256234481930733,0.8217601776123047,0.16412411630153656,-0.2804568111896515,0.9724196791648865,0.208516925573349,-0.2372695803642273,0.8271905779838562,0.2579486668109894,-0.12541727721691132,0.6804935336112976,0.24380874633789062,-0.05510478466749191
0.0,0.0,0.0,0.06369856745004654,-0.4957812428474426,0.017760349437594414,-0.0619921050965786,-0.9194430112838745,-0.014003127813339233,-0.27349644899368286,-1.0833442211151123,-0.04743850231170654,-0.47287458181381226,-1.0426162481307983,-0.09389882534742355,-0.1891387701034546,-1.085595726966858,-0.16920332610607147,-0.3496358394622803,-1.6643881797790527,-0.23906128108501434,-0.4604479670524597,-1.9949283599853516,-0.2660105526447296,-0.5626735687255859,-2.234052896499634,-0.2837351858615875,-0.40457025170326233,-0.8907098770141602,-0.20726515352725983,-0.6246140003204346,-1.1901917457580566,-0.2634260058403015,-0.5571210384368896,-1.0387778282165527,-0.2238713800907135,-0.4711335301399231,-0.9104143381118774,-0.19665572047233582,-0.5864449739456177,-0.6444911360740662,-0.23061048984527588,-0.7534956336021423,-0.9595173001289368,-0.25465697050094604,-0.6646327972412109,-0.8386785984039307,-0.1566559374332428,-0.5817036032676697,-0.7139771580696106,-0.09739960730075836,-0.7238739728927612,-0.3921680152416229,-0.2522238790988922,-0.8317362666130066,-0.6820526123046875,-0.24711385369300842,-0.7445346713066101,-0.599739670753479,-0.15340466797351837,-0.6766900420188904,-0.4882241189479828,-0.08425270020961761,0.0,0.0,0.0,0.07550958544015884,-0.4974030554294586,0.06715027242898941,0.20931172370910645,-0.9211434125900269,0.008019916713237762,0.2359839528799057,-1.3209093809127808,-0.0714515671133995,0.16213113069534302,-1.6109209060668945,-0.1656309813261032,0.6721353530883789,-0.8791525959968567,-0.10649661719799042,1.1008480787277222,-0.9512298107147217,-0.13242435455322266,1.3448092937469482,-1.0021532773971558,-0.14542363584041595,1.512009620666504,-1.042638897895813,-0.16385315358638763,0.7859015464782715,-0.5940890908241272,-0.17151378095149994,1.0036500692367554,-0.41923028230667114,-0.15486951172351837,0.8459814786911011,-0.32983553409576416,-0.09079872816801071,0.6851609349250793,-0.33297085762023926,-0.06614665687084198,0.8176433444023132,-0.2438291609287262,-0.21933870017528534,0.9489757418632507,-0.14405015110969543,-0.17948633432388306,0.8113247752189636,-0.06737267971038818,-0.07924411445856094,0.6608367562294006,-0.0749465823173523,-0.04286802187561989,0.8187426924705505,0.09551092982292175,-0.26148542761802673,0.9301285147666931,0.11994770914316177,-0.2099255621433258,0.7983919978141785,0.1738423854112625,-0.10301560908555984,0.6642435789108276,0.1679585725069046,-0.03790147602558136
0.0,0.0,0.0,0.0150765934959054,-0.4770714342594147,0.06942296028137207,-0.13463985919952393,-0.8520775437355042,0.05165513604879379,-0.3155691921710968,-0.9426737427711487,0.016016632318496704,-0.49021613597869873,-0.8849256634712219,-0.0361151248216629,-0.16361798346042633,-1.0913639068603516,-0.08554315567016602,-0.3201967477798462,-1.5915297269821167,-0.13027599453926086,-0.421197772026062,-1.8658878803253174,-0.14389429986476898,-0.5095011591911316,-2.069431781768799,-0.15520451962947845,-0.3507291376590729,-0.924256443977356,-0.15079496800899506,-0.5854964256286621,-1.1714880466461182,-0.1855965405702591,-0.5389262437820435,-0.9997430443763733,-0.14826565980911255,-0.4480368494987488,-0.880834698677063,-0.1246711015701294,-0.5112289190292358,-0.6949779391288757,-0.20028053224086761,-0.7038427591323853,-0.934919536113739,-0.20973584055900574,-0.6368800401687622,-0.7874552607536316,-0.12473326176404953,-0.5564759373664856,-0.6758630275726318,-0.07629414647817612,-0.6350897550582886,-0.44931021332740784,-0.24364084005355835,-0.7767723202705383,-0.6840287446975708,-0.22685712575912476,-0.7051734924316406,-0.5888270735740662,-0.13608397543430328,-0.6334375739097595,-0.48961806297302246,-0.0711425319314003,0.0,0.0,0.0,0.1018538549542427,-0.4591927230358124,0.08306681364774704,0.24970220029354095,-0.8567907810211182,0.051962122321128845,0.2795220613479614,-1.206553339958191,-0.0051710098050534725,0.23215331137180328,-1.4597841501235962,-0.07206239551305771,0.7413132190704346,-0.8000887036323547,-0.03812417760491371,1.1454638242721558,-0.8767874836921692,-0.03477570787072182,1.336606502532959,-0.9239405393600464,-0.02452896535396576,1.4572385549545288,-0.9973103404045105,-0.023651909083127975,0.8269990682601929,-0.5523600578308105,-0.10474196076393127,1.0871381759643555,-0.44746512174606323,-0.0673677995800972,0.979036271572113,-0.3719833791255951,-0.015862077474594116,0.8347015976905823,-0.3788915276527405,0.0032725948840379715,0.8401564955711365,-0.2514534294605255,-0.15618763864040375,0.9928458333015442,-0.13682179152965546,-0.09474430978298187,0.8793335556983948,-0.0736728385090828,-0.02623511105775833,0.7315713763237,-0.08888264745473862,-0.007030976936221123,0.8288909196853638,0.040099289268255234,-0.20319467782974243,0.9696909785270691,0.1272277981042862,-0.13104106485843658,0.8980827927589417,0.1770261824131012,-0.053464196622371674,0.7858009338378906,0.15356524288654327,-0.009704634547233582
0.0,0.0,0.0,0.035864461213350296,-0.4885307252407074,0.03858534246683121,-0.1151086613535881,-0.88079833984375,0.016185738146305084,-0.31264710426330566,-0.9869619011878967,-0.016407961025834084,-0.5002738833427429,-0.931229829788208,-0.06336718797683716,-0.14713983237743378,-1.0849864482879639,-0.1123865470290184,-0.3026901185512543,-1.6222578287124634,-0.16479937732219696,-0.4113512337207794,-1.920170545578003,-0.1826780140399933,-0.5133830904960632,-2.1446404457092285,-0.19762152433395386,-0.35278281569480896,-0.9214827418327332,-0.16252338886260986,-0.5818291902542114,-1.1943066120147705,-0.21123602986335754,-0.5232807993888855,-1.0253013372421265,-0.17752514779567719,-0.4360172152519226,-0.8972492814064026,-0.1527695655822754,-0.5315278172492981,-0.6940553784370422,-0.19906266033649445,-0.7088935375213623,-0.9739924073219299,-0.2173738032579422,-0.6253259778022766,-0.8355424404144287,-0.13039904832839966,-0.5464374423027039,-0.7189205884933472,-0.07870405912399292,-0.6691994667053223,-0.4555540084838867,-0.23242300748825073,-0.7937668561935425,-0.7154437899589539,-0.2226295918226242,-0.7112875580787659,-0.6179071068763733,-0.13312481343746185,-0.6382990479469299,-0.5076097249984741,-0.06864572316408157,0.0,0.0,0.0,0.09641111642122269,-0.4538121223449707,0.059118371456861496,0.2431895136833191,-0.8623414039611816,0.01942116767168045,0.2630684971809387,-1.2330540418624878,-0.04268743470311165,0.1909988522529602,-1.496948480606079,-0.11772050708532333,0.6989347338676453,-0.8181684613227844,-0.06909522414207458,1.0962753295898438,-0.8772485852241516,-0.07984413206577301,1.3210046291351318,-0.9122878909111023,-0.08433901518583298,1.4860306978225708,-0.9536128640174866,-0.10174878686666489,0.8094524145126343,-0.5724653601646423,-0.13065297901630402,0.9616132378578186,-0.39223095774650574,-0.12730181217193604,0.8095535039901733,-0.31716254353523254,-0.09623916447162628,0.6624337434768677,-0.32759857177734375,-0.08997653424739838,0.838610827922821,-0.25303322076797485,-0.17657291889190674,0.9036969542503357,-0.12182000279426575,-0.1484069675207138,0.7704154849052429,-0.061334844678640366,-0.08437256515026093,0.6368809342384338,-0.0810517892241478,-0.06631214171648026,0.83442622423172,0.05971045047044754,-0.2194167822599411,0.8906408548355103,0.14018549025058746,-0.17841999232769012,0.7649216055870056,0.17431725561618805,-0.1052255779504776,0.6399566531181335,0.14659203588962555,-0.06086974963545799
0.0,0.0,0.0,0.0422239676117897,-0.5042389035224915,0.04505636543035507,-0.10799037665128708,-0.9023179411888123,0.02503250725567341,-0.29803162813186646,-1.0108752250671387,-0.00646399799734354,-0.476248562335968,-0.9535409808158875,-0.05226403847336769,-0.14406372606754303,-1.0979366302490234,-0.0973336473107338,-0.29358696937561035,-1.6164891719818115,-0.14461146295070648,-0.3897661566734314,-1.9012616872787476,-0.16032451391220093,-0.47721725702285767,-2.115063190460205,-0.17301958799362183,-0.35125911235809326,-0.9244006276130676,-0.1486622840166092,-0.571765124797821,-1.1923679113388062,-0.1905355602502823,-0.5117952227592468,-1.031241536140442,-0.15795430541038513,-0.4230824112892151,-0.9084465503692627,-0.1349245011806488,-0.5286926031112671,-0.6933544278144836,-0.18610942363739014,-0.6948294639587402,-0.9736249446868896,-0.19968649744987488,-0.6108068823814392,-0.8398363590240479,-0.11592873930931091,-0.531938910484314,-0.7222871780395508,-0.06685151904821396,-0.6639814972877502,-0.45220720767974854,-0.21963880956172943,-0.7773604989051819,-0.7107598781585693,-0.20501336455345154,-0.6937868595123291,-0.6177669763565063,-0.11589072644710541,-0.6229795813560486,-0.5106914639472961,-0.05204951763153076,0.0,0.0,0.0,0.101044200360775,-0.45364752411842346,0.05577508360147476,0.24253620207309723,-0.8616505861282349,0.015262626111507416,0.25945889949798584,-1.2143384218215942,-0.04610981047153473,0.18399634957313538,-1.4723877906799316,-0.1189771443605423,0.7064405083656311,-0.8082385063171387,-0.06183118745684624,1.0869532823562622,-0.8612757325172424,-0.0802898183465004,1.3079760074615479,-0.8988074660301208,-0.09596765041351318,1.4670621156692505,-0.9392766356468201,-0.11665599048137665,0.8112743496894836,-0.573530375957489,-0.11356402933597565,0.963520348072052,-0.40977758169174194,-0.1089453473687172,0.8273096084594727,-0.326225221157074,-0.08183623850345612,0.6840029358863831,-0.3283534646034241,-0.07437977939844131,0.8401220440864563,-0.27033644914627075,-0.15012581646442413,0.9070426821708679,-0.1357455998659134,-0.12124308198690414,0.7732397317886353,-0.07315726578235626,-0.06291535496711731,0.6226867437362671,-0.09450448304414749,-0.04198688268661499,0.8374582529067993,0.028614716604351997,-0.18344344198703766,0.8931887745857239,0.10152027755975723,-0.1430896371603012,0.7787577509880066,0.13590307533740997,-0.07206682860851288,0.649671196937561,0.10573273152112961,-0.02356533333659172
0.0,0.0,0.0,0.07168588787317276,-0.4882742762565613,0.025420386344194412,-0.04901649057865143,-0.9071397185325623,-0.003961742389947176,-0.2513239085674286,-1.071344017982483,-0.03457116335630417,-0.44907525181770325,-1.0377740859985352,-0.07803890854120255,-0.1690649837255478,-1.0819214582443237,-0.16484978795051575,-0.3236827850341797,-1.6587271690368652,-0.22314397990703583,-0.4289797246456146,-1.9876772165298462,-0.23891693353652954,-0.5207143425941467,-2.2206199169158936,-0.24908661842346191,-0.38735297322273254,-0.8994905948638916,-0.2021740972995758,-0.5788912773132324,-1.197432041168213,-0.2450585961341858,-0.5109723210334778,-1.0458828210830688,-0.1993035227060318,-0.4278509318828583,-0.9107028245925903,-0.17013421654701233,-0.5684075951576233,-0.6626040935516357,-0.22312195599079132,-0.7076480984687805,-0.9734300374984741,-0.2342613786458969,-0.6215280890464783,-0.8510560393333435,-0.13566738367080688,-0.5452142953872681,-0.7226290702819824,-0.08076097071170807,-0.7061871886253357,-0.4186765253543854,-0.2411518692970276,-0.7919147610664368,-0.6915309429168701,-0.22790496051311493,-0.7034987211227417,-0.6036018133163452,-0.13493776321411133,-0.64136803150177,-0.4933953881263733,-0.06862380355596542,0.0,0.0,0.0,0.08504408597946167,-0.4905308187007904,0.04611240327358246,0.23814411461353302,-0.9163720011711121,-0.020848188549280167,0.2789977192878723,-1.3184447288513184,-0.10612151026725769,0.20616655051708221,-1.619442343711853,-0.2036168873310089,0.7172713279724121,-0.843542754650116,-0.10757328569889069,1.1487289667129517,-0.8818172812461853,-0.13170534372329712,1.3979942798614502,-0.9060826897621155,-0.142915278673172,1.571825623512268,-0.9195705056190491,-0.16233569383621216,0.8194520473480225,-0.5474341511726379,-0.1697472780942917,1.0356616973876953,-0.3388822674751282,-0.16942432522773743,0.8655890226364136,-0.2537989914417267,-0.11789590865373611,0.7049548029899597,-0.2689448893070221,-0.09659736603498459,0.8429649472236633,-0.1932140439748764,-0.2165486216545105,0.9853790998458862,-0.06632107496261597,-0.18768718838691711,0.8410626649856567,0.007824587635695934,-0.09188176691532135,0.6876397132873535,-0.010224457830190659,-0.05449158698320389,0.8385839462280273,0.14992594718933105,-0.260548859834671,0.9328279495239258,0.19478963315486908,-0.21824423968791962,0.7992618680000305,0.24683035910129547,-0.11736838519573212,0.6667333245277405,0.22962266206741333,-0.05347147956490517
0.0,0.0,0.0,0.1000109612941742,-0.5034729838371277,0.011561469174921513,-0.003311833832412958,-0.9683035016059875,-0.022284861654043198,-0.2178000956773758,-1.1778024435043335,-0.051712196320295334,-0.4285118281841278,-1.185821294784546,-0.0925164595246315,-0.132301926612854,-1.1001681089401245,-0.19768992066383362,-0.28618621826171875,-1.7236738204956055,-0.2570408284664154,-0.39062342047691345,-2.0773720741271973,-0.2673966884613037,-0.48230403661727905,-2.326489210128784,-0.2727472484111786,-0.3666006624698639,-0.9022288918495178,-0.2271277755498886,-0.5589454174041748,-1.2823797464370728,-0.2712238132953644,-0.4795013964176178,-1.1408724784851074,-0.22052255272865295,-0.3920046389102936,-0.9907401204109192,-0.18834656476974487,-0.5581502318382263,-0.6654911041259766,-0.23902179300785065,-0.6995688676834106,-1.0376790761947632,-0.24780863523483276,-0.6025745272636414,-0.9176783561706543,-0.1448230892419815,-0.5234388113021851,-0.7751431465148926,-0.08883759379386902,-0.705246090888977,-0.42809900641441345,-0.24840998649597168,-0.8015255331993103,-0.7625387907028198,-0.2326287180185318,-0.7014937996864319,-0.6806010603904724,-0.1366119682788849,-0.6331444978713989,-0.5566990375518799,-0.07039228081703186,0.0,0.0,0.0,0.10700003802776337,-0.5007427334785461,0.06806258112192154,0.27432480454444885,-0.9252472519874573,0.02254466339945793,0.3204670548439026,-1.328351378440857,-0.04374110698699951,0.2531893253326416,-1.628562331199646,-0.12426780164241791,0.7396449446678162,-0.8236136436462402,-0.06579047441482544,1.159524917602539,-0.8366246223449707,-0.06433748453855515,1.3981903791427612,-0.840754508972168,-0.06031591072678566,1.5650519132614136,-0.8368890285491943,-0.07094597816467285,0.841467022895813,-0.5246020555496216,-0.12932859361171722,1.0506386756896973,-0.3072071671485901,-0.101189024746418,0.8883351683616638,-0.22911036014556885,-0.048829395323991776,0.7295226454734802,-0.24618808925151825,-0.030327335000038147,0.8568772077560425,-0.16483360528945923,-0.17517584562301636,0.9846426844596863,-0.04102787375450134,-0.12154755741357803,0.8396435976028442,0.025741321966052055,-0.03466765210032463,0.6892980933189392,0.0025392111856490374,-0.007703665643930435,0.8375606536865234,0.1835177093744278,-0.2163531631231308,0.923186719417572,0.22269558906555176,-0.16112492978572845,0.7862024307250977,0.26751622557640076,-0.06753307580947876,0.6504561901092529,0.24468250572681427,-0.010950898751616478
0.0,0.0,0.0,0.0849163606762886,-0.5068536400794983,0.005597167182713747,-0.03297215327620506,-0.9547258615493774,-0.03201273828744888,-0.24378280341625214,-1.1391552686691284,-0.0641985535621643,-0.4468676745891571,-1.142055630683899,-0.10712339729070663,-0.13371862471103668,-1.1005148887634277,-0.2016560137271881,-0.2839031219482422,-1.7097547054290771,-0.2645396292209625,-0.39370492100715637,-2.051063299179077,-0.27560529112815857,-0.4914449453353882,-2.29542875289917,-0.2818654179573059,-0.3608611822128296,-0.9033732414245605,-0.23172405362129211,-0.5717341899871826,-1.266923189163208,-0.2770279347896576,-0.4921819567680359,-1.109634518623352,-0.22358942031860352,-0.3987354338169098,-0.9625182151794434,-0.1889246702194214,-0.5460355877876282,-0.6638632416725159,-0.24562020599842072,-0.6949812769889832,-1.0252147912979126,-0.26106491684913635,-0.5974736213684082,-0.8985821008682251,-0.15685485303401947,-0.5189328193664551,-0.7607443332672119,-0.09800688177347183,-0.6887997984886169,-0.42350640892982483,-0.2574233114719391,-0.7937997579574585,-0.7519188523292542,-0.2464490383863449,-0.6975995898246765,-0.6667003035545349,-0.1488446593284607,-0.6304612755775452,-0.543536901473999,-0.08086440712213516,0.0,0.0,0.0,0.12540791928768158,-0.49082812666893005,0.058943502604961395,0.2944895625114441,-0.9099164605140686,0.007333169225603342,0.3354489505290985,-1.3123044967651367,-0.06416548788547516,0.2686338424682617,-1.6159924268722534,-0.14962027966976166,0.7618842720985413,-0.7890424132347107,-0.085279680788517,1.1836681365966797,-0.8039388060569763,-0.0871320515871048,1.4191114902496338,-0.820088267326355,-0.08349927514791489,1.585159182548523,-0.8385194540023804,-0.09695105254650116,0.8560971617698669,-0.495121031999588,-0.14816465973854065,1.0429940223693848,-0.27022331953048706,-0.12470196187496185,0.8770837783813477,-0.20061048865318298,-0.07580335438251495,0.7230960726737976,-0.23052948713302612,-0.06313149631023407,0.8634908199310303,-0.14057280123233795,-0.19370901584625244,0.9650282263755798,-0.00022255480871535838,-0.1442696750164032,0.8154585361480713,0.056147005409002304,-0.05924798920750618,0.6730498671531677,0.01821279339492321,-0.03591815382242203,0.8378324508666992,0.2009618878364563,-0.23584407567977905,0.9155175685882568,0.2636142075061798,-0.1831480711698532,0.7814742922782898,0.29327836632728577,-0.09273206442594528,0.6537281274795532,0.2513599395751953,-0.04022805020213127
0.0,0.0,0.0,0.05438371002674103,-0.49037283658981323,0.016959303990006447,-0.095427967607975,-0.9244996309280396,-0.019440999254584312,-0.32839611172676086,-1.0934786796569824,-0.05924128368496895,-0.5465205311775208,-1.070785641670227,-0.11102132499217987,-0.1338532269001007,-1.1068840026855469,-0.1463860273361206,-0.28750768303871155,-1.6797733306884766,-0.20806439220905304,-0.3802436292171478,-1.9977093935012817,-0.2251022458076477,-0.46141907572746277,-2.238602638244629,-0.23624639213085175,-0.34935447573661804,-0.917860746383667,-0.18836942315101624,-0.6012606024742126,-1.2272844314575195,-0.2498992383480072,-0.5443879961967468,-1.047695279121399,-0.21490731835365295,-0.45129793882369995,-0.9087743759155273,-0.1867213100194931,-0.5398275852203369,-0.6844142079353333,-0.21670284867286682,-0.7277496457099915,-0.9979070425033569,-0.25041669607162476,-0.6436545848846436,-0.8479902744293213,-0.1569492369890213,-0.559400737285614,-0.7167655825614929,-0.09683813899755478,-0.6885921359062195,-0.4491276741027832,-0.2423533946275711,-0.8206598162651062,-0.7401922345161438,-0.24324931204319,-0.7334827780723572,-0.6375919580459595,-0.15082482993602753,-0.6598139405250549,-0.515927255153656,-0.08177777379751205,0.0,0.0,0.0,0.11075233668088913,-0.48421594500541687,0.08706706762313843,0.2785825729370117,-0.8792102336883545,0.055142663419246674,0.3193225860595703,-1.264691710472107,-0.0030689542181789875,0.25115805864334106,-1.5393273830413818,-0.07399565726518631,0.7618014812469482,-0.7648781538009644,-0.022286251187324524,1.163964867591858,-0.7869952917098999,-0.02745627984404564,1.3808062076568604,-0.7936787009239197,-0.02920263074338436,1.5331231355667114,-0.7905856966972351,-0.034870125353336334,0.8567479252815247,-0.5102747082710266,-0.07485136389732361,1.0487607717514038,-0.36525437235832214,-0.021711716428399086,0.9363325238227844,-0.28875282406806946,0.03836100921034813,0.8225293159484863,-0.2723863422870636,0.06364906579256058,0.862474262714386,-0.19804319739341736,-0.11195038259029388,0.9227441549301147,-0.07795341312885284,-0.03863067179918289,0.784999430179596,-0.02895634062588215,0.030130043625831604,0.642892599105835,-0.05156775191426277,0.05005648732185364,0.839537501335144,0.10254444926977158,-0.1432252824306488,0.8539530038833618,0.17026473581790924,-0.061437759548425674,0.7241361737251282,0.19402796030044556,0.020700519904494286,0.5958964228630066,0.16072578728199005,0.07002567499876022
0.0,0.0,0.0,0.05842861160635948,-0.48418286442756653,0.014967426657676697,-0.0687720850110054,-0.913528561592102,-0.01951773837208748,-0.2854667007923126,-1.0758564472198486,-0.054960399866104126,-0.48403096199035645,-1.0463935136795044,-0.10243116319179535,-0.1633499264717102,-1.0850833654403687,-0.16246138513088226,-0.3179284334182739,-1.6431128978729248,-0.2252682000398636,-0.4163967967033386,-1.9591710567474365,-0.2454029619693756,-0.5043066143989563,-2.1992852687835693,-0.2588389813899994,-0.38328054547309875,-0.9015300273895264,-0.20084728300571442,-0.5901894569396973,-1.2264008522033691,-0.25229865312576294,-0.5191134214401245,-1.0663070678710938,-0.21307599544525146,-0.42931419610977173,-0.9287717938423157,-0.1843455284833908,-0.5655576586723328,-0.6696474552154541,-0.22465796768665314,-0.715064287185669,-0.9896741509437561,-0.24470525979995728,-0.625766396522522,-0.86027592420578,-0.15148185193538666,-0.5445682406425476,-0.7335833311080933,-0.09567622095346451,-0.7040733098983765,-0.4302719235420227,-0.24646764993667603,-0.8161330223083496,-0.7303871512413025,-0.23635564744472504,-0.726993978023529,-0.6401773691177368,-0.1426328420639038,-0.6576107740402222,-0.5230720639228821,-0.07496444880962372,0.0,0.0,0.0,0.11470144242048264,-0.45842888951301575,0.06089569628238678,0.28220492601394653,-0.8816922307014465,0.030054019764065742,0.31896892189979553,-1.2604544162750244,-0.02336885780096054,0.2529820501804352,-1.5387581586837769,-0.08794725686311722,0.7443645000457764,-0.776203989982605,-0.029310619458556175,1.0989936590194702,-0.797170102596283,-0.016858700662851334,1.292920470237732,-0.8152261972427368,-0.009941319935023785,1.4305349588394165,-0.8487618565559387,-0.02089550346136093,0.8511901497840881,-0.5171620845794678,-0.08954741060733795,0.9336732625961304,-0.32003989815711975,-0.06260369718074799,0.780518651008606,-0.25809600949287415,-0.036301493644714355,0.6502380967140198,-0.2757650315761566,-0.03600650280714035,0.8662200570106506,-0.19775272905826569,-0.13458038866519928,0.8712440133094788,-0.06987124681472778,-0.09582319110631943,0.7368226051330566,-0.022169670090079308,-0.04626314342021942,0.61881023645401,-0.048548802733421326,-0.03758905455470085,0.8480767607688904,0.10693619400262833,-0.17588236927986145,0.8695192337036133,0.18256869912147522,-0.13011811673641205,0.7486293911933899,0.20711825788021088,-0.06328145414590836,0.6343767642974854,0.17753097414970398,-0.022450005635619164
0.0,0.0,0.0,0.08238926529884338,-0.498489648103714,0.011861790902912617,-0.02503053843975067,-0.9397833347320557,-0.02730293944478035,-0.24118147790431976,-1.1130468845367432,-0.06268135458230972,-0.4371444880962372,-1.0822237730026245,-0.10995706170797348,-0.16044369339942932,-1.087571144104004,-0.1936216801404953,-0.3138488829135895,-1.6781331300735474,-0.2550957202911377,-0.41531410813331604,-2.0168392658233643,-0.269574910402298,-0.5038928389549255,-2.253603458404541,-0.27810561656951904,-0.39155977964401245,-0.8926307559013367,-0.22336353361606598,-0.569105327129364,-1.2547783851623535,-0.26811686158180237,-0.47919344902038574,-1.1222119331359863,-0.21958230435848236,-0.3886999487876892,-0.9743636250495911,-0.188415065407753,-0.5731090307235718,-0.6600794792175293,-0.23596122860908508,-0.704430341720581,-1.0216763019561768,-0.24444763362407684,-0.6022990942001343,-0.9079663157463074,-0.14331728219985962,-0.5219100713729858,-0.7680875062942505,-0.08851458877325058,-0.7082019448280334,-0.4250040352344513,-0.24642130732536316,-0.7954484820365906,-0.7380533218383789,-0.23092561960220337,-0.6972064971923828,-0.6533207893371582,-0.13768446445465088,-0.6334786415100098,-0.5346851348876953,-0.0734950378537178,0.0,0.0,0.0,0.10463089495897293,-0.5020229816436768,0.05524219572544098,0.26558250188827515,-0.9129578471183777,-0.009596833027899265,0.3033738136291504,-1.3202617168426514,-0.09431485086679459,0.2420286238193512,-1.6178075075149536,-0.19289901852607727,0.7371840476989746,-0.8174961805343628,-0.10340633988380432,1.1662158966064453,-0.8370102047920227,-0.1330864131450653,1.4164913892745972,-0.8616030216217041,-0.14997097849845886,1.5952739715576172,-0.8733742833137512,-0.17140577733516693,0.8382754921913147,-0.5194777250289917,-0.16564148664474487,1.0419467687606812,-0.32507020235061646,-0.15846964716911316,0.8770043253898621,-0.25765275955200195,-0.10374152660369873,0.7170354723930359,-0.2746129631996155,-0.08061818033456802,0.8511649966239929,-0.16341494023799896,-0.2122821807861328,0.969136655330658,-0.0637531727552414,-0.17495222389698029,0.8239697217941284,-0.0024173161946237087,-0.08257407695055008,0.6752611398696899,-0.023979322984814644,-0.04829167202115059,0.8323184847831726,0.18042486906051636,-0.2555895745754242,0.9096029996871948,0.21130813658237457,-0.20681335031986237,0.7719483971595764,0.2547105848789215,-0.10854070633649826,0.6402741074562073,0.23503519594669342,-0.046849574893713
0.0,0.0,0.0,0.09706252813339233,-0.5170784592628479,-0.005368572194129229,-0.01757846586406231,-1.0140904188156128,-0.051780182868242264,-0.24669824540615082,-1.2507045269012451,-0.08924221247434616,-0.46798813343048096,-1.2498146295547485,-0.13701865077018738,-0.1430305391550064,-1.106163740158081,-0.23405173420906067,-0.30618563294410706,-1.7644343376159668,-0.3076847791671753,-0.42021408677101135,-2.1325926780700684,-0.3266463577747345,-0.5248444080352783,-2.3922805786132812,-0.3379606306552887,-0.39073994755744934,-0.8830091953277588,-0.2600327134132385,-0.5769878029823303,-1.3314660787582397,-0.31798097491264343,-0.48000064492225647,-1.2181106805801392,-0.2702035903930664,-0.38886937499046326,-1.0541296005249023,-0.24018153548240662,-0.5893738269805908,-0.6363232135772705,-0.2685476243495941,-0.7297905087471008,-1.0699729919433594,-0.28517821431159973,-0.6169608235359192,-0.9744443893432617,-0.17483802139759064,-0.5342843532562256,-0.8172392845153809,-0.1144498661160469,-0.7396825551986694,-0.40383049845695496,-0.27635177969932556,-0.832210898399353,-0.79742830991745,-0.2655780017375946,-0.72295081615448,-0.7287048101425171,-0.16535638272762299,-0.655478835105896,-0.5896500945091248,-0.09774959087371826,0.0,0.0,0.0,0.07624172419309616,-0.4980713427066803,0.01960313878953457,0.22595718502998352,-0.9332674741744995,-0.0432039275765419,0.26024073362350464,-1.3478871583938599,-0.11768431961536407,0.18253518640995026,-1.6403892040252686,-0.20087720453739166,0.6990688443183899,-0.8402960896492004,-0.11514780670404434,1.097280502319336,-0.9138535261154175,-0.14518819749355316,1.3268362283706665,-0.9491123557090759,-0.1652671843767166,1.4867501258850098,-0.9693087339401245,-0.19159582257270813,0.8157668113708496,-0.5559009909629822,-0.1596827507019043,0.9593244194984436,-0.3966684341430664,-0.16245505213737488,0.8173890113830566,-0.32599446177482605,-0.12754514813423157,0.6871835589408875,-0.32963454723358154,-0.12037672847509384,0.8415553569793701,-0.2199980765581131,-0.1918037086725235,0.8860944509506226,-0.15008962154388428,-0.16627612709999084,0.7665839195251465,-0.09297937154769897,-0.09527494013309479,0.6439153552055359,-0.10247568786144257,-0.07370210438966751,0.8368729948997498,0.09819059073925018,-0.2242853343486786,0.8615323305130005,0.11532929539680481,-0.1875578612089157,0.7524787783622742,0.15089070796966553,-0.10944461822509766,0.6447579860687256,0.14323334395885468,-0.06050838902592659
0.0,0.0,0.0,0.08595838397741318,-0.5174317955970764,-0.002576644765213132,-0.03707212582230568,-1.0151920318603516,-0.04211360961198807,-0.26126906275749207,-1.2626917362213135,-0.07592649012804031,-0.4761585295200348,-1.2814555168151855,-0.11972109228372574,-0.1219818964600563,-1.1124496459960938,-0.19480586051940918,-0.2900078594684601,-1.7525471448898315,-0.2524564266204834,-0.39165112376213074,-2.1142876148223877,-0.26037681102752686,-0.48584792017936707,-2.3809173107147217,-0.2647556960582733,-0.36143478751182556,-0.9053009152412415,-0.2231481522321701,-0.574514627456665,-1.3528012037277222,-0.27888748049736023,-0.4807771146297455,-1.2257393598556519,-0.23695021867752075,-0.38578206300735474,-1.0468212366104126,-0.20449280738830566,-0.5552792549133301,-0.6673374176025391,-0.23473134636878967,-0.7148482799530029,-1.1016944646835327,-0.2573201656341553,-0.6030819416046143,-0.9933445453643799,-0.15945453941822052,-0.520153284072876,-0.8269338011741638,-0.09990356117486954,-0.7038175463676453,-0.44459280371665955,-0.24418245255947113,-0.8280714154243469,-0.8270201086997986,-0.2352072298526764,-0.7260068655014038,-0.7521121501922607,-0.1391449272632599,-0.6574196219444275,-0.6067132353782654,-0.07158853113651276,0.0,0.0,0.0,0.0824509859085083,-0.5021974444389343,0.0633230060338974,0.2174711376428604,-0.928629457950592,0.005511363968253136,0.2564929127693176,-1.3402308225631714,-0.06956936419010162,0.18572257459163666,-1.640857219696045,-0.15810413658618927,0.6946315169334412,-0.8258614540100098,-0.12370751053094864,1.1323481798171997,-0.8745825886726379,-0.14035791158676147,1.3598904609680176,-0.9235422015190125,-0.1442905217409134,1.519981026649475,-0.9738388657569885,-0.159001886844635,0.821319043636322,-0.5418516993522644,-0.17841459810733795,0.9411516785621643,-0.35437366366386414,-0.15197791159152985,0.7676490545272827,-0.29534730315208435,-0.09199976176023483,0.6260358691215515,-0.30866312980651855,-0.07617608457803726,0.849175214767456,-0.20379675924777985,-0.21320466697216034,0.8755854964256287,-0.10500189661979675,-0.15855763852596283,0.7382033467292786,-0.04804772511124611,-0.06935228407382965,0.6100974082946777,-0.06137433648109436,-0.04630667716264725,0.8478211164474487,0.11072436720132828,-0.24279840290546417,0.8633771538734436,0.14378993213176727,-0.18185563385486603,0.7376614212989807,0.17877241969108582,-0.08723703026771545,0.6213238835334778,0.16283828020095825,-0.03198865428566933
0.0,0.0,0.0,0.0904766395688057,-0.5309156179428101,-0.007838991470634937,-0.04155875742435455,-1.0358974933624268,-0.05578169226646423,-0.27554792165756226,-1.277475357055664,-0.09463297575712204,-0.4989749789237976,-1.2922042608261108,-0.14439554512500763,-0.09679815918207169,-1.1322416067123413,-0.2273493856191635,-0.2740092873573303,-1.7784905433654785,-0.3009249269962311,-0.38466814160346985,-2.149268627166748,-0.31674525141716003,-0.4806802272796631,-2.418473720550537,-0.3242291212081909,-0.3266454339027405,-0.9092819690704346,-0.257893443107605,-0.6047040224075317,-1.3593777418136597,-0.32636961340904236,-0.5151943564414978,-1.2341554164886475,-0.28435930609703064,-0.40227216482162476,-1.0619566440582275,-0.25003087520599365,-0.5239791870117188,-0.6568651795387268,-0.2706664502620697,-0.7381243109703064,-1.0879504680633545,-0.30661171674728394,-0.6294936537742615,-0.9912084937095642,-0.20793330669403076,-0.531557023525238,-0.833740770816803,-0.14397232234477997,-0.6774884462356567,-0.42735788226127625,-0.2805511951446533,-0.8494059443473816,-0.8124998211860657,-0.28266021609306335,-0.7459189295768738,-0.7511078715324402,-0.18563951551914215,-0.6635493636131287,-0.610542893409729,-0.11459305137395859,0.0,0.0,0.0,0.08887963742017746,-0.4742313623428345,0.06317292898893356,0.23592707514762878,-0.9039013981819153,0.024579288437962532,0.27731257677078247,-1.2977842092514038,-0.031219039112329483,0.20080026984214783,-1.5808086395263672,-0.0967424213886261,0.7057523131370544,-0.8174583315849304,-0.07673012465238571,1.1190026998519897,-0.8775086402893066,-0.08884996920824051,1.3491781949996948,-0.913938581943512,-0.08887840062379837,1.5152426958084106,-0.9539874792098999,-0.09613890945911407,0.8266441822052002,-0.5491679310798645,-0.12277618795633316,0.9788379073143005,-0.3914659023284912,-0.09830985218286514,0.8196711540222168,-0.3271351754665375,-0.04174065217375755,0.6710214018821716,-0.3283306658267975,-0.015520734712481499,0.8531023263931274,-0.2311723232269287,-0.15198275446891785,0.8845834732055664,-0.13378342986106873,-0.11107959598302841,0.7475870847702026,-0.08142880350351334,-0.04131496697664261,0.6131717562675476,-0.09094494581222534,-0.01574695110321045,0.8515996932983398,0.06771592050790787,-0.17446421086788177,0.8742828965187073,0.10336754471063614,-0.1238095760345459,0.7529478669166565,0.1382642388343811,-0.043242115527391434,0.6360923051834106,0.12047658860683441,0.00964006781578064
0.0,0.0,0.0,0.06132978945970535,-0.5111256837844849,-0.01615864224731922,-0.09044316411018372,-1.0034544467926025,-0.08017942309379578,-0.33963266015052795,-1.2390563488006592,-0.13558419048786163,-0.5776992440223694,-1.2492010593414307,-0.2028493881225586,-0.1256784349679947,-1.1347442865371704,-0.25681638717651367,-0.32415342330932617,-1.7945741415023804,-0.35415810346603394,-0.45030561089515686,-2.1633710861206055,-0.38304993510246277,-0.5581485629081726,-2.4390738010406494,-0.3989894390106201,-0.3511142134666443,-0.8891347050666809,-0.293527215719223,-0.688575029373169,-1.2995752096176147,-0.39215216040611267,-0.6069486141204834,-1.122521996498108,-0.3531363308429718,-0.48431992530822754,-0.9512969851493835,-0.3178356885910034,-0.5601401925086975,-0.6098535060882568,-0.3137814402580261,-0.8312846422195435,-1.0282835960388184,-0.381805956363678,-0.7204274535179138,-0.8906809687614441,-0.2738860845565796,-0.6093685626983643,-0.7264624238014221,-0.19669494032859802,-0.7323125600814819,-0.3411765694618225,-0.3319372832775116,-0.93736732006073,-0.7106818556785583,-0.36437344551086426,-0.8292016386985779,-0.6374682188034058,-0.26869699358940125,-0.7327120900154114,-0.5026206970214844,-0.19235676527023315,0.0,0.0,0.0,0.10898678749799728,-0.47725218534469604,0.08614769577980042,0.2635549008846283,-0.8835864067077637,0.053295668214559555,0.3098478615283966,-1.2801740169525146,-0.004343564622104168,0.2514239251613617,-1.5578724145889282,-0.07319636642932892,0.7265646457672119,-0.7947726249694824,-0.039318524301052094,1.132508635520935,-0.8503668904304504,-0.06314145773649216,1.3580689430236816,-0.8701536655426025,-0.07637377083301544,1.5200574398040771,-0.8783358931541443,-0.08712907135486603,0.8363391160964966,-0.5405972599983215,-0.09105785936117172,1.067436933517456,-0.40260496735572815,-0.05298697575926781,0.9805321097373962,-0.3379278779029846,0.004957881290465593,0.8753503561019897,-0.3293423354625702,0.031826697289943695,0.859253466129303,-0.23458097875118256,-0.1273048222064972,0.9179612398147583,-0.11602362990379333,-0.0677805170416832,0.7797521352767944,-0.06712333112955093,0.0007618548115715384,0.6396315097808838,-0.08053617179393768,0.02496577613055706,0.8542559742927551,0.05856649577617645,-0.1574755609035492,0.8674824237823486,0.12434465438127518,-0.09370346367359161,0.7321644425392151,0.16106802225112915,-0.01760092005133629,0.6059528589248657,0.13814128935337067,0.03225497901439667
0.0,0.0,0.0,0.036509864032268524,-0.478966623544693,0.03824032098054886,-0.10962073504924774,-0.8685623407363892,0.016685726121068,-0.30001941323280334,-0.9827206134796143,-0.016335897147655487,-0.4689803123474121,-0.9380437731742859,-0.06252330541610718,-0.15363384783267975,-1.086223840713501,-0.095302514731884,-0.31423211097717285,-1.5920790433883667,-0.14382882416248322,-0.41724446415901184,-1.8724559545516968,-0.16144360601902008,-0.5108267664909363,-2.087437152862549,-0.1764998733997345,-0.35835060477256775,-0.922063946723938,-0.1462288498878479,-0.5867189764976501,-1.1839357614517212,-0.1972351372241974,-0.5274873375892639,-1.0053423643112183,-0.1677546203136444,-0.4392136335372925,-0.8741673231124878,-0.14383994042873383,-0.5312635898590088,-0.697018563747406,-0.18424399197101593,-0.7071802020072937,-0.96282958984375,-0.20797094702720642,-0.625872790813446,-0.8204677700996399,-0.12634490430355072,-0.5458390712738037,-0.698162317276001,-0.07459179311990738,-0.6650514602661133,-0.4584972858428955,-0.2191874235868454,-0.7910160422325134,-0.7000263929367065,-0.21257038414478302,-0.7125623226165771,-0.611933171749115,-0.1273726522922516,-0.6410549283027649,-0.50847327709198,-0.06388872116804123,0.0,0.0,0.0,0.11336769163608551,-0.46404752135276794,0.0676274225115776,0.271352082490921,-0.8718702793121338,0.02451258711516857,0.3117072880268097,-1.2614097595214844,-0.042481403797864914,0.2534339427947998,-1.549614429473877,-0.12057887762784958,0.7465607523918152,-0.775215208530426,-0.05242933705449104,1.1502352952957153,-0.8003593683242798,-0.06333696097135544,1.3696945905685425,-0.8158019185066223,-0.06377855688333511,1.5258129835128784,-0.8336825370788574,-0.07245497405529022,0.8494864106178284,-0.5162988305091858,-0.10866652429103851,1.00408935546875,-0.3428736925125122,-0.08681629598140717,0.8521194458007812,-0.2789332866668701,-0.03695273771882057,0.7079848051071167,-0.2826654613018036,-0.016451124101877213,0.8638731241226196,-0.19813446700572968,-0.15059921145439148,0.9161199331283569,-0.06568261235952377,-0.11051508039236069,0.7724146842956543,-0.021272022277116776,-0.04193716123700142,0.6301418542861938,-0.04438339173793793,-0.01933976449072361,0.851969838142395,0.11366622895002365,-0.18762575089931488,0.8759688138961792,0.18777906894683838,-0.13277605175971985,0.744242787361145,0.21496514976024628,-0.05391375720500946,0.6190738677978516,0.18454031646251678,-0.005093632265925407
0.0,0.0,0.0,0.05899517238140106,-0.4768342971801758,0.03752128779888153,-0.07521676272153854,-0.8785659670829773,0.01818379946053028,-0.2633292078971863,-0.9986979961395264,-0.011721432209014893,-0.4375496804714203,-0.9578102827072144,-0.05453493818640709,-0.12754027545452118,-1.094996452331543,-0.0953207015991211,-0.2814224660396576,-1.5957448482513428,-0.14263255894184113,-0.38637885451316833,-1.8708430528640747,-0.15768186748027802,-0.4833002984523773,-2.0745022296905518,-0.1701289713382721,-0.3307916820049286,-0.932498574256897,-0.14499397575855255,-0.554257333278656,-1.1938633918762207,-0.19530124962329865,-0.49221205711364746,-1.0225248336791992,-0.16440552473068237,-0.4036238193511963,-0.8914041519165039,-0.13886277377605438,-0.503212571144104,-0.7110053300857544,-0.18189720809459686,-0.6737944483757019,-0.9748908877372742,-0.20693618059158325,-0.5883702635765076,-0.8367595672607422,-0.12584803998470306,-0.5075556635856628,-0.7161638736724854,-0.07345514744520187,-0.6360548734664917,-0.4777316153049469,-0.2153516709804535,-0.756295919418335,-0.720565676689148,-0.21001529693603516,-0.6753330230712891,-0.6319282650947571,-0.12481627613306046,-0.605108916759491,-0.5276544690132141,-0.0606202594935894,0.0,0.0,0.0,0.10616477578878403,-0.45675376057624817,0.06453593820333481,0.2668086290359497,-0.8529729247093201,0.026419416069984436,0.3131544888019562,-1.224039077758789,-0.034565169364213943,0.26702791452407837,-1.4890327453613281,-0.10745798051357269,0.7446107864379883,-0.7823044061660767,-0.05197635293006897,1.1330995559692383,-0.8132086396217346,-0.059216681867837906,1.3540360927581787,-0.8246558308601379,-0.05999992787837982,1.517452597618103,-0.8405652642250061,-0.07192675769329071,0.8478094339370728,-0.5188561081886292,-0.1095789298415184,0.9833732843399048,-0.37009260058403015,-0.09061576426029205,0.8317006230354309,-0.3130280375480652,-0.050367292016744614,0.6877023577690125,-0.3224664628505707,-0.03801530972123146,0.8623532652854919,-0.19830767810344696,-0.15256507694721222,0.8999008536338806,-0.08987901359796524,-0.11473996192216873,0.7630463242530823,-0.04456085339188576,-0.05270059406757355,0.6277867555618286,-0.06491149961948395,-0.0354139469563961,0.8444002866744995,0.10763966292142868,-0.1915159672498703,0.8625787496566772,0.1667073369026184,-0.14103099703788757,0.7400249242782593,0.19479770958423615,-0.06929467618465424,0.6192404627799988,0.16983000934123993,-0.025971008464694023
0.0,0.0,0.0,0.05958357825875282,-0.5028539299964905,-0.002229101490229368,-0.07871312648057938,-0.9391144514083862,-0.0426311232149601,-0.30225518345832825,-1.1193978786468506,-0.07905866205692291,-0.5020679831504822,-1.123552918434143,-0.12571820616722107,-0.17381639778614044,-1.0923391580581665,-0.18428903818130493,-0.3335188627243042,-1.673456072807312,-0.25737401843070984,-0.4380728304386139,-2.004075288772583,-0.2816225588321686,-0.5294683575630188,-2.2483713626861572,-0.29670655727386475,-0.39463645219802856,-0.8937444090843201,-0.2132674753665924,-0.6166880130767822,-1.2144556045532227,-0.27314433455467224,-0.534264087677002,-1.0588089227676392,-0.23666799068450928,-0.4359567165374756,-0.9217079281806946,-0.2109254151582718,-0.5793269276618958,-0.6474229097366333,-0.22901996970176697,-0.7540488839149475,-0.9771905541419983,-0.2622249126434326,-0.6479422450065613,-0.8508772850036621,-0.169810488820076,-0.554243803024292,-0.7144312262535095,-0.1126432716846466,-0.7206192016601562,-0.39635324478149414,-0.24346889555454254,-0.8508641123771667,-0.703743577003479,-0.2525602877140045,-0.7496219873428345,-0.6242736577987671,-0.16729556024074554,-0.6694931983947754,-0.5029860734939575,-0.10246732085943222,0.0,0.0,0.0,0.11677848547697067,-0.4722815454006195,0.04252256825566292,0.28114014863967896,-0.9070726633071899,-0.005275122821331024,0.31841784715652466,-1.3066530227661133,-0.07078663259744644,0.24696730077266693,-1.5947060585021973,-0.14719340205192566,0.7383596897125244,-0.8009506464004517,-0.08476733416318893,1.1500935554504395,-0.8389135599136353,-0.09626159816980362,1.3714580535888672,-0.8664634227752686,-0.0992911159992218,1.5251957178115845,-0.9058954119682312,-0.11632946133613586,0.8429333567619324,-0.5187577605247498,-0.14266663789749146,1.0067481994628906,-0.3356040120124817,-0.1368541717529297,0.8539746999740601,-0.26411834359169006,-0.10190071165561676,0.709149956703186,-0.2859624922275543,-0.09509530663490295,0.8622329831123352,-0.17890292406082153,-0.1862863451242447,0.9307872653007507,-0.07181915640830994,-0.15684817731380463,0.7953065037727356,-0.01317894272506237,-0.08708269894123077,0.663703978061676,-0.038563985377550125,-0.06708043813705444,0.8490041494369507,0.15035857260227203,-0.227829709649086,0.9104044437408447,0.18848489224910736,-0.19150511920452118,0.7873376607894897,0.22203877568244934,-0.11326468735933304,0.6656184196472168,0.20015038549900055,-0.06480308622121811
0.0,0.0,0.0,0.07711098343133926,-0.511345386505127,-0.0041726138442754745,-0.06395421177148819,-0.996289074420929,-0.0432257242500782,-0.29296571016311646,-1.2339080572128296,-0.07520043104887009,-0.5066215395927429,-1.2635114192962646,-0.11637677997350693,-0.13678677380084991,-1.1082825660705566,-0.1952466070652008,-0.3212466537952423,-1.726077675819397,-0.25164565443992615,-0.4266677498817444,-2.0735788345336914,-0.257157564163208,-0.5193670392036438,-2.331611394882202,-0.2582032084465027,-0.37051525712013245,-0.9025053977966309,-0.21955053508281708,-0.5893185138702393,-1.3315927982330322,-0.27112293243408203,-0.5016090273857117,-1.200054407119751,-0.22499550879001617,-0.4060966670513153,-1.0283617973327637,-0.18904753029346466,-0.5631324648857117,-0.6662980318069458,-0.2277493178844452,-0.729573667049408,-1.0738403797149658,-0.2458738535642624,-0.619916558265686,-0.957604169845581,-0.1482643187046051,-0.5356767177581787,-0.7984174489974976,-0.08888915181159973,-0.7105128169059753,-0.445765882730484,-0.23401442170143127,-0.8364970088005066,-0.7922601103782654,-0.21966040134429932,-0.7330393195152283,-0.7129805088043213,-0.12502917647361755,-0.6641110777854919,-0.5789787769317627,-0.058643415570259094,0.0,0.0,0.0,0.11583250015974045,-0.4847290813922882,0.07249825447797775,0.27143430709838867,-0.9108100533485413,0.023858357220888138,0.3297419548034668,-1.3284872770309448,-0.04523840174078941,0.2678782343864441,-1.6230729818344116,-0.12410734593868256,0.7452177405357361,-0.7922992706298828,-0.08837302029132843,1.195082664489746,-0.7872490286827087,-0.10848701745271683,1.4225832223892212,-0.8118188977241516,-0.11223365366458893,1.5913690328598022,-0.8479951024055481,-0.12219968438148499,0.8505473136901855,-0.5044481754302979,-0.1486651748418808,1.1151808500289917,-0.3080185651779175,-0.11043334007263184,1.0324997901916504,-0.19429808855056763,-0.045971453189849854,0.941014289855957,-0.16190721094608307,-0.021346213296055794,0.8692442178726196,-0.17012032866477966,-0.19120047986507416,0.9408925175666809,-0.0398750863969326,-0.1240636557340622,0.8037216067314148,0.014081279747188091,-0.03536875173449516,0.6702696084976196,-0.008748887106776237,-0.006424581166356802,0.8590326309204102,0.15063916146755219,-0.22991333901882172,0.8953627943992615,0.1983276903629303,-0.16467879712581635,0.7629515528678894,0.2278687059879303,-0.0746121034026146,0.6376180052757263,0.20101581513881683,-0.018773278221488
0.0,0.0,0.0,0.09753971546888351,-0.5205836296081543,-0.017819363623857498,-0.030333656817674637,-1.0433181524276733,-0.07698807865381241,-0.27648240327835083,-1.297560214996338,-0.1240120381116867,-0.5071626305580139,-1.314797043800354,-0.18233370780944824,-0.09822039306163788,-1.1215620040893555,-0.2644362449645996,-0.2718992829322815,-1.8016700744628906,-0.3432609438896179,-0.38543006777763367,-2.181262493133545,-0.3547382056713104,-0.4864867031574249,-2.45566463470459,-0.35931017994880676,-0.34404581785202026,-0.8920354247093201,-0.29309597611427307,-0.617731511592865,-1.3728429079055786,-0.370863676071167,-0.5180965662002563,-1.2449965476989746,-0.32304105162620544,-0.4027148187160492,-1.0688347816467285,-0.2840522527694702,-0.554486095905304,-0.6407307386398315,-0.30292069911956787,-0.7597708702087402,-1.099656581878662,-0.34879186749458313,-0.6367919445037842,-0.9857286214828491,-0.2409045398235321,-0.5409753918647766,-0.8187333345413208,-0.16959622502326965,-0.7208919525146484,-0.40839338302612305,-0.31011873483657837,-0.8837504386901855,-0.813016951084137,-0.3218653202056885,-0.7677565217018127,-0.7359820604324341,-0.22183699905872345,-0.6868577003479004,-0.5899420976638794,-0.14768745005130768,0.0,0.0,0.0,0.13248631358146667,-0.47649526596069336,0.0545879602432251,0.30824121832847595,-0.8801671862602234,0.01613672822713852,0.3575771152973175,-1.278808832168579,-0.04660726338624954,0.29628118872642517,-1.56572687625885,-0.11607993394136429,0.7663374543190002,-0.785404622554779,-0.027142757549881935,1.1798787117004395,-0.8094589114189148,-0.04951666668057442,1.399264931678772,-0.8222600221633911,-0.0579124316573143,1.556532621383667,-0.8498920202255249,-0.05651254579424858,0.863481342792511,-0.49863627552986145,-0.0759071633219719,1.2442705631256104,-0.5379539132118225,-0.05251270532608032,1.4198088645935059,-0.5821219086647034,-0.03126118332147598,1.5097602605819702,-0.6450721025466919,-0.01826387830078602,0.8894112706184387,-0.1763581782579422,-0.11217492818832397,1.0127521753311157,-0.10475888103246689,-0.060817696154117584,0.8557591438293457,-0.06121451407670975,-0.018142927438020706,0.6779542565345764,-0.08102340996265411,0.00826731976121664,0.8764006495475769,0.13535164296627045,-0.14703907072544098,0.9221803545951843,0.18091966211795807,-0.08253887295722961,0.7894083857536316,0.199241504073143,-0.013734722509980202,0.641975998878479,0.17872072756290436,0.04090752825140953
0.0,0.0,0.0,0.06873209029436111,-0.49340587854385376,-0.005658265668898821,-0.07948938757181168,-0.9559268355369568,-0.05773170292377472,-0.3129125237464905,-1.1416724920272827,-0.1050780862569809,-0.5339418649673462,-1.1207362413406372,-0.16294406354427338,-0.11415643244981766,-1.1126866340637207,-0.2084273099899292,-0.2881355881690979,-1.73688805103302,-0.2859497368335724,-0.4024139642715454,-2.075108528137207,-0.3057975769042969,-0.5028454661369324,-2.3316993713378906,-0.31750279664993286,-0.3478884696960449,-0.9055372476577759,-0.24284949898719788,-0.6120468974113464,-1.3111836910247803,-0.3219344913959503,-0.5380577445030212,-1.1328812837600708,-0.28275051712989807,-0.4340357184410095,-0.9675784111022949,-0.24782559275627136,-0.5515315532684326,-0.6661748290061951,-0.2624147832393646,-0.7511963248252869,-1.0662034749984741,-0.30751508474349976,-0.6504426598548889,-0.9213699102401733,-0.20660395920276642,-0.5599701404571533,-0.7677400708198547,-0.1385972946882248,-0.7124005556106567,-0.4359683096408844,-0.2805885970592499,-0.8478296399116516,-0.7861574292182922,-0.288570374250412,-0.7491632699966431,-0.6900947690010071,-0.1934588998556137,-0.674301266670227,-0.5559870004653931,-0.12220074981451035,0.0,0.0,0.0,0.1257525533437729,-0.46267038583755493,0.07853340357542038,0.30961495637893677,-0.8432340621948242,0.05395028740167618,0.356889009475708,-1.206952691078186,0.005597224924713373,0.2941271662712097,-1.4822643995285034,-0.05335179716348648,0.7717176675796509,-0.7299340963363647,-0.0017150926869362593,1.1312859058380127,-0.7607277035713196,0.0007249219343066216,1.333211064338684,-0.7837538719177246,-0.005922905635088682,1.476557970046997,-0.8079169988632202,-0.021560726687312126,0.8673761487007141,-0.4942982792854309,-0.057687826454639435,1.0080170631408691,-0.29412028193473816,-0.01906225085258484,0.8573184609413147,-0.22908134758472443,0.018954293802380562,0.7197405695915222,-0.24640780687332153,0.029734106734395027,0.8716033697128296,-0.1960686445236206,-0.09939645975828171,0.9380196332931519,-0.05901361256837845,-0.04579288512468338,0.7990760207176208,-0.016598215326666832,0.009489902295172215,0.6602649092674255,-0.053649142384529114,0.022189809009432793,0.8422919511795044,0.0899864211678505,-0.13628743588924408,0.8587549328804016,0.17135901749134064,-0.07954907417297363,0.731467604637146,0.1987498551607132,-0.011016828007996082,0.6071853637695312,0.1595352441072464,0.0312637984752655
0.0,0.0,0.0,0.08086702972650528,-0.49568572640419006,0.022250665351748466,-0.038630444556474686,-0.9244170784950256,-0.013164720498025417,-0.2579718232154846,-1.0442384481430054,-0.053112879395484924,-0.4594026803970337,-0.9834955930709839,-0.10619372874498367,-0.1108674556016922,-1.0993876457214355,-0.1456933617591858,-0.24840426445007324,-1.6828867197036743,-0.19938695430755615,-0.3448902666568756,-2.0085442066192627,-0.2120349109172821,-0.43222612142562866,-2.24470853805542,-0.2207687944173813,-0.33784937858581543,-0.9223029613494873,-0.18765677511692047,-0.5312845706939697,-1.2789280414581299,-0.24201098084449768,-0.45815858244895935,-1.1196980476379395,-0.20789243280887604,-0.3719908893108368,-0.9631611704826355,-0.18039502203464508,-0.5267127752304077,-0.7042690515518188,-0.21395286917686462,-0.6719118356704712,-1.053170919418335,-0.23390431702136993,-0.5769566297531128,-0.9216282963752747,-0.14540128409862518,-0.49847322702407837,-0.7774115204811096,-0.09177332371473312,-0.6727736592292786,-0.4834861159324646,-0.23685890436172485,-0.7802717685699463,-0.7969946265220642,-0.2232988029718399,-0.6854978799819946,-0.7103064060211182,-0.12999959290027618,-0.6173080205917358,-0.5912535190582275,-0.06333142518997192,0.0,0.0,0.0,0.11182969808578491,-0.44946712255477905,0.046721480786800385,0.2825111448764801,-0.8432702422142029,0.005631592590361834,0.32579413056373596,-1.205118179321289,-0.055671680718660355,0.2572031319141388,-1.480556845664978,-0.1277778446674347,0.7490024566650391,-0.7546031475067139,-0.04697803780436516,1.1107988357543945,-0.7876480221748352,-0.07145988196134567,1.3313910961151123,-0.8084588646888733,-0.09489725530147552,1.4900219440460205,-0.827481210231781,-0.12125253677368164,0.8520426154136658,-0.5150450468063354,-0.0935521200299263,0.9767974615097046,-0.34419888257980347,-0.0888466164469719,0.8392703533172607,-0.2637731730937958,-0.06243837624788284,0.7071104049682617,-0.25780346989631653,-0.055818356573581696,0.8667688369750977,-0.20906871557235718,-0.12879060208797455,0.9107895493507385,-0.08617348968982697,-0.1041170135140419,0.7783122658729553,-0.03561243787407875,-0.04934187978506088,0.6383401155471802,-0.05582870543003082,-0.031439390033483505,0.8469122648239136,0.09874113649129868,-0.16184751689434052,0.8585333228111267,0.1701652705669403,-0.12416955083608627,0.7350109815597534,0.18863719701766968,-0.05913246050477028,0.6089533567428589,0.1514594703912735,-0.01636592671275139
0.0,0.0,0.0,0.10610000789165497,-0.5127387046813965,0.00560037000104785,0.022024555131793022,-0.9906777143478394,-0.03736292943358421,-0.21167922019958496,-1.1829867362976074,-0.07426585257053375,-0.4264269471168518,-1.1582673788070679,-0.12344671040773392,-0.1291821002960205,-1.0848437547683716,-0.21884337067604065,-0.2923663258552551,-1.7182271480560303,-0.288908988237381,-0.3940669298171997,-2.065830945968628,-0.303676962852478,-0.48468217253685,-2.3189358711242676,-0.31183499097824097,-0.37423738837242126,-0.8938155770301819,-0.24706293642520905,-0.5517469644546509,-1.3129572868347168,-0.2993021309375763,-0.4645806849002838,-1.1719131469726562,-0.2504030764102936,-0.3788716793060303,-1.006572961807251,-0.2189784049987793,-0.5743985772132874,-0.6702451109886169,-0.25736701488494873,-0.7236610651016235,-1.07095205783844,-0.2726263105869293,-0.6118562817573547,-0.9519934058189392,-0.16730055212974548,-0.524005115032196,-0.7974971532821655,-0.10920394957065582,-0.7270603775978088,-0.4451846182346344,-0.2650185823440552,-0.8350693583488464,-0.7897047996520996,-0.2556481659412384,-0.7251885533332825,-0.7107545137405396,-0.16073215007781982,-0.6537476778030396,-0.5843187570571899,-0.09500149637460709,0.0,0.0,0.0,0.11813247203826904,-0.468495637178421,0.04657384380698204,0.28630849719047546,-0.8913009762763977,-0.00223531830124557,0.3418545722961426,-1.2705302238464355,-0.0696512833237648,0.28361499309539795,-1.5561082363128662,-0.14803971350193024,0.7762900590896606,-0.7778133749961853,-0.09380246698856354,1.2119756937026978,-0.7955119013786316,-0.10802599042654037,1.419520616531372,-0.8305373191833496,-0.10987422615289688,1.542371153831482,-0.8977578282356262,-0.12027514725923538,0.8677852749824524,-0.4728916883468628,-0.15271607041358948,1.032009243965149,-0.2651979923248291,-0.13871516287326813,0.8700816631317139,-0.20384953916072845,-0.09461628645658493,0.7177883982658386,-0.24402213096618652,-0.08324938267469406,0.8677877187728882,-0.12023957073688507,-0.19697530567646027,0.9533409476280212,-0.005887582432478666,-0.16890662908554077,0.8100022077560425,0.046345680952072144,-0.09741117805242538,0.6748208999633789,0.013409548439085484,-0.07585509866476059,0.8420251607894897,0.21413815021514893,-0.2368275672197342,0.9289510250091553,0.25324541330337524,-0.19458526372909546,0.794866681098938,0.2805347740650177,-0.10502719134092331,0.6632193326950073,0.25309157371520996,-0.04918855428695679
0.0,0.0,0.0,0.10882167518138885,-0.5233598351478577,-0.025845352560281754,-0.0012574756983667612,-1.0640645027160645,-0.07351266592741013,-0.2799081802368164,-1.3033455610275269,-0.1034647598862648,-0.5080671310424805,-1.3121440410614014,-0.1409263014793396,-0.16087844967842102,-1.0954201221466064,-0.25579914450645447,-0.3643021285533905,-1.7569025754928589,-0.32216355204582214,-0.4771255850791931,-2.128966808319092,-0.3266715407371521,-0.5712831020355225,-2.4013609886169434,-0.32671287655830383,-0.424229234457016,-0.8661275506019592,-0.26429635286331177,-0.5990021228790283,-1.353834867477417,-0.31480491161346436,-0.4831564426422119,-1.2498633861541748,-0.2596879303455353,-0.38447052240371704,-1.0797691345214844,-0.2229539304971695,-0.6256343126296997,-0.6281072497367859,-0.25531482696533203,-0.7540633678436279,-1.0936851501464844,-0.2642567455768585,-0.6230475306510925,-1.0005199909210205,-0.15579241514205933,-0.5355148315429688,-0.8365995287895203,-0.09694497287273407,-0.7756019830703735,-0.40909814834594727,-0.24612966179847717,-0.8614864945411682,-0.8068252801895142,-0.2280987650156021,-0.7403746843338013,-0.7507123947143555,-0.13445736467838287,-0.6750733852386475,-0.6146523952484131,-0.0724022388458252,0.0,0.0,0.0,0.1138417199254036,-0.5086576342582703,0.07244840264320374,0.2714828848838806,-0.9349089860916138,0.015877747908234596,0.3111848831176758,-1.342816710472107,-0.05995193123817444,0.24870581924915314,-1.6337014436721802,-0.1506234109401703,0.7251171469688416,-0.8344447612762451,-0.11602968722581863,1.1766717433929443,-0.8788968324661255,-0.1425047665834427,1.4158458709716797,-0.9264094233512878,-0.15084360539913177,1.5806361436843872,-0.9798765182495117,-0.1650838702917099,0.8302070498466492,-0.5283941626548767,-0.1776396781206131,1.0496140718460083,-0.3862546384334564,-0.15017303824424744,0.8936989307403564,-0.31597208976745605,-0.07471071928739548,0.7351254224777222,-0.3263092041015625,-0.04491584748029709,0.8506954312324524,-0.17153573036193848,-0.22144997119903564,0.975659966468811,-0.11192843317985535,-0.16247092187404633,0.8436486721038818,-0.04045459255576134,-0.05764782801270485,0.7007933855056763,-0.04393906891345978,-0.02343241311609745,0.8402466773986816,0.1727370172739029,-0.25958046317100525,0.9453611373901367,0.15983986854553223,-0.19026024639606476,0.8161194920539856,0.20311611890792847,-0.08009587973356247,0.6851311922073364,0.20256593823432922,-0.01672685705125332
0.0,0.0,0.0,0.0809384137392044,-0.48066461086273193,0.005776979029178619,-0.044940751045942307,-0.8971428275108337,-0.032378900796175,-0.2787129878997803,-1.0128428936004639,-0.07276838272809982,-0.48367029428482056,-0.9688987731933594,-0.12429996579885483,-0.13007676601409912,-1.1078379154205322,-0.14110401272773743,-0.2817051410675049,-1.67578125,-0.20257359743118286,-0.39255979657173157,-1.997133731842041,-0.2219655066728592,-0.4890212416648865,-2.2295942306518555,-0.2352006584405899,-0.3487798273563385,-0.9203685522079468,-0.17684553563594818,-0.5789031386375427,-1.2144337892532349,-0.24320802092552185,-0.5113677382469177,-1.0523109436035156,-0.21641013026237488,-0.4157123863697052,-0.9187561869621277,-0.1920967996120453,-0.5323507785797119,-0.6869552135467529,-0.2004033923149109,-0.7164269089698792,-0.9884870052337646,-0.24000301957130432,-0.6244007349014282,-0.8582229018211365,-0.15715137124061584,-0.5354100465774536,-0.7314525246620178,-0.10237640142440796,-0.6735409498214722,-0.4536774754524231,-0.22149373590946198,-0.8095496296882629,-0.730226993560791,-0.22775253653526306,-0.718256413936615,-0.6429356336593628,-0.1422862559556961,-0.6410573124885559,-0.5331800580024719,-0.07628904283046722,0.0,0.0,0.0,0.11120416224002838,-0.46052682399749756,0.07250496745109558,0.29304495453834534,-0.8429955244064331,0.03484608232975006,0.3278774321079254,-1.2114700078964233,-0.026552928611636162,0.2387305647134781,-1.496822476387024,-0.10000499337911606,0.7758305072784424,-0.745913565158844,-0.03901761770248413,1.1755489110946655,-0.7652978897094727,-0.042049676179885864,1.3957273960113525,-0.7717083096504211,-0.04398442804813385,1.5501571893692017,-0.7777349352836609,-0.05663818120956421,0.8717375993728638,-0.48020264506340027,-0.09735995531082153,1.0272674560546875,-0.3131912052631378,-0.068111352622509,0.8810233473777771,-0.23941145837306976,-0.022174039855599403,0.7346176505088806,-0.23699261248111725,-0.005926603451371193,0.8750876188278198,-0.1639343947172165,-0.14090563356876373,0.9238723516464233,-0.05002668872475624,-0.08392477035522461,0.7855850458145142,-0.004087402019649744,-0.017011545598506927,0.6431464552879333,-0.034856706857681274,-0.0006322512635961175,0.8487868309020996,0.13961394131183624,-0.18115371465682983,0.863350510597229,0.20916806161403656,-0.11451972275972366,0.7418855428695679,0.23139621317386627,-0.03908649832010269,0.620240330696106,0.19067396223545074,0.0028018990997225046
0.0,0.0,0.0,0.04119119420647621,-0.4830223023891449,0.03398128226399422,-0.10776642709970474,-0.8965534567832947,0.003425119910389185,-0.3183749318122864,-1.0140280723571777,-0.03891155123710632,-0.5119028687477112,-0.9580673575401306,-0.09641240537166595,-0.1283000409603119,-1.1126060485839844,-0.11548217386007309,-0.29404959082603455,-1.6448177099227905,-0.1756131798028946,-0.4001701772212982,-1.9374969005584717,-0.19579072296619415,-0.48930132389068604,-2.163156270980835,-0.21049824357032776,-0.3251185715198517,-0.9296536445617676,-0.1733262836933136,-0.598310112953186,-1.2254338264465332,-0.24064795672893524,-0.5565915107727051,-1.0388528108596802,-0.21326160430908203,-0.45993512868881226,-0.8960639834403992,-0.18749544024467468,-0.49924609065055847,-0.693301260471344,-0.21815817058086395,-0.7180225849151611,-0.9835100173950195,-0.2614099681377411,-0.6482869386672974,-0.8314328789710999,-0.18001359701156616,-0.5581993460655212,-0.7033727169036865,-0.12316309660673141,-0.637576162815094,-0.45278018712997437,-0.2590051591396332,-0.8024194240570068,-0.7263445258140564,-0.2669631540775299,-0.730852484703064,-0.6237887144088745,-0.18012592196464539,-0.6510521173477173,-0.5053339600563049,-0.11303308606147766,0.0,0.0,0.0,0.10515916347503662,-0.4514307677745819,0.09317414462566376,0.26799386739730835,-0.8307672739028931,0.06754297018051147,0.3075132668018341,-1.1883405447006226,0.014744648709893227,0.2692139446735382,-1.4563734531402588,-0.05139392241835594,0.7553404569625854,-0.7557549476623535,-0.013412890955805779,1.1524732112884521,-0.7901818156242371,-0.0014459112426266074,1.3742783069610596,-0.7904627919197083,0.0034848214127123356,1.5342575311660767,-0.7899773716926575,-0.004506053868681192,0.8587349057197571,-0.5055837631225586,-0.08342321962118149,1.0731645822525024,-0.275294691324234,-0.038517218083143234,0.9330646991729736,-0.1920682191848755,0.007949737831950188,0.7757748961448669,-0.20482933521270752,0.022845959290862083,0.8710717558860779,-0.18543486297130585,-0.1362597644329071,1.0039116144180298,-0.011578734964132309,-0.06726593524217606,0.8733736276626587,0.04131567105650902,0.002682711696252227,0.7242114543914795,0.002665031934157014,0.018325060606002808,0.8463411927223206,0.12943239510059357,-0.18346866965293884,0.9312834739685059,0.2229474037885666,-0.10981814563274384,0.8051474094390869,0.2507763206958771,-0.02500966563820839,0.6663249731063843,0.1986803263425827,0.023441223427653313
0.0,0.0,0.0,0.07345732301473618,-0.47832435369491577,0.05107828602194786,-0.0450349822640419,-0.8911756277084351,0.03133649379014969,-0.22909146547317505,-1.0517520904541016,0.000924929219763726,-0.4185701012611389,-1.0427006483078003,-0.043647296726703644,-0.07812070846557617,-1.104250192642212,-0.11468725651502609,-0.22541391849517822,-1.662876009941101,-0.16224806010723114,-0.3203508257865906,-1.9661861658096313,-0.17024704813957214,-0.40541085600852966,-2.1956913471221924,-0.17641307413578033,-0.28605762124061584,-0.9429460167884827,-0.1703639179468155,-0.538244903087616,-1.266685128211975,-0.2176734358072281,-0.4924061596393585,-1.0796252489089966,-0.17467375099658966,-0.40413033962249756,-0.9288663864135742,-0.14115440845489502,-0.46955910325050354,-0.7287994027137756,-0.20990915596485138,-0.656170129776001,-1.042102336883545,-0.22798918187618256,-0.5822776556015015,-0.8919083476066589,-0.13435545563697815,-0.5017233490943909,-0.7618860602378845,-0.07627305388450623,-0.6137261390686035,-0.5079559683799744,-0.2445278763771057,-0.7445520758628845,-0.7871325016021729,-0.23401738703250885,-0.6710079908370972,-0.6815487146377563,-0.14067794382572174,-0.6031967997550964,-0.5663602948188782,-0.07225263863801956,0.0,0.0,0.0,0.11411606520414352,-0.4649772047996521,0.08786508440971375,0.28111687302589417,-0.8386340737342834,0.06104164198040962,0.32745635509490967,-1.1956284046173096,0.00838505383580923,0.2964703142642975,-1.4569231271743774,-0.057289060205221176,0.7590393424034119,-0.7492591738700867,-0.010894294828176498,1.13479483127594,-0.7674717903137207,-0.003525219624862075,1.356781005859375,-0.7730180621147156,-0.006084108725190163,1.5199187994003296,-0.771681547164917,-0.02089087851345539,0.8626242876052856,-0.49967238306999207,-0.07878361642360687,1.0252501964569092,-0.2691354751586914,-0.03089132159948349,0.867962121963501,-0.2038649320602417,0.016578486189246178,0.7124847769737244,-0.2251742035150528,0.02994067780673504,0.8687331676483154,-0.1769961416721344,-0.13127952814102173,0.9741284847259521,-0.005781372077763081,-0.06364234536886215,0.8351951241493225,0.030942369252443314,0.007406989578157663,0.6895904541015625,-0.015080633573234081,0.02242491953074932,0.831948459148407,0.13787080347537994,-0.17933817207813263,0.8675821423530579,0.22919800877571106,-0.11096739023923874,0.7317622303962708,0.2459469735622406,-0.030680539086461067,0.5992510914802551,0.19661305844783783,0.014573860913515091
0.0,0.0,0.0,0.07311350107192993,-0.5005393624305725,0.020772026851773262,-0.058155305683612823,-0.9306108355522156,-0.01907787285745144,-0.2712463438510895,-1.0676263570785522,-0.06353285908699036,-0.47178903222084045,-1.028779149055481,-0.1228623017668724,-0.10085909813642502,-1.1026513576507568,-0.15547123551368713,-0.24470201134681702,-1.6730873584747314,-0.223846897482872,-0.34691259264945984,-1.998090147972107,-0.24666298925876617,-0.4357501268386841,-2.240081310272217,-0.26149705052375793,-0.322783499956131,-0.9244912266731262,-0.20279750227928162,-0.5608460307121277,-1.250504970550537,-0.27130773663520813,-0.49066588282585144,-1.074891448020935,-0.23882071673870087,-0.38587525486946106,-0.9264319539070129,-0.20915161073207855,-0.5194113850593567,-0.6929370164871216,-0.23521345853805542,-0.7025814056396484,-1.0116020441055298,-0.27607443928718567,-0.6102873682975769,-0.864250123500824,-0.18225374817848206,-0.5238372087478638,-0.725793719291687,-0.11809511482715607,-0.6761530637741089,-0.4495278298854828,-0.26369914412498474,-0.8045967817306519,-0.7461710572242737,-0.2685847282409668,-0.7091934084892273,-0.6471673250198364,-0.17154140770435333,-0.6329050064086914,-0.5258608460426331,-0.0964692085981369,0.0,0.0,0.0,0.12972000241279602,-0.418957382440567,0.05821751803159714,0.31824690103530884,-0.8174918293952942,0.02995881997048855,0.3593209683895111,-1.170310378074646,-0.023408979177474976,0.275546133518219,-1.4339088201522827,-0.08573240786790848,0.7818073630332947,-0.7315047383308411,-0.00919150561094284,1.1414557695388794,-0.763655424118042,-0.00711775803938508,1.3515247106552124,-0.7598047256469727,-0.010207761079072952,1.4990191459655762,-0.7626752853393555,-0.026552407070994377,0.864690899848938,-0.4967142641544342,-0.07472997158765793,1.022647738456726,-0.2743578851222992,-0.05994364991784096,0.8890484571456909,-0.18455645442008972,-0.03574260696768761,0.7602518200874329,-0.20935814082622528,-0.030514949932694435,0.8713483810424805,-0.1974603235721588,-0.12885279953479767,0.9375344514846802,-0.026630258187651634,-0.09372077137231827,0.8035848140716553,0.0299840047955513,-0.04010194540023804,0.6740168929100037,-0.010367249138653278,-0.025574715808033943,0.8447596430778503,0.09845885634422302,-0.1822902411222458,0.8722212910652161,0.20550109446048737,-0.14069390296936035,0.7503615021705627,0.229972243309021,-0.07889042049646378,0.6289368271827698,0.18609501421451569,-0.040872104465961456
0.0,0.0,0.0,0.07525922358036041,-0.4958812892436981,0.0008890700992196798,-0.05313104763627052,-0.9514430165290833,-0.04178712144494057,-0.281050443649292,-1.1254533529281616,-0.08260297030210495,-0.48448270559310913,-1.1076478958129883,-0.1356312483549118,-0.14403954148292542,-1.0999959707260132,-0.18907757103443146,-0.31125375628471375,-1.6796659231185913,-0.26153451204299927,-0.4146825075149536,-2.0102012157440186,-0.28305357694625854,-0.5043998956680298,-2.2605032920837402,-0.2960573136806488,-0.36697620153427124,-0.9031516909599304,-0.222812682390213,-0.5827741622924805,-1.2442933320999146,-0.2902490496635437,-0.5013322830200195,-1.0777076482772827,-0.25162020325660706,-0.4012294411659241,-0.9245953559875488,-0.22065818309783936,-0.5552831888198853,-0.6626232862472534,-0.24216239154338837,-0.7220399379730225,-1.0029866695404053,-0.2783809006214142,-0.6169516444206238,-0.8663411736488342,-0.1814296394586563,-0.5242719054222107,-0.720212459564209,-0.11922262609004974,-0.70343017578125,-0.41642889380455017,-0.25994837284088135,-0.8300240635871887,-0.7320115566253662,-0.2638242244720459,-0.7292267680168152,-0.642822802066803,-0.17181894183158875,-0.652438759803772,-0.5179761052131653,-0.10323326289653778,0.0,0.0,0.0,0.10665344446897507,-0.44479990005493164,0.0361378937959671,0.27772635221481323,-0.8683412671089172,0.0023278126027435064,0.30870306491851807,-1.248119592666626,-0.050074052065610886,0.2284243106842041,-1.5241912603378296,-0.1122601106762886,0.7314605712890625,-0.7824104428291321,-0.036249980330467224,1.0769405364990234,-0.8180276155471802,-0.031117388978600502,1.2784128189086914,-0.8402753472328186,-0.034371379762887955,1.4179818630218506,-0.875732421875,-0.054000046104192734,0.8461646437644958,-0.5257598161697388,-0.08707452565431595,0.8785054683685303,-0.3632796108722687,-0.07863157242536545,0.7285641431808472,-0.3048415184020996,-0.07076960802078247,0.6064114570617676,-0.32495686411857605,-0.08025974035263062,0.866407573223114,-0.20675882697105408,-0.12490466237068176,0.8411192297935486,-0.11634060740470886,-0.10444045066833496,0.7136781811714172,-0.07331258058547974,-0.06734161823987961,0.6027855277061462,-0.10146135091781616,-0.0617663748562336,0.8534539341926575,0.09806901961565018,-0.16112174093723297,0.8588057160377502,0.1452801525592804,-0.13202570378780365,0.7481505870819092,0.17104171216487885,-0.07395269721746445,0.6414486169815063,0.1521015167236328,-0.03473462909460068
0.0,0.0,0.0,0.05101986601948738,-0.511371910572052,0.0017221950693055987,-0.11079957336187363,-0.9332669973373413,-0.03816719353199005,-0.3533652722835541,-1.0711934566497803,-0.07933353632688522,-0.5721251368522644,-1.040732979774475,-0.12990443408489227,-0.1364561915397644,-1.1193346977233887,-0.1521676927804947,-0.29899096488952637,-1.7216272354125977,-0.22882555425167084,-0.41251471638679504,-2.0548558235168457,-0.2565139830112457,-0.5101877450942993,-2.307938814163208,-0.27394774556159973,-0.35504695773124695,-0.9152677059173584,-0.1903330385684967,-0.6364659667015076,-1.2521013021469116,-0.2716117799282074,-0.5832228064537048,-1.06313955783844,-0.24548380076885223,-0.48014533519744873,-0.9219821691513062,-0.21851883828639984,-0.5527546405792236,-0.6671650409698486,-0.21733129024505615,-0.7671265602111816,-1.0019880533218384,-0.2716038227081299,-0.6898176670074463,-0.8531750440597534,-0.18436789512634277,-0.5975557565689087,-0.7153212428092957,-0.12165849655866623,-0.7159990072250366,-0.4266783595085144,-0.24245552718639374,-0.8715478181838989,-0.7260910868644714,-0.25703105330467224,-0.7889912724494934,-0.6303273439407349,-0.16971459984779358,-0.7067034840583801,-0.5103228688240051,-0.10075410455465317,0.0,0.0,0.0,0.101749949157238,-0.4764801263809204,0.07364333420991898,0.28006860613822937,-0.8619436621665955,0.04201669245958328,0.3095420002937317,-1.2320013046264648,-0.014094723388552666,0.21986572444438934,-1.4957560300827026,-0.08240111172199249,0.7654938101768494,-0.7658745646476746,-0.015399539843201637,1.1486597061157227,-0.7942456007003784,-0.02838992513716221,1.3769608736038208,-0.8019219040870667,-0.042286958545446396,1.5408092737197876,-0.803855299949646,-0.058460015803575516,0.8597059845924377,-0.5065567493438721,-0.06561914831399918,1.0703020095825195,-0.40415099263191223,-0.027971554547548294,0.9570215940475464,-0.338616281747818,0.02099006436765194,0.816805899143219,-0.3330204486846924,0.04284852743148804,0.8700921535491943,-0.19781751930713654,-0.10297677665948868,0.949364423751831,-0.13598084449768066,-0.03578121215105057,0.8160144090652466,-0.09014584124088287,0.032580770552158356,0.6615651249885559,-0.11296600848436356,0.05422121286392212,0.8454167246818542,0.10434392094612122,-0.13788191974163055,0.8622927069664001,0.14046864211559296,-0.06374134868383408,0.7393388152122498,0.15928013622760773,0.011444405652582645,0.6080466508865356,0.12400874495506287,0.05590231716632843
