hand0_x0,hand0_y0,hand0_z0,hand0_x1,hand0_y1,hand0_z1,hand0_x2,hand0_y2,hand0_z2,hand0_x3,hand0_y3,hand0_z3,hand0_x4,hand0_y4,hand0_z4,hand0_x5,hand0_y5,hand0_z5,hand0_x6,hand0_y6,hand0_z6,hand0_x7,hand0_y7,hand0_z7,hand0_x8,hand0_y8,hand0_z8,hand0_x9,hand0_y9,hand0_z9,hand0_x10,hand0_y10,hand0_z10,hand0_x11,hand0_y11,hand0_z11,hand0_x12,hand0_y12,hand0_z12,hand0_x13,hand0_y13,hand0_z13,hand0_x14,hand0_y14,hand0_z14,hand0_x15,hand0_y15,hand0_z15,hand0_x16,hand0_y16,hand0_z16,hand0_x17,hand0_y17,hand0_z17,hand0_x18,hand0_y18,hand0_z18,hand0_x19,hand0_y19,hand0_z19,hand0_x20,hand0_y20,hand0_z20,hand1_x0,hand1_y0,hand1_z0,hand1_x1,hand1_y1,hand1_z1,hand1_x2,hand1_y2,hand1_z2,hand1_x3,hand1_y3,hand1_z3,hand1_x4,hand1_y4,hand1_z4,hand1_x5,hand1_y5,hand1_z5,hand1_x6,hand1_y6,hand1_z6,hand1_x7,hand1_y7,hand1_z7,hand1_x8,hand1_y8,hand1_z8,hand1_x9,hand1_y9,hand1_z9,hand1_x10,hand1_y10,hand1_z10,hand1_x11,hand1_y11,hand1_z11,hand1_x12,hand1_y12,hand1_z12,hand1_x13,hand1_y13,hand1_z13,hand1_x14,hand1_y14,hand1_z14,hand1_x15,hand1_y15,hand1_z15,hand1_x16,hand1_y16,hand1_z16,hand1_x17,hand1_y17,hand1_z17,hand1_x18,hand1_y18,hand1_z18,hand1_x19,hand1_y19,hand1_z19,hand1_x20,hand1_y20,hand1_z20
0.0,0.0,0.0,0.1702844798564911,-0.5383273363113403,-0.027570389211177826,0.12612846493721008,-1.0698184967041016,-0.043310631066560745,-0.08357848972082138,-1.3430542945861816,-0.0502236932516098,-0.2560553550720215,-1.2393667697906494,-0.04964640736579895,-0.3695071041584015,-1.0662709474563599,-0.05484090745449066,-0.4137778580188751,-1.3261780738830566,-0.08712389320135117,-0.28423064947128296,-1.1950465440750122,-0.1305755227804184,-0.22340966761112213,-1.0436089038848877,-0.16011129319667816,-0.5479414463043213,-0.834513247013092,-0.05786077678203583,-0.5421653985977173,-1.0975040197372437,-0.04255233332514763,-0.4302133321762085,-1.001847743988037,-0.052679240703582764,-0.38722333312034607,-0.8551731109619141,-0.07480281591415405,-0.6569172143936157,-0.5959102511405945,-0.05655006691813469,-0.6370352506637573,-0.8427585363388062,-0.028979696333408356,-0.5369904041290283,-0.7815978527069092,-0.0026175940874964,-0.4864712953567505,-0.6535163521766663,-0.0026081327814608812,-0.7233664989471436,-0.3617502748966217,-0.05792563408613205,-0.7113038301467896,-0.602501392364502,-0.02532127872109413,-0.6144577264785767,-0.5495207905769348,0.029150869697332382,-0.5625705122947693,-0.43228253722190857,0.06474311649799347,0.0,0.0,0.0,-0.1848752200603485,-0.5289285778999329,-0.05883096158504486,-0.20956330001354218,-1.040894865989685,-0.10342966020107269,-0.08025907725095749,-1.3277769088745117,-0.14184412360191345,0.06871551275253296,-1.2603139877319336,-0.1721819043159485,0.29851239919662476,-1.0494648218154907,-0.06260394304990768,0.10174327343702316,-1.2834285497665405,-0.10559438169002533,0.011941964738070965,-1.1205626726150513,-0.15533795952796936,0.027767153456807137,-0.9445129632949829,-0.192938432097435,0.4830152690410614,-0.8733530044555664,-0.06285511702299118,0.30613937973976135,-1.1162062883377075,-0.08638851344585419,0.20401239395141602,-1.0085678100585938,-0.10481679439544678,0.19979751110076904,-0.8350740075111389,-0.12337452173233032,0.5985022783279419,-0.6694907546043396,-0.06421443074941635,0.4541490077972412,-0.9147624969482422,-0.09958740323781967,0.3548041582107544,-0.8333896398544312,-0.0852188989520073,0.3490730822086334,-0.680051326751709,-0.0763755589723587,0.6650129556655884,-0.45487239956855774,-0.07066857814788818,0.5460030436515808,-0.6918511390686035,-0.0957656055688858,0.4450171887874603,-0.6118450164794922,-0.05964759364724159,0.43228110671043396,-0.46325814723968506,-0.024383222684264183
0.0,0.0,0.0,0.17402462661266327,-0.586230456829071,-0.041101887822151184,0.11653607338666916,-1.146766185760498,-0.06409227848052979,-0.12390606105327606,-1.460254430770874,-0.07283862680196762,-0.3081783652305603,-1.3593577146530151,-0.06851138919591904,-0.3972022533416748,-1.035292387008667,-0.09085556119680405,-0.48736146092414856,-1.4380261898040771,-0.12971720099449158,-0.32237517833709717,-1.3205031156539917,-0.1648588478565216,-0.24503566324710846,-1.1408379077911377,-0.18509751558303833,-0.6020998954772949,-0.7940610647201538,-0.08332288265228271,-0.6328141093254089,-1.211026668548584,-0.07254727929830551,-0.4866294860839844,-1.1364483833312988,-0.07270665466785431,-0.44048190116882324,-0.9675129652023315,-0.086568683385849,-0.7266725301742554,-0.566753625869751,-0.06960828602313995,-0.7317811846733093,-0.9689504504203796,-0.041737835854291916,-0.6006227135658264,-0.9185017347335815,-8.847291610436514e-06,-0.5450030565261841,-0.7558939456939697,0.010163651779294014,-0.7998744249343872,-0.36199262738227844,-0.059212636202573776,-0.8069960474967957,-0.7293450236320496,-0.03206928074359894,-0.6942463517189026,-0.6940310597419739,0.02780844084918499,-0.6373480558395386,-0.5504258871078491,0.06896614283323288,0.0,0.0,0.0,-0.18778757750988007,-0.5349724888801575,-0.04322231188416481,-0.1991422176361084,-1.0405614376068115,-0.07306521385908127,-0.05834128335118294,-1.320486307144165,-0.10035116970539093,0.08542755991220474,-1.248043179512024,-0.12228460609912872,0.30567753314971924,-1.0600900650024414,-0.02482953853905201,0.13177305459976196,-1.2828073501586914,-0.05399933084845543,0.024586083367466927,-1.1443555355072021,-0.10186164826154709,0.02461038902401924,-0.9831293225288391,-0.1426740288734436,0.47876155376434326,-0.8774145245552063,-0.03051493875682354,0.31582939624786377,-1.0966798067092896,-0.043796442449092865,0.20610544085502625,-0.9879070520401001,-0.0651267021894455,0.18707548081874847,-0.8152579069137573,-0.08777633309364319,0.5884671211242676,-0.6690000295639038,-0.03750866651535034,0.45236435532569885,-0.8785903453826904,-0.061768539249897,0.35112306475639343,-0.799066424369812,-0.051414113491773605,0.3233187794685364,-0.6453874707221985,-0.047563109546899796,0.6546393632888794,-0.44759848713874817,-0.049243275076150894,0.5488371849060059,-0.6578549146652222,-0.06761672347784042,0.450297087430954,-0.5860069990158081,-0.036704882979393005,0.4229664206504822,-0.44910478591918945,-0.0071427724324166775
0.0,0.0,0.0,0.17910566926002502,-0.5035691857337952,-0.03500105068087578,0.1838407963514328,-1.058225393295288,-0.06094413995742798,-0.0234706811606884,-1.4299944639205933,-0.07252784818410873,-0.2448459267616272,-1.4376506805419922,-0.07395727932453156,-0.1728755384683609,-1.11333429813385,-0.10146049410104752,-0.36721372604370117,-1.4661394357681274,-0.14155063033103943,-0.2794027626514435,-1.3295305967330933,-0.16288645565509796,-0.19321458041667938,-1.1604584455490112,-0.16664431989192963,-0.4018022418022156,-0.910682201385498,-0.09598366171121597,-0.5400462746620178,-1.2712030410766602,-0.08372697979211807,-0.4510916769504547,-1.168599009513855,-0.0702628642320633,-0.3890383243560791,-1.0148260593414307,-0.07277297228574753,-0.5865879058837891,-0.6968514919281006,-0.08487221598625183,-0.6791918873786926,-1.0420753955841064,-0.05774521082639694,-0.5912261605262756,-0.9613898396492004,-0.010347635485231876,-0.5318336486816406,-0.8102303743362427,0.0034402210731059313,-0.7283797264099121,-0.4905868172645569,-0.0752786174416542,-0.7778668999671936,-0.7951172590255737,-0.04475148767232895,-0.6978185772895813,-0.7270901203155518,0.018679048866033554,-0.6522932052612305,-0.6080909371376038,0.061011701822280884,0.0,0.0,0.0,-0.1867842972278595,-0.5111740231513977,-0.04764736816287041,-0.22888530790805817,-1.0008723735809326,-0.08619286864995956,-0.119198739528656,-1.307539701461792,-0.1200338751077652,0.029428793117403984,-1.2882540225982666,-0.14511950314044952,0.2695932388305664,-1.06210458278656,-0.0417560376226902,0.0907571092247963,-1.2631465196609497,-0.06643427163362503,-0.007283365353941917,-1.1145559549331665,-0.1054893434047699,-0.0010135509073734283,-0.9612974524497986,-0.14183750748634338,0.44277721643447876,-0.8953669667243958,-0.04760569706559181,0.27456483244895935,-1.1039981842041016,-0.05738131329417229,0.174822136759758,-0.9911170601844788,-0.07375957816839218,0.16400548815727234,-0.8279586434364319,-0.09594660997390747,0.555221676826477,-0.6951029896736145,-0.053247835487127304,0.4169715642929077,-0.9044952392578125,-0.0738108828663826,0.3215450942516327,-0.8166361451148987,-0.05481242761015892,0.30023035407066345,-0.6683114767074585,-0.048355910927057266,0.6259326934814453,-0.4739874303340912,-0.06358262896537781,0.516021192073822,-0.6860105991363525,-0.08237067610025406,0.4241914749145508,-0.6079872846603394,-0.047352299094200134,0.40481650829315186,-0.4746880531311035,-0.01602412573993206
0.0,0.0,0.0,0.19512301683425903,-0.576535701751709,-0.04870030656456947,0.162356436252594,-1.1404999494552612,-0.07488847523927689,-0.07265816628932953,-1.4835277795791626,-0.08439573645591736,-0.2729199230670929,-1.3877379894256592,-0.07836554944515228,-0.33704105019569397,-1.0377812385559082,-0.09673039615154266,-0.41241997480392456,-1.4819189310073853,-0.13620024919509888,-0.255594402551651,-1.3415591716766357,-0.16706354916095734,-0.18762023746967316,-1.1545780897140503,-0.18359237909317017,-0.5581352114677429,-0.8254809379577637,-0.08406146615743637,-0.5747835636138916,-1.2819772958755493,-0.07713083177804947,-0.4337349832057953,-1.1848418712615967,-0.07362266629934311,-0.3921636939048767,-1.0097050666809082,-0.08246544748544693,-0.6981740593910217,-0.62721186876297,-0.06615693122148514,-0.6913582682609558,-1.0623623132705688,-0.04173225909471512,-0.5643681287765503,-0.990924596786499,-0.00023901363601908088,-0.5169164538383484,-0.8202747106552124,0.010737862437963486,-0.7839827537536621,-0.45077887177467346,-0.051978033035993576,-0.7664521336555481,-0.8300831317901611,-0.027196962386369705,-0.6587473750114441,-0.7689191102981567,0.029689470306038857,-0.6144960522651672,-0.6151449680328369,0.06835982948541641,0.0,0.0,0.0,-0.1894652098417282,-0.5233508348464966,-0.03670785203576088,-0.2259169965982437,-1.0127664804458618,-0.07173379510641098,-0.10308469831943512,-1.3194159269332886,-0.10347094386816025,0.047365810722112656,-1.282127022743225,-0.12805889546871185,0.2726301848888397,-1.0629944801330566,-0.04269462451338768,0.11066257208585739,-1.280645728111267,-0.0640563890337944,0.00854866486042738,-1.1319060325622559,-0.09756553173065186,0.002931268885731697,-0.9619725942611694,-0.12926310300827026,0.452129989862442,-0.8905085325241089,-0.05072467029094696,0.3018033504486084,-1.1079766750335693,-0.05738290026783943,0.19997695088386536,-0.9934902191162109,-0.07198654115200043,0.1819818615913391,-0.819881021976471,-0.09362266957759857,0.5718647837638855,-0.6869326829910278,-0.056244026869535446,0.4465653896331787,-0.9003840088844299,-0.07323453575372696,0.34869518876075745,-0.8116133213043213,-0.055084146559238434,0.3184814453125,-0.6548680663108826,-0.04998781159520149,0.6485484838485718,-0.4649849236011505,-0.06502317637205124,0.5477789044380188,-0.6793985366821289,-0.07866673916578293,0.4515816867351532,-0.6004263758659363,-0.04276284947991371,0.4247503876686096,-0.4627043306827545,-0.01172068901360035
0.0,0.0,0.0,0.2038932740688324,-0.5783177614212036,-0.05759177356958389,0.17312991619110107,-1.1470154523849487,-0.08435997366905212,-0.04857882112264633,-1.4919648170471191,-0.09277281910181046,-0.22804918885231018,-1.3985602855682373,-0.08599104732275009,-0.35929569602012634,-1.0353351831436157,-0.09867976605892181,-0.3899139165878296,-1.4736346006393433,-0.13669602572917938,-0.23159129917621613,-1.3308608531951904,-0.17082160711288452,-0.1799689680337906,-1.1431635618209839,-0.193101704120636,-0.5687578320503235,-0.8183435797691345,-0.08263341337442398,-0.5464056730270386,-1.2736327648162842,-0.08125288784503937,-0.40300995111465454,-1.1775189638137817,-0.08514191210269928,-0.3724142909049988,-0.9980888366699219,-0.09949616342782974,-0.696437418460846,-0.6176517605781555,-0.06166019290685654,-0.6560505628585815,-1.0502526760101318,-0.04011296108365059,-0.5258990526199341,-0.9816319346427917,-0.0028268801979720592,-0.4848959147930145,-0.8102982640266418,0.005698077380657196,-0.7714850902557373,-0.4398934245109558,-0.04568661376833916,-0.7326647043228149,-0.8218278288841248,-0.023651542142033577,-0.6223956346511841,-0.7714711427688599,0.028480907902121544,-0.5796751976013184,-0.6196168661117554,0.06381465494632721,0.0,0.0,0.0,-0.20904263854026794,-0.5300059914588928,-0.048778798431158066,-0.25479909777641296,-1.0246766805648804,-0.08678771555423737,-0.12381424009799957,-1.3209142684936523,-0.12104889005422592,0.024617580696940422,-1.2759044170379639,-0.14824703335762024,0.2724829614162445,-1.0640207529067993,-0.05337820202112198,0.09639758616685867,-1.2885723114013672,-0.07979783415794373,-0.00766206718981266,-1.1487536430358887,-0.11985301971435547,-0.008961754851043224,-0.9899832010269165,-0.1569548398256302,0.45321813225746155,-0.8892776966094971,-0.06146983802318573,0.2868357300758362,-1.104103922843933,-0.0729917511343956,0.18462000787258148,-0.9913254976272583,-0.0906500369310379,0.16923630237579346,-0.8213500380516052,-0.11338906735181808,0.570435106754303,-0.6783850193023682,-0.06820794194936752,0.430337518453598,-0.881493091583252,-0.0904608890414238,0.33355817198753357,-0.7920677661895752,-0.07425346970558167,0.3079996705055237,-0.6381637454032898,-0.06946001946926117,0.6422625184059143,-0.4437134861946106,-0.08026940375566483,0.5381717085838318,-0.6450716853141785,-0.10214334726333618,0.4459114372730255,-0.5679894089698792,-0.06954745203256607,0.4192367196083069,-0.4345574676990509,-0.039162930101156235
0.0,0.0,0.0,0.1722070872783661,-0.5087242126464844,-0.030172131955623627,0.14377762377262115,-1.006258249282837,-0.04657647758722305,-0.02369760349392891,-1.2323065996170044,-0.05908352509140968,-0.19713783264160156,-1.135594129562378,-0.06663607805967331,-0.3252224028110504,-1.0857375860214233,-0.028006084263324738,-0.30180832743644714,-1.2148958444595337,-0.07383593171834946,-0.20663532614707947,-1.0852429866790771,-0.13454470038414001,-0.17534466087818146,-0.9532517790794373,-0.17961382865905762,-0.5018172264099121,-0.864082396030426,-0.03925590589642525,-0.4667222797870636,-0.9915167689323425,-0.044788483530282974,-0.376608669757843,-0.9049800038337708,-0.07193948328495026,-0.3324767053127289,-0.7862383723258972,-0.10497011989355087,-0.6099314093589783,-0.6129724979400635,-0.05053162947297096,-0.575217068195343,-0.7516815066337585,-0.05032366141676903,-0.49227428436279297,-0.6829032897949219,-0.03349439054727554,-0.4433877468109131,-0.5717199444770813,-0.034215934574604034,-0.6715918183326721,-0.3704221844673157,-0.06602898240089417,-0.6464150547981262,-0.5327953100204468,-0.05103566497564316,-0.5627204775810242,-0.4806874096393585,-0.0031120609492063522,-0.5146994590759277,-0.39161616563796997,0.029995789751410484,0.0,0.0,0.0,-0.02216721698641777,-0.28205692768096924,-0.05362836271524429,-0.017880631610751152,-0.6484367251396179,-0.10691671818494797,0.027146557345986366,-0.7941796183586121,-0.16136200726032257,0.12687331438064575,-0.7865238189697266,-0.20772354304790497,0.2850276529788971,-0.913228452205658,-0.023318903520703316,0.10961130261421204,-0.9403874278068542,-0.1383771300315857,0.010659104213118553,-0.7608366012573242,-0.2572864890098572,-0.020275240764021873,-0.591475784778595,-0.329482764005661,0.2709498405456543,-0.9617321491241455,-0.040711380541324615,0.08736962825059891,-0.9654103517532349,-0.10577932745218277,0.0008106644963845611,-0.8108475804328918,-0.15621162950992584,-0.0009240999934263527,-0.6321860551834106,-0.19064360857009888,0.22252725064754486,-0.9488129615783691,-0.0708366334438324,0.0307499710470438,-0.9656071662902832,-0.1326696127653122,-0.03625878319144249,-0.7911737561225891,-0.12540513277053833,-0.010245303623378277,-0.6279090046882629,-0.11877955496311188,0.1622409075498581,-0.894397497177124,-0.11039373278617859,-0.047795336693525314,-0.9204899072647095,-0.16683807969093323,-0.12420262396335602,-0.7408927083015442,-0.13854964077472687,-0.10613985359668732,-0.5906197428703308,-0.10168147832155228
0.0,0.0,0.0,0.12758006155490875,-0.4721170663833618,-0.008840441703796387,0.10117374360561371,-0.8551215529441833,-0.040252961218357086,-0.11908404529094696,-0.995904803276062,-0.06968773156404495,-0.30955469608306885,-0.9429433941841125,-0.09498055279254913,-0.183646559715271,-1.0574321746826172,-0.06624593585729599,-0.3100813329219818,-1.2594659328460693,-0.11808829009532928,-0.2594887614250183,-1.111934781074524,-0.1604713797569275,-0.1768815815448761,-0.9548830389976501,-0.18031015992164612,-0.39528945088386536,-0.9150683283805847,-0.07997644692659378,-0.4651075601577759,-1.0462051630020142,-0.07272394746541977,-0.4060676693916321,-0.9158861637115479,-0.06846871227025986,-0.33402377367019653,-0.8003991842269897,-0.07462836802005768,-0.559704065322876,-0.7075777649879456,-0.08997038751840591,-0.5948707461357117,-0.8080364465713501,-0.07595781981945038,-0.5297170877456665,-0.6888039112091064,-0.047341059893369675,-0.4545809030532837,-0.5757228136062622,-0.04093335196375847,-0.6828044056892395,-0.47984328866004944,-0.09984505921602249,-0.683047890663147,-0.5407854914665222,-0.0834539532661438,-0.6053376197814941,-0.43926548957824707,-0.038227155804634094,-0.5369042754173279,-0.3496582508087158,-0.002776344073936343,0.0,0.0,0.0,-0.2504710257053375,-0.45095112919807434,-0.042601827532052994,-0.2895747125148773,-0.8970129489898682,-0.06577840447425842,-0.1845635324716568,-1.1247648000717163,-0.08408617228269577,-0.06907325237989426,-1.055609107017517,-0.10005723685026169,0.22997669875621796,-1.105626106262207,-0.04320094734430313,0.03705444186925888,-1.171337604522705,-0.0537576824426651,-0.04153810441493988,-1.0328147411346436,-0.09393510222434998,-0.028739141300320625,-0.907892644405365,-0.13224080204963684,0.4157184064388275,-0.9083133935928345,-0.04631442576646805,0.22962361574172974,-0.9884293079376221,-0.024690473452210426,0.1424136608839035,-0.8824633955955505,-0.0361885130405426,0.1453736126422882,-0.7463003396987915,-0.06194841489195824,0.520262598991394,-0.6640451550483704,-0.04709337279200554,0.3604561686515808,-0.7570566534996033,-0.038933660835027695,0.2754993736743927,-0.685752272605896,-0.03217025846242905,0.26509833335876465,-0.5631510019302368,-0.04091461002826691,0.5713886022567749,-0.42695432901382446,-0.054021455347537994,0.4590577781200409,-0.5213983058929443,-0.046921949833631516,0.3860572278499603,-0.46033352613449097,-0.015740182250738144,0.37191519141197205,-0.359793096780777,0.006990005262196064
0.0,0.0,0.0,0.08595974743366241,-0.4983953833580017,0.03174356371164322,0.014363156631588936,-0.8550883531570435,0.017342466861009598,-0.19707725942134857,-0.9829464554786682,-0.004223020747303963,-0.37900784611701965,-0.905333936214447,-0.02821890451014042,-0.19673572480678558,-1.0948991775512695,-0.02659355290234089,-0.3915899991989136,-1.2119096517562866,-0.05450413003563881,-0.3403110206127167,-1.0617743730545044,-0.08759726583957672,-0.24786259233951569,-0.9404334425926208,-0.1073414534330368,-0.39426836371421814,-0.9171554446220398,-0.05812345817685127,-0.5376048684120178,-0.9811903238296509,-0.03127867355942726,-0.48530450463294983,-0.8515149354934692,-0.02164476364850998,-0.4003065824508667,-0.7550098299980164,-0.028768589720129967,-0.5535425543785095,-0.68243408203125,-0.08140799403190613,-0.6355772018432617,-0.7248797416687012,-0.0464603491127491,-0.582639217376709,-0.6188526749610901,-0.014783154241740704,-0.5019917488098145,-0.5267457962036133,-0.011066341772675514,-0.6751697659492493,-0.4368510842323303,-0.10267630219459534,-0.7097392678260803,-0.4668254852294922,-0.06595982611179352,-0.6409908533096313,-0.37153053283691406,-0.012519856914877892,-0.5665313601493835,-0.2960546016693115,0.024989476427435875,0.0,0.0,0.0,-0.24827048182487488,-0.43155282735824585,-0.06276173144578934,-0.29637783765792847,-0.8883228302001953,-0.0906107947230339,-0.19562451541423798,-1.1244614124298096,-0.10824183374643326,-0.06316455453634262,-1.0701115131378174,-0.11980712413787842,0.23891671001911163,-1.1049230098724365,-0.05557861179113388,0.017344526946544647,-1.158599615097046,-0.06626135110855103,-0.07432205229997635,-1.0072683095932007,-0.10312750935554504,-0.050207775086164474,-0.8945745825767517,-0.13930778205394745,0.4161108136177063,-0.9080594778060913,-0.047746822237968445,0.21440847218036652,-0.9882917404174805,-0.03031342476606369,0.11659590154886246,-0.8732353448867798,-0.03693384677171707,0.12836389243602753,-0.744673490524292,-0.05721025541424751,0.5176248550415039,-0.6696746945381165,-0.03932862728834152,0.3490534722805023,-0.7690163254737854,-0.04000413045287132,0.2556273639202118,-0.6907405853271484,-0.02988581731915474,0.25670504570007324,-0.5707048773765564,-0.03258543461561203,0.571563184261322,-0.4362170994281769,-0.03783527389168739,0.4492063820362091,-0.5531447529792786,-0.04027894139289856,0.37125545740127563,-0.4858781397342682,-0.007389456499367952,0.3653019964694977,-0.3795631229877472,0.02028629742562771
0.0,0.0,0.0,0.09084814786911011,-0.4984598755836487,0.031244270503520966,0.040568675845861435,-0.8774917721748352,0.020146997645497322,-0.16049900650978088,-1.0301283597946167,0.004688533954322338,-0.3378099203109741,-0.9575963020324707,-0.0106904786080122,-0.21471168100833893,-1.088940143585205,-0.031022464856505394,-0.3933282792568207,-1.2551876306533813,-0.047598015516996384,-0.3285119831562042,-1.1083927154541016,-0.06908823549747467,-0.23767077922821045,-0.9828436970710754,-0.08162126690149307,-0.42005211114883423,-0.9055721759796143,-0.05912045016884804,-0.5335703492164612,-1.0362094640731812,-0.01936696469783783,-0.47039929032325745,-0.9123908877372742,0.0006992253474891186,-0.3951713442802429,-0.804905891418457,-0.0022163656540215015,-0.5826389193534851,-0.6716965436935425,-0.0781838595867157,-0.6372060179710388,-0.7857211232185364,-0.030421029776334763,-0.5793326497077942,-0.6747422218322754,0.009355655871331692,-0.5091906189918518,-0.5639215707778931,0.014687413349747658,-0.7034706473350525,-0.4321773946285248,-0.09516782313585281,-0.7210568189620972,-0.5325996279716492,-0.046551477164030075,-0.6519846320152283,-0.4376256763935089,0.014407959766685963,-0.5892584919929504,-0.3502701222896576,0.05393397435545921,0.0,0.0,0.0,-0.22653557360172272,-0.41853004693984985,-0.002428952604532242,-0.2827651798725128,-0.8515783548355103,-0.020959412679076195,-0.2840767502784729,-1.153853416442871,-0.047208741307258606,-0.27326321601867676,-1.3219305276870728,-0.06158559024333954,0.21414673328399658,-1.072327971458435,-0.013572718016803265,0.21853943169116974,-1.4274587631225586,-0.04664626717567444,0.10099602490663528,-1.3650180101394653,-0.07181120663881302,0.04384785518050194,-1.1915775537490845,-0.07884058356285095,0.40248405933380127,-0.9146015644073486,-0.038866009563207626,0.43274664878845215,-1.294987678527832,-0.04536087438464165,0.3087180554866791,-1.257818579673767,-0.041431110352277756,0.25712621212005615,-1.0897727012634277,-0.03343783691525459,0.5337966680526733,-0.7082065343856812,-0.06428555399179459,0.6074633002281189,-1.094043493270874,-0.06773418933153152,0.48822107911109924,-1.0960166454315186,-0.034832630306482315,0.4301363527774811,-0.9634326100349426,-0.008409114554524422,0.6169472336769104,-0.47816240787506104,-0.08950607478618622,0.7185369729995728,-0.7871206998825073,-0.0763031393289566,0.6246725916862488,-0.8291614055633545,-0.023237494751811028,0.5614631772041321,-0.7432053089141846,0.02425159513950348
0.0,0.0,0.0,0.20107173919677734,-0.4812113642692566,-0.022099075838923454,0.18034537136554718,-0.9513518214225769,-0.03238467872142792,-0.014927027747035027,-1.2282660007476807,-0.03105265088379383,-0.18208971619606018,-1.2736539840698242,-0.02119612507522106,-0.2597494125366211,-1.0777901411056519,-0.07324051856994629,-0.31639373302459717,-1.3360271453857422,-0.09373623877763748,-0.20795689523220062,-1.2003854513168335,-0.11606146395206451,-0.14975401759147644,-1.0416368246078491,-0.12978577613830566,-0.4627529978752136,-0.8837559819221497,-0.06953422725200653,-0.4543137550354004,-1.1312017440795898,-0.03944801911711693,-0.3487473428249359,-1.0316486358642578,-0.029903097078204155,-0.3020171821117401,-0.8904471397399902,-0.03936050087213516,-0.600084662437439,-0.6605435013771057,-0.0595085509121418,-0.559761106967926,-0.8832024335861206,-0.023066062480211258,-0.4657280147075653,-0.8085094690322876,0.00975472666323185,-0.41924798488616943,-0.672694742679596,0.012595751322805882,-0.6911589503288269,-0.4282734990119934,-0.05070440471172333,-0.6468994617462158,-0.6322328448295593,-0.022348575294017792,-0.5587403178215027,-0.570579469203949,0.02451704442501068,-0.5205842852592468,-0.45444345474243164,0.05680219829082489,0.0,0.0,0.0,-0.23873043060302734,-0.48744457960128784,-0.05391957238316536,-0.28965091705322266,-0.97503662109375,-0.08862274885177612,-0.17095831036567688,-1.2625231742858887,-0.11643893271684647,-0.036168694496154785,-1.1674880981445312,-0.13668595254421234,0.20786064863204956,-1.0626550912857056,-0.05804535001516342,0.030908556655049324,-1.2641271352767944,-0.08370589464902878,-0.0488307885825634,-1.1035486459732056,-0.12158986181020737,-0.020193107426166534,-0.9614412784576416,-0.1581421196460724,0.39411938190460205,-0.9171162843704224,-0.05972946062684059,0.22159142792224884,-1.1073392629623413,-0.06490269303321838,0.13160771131515503,-0.9926905632019043,-0.07111566513776779,0.13789521157741547,-0.8424762487411499,-0.08661586791276932,0.5187358260154724,-0.7307294607162476,-0.06188894435763359,0.37123772501945496,-0.9114940762519836,-0.07463417202234268,0.28120186924934387,-0.8218686580657959,-0.05238087475299835,0.2703503668308258,-0.6803824305534363,-0.04526878148317337,0.6010054349899292,-0.518638551235199,-0.0712641105055809,0.48194921016693115,-0.6921417713165283,-0.08421921730041504,0.3990718126296997,-0.6086331009864807,-0.05126024782657623,0.38431432843208313,-0.4802549481391907,-0.02288680337369442
0.0,0.0,0.0,0.17615632712841034,-0.5610916614532471,-0.048158198595047,0.121778205037117,-1.1004689931869507,-0.06965567916631699,-0.13342797756195068,-1.3715903759002686,-0.0717393159866333,-0.3244704604148865,-1.2607053518295288,-0.06272826343774796,-0.36489343643188477,-1.0331676006317139,-0.09432129561901093,-0.39877188205718994,-1.3934783935546875,-0.12003647536039352,-0.25689664483070374,-1.2519221305847168,-0.14846171438694,-0.20507512986660004,-1.0798041820526123,-0.1687173843383789,-0.5672515630722046,-0.8198131918907166,-0.07830686122179031,-0.5299878716468811,-1.1712275743484497,-0.05195480212569237,-0.4026159942150116,-1.082432508468628,-0.04855158552527428,-0.37547919154167175,-0.92764812707901,-0.06368352472782135,-0.6823558807373047,-0.6113860011100769,-0.05582183226943016,-0.6185284852981567,-0.9357464909553528,-0.019390257075428963,-0.50227290391922,-0.8717684745788574,0.013658211566507816,-0.46676164865493774,-0.7232831120491028,0.015105846337974072,-0.746442437171936,-0.41358309984207153,-0.036807190626859665,-0.6884592175483704,-0.7066566944122314,-0.005891688633710146,-0.5833343863487244,-0.6568259000778198,0.045544032007455826,-0.5487051606178284,-0.5235179662704468,0.07900070399045944,0.0,0.0,0.0,-0.21750295162200928,-0.5423465967178345,-0.05899379029870033,-0.23047533631324768,-1.0944147109985352,-0.0942607894539833,-0.07925843447446823,-1.4098058938980103,-0.12003500014543533,0.05663764476776123,-1.298444151878357,-0.13498498499393463,0.28624939918518066,-1.0509282350540161,-0.07242134213447571,0.1566701978445053,-1.393125057220459,-0.0919705182313919,0.025466904044151306,-1.2420754432678223,-0.11510398238897324,0.027213895693421364,-1.0635961294174194,-0.14020666480064392,0.4763445556163788,-0.876917839050293,-0.06411666423082352,0.3465803563594818,-1.2305742502212524,-0.07183675467967987,0.2131330817937851,-1.134803056716919,-0.0648365393280983,0.20215071737766266,-0.9592790603637695,-0.06790626049041748,0.5944082140922546,-0.6923142075538635,-0.05541141703724861,0.4809526801109314,-1.024885892868042,-0.0762132927775383,0.3569619655609131,-0.9543869495391846,-0.05034293606877327,0.33685004711151123,-0.7894494533538818,-0.03680018335580826,0.6606764793395996,-0.5016961097717285,-0.05150700733065605,0.5646055936813354,-0.7956857681274414,-0.07505718618631363,0.4606066048145294,-0.7291498780250549,-0.046053480356931686,0.4399205446243286,-0.5716235637664795,-0.018671298399567604
0.0,0.0,0.0,0.15660318732261658,-0.580731987953186,-0.051559168845415115,0.09255560487508774,-1.1235078573226929,-0.0764380618929863,-0.14757438004016876,-1.4053094387054443,-0.08338367938995361,-0.32889309525489807,-1.2961615324020386,-0.07725031673908234,-0.431598961353302,-1.00318443775177,-0.09591542929410934,-0.4288647174835205,-1.4082080125808716,-0.1259373128414154,-0.26393699645996094,-1.2659952640533447,-0.1577364206314087,-0.21806040406227112,-1.0865058898925781,-0.18263347446918488,-0.6166930794715881,-0.782849133014679,-0.08268558233976364,-0.5557108521461487,-1.1898640394210815,-0.06998378038406372,-0.4086455702781677,-1.0983136892318726,-0.07084155082702637,-0.3825552761554718,-0.9307178258895874,-0.08761042356491089,-0.7103654146194458,-0.5832147598266602,-0.06368530541658401,-0.6321977972984314,-0.9610745310783386,-0.03749287873506546,-0.5044347643852234,-0.8977969884872437,-0.003584773512557149,-0.46955224871635437,-0.7399702072143555,-0.00019542819063644856,-0.7543919682502747,-0.40441665053367615,-0.04885057359933853,-0.6969707012176514,-0.7430998682975769,-0.023999352008104324,-0.5839917659759521,-0.698700487613678,0.026764649897813797,-0.5430468916893005,-0.5589197278022766,0.059845034033060074,0.0,0.0,0.0,-0.17937897145748138,-0.5576350688934326,-0.07374417036771774,-0.153283953666687,-1.1174132823944092,-0.11915658414363861,0.011898639611899853,-1.4474834203720093,-0.149350106716156,0.1441471129655838,-1.3077462911605835,-0.16424857079982758,0.37864556908607483,-1.0112029314041138,-0.08956468105316162,0.2355046272277832,-1.3857471942901611,-0.10686535388231277,0.10776536911725998,-1.2191163301467896,-0.12398865073919296,0.12115270644426346,-1.0277982950210571,-0.14510765671730042,0.5554612278938293,-0.828555703163147,-0.07041498273611069,0.4212901294231415,-1.2111896276474,-0.0770847499370575,0.28474050760269165,-1.1195036172866821,-0.0642724260687828,0.27766868472099304,-0.9430116415023804,-0.06445921957492828,0.6579295992851257,-0.6474518775939941,-0.05077311769127846,0.5504626631736755,-1.0066006183624268,-0.0698060467839241,0.42097118496894836,-0.9497371315956116,-0.04028869420289993,0.40426626801490784,-0.7847742438316345,-0.025314291939139366,0.7076966166496277,-0.46737682819366455,-0.03718531131744385,0.6296579837799072,-0.7821575403213501,-0.057563092559576035,0.5142602324485779,-0.7278115153312683,-0.02780076116323471,0.48612210154533386,-0.5674153566360474,-0.0005786512047052383
0.0,0.0,0.0,0.1581021398305893,-0.5989554524421692,-0.05211132392287254,0.08746015280485153,-1.1348824501037598,-0.07847025990486145,-0.16032178699970245,-1.3918086290359497,-0.08281280845403671,-0.34505343437194824,-1.3025723695755005,-0.07528705149888992,-0.4392355978488922,-0.9975564479827881,-0.12088143080472946,-0.4376605153083801,-1.3876867294311523,-0.1524742990732193,-0.2880653440952301,-1.2606366872787476,-0.18296557664871216,-0.23912104964256287,-1.0810190439224243,-0.20583203434944153,-0.6339617967605591,-0.7664754390716553,-0.1029944196343422,-0.5689799785614014,-1.1637324094772339,-0.08333267271518707,-0.43484747409820557,-1.0841461420059204,-0.07787830382585526,-0.40710461139678955,-0.9183751940727234,-0.09324431419372559,-0.7351585626602173,-0.5548272728919983,-0.07746943831443787,-0.6491811275482178,-0.9265298247337341,-0.044470690190792084,-0.5260307788848877,-0.8671270608901978,-0.00814233161509037,-0.48572325706481934,-0.7085041999816895,-0.006218425463885069,-0.7809497117996216,-0.35963600873947144,-0.05550369992852211,-0.7121038436889648,-0.6850600838661194,-0.02928907424211502,-0.5984417796134949,-0.6424116492271423,0.020202385261654854,-0.5550646185874939,-0.5029493570327759,0.05195062607526779,0.0,0.0,0.0,-0.1685272753238678,-0.5724767446517944,-0.07688579708337784,-0.14206664264202118,-1.1270884275436401,-0.12783923745155334,0.030369365587830544,-1.4604907035827637,-0.1656196564435959,0.17845742404460907,-1.3878265619277954,-0.18838652968406677,0.4167906939983368,-1.001187801361084,-0.11334021389484406,0.3008941411972046,-1.3978508710861206,-0.1410369724035263,0.15451014041900635,-1.2619613409042358,-0.15516942739486694,0.13110478222370148,-1.0637842416763306,-0.1694842427968979,0.5974716544151306,-0.7955387234687805,-0.10072612017393112,0.4851875305175781,-1.201395869255066,-0.12226615101099014,0.33694732189178467,-1.1323317289352417,-0.11453218013048172,0.30823272466659546,-0.9452685117721558,-0.114650659263134,0.6948446035385132,-0.5873719453811646,-0.08621595054864883,0.6091225147247314,-0.9789249897003174,-0.12306439876556396,0.4721057415008545,-0.9370815753936768,-0.0909108892083168,0.44009968638420105,-0.7656670808792114,-0.06958900392055511,0.7365127205848694,-0.38879773020744324,-0.07664914429187775,0.6780301332473755,-0.7294371724128723,-0.11197708547115326,0.5572286248207092,-0.6919950842857361,-0.07820525765419006,0.5186100006103516,-0.5351418852806091,-0.04343266040086746
0.0,0.0,0.0,0.1925966590642929,-0.479015588760376,-0.031136641278862953,0.17766746878623962,-0.9292338490486145,-0.05056336522102356,-0.003808096516877413,-1.1824944019317627,-0.06292165815830231,-0.17942838370800018,-1.2155474424362183,-0.06856445223093033,-0.2898675799369812,-1.06538724899292,-0.058019984513521194,-0.3329105079174042,-1.298128604888916,-0.10524521768093109,-0.22386769950389862,-1.1689538955688477,-0.15487214922904968,-0.16172029078006744,-1.0110020637512207,-0.18515770137310028,-0.4924643635749817,-0.8681484460830688,-0.061620812863111496,-0.47712355852127075,-1.1012771129608154,-0.06031782180070877,-0.3693125247955322,-0.9983178973197937,-0.07081831246614456,-0.32272374629974365,-0.8489866852760315,-0.08994355797767639,-0.6252551674842834,-0.634053647518158,-0.06416717171669006,-0.5850362181663513,-0.8604116439819336,-0.05550379678606987,-0.49299994111061096,-0.7834692001342773,-0.03325093165040016,-0.4498513638973236,-0.6432322859764099,-0.031562965363264084,-0.7075271010398865,-0.3914249539375305,-0.06936649233102798,-0.6693299412727356,-0.6062072515487671,-0.06131022423505783,-0.576734721660614,-0.549252450466156,-0.02018873021006584,-0.53766930103302,-0.43186476826667786,0.011366653256118298,0.0,0.0,0.0,-0.22194306552410126,-0.4515701234340668,-0.020796673372387886,-0.2713775336742401,-0.8745125532150269,-0.04158667102456093,-0.14943310618400574,-1.1050623655319214,-0.06093534454703331,0.006808835547417402,-1.1119502782821655,-0.07690224796533585,0.1820044070482254,-1.074196219444275,-0.03426321968436241,0.0951952263712883,-1.1010977029800415,-0.05074837803840637,0.014491619542241096,-0.9486280679702759,-0.08947634696960449,-0.003153813537210226,-0.8422343730926514,-0.12914562225341797,0.3696650564670563,-0.9277256727218628,-0.05169880762696266,0.2634921073913574,-0.9400107264518738,-0.036828506737947464,0.18809913098812103,-0.8172565698623657,-0.049679577350616455,0.16990183293819427,-0.6901580095291138,-0.07752808928489685,0.5057525038719177,-0.7298403382301331,-0.06590469181537628,0.39466094970703125,-0.7571028470993042,-0.06406795978546143,0.31502729654312134,-0.651374101638794,-0.04795748367905617,0.2795579135417938,-0.5318250060081482,-0.051133956760168076,0.603462815284729,-0.5114603042602539,-0.0841096043586731,0.5078773498535156,-0.5712537169456482,-0.08998468518257141,0.4355555772781372,-0.47325748205184937,-0.05540169030427933,0.4066730737686157,-0.37173715233802795,-0.027052175253629684
0.0,0.0,0.0,0.20739968121051788,-0.5032734870910645,-0.010494989342987537,0.1961645632982254,-0.9419906735420227,-0.018337341025471687,0.04696977511048317,-1.2222341299057007,-0.022119879722595215,-0.0946890264749527,-1.344815969467163,-0.017705949023365974,-0.24774831533432007,-1.0856040716171265,-0.05241169035434723,-0.2822023332118988,-1.3891181945800781,-0.08996132016181946,-0.1665642261505127,-1.2582061290740967,-0.12782490253448486,-0.12288692593574524,-1.0901869535446167,-0.14925453066825867,-0.4490576386451721,-0.8916011452674866,-0.058263201266527176,-0.41831284761428833,-1.1863492727279663,-0.04319481924176216,-0.3076062500476837,-1.0999215841293335,-0.044307805597782135,-0.26901960372924805,-0.953790009021759,-0.060300882905721664,-0.5782711505889893,-0.670860767364502,-0.059919171035289764,-0.5164410471916199,-0.9487269520759583,-0.03436344861984253,-0.42300933599472046,-0.8782013058662415,-0.004454192705452442,-0.38648471236228943,-0.7313767075538635,-0.00286408350802958,-0.6592081189155579,-0.4477073550224304,-0.0628332868218422,-0.5965912342071533,-0.6928321123123169,-0.04321414232254028,-0.5013040900230408,-0.6390482187271118,0.0024327400606125593,-0.4610931873321533,-0.5152203440666199,0.034977562725543976,0.0,0.0,0.0,-0.2706564664840698,-0.34065359830856323,-0.057263217866420746,-0.38146159052848816,-0.6701537370681763,-0.11216413229703903,-0.27215296030044556,-0.8671379685401917,-0.1565934717655182,-0.1167813315987587,-0.894208550453186,-0.19544288516044617,-0.009365104138851166,-1.0729331970214844,-0.1261996477842331,0.030826864764094353,-0.9358981251716614,-0.16372375190258026,-0.0021673613227903843,-0.7885660529136658,-0.20589283108711243,-0.0484076589345932,-0.7056361436843872,-0.2474488914012909,0.23616349697113037,-0.9615594148635864,-0.1401081681251526,0.2185669243335724,-0.8284180760383606,-0.13954204320907593,0.1713687926530838,-0.6964253783226013,-0.15550075471401215,0.13603290915489197,-0.6003474593162537,-0.18926626443862915,0.42170464992523193,-0.7812252044677734,-0.15011374652385712,0.37701642513275146,-0.6639318466186523,-0.1576196700334549,0.3202308118343353,-0.5453069806098938,-0.14198830723762512,0.27394771575927734,-0.457373708486557,-0.14949354529380798,0.5524510145187378,-0.5720564126968384,-0.167414590716362,0.5158966183662415,-0.4972531497478485,-0.18504853546619415,0.4567851126194,-0.3836270868778229,-0.15448100864887238,0.4125799536705017,-0.3081856369972229,-0.1305285543203354
0.0,0.0,0.0,0.14698341488838196,-0.5662410855293274,-0.010599990375339985,0.0982537493109703,-1.084795355796814,-0.02444196119904518,-0.09432516992092133,-1.3563532829284668,-0.03237050026655197,-0.2702535092830658,-1.3249831199645996,-0.031482890248298645,-0.3407559096813202,-1.0682185888290405,-0.061320960521698,-0.4354389011859894,-1.4077694416046143,-0.10268751531839371,-0.30363842844963074,-1.2900410890579224,-0.13940931856632233,-0.23531574010849,-1.1213183403015137,-0.15674558281898499,-0.5335779190063477,-0.8428427577018738,-0.07007621973752975,-0.5695520639419556,-1.1874332427978516,-0.05697990208864212,-0.4509868025779724,-1.1083974838256836,-0.05463447794318199,-0.40254437923431396,-0.955814003944397,-0.06524138152599335,-0.6565083265304565,-0.614845335483551,-0.07354118674993515,-0.6608000993728638,-0.9479988813400269,-0.044389113783836365,-0.5549956560134888,-0.8901197910308838,-0.006029706913977861,-0.505027174949646,-0.7489203214645386,0.0021047459449619055,-0.7299171686172485,-0.3984108567237854,-0.07808194309473038,-0.7203671336174011,-0.6870117783546448,-0.04585988447070122,-0.6215285062789917,-0.6350374221801758,0.013876793906092644,-0.5788145065307617,-0.505922794342041,0.05433434993028641,0.0,0.0,0.0,-0.24108752608299255,-0.4648051857948303,-0.0348331443965435,-0.3008348047733307,-0.9484704732894897,-0.05689757317304611,-0.18036778271198273,-1.220550298690796,-0.07737772911787033,-0.03863595798611641,-1.1526440382003784,-0.09350337088108063,0.1496547907590866,-1.1046338081359863,-0.031876884400844574,0.050997067242860794,-1.2160561084747314,-0.05636347457766533,-0.03982621431350708,-1.064561128616333,-0.09655699878931046,-0.0487152636051178,-0.9389031529426575,-0.13459311425685883,0.34319183230400085,-0.938140869140625,-0.04594612121582031,0.21570554375648499,-1.0465123653411865,-0.05158011242747307,0.12764233350753784,-0.9187343716621399,-0.06258129328489304,0.11960537731647491,-0.7676568627357483,-0.07894627004861832,0.47817379236221313,-0.7311549782752991,-0.060718849301338196,0.35204648971557617,-0.84629225730896,-0.07728677988052368,0.265455037355423,-0.7440382838249207,-0.05895208939909935,0.24350371956825256,-0.607657253742218,-0.05140884593129158,0.5744815468788147,-0.5075895190238953,-0.07983992248773575,0.45739489793777466,-0.6400954127311707,-0.09226693212985992,0.380704402923584,-0.5505713224411011,-0.054792266339063644,0.3662468194961548,-0.43315985798835754,-0.021972760558128357
0.0,0.0,0.0,0.15262949466705322,-0.5757141709327698,-0.03727315366268158,0.07587140053510666,-1.0953320264816284,-0.05284280702471733,-0.15406997501850128,-1.3355494737625122,-0.058523423969745636,-0.3266715705394745,-1.2378699779510498,-0.05430854111909866,-0.435795396566391,-1.018554449081421,-0.0604717954993248,-0.46023955941200256,-1.377444863319397,-0.10576202720403671,-0.31171542406082153,-1.2507073879241943,-0.15313875675201416,-0.2531442642211914,-1.0702718496322632,-0.18313179910182953,-0.6158627271652222,-0.7855789065361023,-0.05982394516468048,-0.5800820589065552,-1.145625114440918,-0.059656329452991486,-0.44388124346733093,-1.064625859260559,-0.0725407749414444,-0.40666118264198303,-0.8998504877090454,-0.09299951791763306,-0.7084238529205322,-0.5601324439048767,-0.05662768706679344,-0.6489170789718628,-0.8946710824966431,-0.04275468736886978,-0.5291471481323242,-0.8377031683921814,-0.015313996002078056,-0.48866018652915955,-0.6892979741096497,-0.011809080839157104,-0.7516515254974365,-0.34980669617652893,-0.05718798190355301,-0.7039598822593689,-0.6686950922012329,-0.03858986496925354,-0.5899835824966431,-0.6250104904174805,0.012935967184603214,-0.542451798915863,-0.49048730731010437,0.0486609973013401,0.0,0.0,0.0,-0.22585594654083252,-0.4910372495651245,-0.0406271368265152,-0.2806914448738098,-0.9812622666358948,-0.06809529662132263,-0.17137020826339722,-1.2529282569885254,-0.09335979074239731,-0.03754137456417084,-1.1692752838134766,-0.11324595659971237,0.2332615703344345,-1.0795685052871704,-0.03433704003691673,0.05320391431450844,-1.2530770301818848,-0.0685589611530304,-0.03370373696088791,-1.1063281297683716,-0.11829622089862823,-0.01906052976846695,-0.961411714553833,-0.15925045311450958,0.40962162613868713,-0.9111817479133606,-0.044248685240745544,0.23218947649002075,-1.0909782648086548,-0.05713437870144844,0.14005880057811737,-0.9819572567939758,-0.07386568188667297,0.13950061798095703,-0.8232235312461853,-0.09365832060575485,0.5226990580558777,-0.7080409526824951,-0.0557551309466362,0.3721349537372589,-0.8938146829605103,-0.07952377945184708,0.28002771735191345,-0.813015878200531,-0.06671883910894394,0.267345666885376,-0.6681684851646423,-0.06125735118985176,0.5893223285675049,-0.4900042414665222,-0.07240861654281616,0.46531230211257935,-0.6863503456115723,-0.09132266789674759,0.37778785824775696,-0.612430214881897,-0.0597531795501709,0.36106494069099426,-0.481069952249527,-0.029706133529543877
0.0,0.0,0.0,0.1619046926498413,-0.5288676023483276,-0.027819612994790077,0.09363414347171783,-1.0347344875335693,-0.04250294342637062,-0.14967364072799683,-1.3147886991500854,-0.043088436126708984,-0.34903833270072937,-1.3417555093765259,-0.03279494494199753,-0.3224322497844696,-1.0732231140136719,-0.09009575843811035,-0.4625808596611023,-1.3883131742477417,-0.12797287106513977,-0.33380603790283203,-1.2648348808288574,-0.1560235172510147,-0.250464528799057,-1.1062968969345093,-0.1673031896352768,-0.5318317413330078,-0.8427019119262695,-0.08371659368276596,-0.6043395400047302,-1.1547378301620483,-0.060583095997571945,-0.4829885959625244,-1.0818490982055664,-0.04552583396434784,-0.41769516468048096,-0.9486009478569031,-0.0486333891749382,-0.6684704422950745,-0.5999611616134644,-0.07224491983652115,-0.6908259391784668,-0.8824905753135681,-0.03648711368441582,-0.5862615704536438,-0.8358764052391052,0.004493471700698137,-0.5239560604095459,-0.708658754825592,0.013369329273700714,-0.7516099810600281,-0.3697287142276764,-0.06282353401184082,-0.7417943477630615,-0.6267648935317993,-0.029686057940125465,-0.6433753967285156,-0.5888757705688477,0.025413084775209427,-0.589792013168335,-0.4800277054309845,0.06324198096990585,0.0,0.0,0.0,-0.23777270317077637,-0.45662721991539,-0.03892078250646591,-0.3045523464679718,-0.9046088457107544,-0.07207899540662766,-0.19653700292110443,-1.169623613357544,-0.10236547887325287,-0.052567657083272934,-1.1261759996414185,-0.12791405618190765,0.14457908272743225,-1.0714919567108154,-0.039962172508239746,0.013161770068109035,-1.2035009860992432,-0.06283868104219437,-0.05216442793607712,-1.0493628978729248,-0.10174474865198135,-0.04793907329440117,-0.9112563133239746,-0.13791432976722717,0.3339361548423767,-0.9413723349571228,-0.048007767647504807,0.19810837507247925,-1.0601404905319214,-0.04839000478386879,0.1251092106103897,-0.9385509490966797,-0.06192201375961304,0.11248630285263062,-0.7833730578422546,-0.08320557326078415,0.46973156929016113,-0.7641500234603882,-0.05570898950099945,0.34421178698539734,-0.8760736584663391,-0.06259124726057053,0.26860567927360535,-0.7774516940116882,-0.04746057465672493,0.24108284711837769,-0.6331872940063477,-0.04623665288090706,0.5693817138671875,-0.5627302527427673,-0.06876509636640549,0.4598652720451355,-0.6857084631919861,-0.07562153041362762,0.3853393495082855,-0.5982321500778198,-0.0436348021030426,0.3620106875896454,-0.47801241278648376,-0.016603628173470497
0.0,0.0,0.0,0.14993955194950104,-0.5784463286399841,-0.04133755341172218,0.06216440349817276,-1.1006498336791992,-0.0551404245197773,-0.18497495353221893,-1.3514785766601562,-0.056820549070835114,-0.3697206676006317,-1.2578125,-0.050009287893772125,-0.4545444846153259,-1.0295777320861816,-0.06771008670330048,-0.5197161436080933,-1.3725807666778564,-0.10385511815547943,-0.36816316843032837,-1.260026216506958,-0.14338088035583496,-0.30012497305870056,-1.0930814743041992,-0.16979312896728516,-0.6357097029685974,-0.769385039806366,-0.06260813772678375,-0.6393879652023315,-1.117395043373108,-0.04515710473060608,-0.5032119750976562,-1.0569506883621216,-0.0495426319539547,-0.45557838678359985,-0.9076507091522217,-0.07034633308649063,-0.7304173707962036,-0.5097204446792603,-0.05454738810658455,-0.7080168128013611,-0.8358816504478455,-0.03176122531294823,-0.5919302701950073,-0.7934090495109558,-0.001999884145334363,-0.5387987494468689,-0.6496902704238892,-0.0014619700377807021,-0.7776106595993042,-0.2626262903213501,-0.049748845398426056,-0.7701241970062256,-0.5607790350914001,-0.03010258823633194,-0.6573511362075806,-0.5390264987945557,0.022163957357406616,-0.5950467586517334,-0.4198286533355713,0.057434894144535065,0.0,0.0,0.0,-0.21310307085514069,-0.4859871566295624,-0.025037599727511406,-0.24114879965782166,-0.9625904560089111,-0.043966569006443024,-0.12077850103378296,-1.2324683666229248,-0.06315325945615768,-0.0009579185280017555,-1.1686331033706665,-0.07709536701440811,0.2250695377588272,-1.0859521627426147,-0.006240060552954674,0.11047054827213287,-1.2316850423812866,-0.0250632893294096,0.009986144490540028,-1.0907912254333496,-0.06325046718120575,-0.0011319717159494758,-0.9482967853546143,-0.09872708469629288,0.40042874217033386,-0.9160637855529785,-0.021999754011631012,0.2773618698120117,-1.0735712051391602,-0.026155492290854454,0.18047748506069183,-0.961527943611145,-0.039081014692783356,0.16315858066082,-0.7996034026145935,-0.054743535816669464,0.521622359752655,-0.7157667875289917,-0.03851878643035889,0.4110572636127472,-0.8804429769515991,-0.05309032276272774,0.3157687783241272,-0.7938076853752136,-0.037680476903915405,0.28587606549263,-0.6495025753974915,-0.03047587350010872,0.6066003441810608,-0.49857470393180847,-0.058630120009183884,0.5043766498565674,-0.6733115315437317,-0.06819222122430801,0.4182998538017273,-0.5939245223999023,-0.03332541882991791,0.39542877674102783,-0.46985718607902527,-0.0018906453624367714
0.0,0.0,0.0,0.12858650088310242,-0.5940341353416443,-0.03464905172586441,0.03502851352095604,-1.1317567825317383,-0.0586986243724823,-0.25101956725120544,-1.3802472352981567,-0.0648031011223793,-0.4709170460700989,-1.3239678144454956,-0.05958500877022743,-0.38990965485572815,-1.0549334287643433,-0.11888017505407333,-0.5668560266494751,-1.3995976448059082,-0.14798176288604736,-0.4175886809825897,-1.2946714162826538,-0.16377052664756775,-0.3190740942955017,-1.1473764181137085,-0.16804715991020203,-0.5999419093132019,-0.7928294539451599,-0.10719657689332962,-0.685642421245575,-1.1563361883163452,-0.07125601172447205,-0.5544899702072144,-1.0981818437576294,-0.04708675295114517,-0.48679274320602417,-0.9572728872299194,-0.048625729978084564,-0.7298227548599243,-0.5428857803344727,-0.08698946237564087,-0.764597475528717,-0.8916183114051819,-0.0380791574716568,-0.6497297286987305,-0.8522334694862366,0.013287332840263844,-0.580231249332428,-0.7123211622238159,0.023142840713262558,-0.8023630976676941,-0.3218570053577423,-0.06866897642612457,-0.812032163143158,-0.6346723437309265,-0.027601195499300957,-0.7079681754112244,-0.5962215662002563,0.03705311566591263,-0.6520116925239563,-0.4678323268890381,0.07918187975883484,0.0,0.0,0.0,-0.21970143914222717,-0.46915531158447266,-0.027052756398916245,-0.24912875890731812,-0.954967200756073,-0.046633608639240265,-0.11114773899316788,-1.2464336156845093,-0.06411086022853851,0.03250189498066902,-1.1962339878082275,-0.07607944309711456,0.20697277784347534,-1.091452717781067,-0.025649603456258774,0.10723656415939331,-1.2431144714355469,-0.04434577748179436,0.014009266160428524,-1.101457953453064,-0.07750459015369415,0.0019271024502813816,-0.9570924639701843,-0.10927390307188034,0.38979238271713257,-0.9200551509857178,-0.03950187563896179,0.28041136264801025,-1.0813912153244019,-0.03909698501229286,0.18551519513130188,-0.972358763217926,-0.046996839344501495,0.1660131812095642,-0.8092597723007202,-0.061333898454904556,0.5174975991249084,-0.7140100002288818,-0.05264579877257347,0.42031702399253845,-0.879156231880188,-0.06978394836187363,0.32339900732040405,-0.7927815914154053,-0.052805542945861816,0.289953351020813,-0.6444801092147827,-0.04502510279417038,0.6081618070602417,-0.49233192205429077,-0.06829547137022018,0.5219549536705017,-0.6706861257553101,-0.08476089686155319,0.4321533441543579,-0.5913188457489014,-0.050208546221256256,0.4073573648929596,-0.4600876569747925,-0.017812678590416908
0.0,0.0,0.0,0.1476014256477356,-0.5794061422348022,-0.02572455257177353,0.06841413676738739,-1.0772284269332886,-0.03825968876481056,-0.16690663993358612,-1.3150008916854858,-0.03885548934340477,-0.3377731740474701,-1.2417913675308228,-0.03120236098766327,-0.43050816655158997,-1.0222525596618652,-0.07451986521482468,-0.47502726316452026,-1.364909291267395,-0.10295625030994415,-0.3349590301513672,-1.2382781505584717,-0.13570229709148407,-0.27450352907180786,-1.062389850616455,-0.15811879932880402,-0.6167664527893066,-0.7838551998138428,-0.0719037801027298,-0.5936571955680847,-1.1307429075241089,-0.048065319657325745,-0.46835365891456604,-1.0574703216552734,-0.046384889632463455,-0.42703962326049805,-0.8981717824935913,-0.06344940513372421,-0.7166318297386169,-0.547553539276123,-0.06292456388473511,-0.6711382865905762,-0.8779148459434509,-0.029807468876242638,-0.5628575086593628,-0.8220869898796082,-0.0009463774040341377,-0.5189499258995056,-0.6675912737846375,-0.003273800015449524,-0.7650262117385864,-0.3257271945476532,-0.05582387000322342,-0.730694591999054,-0.6208674311637878,-0.031026151031255722,-0.6277713775634766,-0.5785307288169861,0.016081074252724648,-0.5842745900154114,-0.4418039619922638,0.04651336744427681,0.0,0.0,0.0,-0.2195454090833664,-0.4840223491191864,-0.033831220120191574,-0.2607296407222748,-0.9521403312683105,-0.058299824595451355,-0.13061806559562683,-1.2144485712051392,-0.08116529136896133,-0.005825612228363752,-1.1545988321304321,-0.09929847717285156,0.2119336724281311,-1.0928783416748047,-0.02441941201686859,0.11432242393493652,-1.192276954650879,-0.046784333884716034,0.02554086595773697,-1.0631552934646606,-0.09128783643245697,0.00760238990187645,-0.9394493103027344,-0.1320195496082306,0.39452123641967773,-0.9179984331130981,-0.0403970442712307,0.2781441807746887,-1.0195918083190918,-0.037624139338731766,0.19372420012950897,-0.915848433971405,-0.05246182158589363,0.17444877326488495,-0.7695901393890381,-0.07410690933465958,0.5165151953697205,-0.7018763422966003,-0.057074371725320816,0.41173768043518066,-0.817599892616272,-0.06784864515066147,0.3239273428916931,-0.7362014055252075,-0.053713608533144,0.2916787266731262,-0.6049796938896179,-0.05048799142241478,0.5993135571479797,-0.46663898229599,-0.07846590876579285,0.5027071833610535,-0.6042925119400024,-0.08751340955495834,0.4221229553222656,-0.5322931408882141,-0.051460206508636475,0.39596471190452576,-0.4216955900192261,-0.019920051097869873
0.0,0.0,0.0,0.14024138450622559,-0.5975466370582581,-0.01747339405119419,0.04302966967225075,-1.1194175481796265,-0.02807345800101757,-0.201348677277565,-1.3546446561813354,-0.03040292300283909,-0.3806898593902588,-1.2799403667449951,-0.022888170555233955,-0.41639941930770874,-1.0368552207946777,-0.07291308790445328,-0.5262708067893982,-1.3912596702575684,-0.11426417529582977,-0.37293142080307007,-1.2802953720092773,-0.15019279718399048,-0.29153236746788025,-1.1070761680603027,-0.16922391951084137,-0.6110585927963257,-0.7876736521720886,-0.07859758287668228,-0.647452175617218,-1.1386215686798096,-0.0672878623008728,-0.5153114199638367,-1.0697388648986816,-0.066593699157238,-0.46040263772010803,-0.9096260070800781,-0.07981054484844208,-0.7223513722419739,-0.5462612509727478,-0.07840611040592194,-0.7252403497695923,-0.8736239671707153,-0.05004272609949112,-0.6141420006752014,-0.8265053033828735,-0.016726572066545486,-0.5616315007209778,-0.6794105172157288,-0.013822442851960659,-0.780397355556488,-0.32509008049964905,-0.07987821102142334,-0.7772870659828186,-0.622829794883728,-0.04997320845723152,-0.6734779477119446,-0.5815353989601135,0.005203477572649717,-0.6241889595985413,-0.4455152451992035,0.04092850908637047,0.0,0.0,0.0,-0.21902988851070404,-0.4530573785305023,-0.03804045915603638,-0.27143537998199463,-0.9378092288970947,-0.06461120396852493,-0.150627002120018,-1.2215020656585693,-0.0885758027434349,-0.013692515902221203,-1.18007230758667,-0.10683295130729675,0.19127489626407623,-1.0974425077438354,-0.032768458127975464,0.08566869050264359,-1.2365556955337524,-0.05903659760951996,-0.0022252979688346386,-1.0907442569732666,-0.10198114067316055,-0.01125395204871893,-0.9542524218559265,-0.14159302413463593,0.3700945973396301,-0.9277926087379456,-0.047232355922460556,0.25460854172706604,-1.0564489364624023,-0.05648970976471901,0.16614128649234772,-0.9324763417243958,-0.07128290086984634,0.14840294420719147,-0.7737017273902893,-0.08865651488304138,0.49488911032676697,-0.7194402813911438,-0.06278416514396667,0.3876190483570099,-0.843426525592804,-0.0849224328994751,0.29918351769447327,-0.7464180588722229,-0.07017533481121063,0.2681387662887573,-0.6043540239334106,-0.06306807696819305,0.5858682990074158,-0.492527037858963,-0.08285137265920639,0.488150417804718,-0.6315811276435852,-0.10482001304626465,0.4042494297027588,-0.5453714728355408,-0.07285904139280319,0.38064906001091003,-0.42411482334136963,-0.041009508073329926
0.0,0.0,0.0,0.09971106797456741,-0.6326265335083008,-0.022353777661919594,-0.01726147159934044,-1.1696410179138184,-0.03996637463569641,-0.30019786953926086,-1.365375280380249,-0.04809172824025154,-0.48344555497169495,-1.2438690662384033,-0.044018592685461044,-0.44550859928131104,-1.0380024909973145,-0.08361485600471497,-0.59810870885849,-1.4003976583480835,-0.1305612176656723,-0.4336642920970917,-1.2949254512786865,-0.16598869860172272,-0.33635905385017395,-1.1361002922058105,-0.18275335431098938,-0.6384004950523376,-0.7645401358604431,-0.0890120193362236,-0.7076576352119446,-1.1472675800323486,-0.0760829895734787,-0.5710302591323853,-1.0906600952148438,-0.06993840634822845,-0.510420560836792,-0.942290723323822,-0.08008811622858047,-0.7491604089736938,-0.5139361619949341,-0.08921511471271515,-0.7734795212745667,-0.8792799711227417,-0.0552634596824646,-0.653791606426239,-0.8396380543708801,-0.014846732839941978,-0.5918293595314026,-0.6972370147705078,-0.00875132530927658,-0.8058038353919983,-0.29671746492385864,-0.09216286987066269,-0.8162006139755249,-0.6367890238761902,-0.0498453825712204,-0.7077475190162659,-0.6152142882347107,0.013866450637578964,-0.6496008038520813,-0.49384966492652893,0.05302576348185539,0.0,0.0,0.0,-0.22760678827762604,-0.4670410752296448,-0.039950497448444366,-0.25179675221443176,-0.9541284441947937,-0.06761452555656433,-0.1037457063794136,-1.2268909215927124,-0.09052331000566483,0.03870169073343277,-1.155591368675232,-0.10814348608255386,0.19996681809425354,-1.0943619012832642,-0.05010189861059189,0.09907206892967224,-1.24884831905365,-0.07711789011955261,0.0013953112065792084,-1.0837419033050537,-0.11378598213195801,-0.014388563111424446,-0.9242247343063354,-0.14775054156780243,0.38668906688690186,-0.9202167391777039,-0.06060314550995827,0.26798495650291443,-1.0738701820373535,-0.06392942368984222,0.16610485315322876,-0.9459158182144165,-0.06710487604141235,0.14604422450065613,-0.7839154005050659,-0.07926885038614273,0.5135062336921692,-0.7087346911430359,-0.07186030596494675,0.40119457244873047,-0.8633324503898621,-0.09190180152654648,0.30085721611976624,-0.7587892413139343,-0.0707937553524971,0.2685019075870514,-0.61224365234375,-0.06153048947453499,0.6019396185874939,-0.48454123735427856,-0.0868726521730423,0.4879060387611389,-0.6495705246925354,-0.10325951129198074,0.3965364694595337,-0.554450511932373,-0.06546859443187714,0.3762432038784027,-0.4260072112083435,-0.03268488869071007
0.0,0.0,0.0,0.10993201285600662,-0.601900041103363,-0.01233134139329195,-0.004606248810887337,-1.136849284172058,-0.017484357580542564,-0.26571667194366455,-1.361744999885559,-0.015756458044052124,-0.4443937838077545,-1.296318769454956,-0.002817705739289522,-0.429386705160141,-1.0488698482513428,-0.05287119373679161,-0.5830895900726318,-1.3684632778167725,-0.08802202343940735,-0.4360869526863098,-1.2747606039047241,-0.1210530623793602,-0.3405584692955017,-1.1245996952056885,-0.1371202915906906,-0.6133381128311157,-0.787666380405426,-0.058292318135499954,-0.6962938904762268,-1.122313141822815,-0.03791694715619087,-0.570563018321991,-1.0679121017456055,-0.03106018342077732,-0.4963478446006775,-0.9274662137031555,-0.038495663553476334,-0.7258166074752808,-0.5414007902145386,-0.05943886563181877,-0.7676697969436646,-0.854927122592926,-0.018876366317272186,-0.6628837585449219,-0.8202108144760132,0.022635728120803833,-0.5891196131706238,-0.6882815957069397,0.030737929046154022,-0.7921244502067566,-0.31712380051612854,-0.0632423609495163,-0.8249829411506653,-0.6053042411804199,-0.018739283084869385,-0.7248510718345642,-0.5786480903625488,0.04386653006076813,-0.6582144498825073,-0.4608246386051178,0.08459879457950592,0.0,0.0,0.0,-0.2237846851348877,-0.487329363822937,-0.04359840601682663,-0.25896167755126953,-1.0055721998214722,-0.07103507965803146,-0.11904033273458481,-1.284021258354187,-0.09586069732904434,0.0257528368383646,-1.21305251121521,-0.11438098549842834,0.21336303651332855,-1.0816459655761719,-0.03518529236316681,0.10058373957872391,-1.2810677289962769,-0.06936970353126526,0.003907560370862484,-1.145080804824829,-0.11247926205396652,-0.007493698038160801,-0.9874600172042847,-0.14729847013950348,0.3969825804233551,-0.916783332824707,-0.04373887553811073,0.2730857729911804,-1.123176097869873,-0.06166168302297592,0.1753481924533844,-1.017006754875183,-0.07680954039096832,0.1563599407672882,-0.8409415483474731,-0.09187421202659607,0.5279827117919922,-0.7248892188072205,-0.05496453121304512,0.41199809312820435,-0.934333860874176,-0.08541417121887207,0.3174319565296173,-0.8506225943565369,-0.07282432913780212,0.28838691115379333,-0.6938574910163879,-0.06508784741163254,0.6194962859153748,-0.5190007090568542,-0.07062121480703354,0.5119792819023132,-0.7312275767326355,-0.09992428869009018,0.41737666726112366,-0.6487662196159363,-0.07034479826688766,0.39452624320983887,-0.507455050945282,-0.03932206705212593
0.0,0.0,0.0,0.13107983767986298,-0.6027959585189819,-0.031202953308820724,0.047900617122650146,-1.110034465789795,-0.054228875786066055,-0.20482155680656433,-1.3119101524353027,-0.06632491201162338,-0.38618597388267517,-1.2143409252166748,-0.07092641294002533,-0.43330812454223633,-1.0261210203170776,-0.08876925706863403,-0.4969971477985382,-1.364641785621643,-0.13706539571285248,-0.35636773705482483,-1.2477314472198486,-0.1811905950307846,-0.28564441204071045,-1.0782711505889893,-0.20828329026699066,-0.6243570446968079,-0.7756960988044739,-0.09205334633588791,-0.6258758902549744,-1.119720458984375,-0.0858006402850151,-0.4993774890899658,-1.0473378896713257,-0.09036765992641449,-0.4510034918785095,-0.8861688375473022,-0.10873271524906158,-0.7286127209663391,-0.5305940508842468,-0.09001676738262177,-0.7078729271888733,-0.8539507389068604,-0.0688989982008934,-0.5949610471725464,-0.8019688725471497,-0.037812307476997375,-0.5440613031387329,-0.6526572108268738,-0.036142777651548386,-0.7779073715209961,-0.30141139030456543,-0.09035413712263107,-0.7655516266822815,-0.5995174646377563,-0.07086191326379776,-0.6561007499694824,-0.5661407709121704,-0.01864505559206009,-0.6063258051872253,-0.42952507734298706,0.016949070617556572,0.0,0.0,0.0,-0.1967233121395111,-0.4976665675640106,-0.05204463377594948,-0.240042045712471,-0.9992859959602356,-0.09032164514064789,-0.10430853813886642,-1.250860333442688,-0.12513744831085205,0.05501551926136017,-1.172561526298523,-0.15445628762245178,0.25006356835365295,-1.0775465965270996,-0.05102638527750969,0.11544372141361237,-1.23274564743042,-0.09804322570562363,0.0217935498803854,-1.095186471939087,-0.15447144210338593,0.009092120453715324,-0.9521782398223877,-0.19880914688110352,0.4302275478839874,-0.9005246758460999,-0.06292513012886047,0.29243314266204834,-1.057546854019165,-0.08821415901184082,0.19872303307056427,-0.9440990090370178,-0.11345890909433365,0.17629839479923248,-0.7768691778182983,-0.1371750384569168,0.5555047392845154,-0.6847642064094543,-0.07749653607606888,0.429368257522583,-0.8446957468986511,-0.109556645154953,0.3389703929424286,-0.7498261332511902,-0.09766554087400436,0.3108551502227783,-0.6003304719924927,-0.09159046411514282,0.643352746963501,-0.4461086392402649,-0.09830911457538605,0.5294714570045471,-0.6233714818954468,-0.12857940793037415,0.4419836103916168,-0.5364828705787659,-0.097653329372406,0.4212699234485626,-0.4041980504989624,-0.06510191410779953
0.0,0.0,0.0,0.11762145906686783,-0.6007955074310303,-0.020488005131483078,0.019600439816713333,-1.131388545036316,-0.03639357164502144,-0.2348412722349167,-1.3653593063354492,-0.04276707395911217,-0.41714972257614136,-1.279869794845581,-0.0386059507727623,-0.43565887212753296,-1.0254523754119873,-0.07829703390598297,-0.5597847104072571,-1.3884214162826538,-0.11915883421897888,-0.40644797682762146,-1.2919899225234985,-0.1545819640159607,-0.3200879395008087,-1.1319913864135742,-0.17357762157917023,-0.6267180442810059,-0.7747929096221924,-0.0831894502043724,-0.6728339791297913,-1.148330569267273,-0.06526727229356766,-0.5424721837043762,-1.094077229499817,-0.061741724610328674,-0.4917467534542084,-0.943260669708252,-0.07517412304878235,-0.733101487159729,-0.5358375310897827,-0.08202819526195526,-0.7410919666290283,-0.8936894536018372,-0.04911268129944801,-0.6281121969223022,-0.8534464836120605,-0.01091484259814024,-0.5772771239280701,-0.7070103883743286,-0.006381636951118708,-0.7868989706039429,-0.31960704922676086,-0.08301975578069687,-0.7864148020744324,-0.6524689793586731,-0.05236371234059334,-0.6810795664787292,-0.6218364238739014,0.006386280059814453,-0.6339251399040222,-0.48588424921035767,0.0448889285326004,0.0,0.0,0.0,-0.21876326203346252,-0.4557928740978241,-0.026681996881961823,-0.25119298696517944,-0.9403454065322876,-0.0392557792365551,-0.11886989325284958,-1.2211803197860718,-0.05098433792591095,0.019582118839025497,-1.1820884943008423,-0.056429423391819,0.17495612800121307,-1.106933832168579,-0.003919654525816441,0.11194203048944473,-1.247545599937439,-0.020013028755784035,0.015197635628283024,-1.105860710144043,-0.0514892041683197,-0.011503263376653194,-0.9677139520645142,-0.08196605741977692,0.3605010509490967,-0.9325620532035828,-0.019156593829393387,0.26436102390289307,-1.0687460899353027,-0.02065500244498253,0.16793464124202728,-0.9456322193145752,-0.03126734495162964,0.14073637127876282,-0.7856214046478271,-0.04406861215829849,0.4930375814437866,-0.7248083353042603,-0.03608386591076851,0.395099014043808,-0.8647968769073486,-0.054986897855997086,0.2978462874889374,-0.7687389254570007,-0.041045837104320526,0.2586820721626282,-0.627005398273468,-0.03280678391456604,0.5893253087997437,-0.5014970302581787,-0.05570197105407715,0.4846869111061096,-0.6630972623825073,-0.0740722045302391,0.395663857460022,-0.5802979469299316,-0.04080576449632645,0.3683360815048218,-0.4570934474468231,-0.008127239532768726
0.0,0.0,0.0,0.14741867780685425,-0.5880591869354248,-0.014925727620720863,0.05920381098985672,-1.084647536277771,-0.024057537317276,-0.18566009402275085,-1.3072807788848877,-0.02463207021355629,-0.35241174697875977,-1.2319971323013306,-0.018239591270685196,-0.41941186785697937,-1.0281996726989746,-0.07279402017593384,-0.49656912684440613,-1.36782705783844,-0.1043405532836914,-0.3513363003730774,-1.263193964958191,-0.13698185980319977,-0.27502670884132385,-1.0990716218948364,-0.15703415870666504,-0.6098300814628601,-0.7886866331100464,-0.0779787078499794,-0.617370069026947,-1.130592942237854,-0.052019670605659485,-0.4899730682373047,-1.0681003332138062,-0.045902933925390244,-0.4350169003009796,-0.9114759564399719,-0.05957728251814842,-0.7094091176986694,-0.5507620573043823,-0.07617014646530151,-0.6966750621795654,-0.8669888973236084,-0.038912609219551086,-0.5903288125991821,-0.8233808279037476,-0.004509277176111937,-0.5345970392227173,-0.6777149438858032,-0.0036067215260118246,-0.7574558258056641,-0.3279174864292145,-0.07566418498754501,-0.7549794912338257,-0.6176338195800781,-0.044774528592824936,-0.6532655358314514,-0.5832839608192444,0.010481867007911205,-0.5999627113342285,-0.4492873549461365,0.04619799926877022,0.0,0.0,0.0,-0.1979922503232956,-0.4898948669433594,-0.04523980990052223,-0.23394615948200226,-0.9926405549049377,-0.07548089325428009,-0.10322735458612442,-1.253957986831665,-0.1038871482014656,0.041892293840646744,-1.1818710565567017,-0.12548410892486572,0.24817922711372375,-1.0748388767242432,-0.028745701536536217,0.11099933087825775,-1.255825400352478,-0.0750504583120346,0.015605299733579159,-1.1123665571212769,-0.1346503496170044,0.007289943750947714,-0.9624428749084473,-0.18127350509166718,0.4242822527885437,-0.9045565128326416,-0.041977450251579285,0.2814594507217407,-1.0746760368347168,-0.06751158833503723,0.18817508220672607,-0.957534909248352,-0.09135670214891434,0.17095528542995453,-0.7920453548431396,-0.11149794608354568,0.5461949110031128,-0.7026672959327698,-0.05955394357442856,0.4162648618221283,-0.8627637624740601,-0.09393633902072906,0.32558223605155945,-0.7687482237815857,-0.08139459043741226,0.3001841604709625,-0.6210569143295288,-0.07221042364835739,0.6306042671203613,-0.4804670810699463,-0.08335427939891815,0.5172673463821411,-0.6479198336601257,-0.11469897627830505,0.43226268887519836,-0.5621388554573059,-0.08520850539207458,0.4132562279701233,-0.4349201023578644,-0.052399445325136185
0.0,0.0,0.0,0.14846640825271606,-0.6102209091186523,-0.03794935718178749,0.08876767009496689,-1.1150435209274292,-0.07073625922203064,-0.15071289241313934,-1.3043615818023682,-0.09234601259231567,-0.33055007457733154,-1.1574679613113403,-0.10908253490924835,-0.4091678857803345,-1.054639220237732,-0.09615201503038406,-0.4261418581008911,-1.3600246906280518,-0.1458180844783783,-0.2968796193599701,-1.2267680168151855,-0.19814933836460114,-0.24626487493515015,-1.0619080066680908,-0.23418402671813965,-0.6004274487495422,-0.7932756543159485,-0.10099810361862183,-0.5646603107452393,-1.0970799922943115,-0.09206633269786835,-0.4503129720687866,-1.0159024000167847,-0.10101069509983063,-0.4145089387893677,-0.8660227656364441,-0.1274390071630478,-0.69737309217453,-0.5377813577651978,-0.10016362369060516,-0.6567218899726868,-0.8080516457557678,-0.07573467493057251,-0.5544083714485168,-0.751593291759491,-0.04241197556257248,-0.5089425444602966,-0.6175309419631958,-0.0423736609518528,-0.743650496006012,-0.3003171980381012,-0.1028670221567154,-0.7255986332893372,-0.5725702047348022,-0.07218670099973679,-0.6189478039741516,-0.5331277847290039,-0.010228587314486504,-0.5691174268722534,-0.4089341461658478,0.028137464076280594,0.0,0.0,0.0,-0.22279395163059235,-0.44435378909111023,-0.031224574893712997,-0.27661147713661194,-0.9256349205970764,-0.05132320523262024,-0.16634178161621094,-1.2197041511535645,-0.06981305778026581,-0.03543923422694206,-1.2218834161758423,-0.08021886646747589,0.1998598724603653,-1.0774192810058594,-0.01912783831357956,0.0875026285648346,-1.2547043561935425,-0.04765961691737175,0.0020238927099853754,-1.1230394840240479,-0.09098392724990845,-0.01596108078956604,-0.9741352200508118,-0.12487034499645233,0.38239216804504395,-0.9234188199043274,-0.032771121710538864,0.25172218680381775,-1.0877070426940918,-0.03257766738533974,0.16804485023021698,-0.9818639755249023,-0.045793503522872925,0.1538202464580536,-0.8285385370254517,-0.06443393975496292,0.5105188488960266,-0.7292253375053406,-0.04846812039613724,0.39289042353630066,-0.8922271728515625,-0.06384637206792831,0.31203052401542664,-0.8088971376419067,-0.05189073085784912,0.2897891402244568,-0.6685684323310852,-0.04889538511633873,0.5980114340782166,-0.5196532011032104,-0.06818648427724838,0.4944411814212799,-0.693505585193634,-0.08570501953363419,0.4157911241054535,-0.6205994486808777,-0.05613959953188896,0.3933574855327606,-0.4980187714099884,-0.027111511677503586
0.0,0.0,0.0,0.11864763498306274,-0.6004835367202759,-0.021028045564889908,0.023149002343416214,-1.1147196292877197,-0.034037962555885315,-0.2230064421892166,-1.3204807043075562,-0.03598872199654579,-0.3882458209991455,-1.2172150611877441,-0.028058858588337898,-0.45193931460380554,-1.0168371200561523,-0.07511749118566513,-0.512091338634491,-1.368899941444397,-0.10829196870326996,-0.36415916681289673,-1.243619441986084,-0.14156650006771088,-0.2923094630241394,-1.079724669456482,-0.16364432871341705,-0.6364118456840515,-0.7673590779304504,-0.07835850119590759,-0.6310768127441406,-1.1302868127822876,-0.0643140971660614,-0.502903401851654,-1.0523942708969116,-0.06438620388507843,-0.4578487277030945,-0.8931919932365417,-0.07976584136486053,-0.7369629144668579,-0.5288331508636475,-0.07496964931488037,-0.7064191699028015,-0.8695347309112549,-0.04330550506711006,-0.5918968319892883,-0.8126738667488098,-0.012179930694401264,-0.5439145565032959,-0.6622539758682251,-0.011965322308242321,-0.7844789028167725,-0.3119068741798401,-0.07345704734325409,-0.7606769800186157,-0.6237522959709167,-0.03993379697203636,-0.6527354717254639,-0.594797670841217,0.013398520648479462,-0.6026894450187683,-0.4750456213951111,0.04613367095589638,0.0,0.0,0.0,-0.23014295101165771,-0.4646642208099365,-0.031041426584124565,-0.28252631425857544,-0.9259604215621948,-0.06101350486278534,-0.16504722833633423,-1.2148185968399048,-0.08881720155477524,-0.03841761499643326,-1.1919865608215332,-0.11150471866130829,0.1770777702331543,-1.093319296836853,-0.04924570769071579,0.0803166925907135,-1.2570617198944092,-0.0738319680094719,-0.007376137189567089,-1.1062233448028564,-0.10734736919403076,-0.022312892600893974,-0.9587981104850769,-0.13710613548755646,0.36344194412231445,-0.9292829632759094,-0.06590239703655243,0.25680238008499146,-1.0838321447372437,-0.06674455851316452,0.16471503674983978,-0.9669495820999146,-0.07296126335859299,0.14744919538497925,-0.8121834397315979,-0.08792781084775925,0.4937437176704407,-0.7182599902153015,-0.08066531270742416,0.3969464898109436,-0.8788703083992004,-0.09749472886323929,0.30127421021461487,-0.781907320022583,-0.07722931355237961,0.27098312973976135,-0.6357351541519165,-0.068875752389431,0.5881919264793396,-0.4905165433883667,-0.09804108738899231,0.5028743147850037,-0.6645721793174744,-0.11004415899515152,0.41026216745376587,-0.5801869630813599,-0.06868591159582138,0.38253888487815857,-0.4536551833152771,-0.03307344391942024
0.0,0.0,0.0,0.11295706033706665,-0.6189689636230469,-0.03931911289691925,-0.011914451606571674,-1.152009129524231,-0.06381572782993317,-0.2904474139213562,-1.3429750204086304,-0.07388770580291748,-0.47365057468414307,-1.2076064348220825,-0.07518352568149567,-0.4920654296875,-1.0011202096939087,-0.10485243797302246,-0.5852423310279846,-1.357913613319397,-0.1510431468486786,-0.425674170255661,-1.2491164207458496,-0.192641019821167,-0.34382960200309753,-1.0816245079040527,-0.21884849667549133,-0.6787407994270325,-0.7270271182060242,-0.10364591330289841,-0.6936737298965454,-1.0952812433242798,-0.09213677048683167,-0.5584626793861389,-1.0340677499771118,-0.09709102660417557,-0.5105510950088501,-0.8755336403846741,-0.11757252365350723,-0.7738800644874573,-0.47497281432151794,-0.0962006002664566,-0.7603210210800171,-0.8255810141563416,-0.06880072504281998,-0.6423501372337341,-0.7878145575523376,-0.03715258836746216,-0.5920332670211792,-0.6397618055343628,-0.03766551613807678,-0.81584233045578,-0.24881236255168915,-0.09166453033685684,-0.8104549050331116,-0.5740200877189636,-0.0663493201136589,-0.6952067613601685,-0.5499545931816101,-0.011354297399520874,-0.6422179937362671,-0.4144758880138397,0.024341274052858353,0.0,0.0,0.0,-0.2219744771718979,-0.43386438488960266,-0.03540460392832756,-0.2761385440826416,-0.9199449419975281,-0.05669032782316208,-0.15634490549564362,-1.1979234218597412,-0.07611580193042755,-0.022587884217500687,-1.137690782546997,-0.08964591473340988,0.1661921888589859,-1.0891162157058716,-0.01223059743642807,0.0672210082411766,-1.2251121997833252,-0.032981254160404205,-0.012607360258698463,-1.0782475471496582,-0.0747791975736618,-0.022590316832065582,-0.9416695833206177,-0.11402452737092972,0.349110871553421,-0.9367961287498474,-0.02312190644443035,0.23088066279888153,-1.0680564641952515,-0.020850514993071556,0.1500290483236313,-0.9442088007926941,-0.032356150448322296,0.13626278936862946,-0.7941280603408813,-0.050592489540576935,0.4790419936180115,-0.7455996870994568,-0.0367722250521183,0.37024906277656555,-0.8821283578872681,-0.04917428642511368,0.2882689833641052,-0.7868960499763489,-0.03389241546392441,0.2623376250267029,-0.6512829661369324,-0.02934230864048004,0.5748443007469177,-0.5350238084793091,-0.05509496480226517,0.4663080871105194,-0.6955516934394836,-0.0696592703461647,0.3866543173789978,-0.6086567640304565,-0.03810498118400574,0.36813080310821533,-0.4877620041370392,-0.009858519770205021
0.0,0.0,0.0,0.14782990515232086,-0.5986838340759277,-0.02341417409479618,0.04956720024347305,-1.09646737575531,-0.03168909624218941,-0.20463243126869202,-1.3045753240585327,-0.02709454484283924,-0.37779560685157776,-1.1895126104354858,-0.015472137369215488,-0.443575382232666,-1.0198097229003906,-0.07242877036333084,-0.4980688691139221,-1.3355097770690918,-0.08898467570543289,-0.3518364131450653,-1.2178308963775635,-0.11616449803113937,-0.2881888449192047,-1.0591380596160889,-0.1378811150789261,-0.634363055229187,-0.7700618505477905,-0.06773670762777328,-0.6088642477989197,-1.0925754308700562,-0.027539629489183426,-0.4805119037628174,-1.0236645936965942,-0.020358162000775337,-0.4412449300289154,-0.8730990886688232,-0.0381932333111763,-0.7298985123634338,-0.5267277359962463,-0.05506021901965141,-0.6859252452850342,-0.8401452898979187,-0.010000040754675865,-0.5723423361778259,-0.790757417678833,0.021072689443826675,-0.5241195559501648,-0.6432676911354065,0.016534386202692986,-0.771605908870697,-0.3026333749294281,-0.04369967803359032,-0.7378123998641968,-0.5924929976463318,-0.011438094079494476,-0.6323332190513611,-0.5531966090202332,0.039509475231170654,-0.5856820940971375,-0.416817843914032,0.07080621272325516,0.0,0.0,0.0,-0.2257479578256607,-0.48708564043045044,-0.03057968243956566,-0.2664795517921448,-0.9582949876785278,-0.05339117720723152,-0.1375219225883484,-1.222259759902954,-0.07632675766944885,-0.010916843079030514,-1.1395606994628906,-0.0952175110578537,0.21353711187839508,-1.092811107635498,-0.021231554448604584,0.10295350104570389,-1.2066384553909302,-0.03807469457387924,0.01704593002796173,-1.067582130432129,-0.07611247152090073,0.008228504098951817,-0.9385020136833191,-0.11302666366100311,0.3972474932670593,-0.9169580340385437,-0.037180423736572266,0.2791025638580322,-1.0323439836502075,-0.03245700150728226,0.19306369125843048,-0.9219288229942322,-0.04494017735123634,0.17407993972301483,-0.7722238898277283,-0.0644196942448616,0.5199800729751587,-0.6979849338531494,-0.05297210067510605,0.41553187370300293,-0.8240402340888977,-0.06033151596784592,0.3276227116584778,-0.7385107278823853,-0.04626107215881348,0.2940629720687866,-0.6038917303085327,-0.043175432831048965,0.6018207669258118,-0.4607924222946167,-0.07321102172136307,0.5147795081138611,-0.6015360355377197,-0.07514550536870956,0.43357259035110474,-0.5287615060806274,-0.03841123729944229,0.40544694662094116,-0.4164717495441437,-0.008016821928322315
0.0,0.0,0.0,0.14671723544597626,-0.5794010758399963,-0.015837520360946655,0.06164173781871796,-1.0697494745254517,-0.021795056760311127,-0.17130707204341888,-1.286450743675232,-0.018679499626159668,-0.34395715594291687,-1.2640808820724487,-0.007631395943462849,-0.39356550574302673,-1.0474990606307983,-0.06615349650382996,-0.4605458974838257,-1.3334928750991821,-0.09296366572380066,-0.32478147745132446,-1.2184427976608276,-0.1232137382030487,-0.2564834654331207,-1.0699610710144043,-0.14458046853542328,-0.5792199373245239,-0.8122017979621887,-0.06951641291379929,-0.5899012684822083,-1.1094307899475098,-0.05006519705057144,-0.470429390668869,-1.0377033948898315,-0.045475710183382034,-0.4147157669067383,-0.8900812864303589,-0.058420710265636444,-0.6894816160202026,-0.5702032446861267,-0.06682516634464264,-0.6761404275894165,-0.8432369828224182,-0.03559587523341179,-0.5738838315010071,-0.791322648525238,-0.00541999377310276,-0.5183143019676208,-0.6505611538887024,-0.005039316136389971,-0.7481342554092407,-0.33962032198905945,-0.06548863649368286,-0.7373582124710083,-0.6046090722084045,-0.037319380789995193,-0.6402595043182373,-0.5718387961387634,0.011409715749323368,-0.5871371626853943,-0.45210161805152893,0.04266336187720299,0.0,0.0,0.0,-0.20627155900001526,-0.4679468870162964,-0.04655437916517258,-0.2420266717672348,-0.9708144664764404,-0.07104771584272385,-0.11688627302646637,-1.2514830827713013,-0.09167635440826416,0.030158275738358498,-1.2275185585021973,-0.1047155112028122,0.2430601269006729,-1.0665761232376099,-0.023201923817396164,0.09935752302408218,-1.259961485862732,-0.050489459186792374,0.001352063030935824,-1.1165131330490112,-0.09626558423042297,-0.007877584546804428,-0.9592757225036621,-0.13409699499607086,0.42183995246887207,-0.9062623977661133,-0.02719339169561863,0.26906853914260864,-1.1037615537643433,-0.035669125616550446,0.17119865119457245,-0.9884227514266968,-0.053588684648275375,0.1514507681131363,-0.819050669670105,-0.07337502390146255,0.5395618677139282,-0.7119560837745667,-0.0341423898935318,0.4015349745750427,-0.9084748029708862,-0.055237431079149246,0.3112998604774475,-0.8182445764541626,-0.04593908414244652,0.2836318612098694,-0.6645864248275757,-0.043085645884275436,0.6119138598442078,-0.5037389993667603,-0.04632655531167984,0.4913621246814728,-0.7039706110954285,-0.0733506977558136,0.4078632891178131,-0.6221430897712708,-0.04855293780565262,0.3869556188583374,-0.4821472465991974,-0.020985830575227737
0.0,0.0,0.0,0.14669372141361237,-0.5974995493888855,-0.0347159169614315,0.056697096675634384,-1.10519540309906,-0.052856024354696274,-0.19040754437446594,-1.3296934366226196,-0.058130428194999695,-0.36793044209480286,-1.2185873985290527,-0.05631769821047783,-0.452518492937088,-1.0215790271759033,-0.08537045121192932,-0.4934439957141876,-1.3585859537124634,-0.1231422871351242,-0.34924301505088806,-1.2342216968536377,-0.1644199937582016,-0.2863301634788513,-1.0611029863357544,-0.1930522471666336,-0.6398313045501709,-0.7641015648841858,-0.08224741369485855,-0.6144367456436157,-1.1088881492614746,-0.06690433621406555,-0.4838947057723999,-1.033818244934082,-0.07150004059076309,-0.44590455293655396,-0.8709371089935303,-0.09343339502811432,-0.7358193397521973,-0.5126994252204895,-0.07331820577383041,-0.6923237442970276,-0.839751660823822,-0.04700510576367378,-0.5767478942871094,-0.787480354309082,-0.018615003675222397,-0.5326521992683411,-0.636651337146759,-0.021291539072990417,-0.7784221172332764,-0.27950918674468994,-0.06688392162322998,-0.7445867657661438,-0.583751380443573,-0.045646436512470245,-0.6336238384246826,-0.5487431883811951,0.003426127601414919,-0.586973249912262,-0.4121963679790497,0.03491033613681793,0.0,0.0,0.0,-0.23044560849666595,-0.49324700236320496,-0.03939385712146759,-0.2747073471546173,-0.9799846410751343,-0.06816010177135468,-0.1442411243915558,-1.2573230266571045,-0.09382176399230957,-0.002267916686832905,-1.1833385229110718,-0.11453438550233841,0.20680612325668335,-1.0912587642669678,-0.03704877570271492,0.07029981911182404,-1.2569079399108887,-0.06195496767759323,-0.01903519034385681,-1.0968389511108398,-0.10475604236125946,-0.01222583930939436,-0.9450964331626892,-0.14413511753082275,0.39012959599494934,-0.9195525050163269,-0.0471390038728714,0.2520306408405304,-1.087280035018921,-0.050241176038980484,0.16271494328975677,-0.9697448015213013,-0.06145748496055603,0.15383371710777283,-0.8080455660820007,-0.08009971678256989,0.5129194855690002,-0.7135180830955505,-0.05778643861413002,0.38503363728523254,-0.8828588128089905,-0.07561804354190826,0.2970323860645294,-0.7882909178733826,-0.0597555935382843,0.2778565287590027,-0.6401904821395874,-0.05482795462012291,0.5961509346961975,-0.4935600459575653,-0.07279012352228165,0.4764759838581085,-0.6762711405754089,-0.08969732373952866,0.39312943816185,-0.5880632400512695,-0.05626130476593971,0.37741148471832275,-0.4546164870262146,-0.026453053578734398
0.0,0.0,0.0,0.1279044896364212,-0.5805529356002808,-0.019309960305690765,0.0385381281375885,-1.082851767539978,-0.028487548232078552,-0.2090754508972168,-1.2803236246109009,-0.029440028592944145,-0.38492393493652344,-1.183062195777893,-0.022301658987998962,-0.4392770230770111,-1.0383540391921997,-0.04929879680275917,-0.49714186787605286,-1.3333945274353027,-0.07366929203271866,-0.3601197898387909,-1.2121658325195312,-0.1074601337313652,-0.28842437267303467,-1.0632802248001099,-0.13097184896469116,-0.6209074258804321,-0.7821347713470459,-0.05233686789870262,-0.6149022579193115,-1.0824824571609497,-0.026154695078730583,-0.491558700799942,-1.0074167251586914,-0.02772471122443676,-0.44274526834487915,-0.866801917552948,-0.045948293060064316,-0.7182385921478271,-0.5326249003410339,-0.04983224719762802,-0.6830721497535706,-0.8260530233383179,-0.014422456733882427,-0.5751165747642517,-0.7714579701423645,0.014924288727343082,-0.5214635133743286,-0.6362466216087341,0.014365403912961483,-0.7657694220542908,-0.29864415526390076,-0.04925956949591637,-0.740024745464325,-0.5792675018310547,-0.016678152605891228,-0.6335166096687317,-0.5412635207176208,0.037613239139318466,-0.5776609182357788,-0.4221656620502472,0.07354386895895004,0.0,0.0,0.0,-0.2158697545528412,-0.5017092227935791,-0.04023788869380951,-0.2397516518831253,-1.0089489221572876,-0.06528203189373016,-0.09459193050861359,-1.2944737672805786,-0.08515918254852295,0.049935467541217804,-1.2100210189819336,-0.09883250296115875,0.2347167283296585,-1.0847026109695435,-0.03524905815720558,0.12536893784999847,-1.2724658250808716,-0.055424705147743225,0.028139065951108932,-1.1223822832107544,-0.09453164786100388,0.02641560323536396,-0.9678056240081787,-0.13057060539722443,0.41930946707725525,-0.907031238079071,-0.03839157521724701,0.2978256642818451,-1.1147356033325195,-0.03702597692608833,0.1976582258939743,-1.0144914388656616,-0.044143833220005035,0.18100100755691528,-0.8490901589393616,-0.05921752378344536,0.5392165184020996,-0.7055902481079102,-0.04208528622984886,0.43343111872673035,-0.9174150824546814,-0.05563358590006828,0.33504271507263184,-0.8406326770782471,-0.03870950639247894,0.30834871530532837,-0.694007933139801,-0.0325416699051857,0.6170176267623901,-0.49714305996894836,-0.04949721693992615,0.5209644436836243,-0.7075939774513245,-0.06085410714149475,0.42984625697135925,-0.6317241787910461,-0.027117636054754257,0.41199740767478943,-0.4987117052078247,0.001772495685145259
0.0,0.0,0.0,0.1262221336364746,-0.5676336288452148,-0.015210277400910854,0.05107559263706207,-1.0410939455032349,-0.026732230558991432,-0.15825386345386505,-1.2548264265060425,-0.030896587297320366,-0.3223685920238495,-1.1766406297683716,-0.028300363570451736,-0.4296264946460724,-1.0383741855621338,-0.05055064335465431,-0.43414270877838135,-1.324778437614441,-0.07387962937355042,-0.3018874526023865,-1.1860352754592896,-0.10932867228984833,-0.25235438346862793,-1.0215989351272583,-0.1357574760913849,-0.6034632325172424,-0.7954485416412354,-0.05562104284763336,-0.5575606822967529,-1.08311927318573,-0.028809310868382454,-0.4379812777042389,-0.9952231049537659,-0.028245678171515465,-0.4007669687271118,-0.8438071012496948,-0.04663586989045143,-0.697279155254364,-0.548036515712738,-0.05497831106185913,-0.6387249231338501,-0.8233885169029236,-0.016591768711805344,-0.532265305519104,-0.7581133246421814,0.0149496765807271,-0.48360365629196167,-0.6127375960350037,0.014156595803797245,-0.7422478199005127,-0.3112732172012329,-0.056528691202402115,-0.6963619589805603,-0.5602408051490784,-0.02068583108484745,-0.5931233763694763,-0.5165036916732788,0.03208125755190849,-0.5432667136192322,-0.393594890832901,0.06578388810157776,0.0,0.0,0.0,-0.19416092336177826,-0.514695942401886,-0.031240904703736305,-0.20935964584350586,-1.0162315368652344,-0.053744036704301834,-0.07711946219205856,-1.2879666090011597,-0.07638628035783768,0.0560791902244091,-1.2060576677322388,-0.09448770433664322,0.2642172873020172,-1.0793958902359009,-0.009997066110372543,0.1365511417388916,-1.250237226486206,-0.0447123721241951,0.05487481877207756,-1.1094714403152466,-0.09969093650579453,0.055182043462991714,-0.9623906016349792,-0.14352990686893463,0.4419843256473541,-0.8967249393463135,-0.023113686591386795,0.31087860465049744,-1.0679770708084106,-0.02825157530605793,0.22342267632484436,-0.961761474609375,-0.04501279070973396,0.20984777808189392,-0.801066517829895,-0.06561559438705444,0.5616172552108765,-0.6880361437797546,-0.03936593979597092,0.44756650924682617,-0.8571021556854248,-0.05526921898126602,0.3586737811565399,-0.7745336294174194,-0.041091546416282654,0.3287307322025299,-0.6287626624107361,-0.03594284504652023,0.637516438961029,-0.46596747636795044,-0.060697056353092194,0.5424780249595642,-0.6357012987136841,-0.07141587138175964,0.45824453234672546,-0.558204710483551,-0.03790783882141113,0.4344508945941925,-0.4328632652759552,-0.007594026625156403
0.0,0.0,0.0,0.1581178456544876,-0.56944739818573,-0.03962799906730652,0.07619631290435791,-1.0652353763580322,-0.05955187603831291,-0.16075217723846436,-1.293589472770691,-0.06542152166366577,-0.33409810066223145,-1.1829828023910522,-0.0646619126200676,-0.4365686774253845,-1.0280998945236206,-0.09306283295154572,-0.46420586109161377,-1.337522268295288,-0.12981995940208435,-0.32275548577308655,-1.2028332948684692,-0.1703731268644333,-0.26578450202941895,-1.0339069366455078,-0.20035961270332336,-0.6177058815956116,-0.7812485694885254,-0.08994490653276443,-0.5822906494140625,-1.0979771614074707,-0.07627133280038834,-0.4558285176753998,-1.0161025524139404,-0.07955945283174515,-0.41785117983818054,-0.8589633107185364,-0.10042325407266617,-0.7080727219581604,-0.5355772376060486,-0.08163463324308395,-0.6540335416793823,-0.8320157527923584,-0.0588361993432045,-0.5468319654464722,-0.7746063470840454,-0.033033810555934906,-0.5057342052459717,-0.6258405447006226,-0.03708663955330849,-0.7478463649749756,-0.3050564229488373,-0.07646144181489944,-0.700628399848938,-0.5763152241706848,-0.05842592567205429,-0.5966315865516663,-0.5331802368164062,-0.014387804083526134,-0.5559508800506592,-0.40076059103012085,0.013068226166069508,0.0,0.0,0.0,-0.22126731276512146,-0.5016135573387146,-0.04276668280363083,-0.2618567943572998,-0.9998765587806702,-0.07101468741893768,-0.14441488683223724,-1.2923797369003296,-0.09621567279100418,-0.018688535317778587,-1.235051155090332,-0.11432389169931412,0.23499058187007904,-1.078263282775879,-0.03275105357170105,0.07650887966156006,-1.267810583114624,-0.06575014442205429,-0.012440182268619537,-1.1182341575622559,-0.10960537940263748,-0.009125396609306335,-0.9557116031646729,-0.14424170553684235,0.41502150893211365,-0.9089528918266296,-0.03951882943511009,0.2566378116607666,-1.1062586307525635,-0.05298769846558571,0.16172237694263458,-0.9951304197311401,-0.06889094412326813,0.15240605175495148,-0.8258772492408752,-0.08702769130468369,0.5352330803871155,-0.7069060802459717,-0.047946639358997345,0.4006595313549042,-0.9064859747886658,-0.07083887606859207,0.30281493067741394,-0.8215644955635071,-0.0560026578605175,0.2788427174091339,-0.6698223352432251,-0.04974377900362015,0.6132134199142456,-0.4847268760204315,-0.06147599220275879,0.5008134245872498,-0.671321451663971,-0.07919768244028091,0.41011905670166016,-0.5961942672729492,-0.04872877523303032,0.3897618353366852,-0.4664798378944397,-0.019951023161411285
0.0,0.0,0.0,0.09148154407739639,-0.6003410220146179,-0.024121690541505814,-0.029885709285736084,-1.1018147468566895,-0.04466434568166733,-0.3169114887714386,-1.2711915969848633,-0.05515555664896965,-0.5171078443527222,-1.1631767749786377,-0.05685686692595482,-0.4639602303504944,-1.0264732837677002,-0.07280386984348297,-0.6283235549926758,-1.2914689779281616,-0.11246951669454575,-0.4771210849285126,-1.1915403604507446,-0.1499262899160385,-0.37021955847740173,-1.0549771785736084,-0.17002591490745544,-0.6500869393348694,-0.7560735940933228,-0.0757608413696289,-0.7280352115631104,-1.025579571723938,-0.050836723297834396,-0.596149742603302,-0.9627408385276794,-0.043880727142095566,-0.5180381536483765,-0.8358094096183777,-0.054823294281959534,-0.7575424313545227,-0.48896387219429016,-0.07381657510995865,-0.797900915145874,-0.7481571435928345,-0.03619873523712158,-0.6830836534500122,-0.7050314545631409,0.004119361750781536,-0.6045874953269958,-0.5845003128051758,0.011006442829966545,-0.8121914863586426,-0.24301524460315704,-0.0742826983332634,-0.8322300314903259,-0.48854562640190125,-0.038757726550102234,-0.7234356999397278,-0.4569830298423767,0.02244202420115471,-0.6569327116012573,-0.3474571108818054,0.06421630829572678,0.0,0.0,0.0,-0.24640074372291565,-0.4724416434764862,-0.05564218759536743,-0.31348341703414917,-0.9911083579063416,-0.08813045173883438,-0.19713443517684937,-1.3136799335479736,-0.1127082109451294,-0.04836409166455269,-1.2438645362854004,-0.12608058750629425,0.17836631834506989,-1.0766321420669556,-0.05458739772439003,0.05395643413066864,-1.3473718166351318,-0.0794685110449791,-0.04900281876325607,-1.189652919769287,-0.10413404554128647,-0.04947773367166519,-1.021187424659729,-0.12785467505455017,0.3669395446777344,-0.9287265539169312,-0.053125567734241486,0.22902944684028625,-1.2042255401611328,-0.06837902963161469,0.1205819770693779,-1.0848137140274048,-0.0691220611333847,0.10995665937662125,-0.910656213760376,-0.07446980476379395,0.5015512704849243,-0.7615233659744263,-0.05379883944988251,0.37628868222236633,-1.0294325351715088,-0.08644381910562515,0.2707173824310303,-0.9356547594070435,-0.06618659943342209,0.25009849667549133,-0.774283230304718,-0.051791463047266006,0.599367082118988,-0.5773996114730835,-0.05846612527966499,0.47190895676612854,-0.843804657459259,-0.09367944300174713,0.377853125333786,-0.7523386478424072,-0.06628639996051788,0.3662049472332001,-0.599824845790863,-0.036255501210689545
0.0,0.0,0.0,0.10554005950689316,-0.6509198546409607,-0.03460131958127022,-0.033636897802352905,-1.1844490766525269,-0.05869559198617935,-0.3439640700817108,-1.330108880996704,-0.06915054470300674,-0.5378284454345703,-1.1736639738082886,-0.06830210238695145,-0.5024964213371277,-1.0156779289245605,-0.09266582131385803,-0.6316547989845276,-1.3437209129333496,-0.14001597464084625,-0.4662990868091583,-1.2607972621917725,-0.18220554292201996,-0.3602464199066162,-1.1093147993087769,-0.20480352640151978,-0.6844468712806702,-0.7235928773880005,-0.08913952857255936,-0.731399655342102,-1.069410800933838,-0.07415641844272614,-0.588467538356781,-1.0283409357070923,-0.07741361856460571,-0.5147008299827576,-0.8819201588630676,-0.09466184675693512,-0.7775207757949829,-0.4611685872077942,-0.0797627717256546,-0.7934904098510742,-0.7936684489250183,-0.04946833848953247,-0.6655840873718262,-0.7758578658103943,-0.0181755181401968,-0.5929902791976929,-0.6426168084144592,-0.016189703717827797,-0.8141618967056274,-0.22585426270961761,-0.07269463688135147,-0.8155016899108887,-0.539408802986145,-0.042274974286556244,-0.6994049549102783,-0.5390838384628296,0.01129271648824215,-0.6303579211235046,-0.42676591873168945,0.04718362167477608,0.0,0.0,0.0,-0.22753886878490448,-0.49133673310279846,-0.054523859173059464,-0.29107508063316345,-1.0014066696166992,-0.09423723071813583,-0.17637896537780762,-1.3380131721496582,-0.12406465411186218,-0.017860157415270805,-1.284328579902649,-0.14158298075199127,0.21932163834571838,-1.0490559339523315,-0.0819726511836052,0.07649177312850952,-1.357073426246643,-0.10843556374311447,-0.02896176464855671,-1.1864241361618042,-0.12974965572357178,-0.027226444333791733,-1.0123382806777954,-0.15120306611061096,0.41120681166648865,-0.9081270098686218,-0.07883059233427048,0.25628364086151123,-1.2154147624969482,-0.09271629899740219,0.14324989914894104,-1.0931483507156372,-0.08819156140089035,0.13384363055229187,-0.9248127341270447,-0.09376198053359985,0.5430442094802856,-0.7447201609611511,-0.07418809831142426,0.40446096658706665,-1.0291622877120972,-0.10034561902284622,0.29684698581695557,-0.9375030994415283,-0.07103415578603745,0.2756405472755432,-0.780608594417572,-0.055286917835474014,0.6327688097953796,-0.5645596385002136,-0.07311981916427612,0.505058765411377,-0.834630012512207,-0.09946385025978088,0.401946485042572,-0.7483538389205933,-0.0643296018242836,0.38427603244781494,-0.6051692962646484,-0.03220402076840401
0.0,0.0,0.0,0.07396239787340164,-0.632281482219696,-0.028884613886475563,-0.06477926671504974,-1.144683837890625,-0.05235841125249863,-0.3427761495113373,-1.3140968084335327,-0.06420986354351044,-0.5260921120643616,-1.1925671100616455,-0.06697458773851395,-0.5471771955490112,-0.9856893420219421,-0.09712737053632736,-0.6647398471832275,-1.3104252815246582,-0.13516250252723694,-0.49274852871894836,-1.2139005661010742,-0.17061983048915863,-0.4038515090942383,-1.0628752708435059,-0.19377964735031128,-0.716971755027771,-0.6898220777511597,-0.1004839763045311,-0.7573893666267395,-1.028527021408081,-0.08098717033863068,-0.6179798245429993,-0.9779883027076721,-0.07943545281887054,-0.5549559593200684,-0.8345543146133423,-0.09742120653390884,-0.8022805452346802,-0.41672492027282715,-0.09647431969642639,-0.8070277571678162,-0.7449223399162292,-0.06219865381717682,-0.6917333602905273,-0.7124441266059875,-0.02820674702525139,-0.6301263570785522,-0.5726661086082458,-0.028810283169150352,-0.8381159901618958,-0.16967961192131042,-0.0947321429848671,-0.8453138470649719,-0.48127686977386475,-0.06370371580123901,-0.73147052526474,-0.4630204141139984,-0.007224215194582939,-0.6708516478538513,-0.33587193489074707,0.029165495187044144,0.0,0.0,0.0,-0.21864455938339233,-0.48350241780281067,-0.04408149793744087,-0.25715720653533936,-1.0081079006195068,-0.06824137270450592,-0.12651987373828888,-1.3234950304031372,-0.08660516142845154,0.009177735075354576,-1.2382582426071167,-0.09509418159723282,0.22485420107841492,-1.0715854167938232,-0.030539819970726967,0.1168009415268898,-1.328532338142395,-0.04624541476368904,0.013149302452802658,-1.190975546836853,-0.07396978884935379,0.0062974183820188046,-1.0343610048294067,-0.10312017053365707,0.40639692544937134,-0.913112998008728,-0.03265230357646942,0.2909770905971527,-1.1765764951705933,-0.03410676121711731,0.18614201247692108,-1.072240948677063,-0.0344063937664032,0.16325734555721283,-0.9047423601150513,-0.04256441816687584,0.5347046256065369,-0.7388699054718018,-0.0368383452296257,0.43149060010910034,-0.9862285852432251,-0.05579698458313942,0.32924848794937134,-0.9065061211585999,-0.03704948350787163,0.2928697168827057,-0.752103865146637,-0.027594618499279022,0.6231829524040222,-0.5455760359764099,-0.04510477930307388,0.5182998776435852,-0.7840203642845154,-0.06903498619794846,0.42700374126434326,-0.7024747133255005,-0.042155444622039795,0.40357911586761475,-0.557935357093811,-0.015389366075396538
0.0,0.0,0.0,0.10525212436914444,-0.6236953735351562,-0.01979852467775345,-0.02242991514503956,-1.1445796489715576,-0.03334755450487137,-0.299709290266037,-1.329543113708496,-0.03846634551882744,-0.4831688106060028,-1.202587366104126,-0.03468915820121765,-0.4910159409046173,-1.0143439769744873,-0.06858126819133759,-0.6184492707252502,-1.3331122398376465,-0.10845810920000076,-0.4618587791919708,-1.2367870807647705,-0.14711657166481018,-0.36838263273239136,-1.0796071290969849,-0.16930319368839264,-0.6697517037391663,-0.7388516664505005,-0.07436967641115189,-0.7188830375671387,-1.057319164276123,-0.05268474668264389,-0.583000659942627,-1.0010515451431274,-0.05180808901786804,-0.5176721811294556,-0.856052577495575,-0.06801905483007431,-0.7641510963439941,-0.47521093487739563,-0.07434390485286713,-0.7806137800216675,-0.7743645310401917,-0.04040147364139557,-0.6629056334495544,-0.7416085600852966,-0.004782314412295818,-0.5952457785606384,-0.6066872477531433,-0.0016366448253393173,-0.8069230914115906,-0.2295202910900116,-0.07623624056577682,-0.8175806999206543,-0.5091075897216797,-0.04409070312976837,-0.7064211368560791,-0.4877014756202698,0.014999685809016228,-0.6429916620254517,-0.3640814423561096,0.05420780926942825,0.0,0.0,0.0,-0.22601164877414703,-0.47004270553588867,-0.03899311274290085,-0.26833513379096985,-0.983596682548523,-0.06054293364286423,-0.14045633375644684,-1.3008108139038086,-0.07693646103143692,0.006102538667619228,-1.240208387374878,-0.08396395295858383,0.20863419771194458,-1.07340669631958,-0.030949268490076065,0.1020263060927391,-1.304257869720459,-0.04790295287966728,-0.003262131940573454,-1.15425443649292,-0.07533363252878189,-0.013061628676950932,-1.0003827810287476,-0.10317222028970718,0.393132746219635,-0.9187882542610168,-0.035703789442777634,0.271599143743515,-1.1540111303329468,-0.035943593829870224,0.16596758365631104,-1.0358376502990723,-0.035611726343631744,0.1488727480173111,-0.8709405660629272,-0.04363948106765747,0.5238918662071228,-0.7396455407142639,-0.04184780642390251,0.41668009757995605,-0.9686360359191895,-0.05897289887070656,0.3142763674259186,-0.8776413798332214,-0.03758266195654869,0.2821129560470581,-0.725291907787323,-0.026924027130007744,0.6153700947761536,-0.5406242609024048,-0.051431234925985336,0.5118633508682251,-0.7719948291778564,-0.07151099294424057,0.4202073812484741,-0.686082661151886,-0.040086496621370316,0.39792269468307495,-0.5464903712272644,-0.010527145117521286
0.0,0.0,0.0,0.12478099763393402,-0.5781058669090271,-0.012449430301785469,0.047193147242069244,-1.0775196552276611,-0.021605005487799644,-0.17982465028762817,-1.2907013893127441,-0.023990951478481293,-0.34352561831474304,-1.2043348550796509,-0.01850433088839054,-0.4221992492675781,-1.0388767719268799,-0.047284163534641266,-0.46310481429100037,-1.3257348537445068,-0.07190556079149246,-0.3281256854534149,-1.2028369903564453,-0.10641201585531235,-0.2670934200286865,-1.0540434122085571,-0.13175655901432037,-0.599150538444519,-0.7987189292907715,-0.055377740412950516,-0.585185706615448,-1.0974172353744507,-0.03127766028046608,-0.4658617377281189,-1.01433265209198,-0.03130842000246048,-0.4220060706138611,-0.866309404373169,-0.04817485064268112,-0.6966184377670288,-0.5628028512001038,-0.05776200070977211,-0.6581968665122986,-0.8417720794677734,-0.01886967197060585,-0.5547807812690735,-0.7838139533996582,0.014070761390030384,-0.5045723915100098,-0.6455983519554138,0.014943696558475494,-0.7456783056259155,-0.33532506227493286,-0.06252880394458771,-0.7230735421180725,-0.5930930972099304,-0.02362963929772377,-0.6234275102615356,-0.5557730197906494,0.03238936513662338,-0.573404848575592,-0.43258166313171387,0.06829477101564407,0.0,0.0,0.0,-0.20211057364940643,-0.5186827778816223,-0.03561990335583687,-0.21487313508987427,-1.052335262298584,-0.05868847295641899,-0.07113739848136902,-1.3664568662643433,-0.0770893469452858,0.06886924058198929,-1.2635762691497803,-0.08697754144668579,0.2727997303009033,-1.0740265846252441,-0.032158106565475464,0.17433466017246246,-1.3155113458633423,-0.042996760457754135,0.06427962332963943,-1.1756106615066528,-0.06406379491090775,0.048671603202819824,-1.0088286399841309,-0.08661647886037827,0.45912954211235046,-0.8877526521682739,-0.03309524059295654,0.3408360779285431,-1.1495423316955566,-0.02906523086130619,0.22584272921085358,-1.0493748188018799,-0.02679181657731533,0.20443716645240784,-0.876871645450592,-0.03385687991976738,0.5815791487693787,-0.687713086605072,-0.03318779543042183,0.472873330116272,-0.9463599324226379,-0.04551127552986145,0.3604878783226013,-0.8758705258369446,-0.026444515213370323,0.3287259638309479,-0.7219942212104797,-0.01813601888716221,0.6565092206001282,-0.48496225476264954,-0.035720713436603546,0.5556771159172058,-0.7288269400596619,-0.04743325337767601,0.45288118720054626,-0.656211256980896,-0.01459868997335434,0.4275924265384674,-0.511250913143158,0.014351695775985718
0.0,0.0,0.0,0.14712266623973846,-0.576807975769043,-0.04146057367324829,0.06041156128048897,-1.0911874771118164,-0.05926420912146568,-0.18409860134124756,-1.340246558189392,-0.06165146082639694,-0.35763537883758545,-1.2313129901885986,-0.055136412382125854,-0.44745877385139465,-1.0138139724731445,-0.08714568614959717,-0.4762013256549835,-1.3602559566497803,-0.11253383755683899,-0.3208658993244171,-1.2309273481369019,-0.14565351605415344,-0.2661179006099701,-1.0635732412338257,-0.1722635179758072,-0.6287954449653625,-0.7735397219657898,-0.07907326519489288,-0.5873669981956482,-1.1269006729125977,-0.059864193201065063,-0.4520353078842163,-1.0491806268692017,-0.06477987766265869,-0.41921430826187134,-0.8850442171096802,-0.08654740452766418,-0.7200747132301331,-0.541399359703064,-0.0643497109413147,-0.6640332341194153,-0.8766924142837524,-0.034518562257289886,-0.5463042259216309,-0.8249833583831787,-0.007902154698967934,-0.5046822428703308,-0.6719302535057068,-0.011626917868852615,-0.7610498070716858,-0.3263125419616699,-0.05250932648777962,-0.7203688025474548,-0.6287336349487305,-0.030157459899783134,-0.6140734553337097,-0.5907967686653137,0.016632281243801117,-0.5700231790542603,-0.4545394480228424,0.046631041914224625,0.0,0.0,0.0,-0.21568311750888824,-0.5130794644355774,-0.043357424437999725,-0.232631653547287,-1.0299259424209595,-0.06622046232223511,-0.08112014085054398,-1.307481288909912,-0.08377180993556976,0.053143151104450226,-1.2052063941955566,-0.09458582103252411,0.240452840924263,-1.0929207801818848,-0.03535190597176552,0.14427019655704498,-1.2983018159866333,-0.050347816199064255,0.039459049701690674,-1.1494898796081543,-0.0787116214632988,0.02529621124267578,-0.9996451139450073,-0.10877496749162674,0.42567482590675354,-0.9040480256080627,-0.038705285638570786,0.310673326253891,-1.1160030364990234,-0.04260100796818733,0.2062554657459259,-1.0001031160354614,-0.04789059981703758,0.18130291998386383,-0.8340964317321777,-0.05850963667035103,0.5480074882507324,-0.693775475025177,-0.04267549887299538,0.44047975540161133,-0.898041844367981,-0.061259880661964417,0.33842477202415466,-0.8116022348403931,-0.04339791461825371,0.3031090795993805,-0.6653053164482117,-0.03399108350276947,0.6295422911643982,-0.4738849103450775,-0.05045761168003082,0.5221847891807556,-0.6835625171661377,-0.06712128221988678,0.43123555183410645,-0.6045055389404297,-0.034234240651130676,0.4080471694469452,-0.47348344326019287,-0.004112512804567814
0.0,0.0,0.0,0.13404162228107452,-0.5818418264389038,-0.03315053880214691,0.05420298129320145,-1.0947245359420776,-0.05299177020788193,-0.17297807335853577,-1.2769558429718018,-0.06344157457351685,-0.32393380999565125,-1.1293967962265015,-0.06553124636411667,-0.45143112540245056,-1.027437686920166,-0.056243717670440674,-0.42905983328819275,-1.326088547706604,-0.09386845678091049,-0.2823232412338257,-1.1812983751296997,-0.14192543923854828,-0.2383367419242859,-1.0161195993423462,-0.17768776416778564,-0.6177264451980591,-0.7838776707649231,-0.06284778565168381,-0.5439525246620178,-1.0925651788711548,-0.06012548878788948,-0.4166373014450073,-0.9922834634780884,-0.0764358639717102,-0.3891858458518982,-0.8281213641166687,-0.1011986956000328,-0.6970310211181641,-0.554509162902832,-0.0660475641489029,-0.6195859313011169,-0.8410549163818359,-0.0483899861574173,-0.5063157677650452,-0.7727419137954712,-0.024481480941176414,-0.47180724143981934,-0.6293008327484131,-0.025454193353652954,-0.7278890013694763,-0.3386950194835663,-0.07319541275501251,-0.6789929270744324,-0.6117243766784668,-0.04822790250182152,-0.5648986101150513,-0.5613052845001221,0.005016781855374575,-0.5211798548698425,-0.43038690090179443,0.0395440012216568,0.0,0.0,0.0,-0.20607806742191315,-0.5044207572937012,-0.0278367530554533,-0.22557483613491058,-1.0153263807296753,-0.046220097690820694,-0.08488466590642929,-1.315958023071289,-0.06356096267700195,0.05398004874587059,-1.2393934726715088,-0.07561970502138138,0.258932501077652,-1.0755295753479004,-0.02299525961279869,0.16566073894500732,-1.2786017656326294,-0.042969439178705215,0.057991642504930496,-1.1529260873794556,-0.07849810272455215,0.033491119742393494,-0.9989948272705078,-0.1104649230837822,0.4452761709690094,-0.8947924375534058,-0.0327967032790184,0.3233523368835449,-1.0995476245880127,-0.030548349022865295,0.21585184335708618,-1.0007213354110718,-0.03802681714296341,0.189697727560997,-0.8305210471153259,-0.05321681872010231,0.5728124976158142,-0.6877163648605347,-0.042450182139873505,0.4564763307571411,-0.8865615725517273,-0.05496828630566597,0.35388845205307007,-0.8105236291885376,-0.040470562875270844,0.31440144777297974,-0.6581782102584839,-0.036922842264175415,0.6557440757751465,-0.4684375524520874,-0.05508533865213394,0.5412392616271973,-0.6495463252067566,-0.06851138174533844,0.44336867332458496,-0.5687038898468018,-0.03769258037209511,0.41557204723358154,-0.4335272014141083,-0.010292520746588707
