hand0_x0,hand0_y0,hand0_z0,hand0_x1,hand0_y1,hand0_z1,hand0_x2,hand0_y2,hand0_z2,hand0_x3,hand0_y3,hand0_z3,hand0_x4,hand0_y4,hand0_z4,hand0_x5,hand0_y5,hand0_z5,hand0_x6,hand0_y6,hand0_z6,hand0_x7,hand0_y7,hand0_z7,hand0_x8,hand0_y8,hand0_z8,hand0_x9,hand0_y9,hand0_z9,hand0_x10,hand0_y10,hand0_z10,hand0_x11,hand0_y11,hand0_z11,hand0_x12,hand0_y12,hand0_z12,hand0_x13,hand0_y13,hand0_z13,hand0_x14,hand0_y14,hand0_z14,hand0_x15,hand0_y15,hand0_z15,hand0_x16,hand0_y16,hand0_z16,hand0_x17,hand0_y17,hand0_z17,hand0_x18,hand0_y18,hand0_z18,hand0_x19,hand0_y19,hand0_z19,hand0_x20,hand0_y20,hand0_z20,hand1_x0,hand1_y0,hand1_z0,hand1_x1,hand1_y1,hand1_z1,hand1_x2,hand1_y2,hand1_z2,hand1_x3,hand1_y3,hand1_z3,hand1_x4,hand1_y4,hand1_z4,hand1_x5,hand1_y5,hand1_z5,hand1_x6,hand1_y6,hand1_z6,hand1_x7,hand1_y7,hand1_z7,hand1_x8,hand1_y8,hand1_z8,hand1_x9,hand1_y9,hand1_z9,hand1_x10,hand1_y10,hand1_z10,hand1_x11,hand1_y11,hand1_z11,hand1_x12,hand1_y12,hand1_z12,hand1_x13,hand1_y13,hand1_z13,hand1_x14,hand1_y14,hand1_z14,hand1_x15,hand1_y15,hand1_z15,hand1_x16,hand1_y16,hand1_z16,hand1_x17,hand1_y17,hand1_z17,hand1_x18,hand1_y18,hand1_z18,hand1_x19,hand1_y19,hand1_z19,hand1_x20,hand1_y20,hand1_z20
0.0,0.0,0.0,-0.3126084804534912,-0.0790896937251091,-0.0671607255935669,-0.5873836874961853,-0.33650141954421997,-0.0945545881986618,-0.7896648645401001,-0.5043851137161255,-0.1244264766573906,-0.9496113061904907,-0.5969237089157104,-0.15223701298236847,-0.385165274143219,-0.9307850003242493,0.012364927679300308,-0.4443915784358978,-1.3075666427612305,-0.00247002299875021,-0.47141358256340027,-1.5251003503799438,-0.022508008405566216,-0.4861421585083008,-1.711920142173767,-0.05496484786272049,-0.19912804663181305,-0.9798513054847717,-0.015473321080207825,-0.2603033781051636,-1.2915247678756714,-0.10114501416683197,-0.29470476508140564,-1.2629739046096802,-0.15327362716197968,-0.31590181589126587,-1.1922844648361206,-0.1702190488576889,-0.010317145846784115,-0.970799446105957,-0.060912229120731354,-0.025838956236839294,-1.334407091140747,-0.14156456291675568,-0.06516573578119278,-1.5622812509536743,-0.20605884492397308,-0.10961911827325821,-1.7763704061508179,-0.24969083070755005,0.17312084138393402,-0.9020407795906067,-0.1119294986128807,0.2848626673221588,-1.154549479484558,-0.17994913458824158,0.347051739692688,-1.3290419578552246,-0.2302202582359314,0.38565120100975037,-1.5117771625518799,-0.2706853449344635,0.0,0.0,0.0,0.0,0.0,0.0,0.0,0.0,0.0,0.0,0.0,0.0,0.0,0.0,0.0,0.0,0.0,0.0,0.0,0.0,0.0,0.0,0.0,0.0,0.0,0.0,0.0,0.0,0.0,0.0,0.0,0.0,0.0,0.0,0.0,0.0,0.0,0.0,0.0,0.0,0.0,0.0,0.0,0.0,0.0,0.0,0.0,0.0,0.0,0.0,0.0,0.0,0.0,0.0,0.0,0.0,0.0,0.0,0.0,0.0,0.0,0.0,0.0
0.0,0.0,0.0,-0.30732500553131104,-0.1028553918004036,-0.056938741356134415,-0.5682064294815063,-0.385188490152359,-0.08569582551717758,-0.7558779120445251,-0.5708439946174622,-0.11909843981266022,-0.9160661101341248,-0.6702171564102173,-0.15103986859321594,-0.35289517045021057,-0.9444321990013123,0.004752167500555515,-0.4010341465473175,-1.3394675254821777,-0.0179190281778574,-0.4298611879348755,-1.5599552392959595,-0.04119431972503662,-0.4452948272228241,-1.7560441493988037,-0.07432086020708084,-0.1689896583557129,-0.9852845668792725,-0.025628048926591873,-0.22588558495044708,-1.2810029983520508,-0.11921689659357071,-0.27907034754753113,-1.226462960243225,-0.17004969716072083,-0.31424883008003235,-1.1444427967071533,-0.18553362786769867,0.01765584386885166,-0.9766327738761902,-0.07127147912979126,0.020215462893247604,-1.330405831336975,-0.14788682758808136,-0.011465493589639664,-1.534627914428711,-0.19389158487319946,-0.04494631662964821,-1.7245588302612305,-0.2240932285785675,0.20077800750732422,-0.9136289358139038,-0.12266020476818085,0.3132064640522003,-1.1820487976074219,-0.17705264687538147,0.3758290708065033,-1.3637914657592773,-0.2113453447818756,0.4188409447669983,-1.5527528524398804,-0.23953299224376678,0.0,0.0,0.0,0.0,0.0,0.0,0.0,0.0,0.0,0.0,0.0,0.0,0.0,0.0,0.0,0.0,0.0,0.0,0.0,0.0,0.0,0.0,0.0,0.0,0.0,0.0,0.0,0.0,0.0,0.0,0.0,0.0,0.0,0.0,0.0,0.0,0.0,0.0,0.0,0.0,0.0,0.0,0.0,0.0,0.0,0.0,0.0,0.0,0.0,0.0,0.0,0.0,0.0,0.0,0.0,0.0,0.0,0.0,0.0,0.0,0.0,0.0,0.0
0.0,0.0,0.0,-0.30387306213378906,-0.11201904714107513,-0.06770337373018265,-0.5684437155723572,-0.37416642904281616,-0.10832319408655167,-0.763950765132904,-0.5457674264907837,-0.15319277346134186,-0.9293575286865234,-0.6386048793792725,-0.1981126219034195,-0.37207627296447754,-0.9438793659210205,-0.01758468709886074,-0.4323946535587311,-1.347143292427063,-0.055495087057352066,-0.46268773078918457,-1.5568740367889404,-0.09108896553516388,-0.4833851754665375,-1.7475699186325073,-0.1320025473833084,-0.186722993850708,-0.981261670589447,-0.04754049703478813,-0.24106304347515106,-1.2657791376113892,-0.15334929525852203,-0.28888073563575745,-1.2065800428390503,-0.21543172001838684,-0.3280990421772003,-1.128818392753601,-0.24092808365821838,0.005891646724194288,-0.9724456667900085,-0.0925193727016449,0.0016309439670294523,-1.3299185037612915,-0.17921610176563263,-0.03595476225018501,-1.5276449918746948,-0.22613844275474548,-0.07904733717441559,-1.7139350175857544,-0.2571547329425812,0.19681638479232788,-0.9073458313941956,-0.1440228819847107,0.2974759042263031,-1.1813877820968628,-0.20210930705070496,0.3601780831813812,-1.3627947568893433,-0.22964723408222198,0.40358003973960876,-1.5509470701217651,-0.25299474596977234,0.0,0.0,0.0,0.0,0.0,0.0,0.0,0.0,0.0,0.0,0.0,0.0,0.0,0.0,0.0,0.0,0.0,0.0,0.0,0.0,0.0,0.0,0.0,0.0,0.0,0.0,0.0,0.0,0.0,0.0,0.0,0.0,0.0,0.0,0.0,0.0,0.0,0.0,0.0,0.0,0.0,0.0,0.0,0.0,0.0,0.0,0.0,0.0,0.0,0.0,0.0,0.0,0.0,0.0,0.0,0.0,0.0,0.0,0.0,0.0,0.0,0.0,0.0
0.0,0.0,0.0,-0.32101354002952576,-0.10599294304847717,-0.06587845087051392,-0.5836588740348816,-0.3896642327308655,-0.1065572202205658,-0.7780351042747498,-0.5994989275932312,-0.1499919444322586,-0.959449052810669,-0.7035542130470276,-0.1911018341779709,-0.374004602432251,-0.9456152319908142,-0.019743533805012703,-0.41830241680145264,-1.3553264141082764,-0.053459879010915756,-0.4483834207057953,-1.585777997970581,-0.07849271595478058,-0.46688777208328247,-1.79766047000885,-0.1127098873257637,-0.1753975749015808,-0.9833800792694092,-0.046896450221538544,-0.21864429116249084,-1.2530163526535034,-0.16876178979873657,-0.23682567477226257,-1.1382490396499634,-0.2229282408952713,-0.24330143630504608,-1.0232707262039185,-0.2337823212146759,0.01988919824361801,-0.9749518036842346,-0.08843994140625,0.02233022078871727,-1.3187214136123657,-0.1869528889656067,0.013621490448713303,-1.506559133529663,-0.23183664679527283,0.007065789308398962,-1.6778345108032227,-0.25450167059898376,0.2096542865037918,-0.9237183928489685,-0.13448111712932587,0.3108886480331421,-1.2034982442855835,-0.20154686272144318,0.3847917318344116,-1.3832190036773682,-0.2365036904811859,0.4464167058467865,-1.5749542713165283,-0.26119115948677063,0.0,0.0,0.0,0.0,0.0,0.0,0.0,0.0,0.0,0.0,0.0,0.0,0.0,0.0,0.0,0.0,0.0,0.0,0.0,0.0,0.0,0.0,0.0,0.0,0.0,0.0,0.0,0.0,0.0,0.0,0.0,0.0,0.0,0.0,0.0,0.0,0.0,0.0,0.0,0.0,0.0,0.0,0.0,0.0,0.0,0.0,0.0,0.0,0.0,0.0,0.0,0.0,0.0,0.0,0.0,0.0,0.0,0.0,0.0,0.0,0.0,0.0,0.0
0.0,0.0,0.0,-0.30890077352523804,-0.0929136723279953,-0.0617702342569828,-0.5716705322265625,-0.3525497317314148,-0.08752540498971939,-0.7526001334190369,-0.5283125042915344,-0.11869994550943375,-0.8989415168762207,-0.6317841410636902,-0.14903050661087036,-0.3655405044555664,-0.9285940527915955,0.003189293434843421,-0.42592090368270874,-1.3202543258666992,-0.02071259915828705,-0.4693770110607147,-1.5554306507110596,-0.048676103353500366,-0.5023385882377625,-1.757554531097412,-0.08375811576843262,-0.19158105552196503,-0.98116135597229,-0.0248817540705204,-0.2477332055568695,-1.2759345769882202,-0.10240931808948517,-0.33900147676467896,-1.2844103574752808,-0.15222473442554474,-0.4125150144100189,-1.2389153242111206,-0.17404767870903015,-0.0071245343424379826,-0.9840632081031799,-0.0695616602897644,-0.01051165722310543,-1.3296705484390259,-0.14247146248817444,-0.07828722894191742,-1.5291340351104736,-0.19301648437976837,-0.14453060925006866,-1.697550892829895,-0.22736404836177826,0.17720071971416473,-0.9318135380744934,-0.12152121216058731,0.2971159815788269,-1.2088265419006348,-0.1818103790283203,0.3503079414367676,-1.403242588043213,-0.22379949688911438,0.38591161370277405,-1.5892822742462158,-0.25601986050605774,0.0,0.0,0.0,0.0,0.0,0.0,0.0,0.0,0.0,0.0,0.0,0.0,0.0,0.0,0.0,0.0,0.0,0.0,0.0,0.0,0.0,0.0,0.0,0.0,0.0,0.0,0.0,0.0,0.0,0.0,0.0,0.0,0.0,0.0,0.0,0.0,0.0,0.0,0.0,0.0,0.0,0.0,0.0,0.0,0.0,0.0,0.0,0.0,0.0,0.0,0.0,0.0,0.0,0.0,0.0,0.0,0.0,0.0,0.0,0.0,0.0,0.0,0.0
0.0,0.0,0.0,-0.2856811285018921,-0.11780661344528198,-0.04433407634496689,-0.5285780429840088,-0.40026944875717163,-0.05948471650481224,-0.6927595138549805,-0.5721486210823059,-0.08276990056037903,-0.8320077061653137,-0.6425603032112122,-0.10696732997894287,-0.31077975034713745,-0.953008770942688,0.01725027523934841,-0.3654196560382843,-1.3435224294662476,-0.006124288309365511,-0.40867501497268677,-1.5655145645141602,-0.028458375483751297,-0.44401246309280396,-1.7601768970489502,-0.05875391513109207,-0.14345763623714447,-0.9894599318504333,-0.019723040983080864,-0.22258584201335907,-1.2820098400115967,-0.12424692511558533,-0.31716033816337585,-1.2280449867248535,-0.17985789477825165,-0.3824508488178253,-1.1233612298965454,-0.19206386804580688,0.037073224782943726,-0.9778486490249634,-0.07074978202581406,0.038494717329740524,-1.3249235153198242,-0.16626182198524475,-0.025618093088269234,-1.4981051683425903,-0.22018979489803314,-0.08101397007703781,-1.6439073085784912,-0.24438264966011047,0.21641355752944946,-0.9137405753135681,-0.1255444884300232,0.3443633019924164,-1.1883842945098877,-0.1979941576719284,0.4125932455062866,-1.382821798324585,-0.24286478757858276,0.4681713283061981,-1.5762460231781006,-0.27109014987945557,0.0,0.0,0.0,0.0,0.0,0.0,0.0,0.0,0.0,0.0,0.0,0.0,0.0,0.0,0.0,0.0,0.0,0.0,0.0,0.0,0.0,0.0,0.0,0.0,0.0,0.0,0.0,0.0,0.0,0.0,0.0,0.0,0.0,0.0,0.0,0.0,0.0,0.0,0.0,0.0,0.0,0.0,0.0,0.0,0.0,0.0,0.0,0.0,0.0,0.0,0.0,0.0,0.0,0.0,0.0,0.0,0.0,0.0,0.0,0.0,0.0,0.0,0.0
0.0,0.0,0.0,-0.2895669937133789,-0.09263867139816284,-0.06292310357093811,-0.5432491898536682,-0.34748706221580505,-0.11132548004388809,-0.7348219156265259,-0.5037661790847778,-0.1659303903579712,-0.8990961909294128,-0.5652962923049927,-0.22072258591651917,-0.3646808862686157,-0.9319449067115784,-0.02517966739833355,-0.433158814907074,-1.3341445922851562,-0.07261309772729874,-0.48208877444267273,-1.5680772066116333,-0.10904562473297119,-0.5254555344581604,-1.7658181190490723,-0.1467624455690384,-0.1924615055322647,-0.9794197678565979,-0.060790110379457474,-0.27059072256088257,-1.278601050376892,-0.19993627071380615,-0.3558632731437683,-1.1535142660140991,-0.25989994406700134,-0.41759365797042847,-1.0075883865356445,-0.26502156257629395,-0.005054616369307041,-0.9772331714630127,-0.11071660369634628,-0.02527535706758499,-1.3298015594482422,-0.22123217582702637,-0.09752537310123444,-1.482541561126709,-0.26947203278541565,-0.16317376494407654,-1.6089061498641968,-0.28540968894958496,0.18229292333126068,-0.9262312650680542,-0.16532282531261444,0.2956041693687439,-1.2172608375549316,-0.24062293767929077,0.35511189699172974,-1.4115420579910278,-0.27971333265304565,0.400689035654068,-1.607857346534729,-0.301575630903244,0.0,0.0,0.0,0.0,0.0,0.0,0.0,0.0,0.0,0.0,0.0,0.0,0.0,0.0,0.0,0.0,0.0,0.0,0.0,0.0,0.0,0.0,0.0,0.0,0.0,0.0,0.0,0.0,0.0,0.0,0.0,0.0,0.0,0.0,0.0,0.0,0.0,0.0,0.0,0.0,0.0,0.0,0.0,0.0,0.0,0.0,0.0,0.0,0.0,0.0,0.0,0.0,0.0,0.0,0.0,0.0,0.0,0.0,0.0,0.0,0.0,0.0,0.0
0.0,0.0,0.0,-0.2910902500152588,-0.08295655250549316,-0.030703213065862656,-0.5288162231445312,-0.30976882576942444,-0.06485037505626678,-0.6939480900764465,-0.4301081895828247,-0.11316117644309998,-0.8180356621742249,-0.49745577573776245,-0.16268214583396912,-0.3249056935310364,-0.9293302893638611,0.013278668746352196,-0.392478346824646,-1.3329930305480957,-0.028706159442663193,-0.45145049691200256,-1.5396226644515991,-0.0666818767786026,-0.49985629320144653,-1.72298002243042,-0.10591137409210205,-0.16830584406852722,-0.9849036931991577,-0.040470968931913376,-0.3089573085308075,-1.286270260810852,-0.17081931233406067,-0.4693946838378906,-1.1986907720565796,-0.23966188728809357,-0.5703876614570618,-1.070473074913025,-0.25781741738319397,0.0031992453150451183,-0.994124710559845,-0.1081254854798317,-0.05727836862206459,-1.3797831535339355,-0.2100980430841446,-0.19692844152450562,-1.5304129123687744,-0.2732694745063782,-0.3086945712566376,-1.6422500610351562,-0.30525559186935425,0.1826011836528778,-0.9442605376243591,-0.17918744683265686,0.2973451316356659,-1.2442396879196167,-0.24705827236175537,0.34014302492141724,-1.4544105529785156,-0.29727354645729065,0.37075430154800415,-1.6558998823165894,-0.3325175940990448,0.0,0.0,0.0,0.0,0.0,0.0,0.0,0.0,0.0,0.0,0.0,0.0,0.0,0.0,0.0,0.0,0.0,0.0,0.0,0.0,0.0,0.0,0.0,0.0,0.0,0.0,0.0,0.0,0.0,0.0,0.0,0.0,0.0,0.0,0.0,0.0,0.0,0.0,0.0,0.0,0.0,0.0,0.0,0.0,0.0,0.0,0.0,0.0,0.0,0.0,0.0,0.0,0.0,0.0,0.0,0.0,0.0,0.0,0.0,0.0,0.0,0.0,0.0
0.0,0.0,0.0,-0.2790431082248688,-0.09127040207386017,-0.04206297546625137,-0.5358074307441711,-0.3327251076698303,-0.07409822940826416,-0.7153424620628357,-0.4608319103717804,-0.11699997633695602,-0.8574631810188293,-0.5439988374710083,-0.16122019290924072,-0.34734848141670227,-0.9283075332641602,0.0028872473631054163,-0.394162118434906,-1.3475912809371948,-0.03330986574292183,-0.4441908001899719,-1.5710185766220093,-0.06807947903871536,-0.4949665069580078,-1.756931185722351,-0.10576988011598587,-0.19277264177799225,-0.9802713394165039,-0.04366771876811981,-0.31956663727760315,-1.273173451423645,-0.15773069858551025,-0.46728891134262085,-1.2299667596817017,-0.21870525181293488,-0.5619031190872192,-1.1362261772155762,-0.23505453765392303,-0.020052623003721237,-0.9857147336006165,-0.10533080995082855,-0.06460674852132797,-1.360672950744629,-0.1989111453294754,-0.1661333590745926,-1.5554555654525757,-0.2561618685722351,-0.24964787065982819,-1.7226715087890625,-0.28767237067222595,0.16956520080566406,-0.9399561882019043,-0.17145846784114838,0.2874343991279602,-1.2374049425125122,-0.23899641633033752,0.3419429063796997,-1.4452580213546753,-0.28242820501327515,0.38275760412216187,-1.650540828704834,-0.31285908818244934,0.0,0.0,0.0,0.0,0.0,0.0,0.0,0.0,0.0,0.0,0.0,0.0,0.0,0.0,0.0,0.0,0.0,0.0,0.0,0.0,0.0,0.0,0.0,0.0,0.0,0.0,0.0,0.0,0.0,0.0,0.0,0.0,0.0,0.0,0.0,0.0,0.0,0.0,0.0,0.0,0.0,0.0,0.0,0.0,0.0,0.0,0.0,0.0,0.0,0.0,0.0,0.0,0.0,0.0,0.0,0.0,0.0,0.0,0.0,0.0,0.0,0.0,0.0
0.0,0.0,0.0,-0.32903918623924255,-0.03554944694042206,-0.06326145678758621,-0.6158716082572937,-0.2862311601638794,-0.09809715300798416,-0.8147386908531189,-0.4729558229446411,-0.13565480709075928,-0.9775844216346741,-0.5856730341911316,-0.1745922863483429,-0.4661955237388611,-0.8712604641914368,-0.01430828869342804,-0.5501335263252258,-1.2645995616912842,-0.05792846903204918,-0.5954517126083374,-1.5229400396347046,-0.09117557853460312,-0.6229375004768372,-1.7563366889953613,-0.13055957853794098,-0.2832068204879761,-0.9577361345291138,-0.05035288259387016,-0.3494763970375061,-1.2287321090698242,-0.17096297442913055,-0.3550892174243927,-1.1001129150390625,-0.21935416758060455,-0.3493121862411499,-0.9898651838302612,-0.22300122678279877,-0.09049992263317108,-0.9802732467651367,-0.10475258529186249,-0.12336528301239014,-1.386957049369812,-0.2152940332889557,-0.169289231300354,-1.639784574508667,-0.2847006618976593,-0.22010110318660736,-1.891067385673523,-0.3294471800327301,0.09528961032629013,-0.9305630326271057,-0.16111892461776733,0.20999234914779663,-1.1793814897537231,-0.24729964137077332,0.28968071937561035,-1.3352423906326294,-0.29370006918907166,0.34623754024505615,-1.503757119178772,-0.32989218831062317,0.0,0.0,0.0,0.0,0.0,0.0,0.0,0.0,0.0,0.0,0.0,0.0,0.0,0.0,0.0,0.0,0.0,0.0,0.0,0.0,0.0,0.0,0.0,0.0,0.0,0.0,0.0,0.0,0.0,0.0,0.0,0.0,0.0,0.0,0.0,0.0,0.0,0.0,0.0,0.0,0.0,0.0,0.0,0.0,0.0,0.0,0.0,0.0,0.0,0.0,0.0,0.0,0.0,0.0,0.0,0.0,0.0,0.0,0.0,0.0,0.0,0.0,0.0
0.0,0.0,0.0,-0.3190814256668091,-0.1192588284611702,-0.06800124794244766,-0.5701391100883484,-0.4117073714733124,-0.12099481374025345,-0.7756478190422058,-0.6258239150047302,-0.1752031296491623,-0.964910626411438,-0.7377749681472778,-0.23270313441753387,-0.3353385329246521,-0.9599734544754028,-0.04546012729406357,-0.3718123733997345,-1.3907557725906372,-0.09185247123241425,-0.379670649766922,-1.6454576253890991,-0.13468541204929352,-0.3794668912887573,-1.8758232593536377,-0.18225647509098053,-0.13147228956222534,-0.9885821342468262,-0.07362376153469086,-0.12311863154172897,-1.2558612823486328,-0.1902879774570465,-0.12734568119049072,-1.1620111465454102,-0.24993209540843964,-0.13925595581531525,-1.0778647661209106,-0.27162453532218933,0.05758146569132805,-0.9639868140220642,-0.11519673466682434,0.09463668614625931,-1.3719743490219116,-0.20702841877937317,0.11600764840841293,-1.633382797241211,-0.26088905334472656,0.1252967268228531,-1.8959063291549683,-0.30195149779319763,0.22567766904830933,-0.8768720626831055,-0.15937550365924835,0.33662348985671997,-1.1311426162719727,-0.22700659930706024,0.42006877064704895,-1.295274019241333,-0.2542881965637207,0.49022260308265686,-1.4828205108642578,-0.2789044678211212,0.0,0.0,0.0,0.0,0.0,0.0,0.0,0.0,0.0,0.0,0.0,0.0,0.0,0.0,0.0,0.0,0.0,0.0,0.0,0.0,0.0,0.0,0.0,0.0,0.0,0.0,0.0,0.0,0.0,0.0,0.0,0.0,0.0,0.0,0.0,0.0,0.0,0.0,0.0,0.0,0.0,0.0,0.0,0.0,0.0,0.0,0.0,0.0,0.0,0.0,0.0,0.0,0.0,0.0,0.0,0.0,0.0,0.0,0.0,0.0,0.0,0.0,0.0
0.0,0.0,0.0,-0.3208520710468292,-0.10417675226926804,-0.06102784723043442,-0.5888160467147827,-0.39884015917778015,-0.08322541415691376,-0.7768991589546204,-0.6124573945999146,-0.108445905148983,-0.9383107423782349,-0.712199330329895,-0.13252241909503937,-0.3659575283527374,-0.9330733418464661,-0.002331577241420746,-0.43612274527549744,-1.3499881029129028,-0.024848101660609245,-0.45874035358428955,-1.5823376178741455,-0.04712601751089096,-0.4665580689907074,-1.7935782670974731,-0.08120491355657578,-0.17285893857479095,-0.9845173954963684,-0.029074018821120262,-0.22900469601154327,-1.2699038982391357,-0.11097801476716995,-0.24547787010669708,-1.2655677795410156,-0.16163504123687744,-0.2517889142036438,-1.244842767715454,-0.1869211494922638,0.01961696334183216,-0.9793910384178162,-0.0715353935956955,0.02092820592224598,-1.3466202020645142,-0.1542479693889618,0.010706678032875061,-1.5951788425445557,-0.21635684370994568,-0.004356670659035444,-1.8296074867248535,-0.2635130286216736,0.20518237352371216,-0.9113999605178833,-0.11819034814834595,0.3230671286582947,-1.1617071628570557,-0.19147637486457825,0.4020737111568451,-1.3334356546401978,-0.23934410512447357,0.46270355582237244,-1.5110818147659302,-0.2788909375667572,0.0,0.0,0.0,0.0,0.0,0.0,0.0,0.0,0.0,0.0,0.0,0.0,0.0,0.0,0.0,0.0,0.0,0.0,0.0,0.0,0.0,0.0,0.0,0.0,0.0,0.0,0.0,0.0,0.0,0.0,0.0,0.0,0.0,0.0,0.0,0.0,0.0,0.0,0.0,0.0,0.0,0.0,0.0,0.0,0.0,0.0,0.0,0.0,0.0,0.0,0.0,0.0,0.0,0.0,0.0,0.0,0.0,0.0,0.0,0.0,0.0,0.0,0.0
0.0,0.0,0.0,-0.2765847444534302,-0.12971284985542297,-0.028278829529881477,-0.4910658597946167,-0.42537009716033936,-0.038782622665166855,-0.6300286650657654,-0.6141221523284912,-0.06266575306653976,-0.7396543622016907,-0.7531965970993042,-0.08883541077375412,-0.23969122767448425,-0.9606740474700928,0.04448140040040016,-0.29261279106140137,-1.335620641708374,0.027724098414182663,-0.3364092707633972,-1.5330286026000977,0.0015715566696599126,-0.3749810457229614,-1.7071367502212524,-0.03386406600475311,-0.07570542395114899,-0.997118353843689,-0.004871504846960306,-0.16467003524303436,-1.2928168773651123,-0.09694480150938034,-0.27225539088249207,-1.297179102897644,-0.16434378921985626,-0.35258355736732483,-1.2688541412353516,-0.19179196655750275,0.10153172165155411,-0.9794318079948425,-0.0681380033493042,0.11258524656295776,-1.3617901802062988,-0.15194226801395416,0.04964842274785042,-1.596971035003662,-0.22382362186908722,-0.013115432113409042,-1.8157663345336914,-0.2710103690624237,0.2771775722503662,-0.8931504487991333,-0.1338956654071808,0.43456903100013733,-1.1380760669708252,-0.19997818768024445,0.5171405673027039,-1.3263723850250244,-0.25110557675361633,0.5773041248321533,-1.5163291692733765,-0.29067376255989075,0.0,0.0,0.0,0.0,0.0,0.0,0.0,0.0,0.0,0.0,0.0,0.0,0.0,0.0,0.0,0.0,0.0,0.0,0.0,0.0,0.0,0.0,0.0,0.0,0.0,0.0,0.0,0.0,0.0,0.0,0.0,0.0,0.0,0.0,0.0,0.0,0.0,0.0,0.0,0.0,0.0,0.0,0.0,0.0,0.0,0.0,0.0,0.0,0.0,0.0,0.0,0.0,0.0,0.0,0.0,0.0,0.0,0.0,0.0,0.0,0.0,0.0,0.0
0.0,0.0,0.0,-0.25143107771873474,-0.15775921940803528,0.000962661171797663,-0.44547727704048157,-0.44326189160346985,-0.01607690192759037,-0.5830206871032715,-0.6088654398918152,-0.05431828275322914,-0.6615106463432312,-0.6980118751525879,-0.09329793602228165,-0.16582323610782623,-0.9730960130691528,0.051455557346343994,-0.21648338437080383,-1.3683475255966187,-0.0014651608653366566,-0.2844941318035126,-1.550175428390503,-0.051463451236486435,-0.33843204379081726,-1.673414945602417,-0.09138273447751999,-0.02616819366812706,-0.9996272325515747,-0.007783359382301569,-0.15083904564380646,-1.3141778707504272,-0.1084437221288681,-0.3056357502937317,-1.3012503385543823,-0.16599301993846893,-0.4189206659793854,-1.2506598234176636,-0.18523386120796204,0.13785339891910553,-0.9795553684234619,-0.08235599845647812,0.10246021300554276,-1.392966866493225,-0.16287045180797577,-3.226048647775315e-05,-1.601154088973999,-0.21512790024280548,-0.08723023533821106,-1.7735964059829712,-0.2463228404521942,0.30510687828063965,-0.8968556523323059,-0.15928250551223755,0.4570642411708832,-1.166859745979309,-0.2158573865890503,0.5307889580726624,-1.3652706146240234,-0.25856778025627136,0.5907495021820068,-1.5626932382583618,-0.290241539478302,0.0,0.0,0.0,0.0,0.0,0.0,0.0,0.0,0.0,0.0,0.0,0.0,0.0,0.0,0.0,0.0,0.0,0.0,0.0,0.0,0.0,0.0,0.0,0.0,0.0,0.0,0.0,0.0,0.0,0.0,0.0,0.0,0.0,0.0,0.0,0.0,0.0,0.0,0.0,0.0,0.0,0.0,0.0,0.0,0.0,0.0,0.0,0.0,0.0,0.0,0.0,0.0,0.0,0.0,0.0,0.0,0.0,0.0,0.0,0.0,0.0,0.0,0.0
0.0,0.0,0.0,-0.26327887177467346,-0.13133913278579712,0.027890009805560112,-0.4578931927680969,-0.4543047845363617,0.03746742382645607,-0.5658125281333923,-0.6567423939704895,0.02316356636583805,-0.6304802894592285,-0.7701669335365295,0.01209869235754013,-0.20748494565486908,-0.942696750164032,0.1026645302772522,-0.30388522148132324,-1.2374587059020996,0.029016198590397835,-0.43822747468948364,-1.1975295543670654,-0.04158756509423256,-0.5426846742630005,-1.0911645889282227,-0.08018425852060318,-0.061034612357616425,-0.9974019527435303,0.03826405107975006,-0.21848900616168976,-1.254460096359253,-0.05769667401909828,-0.4054960608482361,-1.1830214262008667,-0.12627458572387695,-0.538665771484375,-1.0814526081085205,-0.14817434549331665,0.10466741025447845,-0.9958977699279785,-0.0413476824760437,0.05307680368423462,-1.3927512168884277,-0.12051794677972794,-0.08088946342468262,-1.557617425918579,-0.1779475063085556,-0.19611993432044983,-1.675894021987915,-0.20502567291259766,0.26582786440849304,-0.9264229536056519,-0.11902840435504913,0.4016023278236389,-1.2200978994369507,-0.17600342631340027,0.44875568151474,-1.4240975379943848,-0.2156524956226349,0.47568613290786743,-1.632275938987732,-0.23729363083839417,0.0,0.0,0.0,0.0,0.0,0.0,0.0,0.0,0.0,0.0,0.0,0.0,0.0,0.0,0.0,0.0,0.0,0.0,0.0,0.0,0.0,0.0,0.0,0.0,0.0,0.0,0.0,0.0,0.0,0.0,0.0,0.0,0.0,0.0,0.0,0.0,0.0,0.0,0.0,0.0,0.0,0.0,0.0,0.0,0.0,0.0,0.0,0.0,0.0,0.0,0.0,0.0,0.0,0.0,0.0,0.0,0.0,0.0,0.0,0.0,0.0,0.0,0.0
0.0,0.0,0.0,-0.3011227548122406,-0.07800460606813431,-0.0317339226603508,-0.5429338812828064,-0.3455306589603424,-0.04713374376296997,-0.6980107426643372,-0.5275751948356628,-0.07638601213693619,-0.8121717572212219,-0.6559191942214966,-0.1065615713596344,-0.2956708073616028,-0.9428697824478149,0.05092064291238785,-0.3442770838737488,-1.3359805345535278,0.034780051559209824,-0.3820716440677643,-1.5480743646621704,0.001415445120073855,-0.4247649013996124,-1.723282814025879,-0.03949278965592384,-0.1305982768535614,-0.9914306998252869,0.0030432806815952063,-0.23802676796913147,-1.3047699928283691,-0.08145894855260849,-0.3627224862575531,-1.3366069793701172,-0.1495939940214157,-0.45799383521080017,-1.2996398210525513,-0.1801716685295105,0.050825003534555435,-0.9819310903549194,-0.06059611961245537,0.020039154216647148,-1.4016565084457397,-0.13742253184318542,-0.06255675852298737,-1.6436384916305542,-0.20776361227035522,-0.1355271190404892,-1.8383766412734985,-0.2540998160839081,0.2462734580039978,-0.9115182161331177,-0.1282416582107544,0.3777051568031311,-1.2012646198272705,-0.1907457560300827,0.4349023401737213,-1.409578561782837,-0.2414160966873169,0.4721328616142273,-1.6038074493408203,-0.28005415201187134,0.0,0.0,0.0,0.0,0.0,0.0,0.0,0.0,0.0,0.0,0.0,0.0,0.0,0.0,0.0,0.0,0.0,0.0,0.0,0.0,0.0,0.0,0.0,0.0,0.0,0.0,0.0,0.0,0.0,0.0,0.0,0.0,0.0,0.0,0.0,0.0,0.0,0.0,0.0,0.0,0.0,0.0,0.0,0.0,0.0,0.0,0.0,0.0,0.0,0.0,0.0,0.0,0.0,0.0,0.0,0.0,0.0,0.0,0.0,0.0,0.0,0.0,0.0
0.0,0.0,0.0,-0.3255215883255005,-0.09336347132921219,-0.043212294578552246,-0.592818558216095,-0.35612812638282776,-0.07632188498973846,-0.7860111594200134,-0.5199527144432068,-0.1176704540848732,-0.9484569430351257,-0.5712816715240479,-0.1614152044057846,-0.3988250195980072,-0.9350504279136658,0.004247983451932669,-0.45317721366882324,-1.3331855535507202,-0.023982856422662735,-0.4836147129535675,-1.5773041248321533,-0.05233079567551613,-0.5083640813827515,-1.7857633829116821,-0.0893421620130539,-0.20169533789157867,-0.9787485599517822,-0.03701695054769516,-0.23600006103515625,-1.2203381061553955,-0.1456814557313919,-0.2503684163093567,-1.1290026903152466,-0.19793002307415009,-0.2636728584766388,-1.0320488214492798,-0.21004542708396912,-0.009494852274656296,-0.9754961729049683,-0.09196091443300247,-0.022694813087582588,-1.3241493701934814,-0.17520073056221008,-0.0364927276968956,-1.548729419708252,-0.21698011457920074,-0.05300994589924812,-1.7604459524154663,-0.24352490901947021,0.17574524879455566,-0.9192049503326416,-0.15082496404647827,0.25705137848854065,-1.1981388330459595,-0.2095790058374405,0.3170866072177887,-1.382664680480957,-0.23484587669372559,0.3663184940814972,-1.5829404592514038,-0.25461918115615845,0.0,0.0,0.0,0.0,0.0,0.0,0.0,0.0,0.0,0.0,0.0,0.0,0.0,0.0,0.0,0.0,0.0,0.0,0.0,0.0,0.0,0.0,0.0,0.0,0.0,0.0,0.0,0.0,0.0,0.0,0.0,0.0,0.0,0.0,0.0,0.0,0.0,0.0,0.0,0.0,0.0,0.0,0.0,0.0,0.0,0.0,0.0,0.0,0.0,0.0,0.0,0.0,0.0,0.0,0.0,0.0,0.0,0.0,0.0,0.0,0.0,0.0,0.0
0.0,0.0,0.0,-0.3336041569709778,-0.07445673644542694,-0.03625795617699623,-0.6164525747299194,-0.3589867055416107,-0.03878011181950569,-0.8014065623283386,-0.5396389365196228,-0.048099856823682785,-0.9473349452018738,-0.6178650856018066,-0.05634494498372078,-0.41545701026916504,-0.9295675754547119,0.060771629214286804,-0.47689053416252136,-1.3019328117370605,0.06291604787111282,-0.5055932998657227,-1.519077181816101,0.04854177311062813,-0.5273053050041199,-1.7030404806137085,0.01889338158071041,-0.22315923869609833,-0.9744583964347839,0.02511480264365673,-0.27879852056503296,-1.2535649538040161,-0.04826436936855316,-0.29265907406806946,-1.2071306705474854,-0.09988276660442352,-0.30150046944618225,-1.1275737285614014,-0.11549799144268036,-0.03093837760388851,-0.9697172045707703,-0.02539050579071045,-0.048536840826272964,-1.3309310674667358,-0.08270572870969772,-0.07581701874732971,-1.5519461631774902,-0.13477745652198792,-0.1075197234749794,-1.7521638870239258,-0.17137862741947174,0.16452914476394653,-0.9091992378234863,-0.08022036403417587,0.2521623373031616,-1.1724419593811035,-0.12287173420190811,0.2984524667263031,-1.3565199375152588,-0.1578231155872345,0.32470807433128357,-1.5462208986282349,-0.1882670670747757,0.0,0.0,0.0,0.0,0.0,0.0,0.0,0.0,0.0,0.0,0.0,0.0,0.0,0.0,0.0,0.0,0.0,0.0,0.0,0.0,0.0,0.0,0.0,0.0,0.0,0.0,0.0,0.0,0.0,0.0,0.0,0.0,0.0,0.0,0.0,0.0,0.0,0.0,0.0,0.0,0.0,0.0,0.0,0.0,0.0,0.0,0.0,0.0,0.0,0.0,0.0,0.0,0.0,0.0,0.0,0.0,0.0,0.0,0.0,0.0,0.0,0.0,0.0
0.0,0.0,0.0,-0.3393585979938507,-0.051789600402116776,-0.07628121972084045,-0.6626001000404358,-0.24395343661308289,-0.11679118126630783,-0.9052406549453735,-0.35541531443595886,-0.16073773801326752,-1.097867488861084,-0.3851722180843353,-0.20539215207099915,-0.4992295205593109,-0.8723615407943726,-0.011784780770540237,-0.6083097457885742,-1.2718863487243652,-0.042311932891607285,-0.6570633053779602,-1.50364351272583,-0.08167346566915512,-0.6931908130645752,-1.7123299837112427,-0.1288285255432129,-0.30128374695777893,-0.9526349902153015,-0.04140906408429146,-0.36621227860450745,-1.2551593780517578,-0.1288902759552002,-0.3714672923088074,-1.2763813734054565,-0.1946837455034256,-0.36752668023109436,-1.2593952417373657,-0.2309838831424713,-0.09877286851406097,-0.9696522355079651,-0.08782623708248138,-0.14223377406597137,-1.334908127784729,-0.16441617906093597,-0.16230694949626923,-1.5856373310089111,-0.22653910517692566,-0.1845134049654007,-1.8151377439498901,-0.2754080891609192,0.1060047596693039,-0.921545147895813,-0.1420276165008545,0.1812015175819397,-1.1869852542877197,-0.20208683609962463,0.2271169275045395,-1.3715344667434692,-0.23948365449905396,0.25857603549957275,-1.5588446855545044,-0.2741944491863251,0.0,0.0,0.0,0.0,0.0,0.0,0.0,0.0,0.0,0.0,0.0,0.0,0.0,0.0,0.0,0.0,0.0,0.0,0.0,0.0,0.0,0.0,0.0,0.0,0.0,0.0,0.0,0.0,0.0,0.0,0.0,0.0,0.0,0.0,0.0,0.0,0.0,0.0,0.0,0.0,0.0,0.0,0.0,0.0,0.0,0.0,0.0,0.0,0.0,0.0,0.0,0.0,0.0,0.0,0.0,0.0,0.0,0.0,0.0,0.0,0.0,0.0,0.0
0.0,0.0,0.0,-0.32742398977279663,-0.04053962975740433,-0.07182036340236664,-0.6326122283935547,-0.2628350257873535,-0.10439135134220123,-0.8693936467170715,-0.406362920999527,-0.13934479653835297,-1.050179123878479,-0.46076542139053345,-0.17354191839694977,-0.46542295813560486,-0.8954530954360962,-0.0013022735947743058,-0.538673460483551,-1.2902908325195312,-0.020168941468000412,-0.5780321359634399,-1.5191786289215088,-0.0488072894513607,-0.6101186871528625,-1.7202060222625732,-0.08841563761234283,-0.2730334401130676,-0.9617335796356201,-0.022830691188573837,-0.3186700642108917,-1.2167624235153198,-0.0997210368514061,-0.3208705186843872,-1.1997700929641724,-0.15138350427150726,-0.3220664858818054,-1.1590545177459717,-0.17671631276607513,-0.0774301216006279,-0.9740872383117676,-0.06097830459475517,-0.10090278089046478,-1.3183391094207764,-0.12870660424232483,-0.11547177284955978,-1.5485517978668213,-0.1797603964805603,-0.13575869798660278,-1.7668782472610474,-0.21975982189178467,0.11348173767328262,-0.9300259351730347,-0.10644940286874771,0.19344407320022583,-1.2016353607177734,-0.1618068963289261,0.246954545378685,-1.3853611946105957,-0.1979869306087494,0.2867858409881592,-1.578750491142273,-0.22985386848449707,0.0,0.0,0.0,0.0,0.0,0.0,0.0,0.0,0.0,0.0,0.0,0.0,0.0,0.0,0.0,0.0,0.0,0.0,0.0,0.0,0.0,0.0,0.0,0.0,0.0,0.0,0.0,0.0,0.0,0.0,0.0,0.0,0.0,0.0,0.0,0.0,0.0,0.0,0.0,0.0,0.0,0.0,0.0,0.0,0.0,0.0,0.0,0.0,0.0,0.0,0.0,0.0,0.0,0.0,0.0,0.0,0.0,0.0,0.0,0.0,0.0,0.0,0.0
0.0,0.0,0.0,-0.3438096344470978,-0.04003462195396423,-0.07174541056156158,-0.653653085231781,-0.2470347136259079,-0.10109027475118637,-0.8883340954780579,-0.3937847912311554,-0.1323670595884323,-1.0733718872070312,-0.47805702686309814,-0.16087310016155243,-0.5003799796104431,-0.8755689859390259,0.007492242846637964,-0.5904479026794434,-1.2590105533599854,-0.015643734484910965,-0.6432832479476929,-1.4860925674438477,-0.05013874173164368,-0.6881844401359558,-1.6776410341262817,-0.09136608988046646,-0.3042839467525482,-0.9524703025817871,-0.014546833001077175,-0.3731292188167572,-1.2482277154922485,-0.07025673240423203,-0.3910174071788788,-1.290777564048767,-0.11517519503831863,-0.40257126092910767,-1.2900168895721436,-0.14060308039188385,-0.09628067165613174,-0.9645271897315979,-0.05429608374834061,-0.14504334330558777,-1.3315331935882568,-0.11293978989124298,-0.1773459017276764,-1.5588939189910889,-0.15461739897727966,-0.21557661890983582,-1.7662568092346191,-0.18886931240558624,0.11524294316768646,-0.9094758033752441,-0.10190113633871078,0.187135249376297,-1.1743454933166504,-0.1579190045595169,0.22603359818458557,-1.3539938926696777,-0.18641898036003113,0.25146356225013733,-1.537253975868225,-0.209700345993042,0.0,0.0,0.0,0.0,0.0,0.0,0.0,0.0,0.0,0.0,0.0,0.0,0.0,0.0,0.0,0.0,0.0,0.0,0.0,0.0,0.0,0.0,0.0,0.0,0.0,0.0,0.0,0.0,0.0,0.0,0.0,0.0,0.0,0.0,0.0,0.0,0.0,0.0,0.0,0.0,0.0,0.0,0.0,0.0,0.0,0.0,0.0,0.0,0.0,0.0,0.0,0.0,0.0,0.0,0.0,0.0,0.0,0.0,0.0,0.0,0.0,0.0,0.0
0.0,0.0,0.0,-0.3710480332374573,-0.07012225687503815,-0.06222707778215408,-0.6751428842544556,-0.28352048993110657,-0.08336704969406128,-0.8975964784622192,-0.46037063002586365,-0.11276821047067642,-1.0750311613082886,-0.5912882089614868,-0.1391480714082718,-0.45451468229293823,-0.8993460536003113,0.04622720554471016,-0.5415657162666321,-1.2743010520935059,0.025317812338471413,-0.5790008902549744,-1.494316577911377,-0.01501505821943283,-0.6164501905441284,-1.680097222328186,-0.06065121665596962,-0.2479103058576584,-0.9686623215675354,0.015288337133824825,-0.33708012104034424,-1.2940958738327026,-0.011856108903884888,-0.41015204787254333,-1.4288946390151978,-0.06091688200831413,-0.48111698031425476,-1.524794101715088,-0.1051885113120079,-0.02813754417002201,-0.9708888530731201,-0.03645909205079079,-0.07317221909761429,-1.3578253984451294,-0.08746032416820526,-0.12925615906715393,-1.6148812770843506,-0.13451701402664185,-0.19703684747219086,-1.8418591022491455,-0.17857317626476288,0.20260606706142426,-0.8973760604858398,-0.09692899137735367,0.30116403102874756,-1.1834745407104492,-0.15038782358169556,0.32761019468307495,-1.3774640560150146,-0.1783592700958252,0.32076889276504517,-1.5564372539520264,-0.20511694252490997,0.0,0.0,0.0,0.0,0.0,0.0,0.0,0.0,0.0,0.0,0.0,0.0,0.0,0.0,0.0,0.0,0.0,0.0,0.0,0.0,0.0,0.0,0.0,0.0,0.0,0.0,0.0,0.0,0.0,0.0,0.0,0.0,0.0,0.0,0.0,0.0,0.0,0.0,0.0,0.0,0.0,0.0,0.0,0.0,0.0,0.0,0.0,0.0,0.0,0.0,0.0,0.0,0.0,0.0,0.0,0.0,0.0,0.0,0.0,0.0,0.0,0.0,0.0
0.0,0.0,0.0,-0.3976728320121765,-0.07882090657949448,-0.06751535087823868,-0.7469521760940552,-0.28375473618507385,-0.08612500131130219,-0.9790295362472534,-0.47218218445777893,-0.11287040263414383,-1.0952590703964233,-0.687762439250946,-0.13478721678256989,-0.45264533162117004,-0.8933441042900085,0.055022064596414566,-0.5469785332679749,-1.2570521831512451,0.03807258978486061,-0.5948248505592346,-1.4524246454238892,-0.006882511544972658,-0.6535773277282715,-1.6266486644744873,-0.05510322004556656,-0.22327639162540436,-0.974236011505127,0.03180984780192375,-0.31510767340660095,-1.3145625591278076,0.02019777148962021,-0.4198446273803711,-1.4848798513412476,-0.028610171750187874,-0.5261452794075012,-1.6116368770599365,-0.07927169650793076,0.024927519261837006,-0.9792889952659607,-0.01379981730133295,-0.019293805584311485,-1.3660894632339478,-0.047351010143756866,-0.10206770151853561,-1.6275449991226196,-0.09191051870584488,-0.1978042870759964,-1.8522862195968628,-0.1380513608455658,0.2893735468387604,-0.9078488349914551,-0.0697241872549057,0.40122178196907043,-1.2164802551269531,-0.10285821557044983,0.4157727360725403,-1.4204570055007935,-0.12397179007530212,0.3816577196121216,-1.5974985361099243,-0.14948928356170654,0.0,0.0,0.0,0.0,0.0,0.0,0.0,0.0,0.0,0.0,0.0,0.0,0.0,0.0,0.0,0.0,0.0,0.0,0.0,0.0,0.0,0.0,0.0,0.0,0.0,0.0,0.0,0.0,0.0,0.0,0.0,0.0,0.0,0.0,0.0,0.0,0.0,0.0,0.0,0.0,0.0,0.0,0.0,0.0,0.0,0.0,0.0,0.0,0.0,0.0,0.0,0.0,0.0,0.0,0.0,0.0,0.0,0.0,0.0,0.0,0.0,0.0,0.0
0.0,0.0,0.0,-0.32739827036857605,-0.13282963633537292,-0.06381381303071976,-0.573196291923523,-0.4222467243671417,-0.10291280597448349,-0.7622118592262268,-0.6262205839157104,-0.14599096775054932,-0.9214350581169128,-0.7620493769645691,-0.18915295600891113,-0.3041982650756836,-0.9798222780227661,-0.0036950167268514633,-0.32076334953308105,-1.3970803022384644,-0.033509403467178345,-0.3180098831653595,-1.6303308010101318,-0.0711679756641388,-0.3137839734554291,-1.8343703746795654,-0.1155189797282219,-0.09869681298732758,-0.9945330023765564,-0.0341026596724987,-0.09427377581596375,-1.265798568725586,-0.13703732192516327,-0.10167821496725082,-1.2298825979232788,-0.2045174390077591,-0.11183543503284454,-1.168814778327942,-0.23164746165275574,0.09441575407981873,-0.9600408673286438,-0.07855261117219925,0.12107484042644501,-1.3322205543518066,-0.15747162699699402,0.14009277522563934,-1.5770931243896484,-0.21021318435668945,0.15460710227489471,-1.8101015090942383,-0.24743402004241943,0.27436384558677673,-0.8638470768928528,-0.12842856347560883,0.38203588128089905,-1.1111668348312378,-0.19047679007053375,0.45855268836021423,-1.2828353643417358,-0.2210252285003662,0.5281940698623657,-1.4730217456817627,-0.24426241219043732,0.0,0.0,0.0,0.0,0.0,0.0,0.0,0.0,0.0,0.0,0.0,0.0,0.0,0.0,0.0,0.0,0.0,0.0,0.0,0.0,0.0,0.0,0.0,0.0,0.0,0.0,0.0,0.0,0.0,0.0,0.0,0.0,0.0,0.0,0.0,0.0,0.0,0.0,0.0,0.0,0.0,0.0,0.0,0.0,0.0,0.0,0.0,0.0,0.0,0.0,0.0,0.0,0.0,0.0,0.0,0.0,0.0,0.0,0.0,0.0,0.0,0.0,0.0
0.0,0.0,0.0,-0.3153662085533142,-0.12806494534015656,-0.06708484888076782,-0.5834217667579651,-0.42538273334503174,-0.0924244299530983,-0.7707607746124268,-0.6332607865333557,-0.11644258350133896,-0.9144800305366516,-0.7504919767379761,-0.13712544739246368,-0.3307071030139923,-0.9638828039169312,-3.7807010812684894e-05,-0.3569122850894928,-1.3596789836883545,-0.017551781609654427,-0.360582172870636,-1.5766011476516724,-0.040072955191135406,-0.35260674357414246,-1.7709317207336426,-0.07301238179206848,-0.13306847214698792,-0.9908714890480042,-0.02159704640507698,-0.14378951489925385,-1.291749119758606,-0.1035730168223381,-0.13399703800678253,-1.2640079259872437,-0.15259519219398499,-0.11829295009374619,-1.1982619762420654,-0.16987769305706024,0.05618895962834358,-0.9636543989181519,-0.05855311080813408,0.07889910787343979,-1.3129546642303467,-0.12645217776298523,0.10553504526615143,-1.536015272140503,-0.17303258180618286,0.13280878961086273,-1.7349328994750977,-0.20554500818252563,0.23895646631717682,-0.8815786838531494,-0.10161042213439941,0.32726868987083435,-1.1362115144729614,-0.1533118337392807,0.39420169591903687,-1.3000015020370483,-0.18279677629470825,0.45336416363716125,-1.4658228158950806,-0.20780722796916962,0.0,0.0,0.0,0.0,0.0,0.0,0.0,0.0,0.0,0.0,0.0,0.0,0.0,0.0,0.0,0.0,0.0,0.0,0.0,0.0,0.0,0.0,0.0,0.0,0.0,0.0,0.0,0.0,0.0,0.0,0.0,0.0,0.0,0.0,0.0,0.0,0.0,0.0,0.0,0.0,0.0,0.0,0.0,0.0,0.0,0.0,0.0,0.0,0.0,0.0,0.0,0.0,0.0,0.0,0.0,0.0,0.0,0.0,0.0,0.0,0.0,0.0,0.0
0.0,0.0,0.0,-0.2796434164047241,-0.16979219019412994,-0.05284765735268593,-0.5084879398345947,-0.4992266595363617,-0.06820229440927505,-0.6821616888046265,-0.6849794983863831,-0.08916538208723068,-0.8265209794044495,-0.7770463824272156,-0.10906996577978134,-0.22666627168655396,-1.0011662244796753,0.031625743955373764,-0.23569636046886444,-1.397325873374939,0.02427220344543457,-0.2515833079814911,-1.6045444011688232,0.008316758088767529,-0.2645608186721802,-1.789024829864502,-0.019619079306721687,-0.051362745463848114,-0.9986748099327087,0.003247467102482915,-0.07359199225902557,-1.292415976524353,-0.06840577721595764,-0.1386781632900238,-1.2785805463790894,-0.12117083370685577,-0.18868111073970795,-1.2301160097122192,-0.1415197253227234,0.12752871215343475,-0.9520778059959412,-0.03953271731734276,0.16374199092388153,-1.2980576753616333,-0.10232769697904587,0.15414279699325562,-1.4953422546386719,-0.1473180651664734,0.1478191614151001,-1.6744681596755981,-0.17552529275417328,0.3010273873806,-0.8565054535865784,-0.08796406537294388,0.4215521514415741,-1.1153209209442139,-0.13264904916286469,0.4994046092033386,-1.2824957370758057,-0.1572437882423401,0.5689816474914551,-1.4524867534637451,-0.17653000354766846,0.0,0.0,0.0,0.0,0.0,0.0,0.0,0.0,0.0,0.0,0.0,0.0,0.0,0.0,0.0,0.0,0.0,0.0,0.0,0.0,0.0,0.0,0.0,0.0,0.0,0.0,0.0,0.0,0.0,0.0,0.0,0.0,0.0,0.0,0.0,0.0,0.0,0.0,0.0,0.0,0.0,0.0,0.0,0.0,0.0,0.0,0.0,0.0,0.0,0.0,0.0,0.0,0.0,0.0,0.0,0.0,0.0,0.0,0.0,0.0,0.0,0.0,0.0
0.0,0.0,0.0,-0.28759047389030457,-0.15386223793029785,-0.051685526967048645,-0.5136609673500061,-0.46645253896713257,-0.08430897444486618,-0.6734395027160645,-0.6605546474456787,-0.12287554889917374,-0.8313761949539185,-0.7510513067245483,-0.1625889241695404,-0.27941522002220154,-0.992730975151062,-1.9085478925262578e-05,-0.29812514781951904,-1.3844183683395386,-0.0312875434756279,-0.31318145990371704,-1.6019623279571533,-0.05857894942164421,-0.32008641958236694,-1.7921078205108643,-0.09385156631469727,-0.08756205439567566,-0.9954250454902649,-0.03823408856987953,-0.12538476288318634,-1.2845829725265503,-0.15971551835536957,-0.19273993372917175,-1.1831958293914795,-0.22264783084392548,-0.2421998679637909,-1.0653494596481323,-0.23819880187511444,0.10222887247800827,-0.9476538300514221,-0.08969544619321823,0.13342714309692383,-1.2812771797180176,-0.19089698791503906,0.11308880150318146,-1.4672483205795288,-0.24141424894332886,0.09299924969673157,-1.6413366794586182,-0.26593372225761414,0.2872908115386963,-0.848395049571991,-0.14439594745635986,0.4189082682132721,-1.121652603149414,-0.21285825967788696,0.49972841143608093,-1.2908837795257568,-0.24380899965763092,0.5630643963813782,-1.4729974269866943,-0.26505783200263977,0.0,0.0,0.0,0.0,0.0,0.0,0.0,0.0,0.0,0.0,0.0,0.0,0.0,0.0,0.0,0.0,0.0,0.0,0.0,0.0,0.0,0.0,0.0,0.0,0.0,0.0,0.0,0.0,0.0,0.0,0.0,0.0,0.0,0.0,0.0,0.0,0.0,0.0,0.0,0.0,0.0,0.0,0.0,0.0,0.0,0.0,0.0,0.0,0.0,0.0,0.0,0.0,0.0,0.0,0.0,0.0,0.0,0.0,0.0,0.0,0.0,0.0,0.0
0.0,0.0,0.0,-0.2975532114505768,-0.14090929925441742,-0.05424767732620239,-0.5506568551063538,-0.43247467279434204,-0.09534285217523575,-0.7446456551551819,-0.6101646423339844,-0.1417996883392334,-0.9213632345199585,-0.6917203068733215,-0.19042231142520905,-0.29326051473617554,-0.9782807230949402,-0.03793080523610115,-0.29827696084976196,-1.3949553966522217,-0.07790493965148926,-0.32036009430885315,-1.643537998199463,-0.10406890511512756,-0.33465734124183655,-1.8617807626724243,-0.14032047986984253,-0.07970207184553146,-0.9936544895172119,-0.0793624222278595,-0.09941770136356354,-1.2795476913452148,-0.2180238515138626,-0.15408819913864136,-1.1637099981307983,-0.27914804220199585,-0.18984058499336243,-1.0333123207092285,-0.2933504581451416,0.12973234057426453,-0.9553439021110535,-0.13306844234466553,0.17706677317619324,-1.3067400455474854,-0.25183892250061035,0.1796865314245224,-1.521037220954895,-0.3110334277153015,0.18556523323059082,-1.7126351594924927,-0.3417436480522156,0.3231869041919708,-0.8705140948295593,-0.18833975493907928,0.4760187864303589,-1.1457065343856812,-0.2756025195121765,0.5764455199241638,-1.324426531791687,-0.32048338651657104,0.6636757254600525,-1.5174344778060913,-0.3516080677509308,0.0,0.0,0.0,0.0,0.0,0.0,0.0,0.0,0.0,0.0,0.0,0.0,0.0,0.0,0.0,0.0,0.0,0.0,0.0,0.0,0.0,0.0,0.0,0.0,0.0,0.0,0.0,0.0,0.0,0.0,0.0,0.0,0.0,0.0,0.0,0.0,0.0,0.0,0.0,0.0,0.0,0.0,0.0,0.0,0.0,0.0,0.0,0.0,0.0,0.0,0.0,0.0,0.0,0.0,0.0,0.0,0.0,0.0,0.0,0.0,0.0,0.0,0.0
0.0,0.0,0.0,-0.24206724762916565,-0.15791907906532288,-0.02627452090382576,-0.44694122672080994,-0.44569483399391174,-0.046641189604997635,-0.596430242061615,-0.5888704061508179,-0.08074656873941422,-0.7341669201850891,-0.6289406418800354,-0.1169159933924675,-0.213780477643013,-0.9616853594779968,0.030562786385416985,-0.23240649700164795,-1.3076518774032593,-0.015890950337052345,-0.2844243347644806,-1.472008466720581,-0.06595756113529205,-0.34611669182777405,-1.5853917598724365,-0.10935992002487183,-0.06655875593423843,-0.9975665211677551,-0.020759407430887222,-0.15319345891475677,-1.3390281200408936,-0.12186673283576965,-0.30964866280555725,-1.3984906673431396,-0.19062714278697968,-0.44532206654548645,-1.3636146783828735,-0.22061417996883392,0.09298492223024368,-0.9723029136657715,-0.08738958090543747,0.07794801890850067,-1.3406410217285156,-0.17592006921768188,-0.016468653455376625,-1.5361100435256958,-0.23959732055664062,-0.10663124918937683,-1.6799826622009277,-0.2755376398563385,0.2577671408653259,-0.8850492835044861,-0.15806573629379272,0.3887425363063812,-1.1657819747924805,-0.2211829423904419,0.43600189685821533,-1.3694356679916382,-0.26993030309677124,0.4570399224758148,-1.5605026483535767,-0.30684393644332886,0.0,0.0,0.0,0.0,0.0,0.0,0.0,0.0,0.0,0.0,0.0,0.0,0.0,0.0,0.0,0.0,0.0,0.0,0.0,0.0,0.0,0.0,0.0,0.0,0.0,0.0,0.0,0.0,0.0,0.0,0.0,0.0,0.0,0.0,0.0,0.0,0.0,0.0,0.0,0.0,0.0,0.0,0.0,0.0,0.0,0.0,0.0,0.0,0.0,0.0,0.0,0.0,0.0,0.0,0.0,0.0,0.0,0.0,0.0,0.0,0.0,0.0,0.0
0.0,0.0,0.0,-0.27105847001075745,-0.1131257563829422,-0.02251659333705902,-0.4962143898010254,-0.31371796131134033,-0.04798240214586258,-0.6548654437065125,-0.4149608612060547,-0.08936067670583725,-0.7888555526733398,-0.4662979543209076,-0.13438525795936584,-0.3370990455150604,-0.9167410135269165,0.0295528843998909,-0.3776409924030304,-1.2529746294021606,-0.0051651899702847,-0.4181075990200043,-1.4373530149459839,-0.050114572048187256,-0.47200116515159607,-1.575646996498108,-0.09424754977226257,-0.19000989198684692,-0.9814804792404175,-0.024336522445082664,-0.29078635573387146,-1.3123252391815186,-0.09041214734315872,-0.4071419835090637,-1.4125605821609497,-0.14883045852184296,-0.514345109462738,-1.4468426704406738,-0.18769162893295288,-0.025008581578731537,-0.9835264682769775,-0.09292735904455185,-0.07009658962488174,-1.3709689378738403,-0.1670525223016739,-0.15781782567501068,-1.5799529552459717,-0.22996726632118225,-0.25064995884895325,-1.748852252960205,-0.2763848900794983,0.1532275527715683,-0.919726550579071,-0.16532976925373077,0.2795991897583008,-1.215490698814392,-0.23207548260688782,0.33249321579933167,-1.4366214275360107,-0.2812995910644531,0.3589252531528473,-1.6444036960601807,-0.3212456703186035,0.0,0.0,0.0,0.0,0.0,0.0,0.0,0.0,0.0,0.0,0.0,0.0,0.0,0.0,0.0,0.0,0.0,0.0,0.0,0.0,0.0,0.0,0.0,0.0,0.0,0.0,0.0,0.0,0.0,0.0,0.0,0.0,0.0,0.0,0.0,0.0,0.0,0.0,0.0,0.0,0.0,0.0,0.0,0.0,0.0,0.0,0.0,0.0,0.0,0.0,0.0,0.0,0.0,0.0,0.0,0.0,0.0,0.0,0.0,0.0,0.0,0.0,0.0
0.0,0.0,0.0,-0.26929402351379395,-0.08067506551742554,-0.042860113084316254,-0.49579787254333496,-0.2517646551132202,-0.07879111170768738,-0.6559531688690186,-0.3372787535190582,-0.12664493918418884,-0.797277569770813,-0.3532258868217468,-0.17653712630271912,-0.34198877215385437,-0.905583381652832,0.01041876059025526,-0.4139654338359833,-1.235823392868042,-0.026825422421097755,-0.47260981798171997,-1.4118098020553589,-0.07613745331764221,-0.5455296039581299,-1.533398151397705,-0.12224452942609787,-0.191581130027771,-0.9808840155601501,-0.034105151891708374,-0.2941629886627197,-1.2928564548492432,-0.08646318316459656,-0.41289907693862915,-1.428863763809204,-0.14877702295780182,-0.5371245741844177,-1.5023090839385986,-0.19691622257232666,-0.016743769869208336,-0.9932398796081543,-0.09414786100387573,-0.07352505624294281,-1.363355040550232,-0.16423815488815308,-0.17023074626922607,-1.548068881034851,-0.23415860533714294,-0.27860528230667114,-1.6824257373809814,-0.2857058048248291,0.17250725626945496,-0.9351720809936523,-0.15965136885643005,0.2942593991756439,-1.232089638710022,-0.22541318833827972,0.33534103631973267,-1.4430583715438843,-0.2789372503757477,0.34383249282836914,-1.623792290687561,-0.32117560505867004,0.0,0.0,0.0,0.0,0.0,0.0,0.0,0.0,0.0,0.0,0.0,0.0,0.0,0.0,0.0,0.0,0.0,0.0,0.0,0.0,0.0,0.0,0.0,0.0,0.0,0.0,0.0,0.0,0.0,0.0,0.0,0.0,0.0,0.0,0.0,0.0,0.0,0.0,0.0,0.0,0.0,0.0,0.0,0.0,0.0,0.0,0.0,0.0,0.0,0.0,0.0,0.0,0.0,0.0,0.0,0.0,0.0,0.0,0.0,0.0,0.0,0.0,0.0
0.0,0.0,0.0,-0.31176531314849854,-0.06783855706453323,-0.0500197559595108,-0.5736967921257019,-0.19753044843673706,-0.08553137630224228,-0.7636430859565735,-0.26321080327033997,-0.1348128616809845,-0.9317209720611572,-0.27027103304862976,-0.1861477792263031,-0.3870881497859955,-0.8780050873756409,0.02319345809519291,-0.46951982378959656,-1.196297526359558,-0.021549714729189873,-0.5348111391067505,-1.3620272874832153,-0.07853898406028748,-0.6174341440200806,-1.4925106763839722,-0.1293233335018158,-0.21926234662532806,-0.9754460453987122,-0.02071249671280384,-0.3190675377845764,-1.2996506690979004,-0.06177316606044769,-0.43623679876327515,-1.4488626718521118,-0.11878564208745956,-0.5611597895622253,-1.5515817403793335,-0.16805234551429749,-0.022305844351649284,-1.0000319480895996,-0.0845525786280632,-0.06500007957220078,-1.3917590379714966,-0.1524178832769394,-0.1628565788269043,-1.6219438314437866,-0.2201882153749466,-0.2762010395526886,-1.8041560649871826,-0.2729560136795044,0.19197243452072144,-0.9446645379066467,-0.15520358085632324,0.33013179898262024,-1.2483797073364258,-0.22091227769851685,0.3685232102870941,-1.4740928411483765,-0.2681921124458313,0.36394521594047546,-1.6690300703048706,-0.3070580065250397,0.0,0.0,0.0,0.0,0.0,0.0,0.0,0.0,0.0,0.0,0.0,0.0,0.0,0.0,0.0,0.0,0.0,0.0,0.0,0.0,0.0,0.0,0.0,0.0,0.0,0.0,0.0,0.0,0.0,0.0,0.0,0.0,0.0,0.0,0.0,0.0,0.0,0.0,0.0,0.0,0.0,0.0,0.0,0.0,0.0,0.0,0.0,0.0,0.0,0.0,0.0,0.0,0.0,0.0,0.0,0.0,0.0,0.0,0.0,0.0,0.0,0.0,0.0
0.0,0.0,0.0,-0.28813454508781433,-0.08029856532812119,-0.05559251084923744,-0.5642536282539368,-0.2642577588558197,-0.08305788785219193,-0.7668706774711609,-0.3473856747150421,-0.11695130169391632,-0.9295763969421387,-0.35725101828575134,-0.1510925590991974,-0.41015440225601196,-0.9010058641433716,-0.0004065362736582756,-0.4994695484638214,-1.2599728107452393,-0.027301954105496407,-0.5436810851097107,-1.4618910551071167,-0.061957359313964844,-0.590694010257721,-1.620485544204712,-0.10086577385663986,-0.23070189356803894,-0.9723997116088867,-0.03486369550228119,-0.2955029606819153,-1.2763683795928955,-0.0844719260931015,-0.3784889280796051,-1.361361026763916,-0.13076579570770264,-0.4674493372440338,-1.3970078229904175,-0.164166659116745,-0.0341886430978775,-0.9833312034606934,-0.08608721196651459,-0.058805398643016815,-1.3411674499511719,-0.1492232233285904,-0.12112520635128021,-1.5601139068603516,-0.20319683849811554,-0.1987185776233673,-1.7561897039413452,-0.24691393971443176,0.1609547734260559,-0.9284485578536987,-0.14401519298553467,0.27292704582214355,-1.2040445804595947,-0.20756782591342926,0.31351807713508606,-1.4105396270751953,-0.2516794502735138,0.32417404651641846,-1.6110656261444092,-0.2886560559272766,0.0,0.0,0.0,0.0,0.0,0.0,0.0,0.0,0.0,0.0,0.0,0.0,0.0,0.0,0.0,0.0,0.0,0.0,0.0,0.0,0.0,0.0,0.0,0.0,0.0,0.0,0.0,0.0,0.0,0.0,0.0,0.0,0.0,0.0,0.0,0.0,0.0,0.0,0.0,0.0,0.0,0.0,0.0,0.0,0.0,0.0,0.0,0.0,0.0,0.0,0.0,0.0,0.0,0.0,0.0,0.0,0.0,0.0,0.0,0.0,0.0,0.0,0.0
0.0,0.0,0.0,-0.3100358545780182,-0.04431406036019325,-0.0666661262512207,-0.5899690985679626,-0.24864549934864044,-0.09977934509515762,-0.7857379913330078,-0.3557960093021393,-0.13551601767539978,-0.9462494254112244,-0.39617016911506653,-0.16998761892318726,-0.43428489565849304,-0.893761396408081,-0.008387292735278606,-0.5181422829627991,-1.2599669694900513,-0.03538208827376366,-0.5753034949302673,-1.4431432485580444,-0.07368063181638718,-0.6440598964691162,-1.5840157270431519,-0.11492832005023956,-0.26221591234207153,-0.9643497467041016,-0.03567036986351013,-0.335899293422699,-1.271799921989441,-0.09355531632900238,-0.42534932494163513,-1.3322705030441284,-0.1451302468776703,-0.5131946206092834,-1.3347560167312622,-0.17743228375911713,-0.0726088136434555,-0.9798715710639954,-0.07989314943552017,-0.11078332364559174,-1.345445156097412,-0.14383840560913086,-0.18948383629322052,-1.5380479097366333,-0.19878600537776947,-0.2782427966594696,-1.7013397216796875,-0.23978693783283234,0.12551447749137878,-0.9351928234100342,-0.1317293643951416,0.22828033566474915,-1.2309058904647827,-0.19087588787078857,0.26624760031700134,-1.4330008029937744,-0.23487941920757294,0.27624648809432983,-1.622541069984436,-0.2700035572052002,0.0,0.0,0.0,0.0,0.0,0.0,0.0,0.0,0.0,0.0,0.0,0.0,0.0,0.0,0.0,0.0,0.0,0.0,0.0,0.0,0.0,0.0,0.0,0.0,0.0,0.0,0.0,0.0,0.0,0.0,0.0,0.0,0.0,0.0,0.0,0.0,0.0,0.0,0.0,0.0,0.0,0.0,0.0,0.0,0.0,0.0,0.0,0.0,0.0,0.0,0.0,0.0,0.0,0.0,0.0,0.0,0.0,0.0,0.0,0.0,0.0,0.0,0.0
0.0,0.0,0.0,-0.29387763142585754,-0.10407717525959015,-0.03320350497961044,-0.5376554131507874,-0.3616209924221039,-0.0551743246614933,-0.7115733623504639,-0.49486225843429565,-0.08779766410589218,-0.8486636877059937,-0.5664753913879395,-0.1225927546620369,-0.3269743025302887,-0.9339861869812012,0.01941864565014839,-0.40064698457717896,-1.3254566192626953,-0.014666670002043247,-0.4672092795372009,-1.5417670011520386,-0.048653457313776016,-0.5260557532310486,-1.7368239164352417,-0.08768411725759506,-0.16305477917194366,-0.9861834645271301,-0.029245510697364807,-0.27508673071861267,-1.2719604969024658,-0.15304981172084808,-0.3992097079753876,-1.1905583143234253,-0.21840201318264008,-0.4845038950443268,-1.072713851928711,-0.23272839188575745,0.01662048138678074,-0.9907426834106445,-0.09222234040498734,-0.011864768341183662,-1.3796658515930176,-0.19163626432418823,-0.10221868753433228,-1.5877354145050049,-0.2540184557437897,-0.18242599070072174,-1.775395393371582,-0.28743991255760193,0.2033528834581375,-0.941825807094574,-0.15793004631996155,0.3321656584739685,-1.227625846862793,-0.2315506637096405,0.3908921778202057,-1.432767391204834,-0.2800803482532501,0.4342513084411621,-1.6446964740753174,-0.31390348076820374,0.0,0.0,0.0,0.0,0.0,0.0,0.0,0.0,0.0,0.0,0.0,0.0,0.0,0.0,0.0,0.0,0.0,0.0,0.0,0.0,0.0,0.0,0.0,0.0,0.0,0.0,0.0,0.0,0.0,0.0,0.0,0.0,0.0,0.0,0.0,0.0,0.0,0.0,0.0,0.0,0.0,0.0,0.0,0.0,0.0,0.0,0.0,0.0,0.0,0.0,0.0,0.0,0.0,0.0,0.0,0.0,0.0,0.0,0.0,0.0,0.0,0.0,0.0
0.0,0.0,0.0,-0.29490429162979126,-0.09145009517669678,-0.034259725362062454,-0.5454555153846741,-0.3629896342754364,-0.05220397561788559,-0.7031194567680359,-0.5623713135719299,-0.08036135137081146,-0.7830068469047546,-0.689250111579895,-0.11076194792985916,-0.41700252890586853,-0.8880473971366882,-0.01080323290079832,-0.5226865410804749,-1.315163016319275,-0.05656425654888153,-0.5564305186271667,-1.591507077217102,-0.0944778174161911,-0.5796170234680176,-1.8317532539367676,-0.13282687962055206,-0.23860855400562286,-0.969535231590271,-0.05538421869277954,-0.3894101083278656,-1.2276586294174194,-0.14100728929042816,-0.47009921073913574,-1.276273488998413,-0.20195379853248596,-0.5247387290000916,-1.3134164810180664,-0.23603340983390808,-0.03683808818459511,-0.9988299608230591,-0.1115809828042984,-0.13115380704402924,-1.365970253944397,-0.21175523102283478,-0.23162192106246948,-1.6195350885391235,-0.2831175625324249,-0.3255770206451416,-1.851692795753479,-0.33143383264541626,0.18055671453475952,-0.9623308777809143,-0.16776157915592194,0.2749802768230438,-1.2853505611419678,-0.2596065402030945,0.34371453523635864,-1.506717562675476,-0.31052377820014954,0.4012663662433624,-1.7199649810791016,-0.34485095739364624,0.0,0.0,0.0,0.0,0.0,0.0,0.0,0.0,0.0,0.0,0.0,0.0,0.0,0.0,0.0,0.0,0.0,0.0,0.0,0.0,0.0,0.0,0.0,0.0,0.0,0.0,0.0,0.0,0.0,0.0,0.0,0.0,0.0,0.0,0.0,0.0,0.0,0.0,0.0,0.0,0.0,0.0,0.0,0.0,0.0,0.0,0.0,0.0,0.0,0.0,0.0,0.0,0.0,0.0,0.0,0.0,0.0,0.0,0.0,0.0,0.0,0.0,0.0
0.0,0.0,0.0,-0.2843022644519806,-0.12319499254226685,-0.018611030653119087,-0.5332090258598328,-0.4066535532474518,-0.0465698167681694,-0.7191095948219299,-0.5653687715530396,-0.09215110540390015,-0.8747710585594177,-0.6191700100898743,-0.14398139715194702,-0.3168199956417084,-0.94405198097229,0.011103791184723377,-0.4064568877220154,-1.375893473625183,-0.023832110688090324,-0.47432446479797363,-1.6221559047698975,-0.04688325896859169,-0.5310623645782471,-1.8323968648910522,-0.07693810760974884,-0.15122798085212708,-0.9873402714729309,-0.04784645885229111,-0.29199835658073425,-1.1953829526901245,-0.18810343742370605,-0.43528664112091064,-1.044180989265442,-0.2495381087064743,-0.5317368507385254,-0.9122804999351501,-0.2567988932132721,0.028347380459308624,-0.9874799847602844,-0.11870647966861725,9.232217416865751e-05,-1.3351554870605469,-0.23470386862754822,-0.09094425290822983,-1.5419199466705322,-0.2988201975822449,-0.16711248457431793,-1.741894245147705,-0.3305186629295349,0.21302811801433563,-0.9330471158027649,-0.18913285434246063,0.3498654365539551,-1.227913498878479,-0.2716701924800873,0.4316478371620178,-1.4345195293426514,-0.3190130889415741,0.5012713670730591,-1.6539978981018066,-0.3494666814804077,0.0,0.0,0.0,0.0,0.0,0.0,0.0,0.0,0.0,0.0,0.0,0.0,0.0,0.0,0.0,0.0,0.0,0.0,0.0,0.0,0.0,0.0,0.0,0.0,0.0,0.0,0.0,0.0,0.0,0.0,0.0,0.0,0.0,0.0,0.0,0.0,0.0,0.0,0.0,0.0,0.0,0.0,0.0,0.0,0.0,0.0,0.0,0.0,0.0,0.0,0.0,0.0,0.0,0.0,0.0,0.0,0.0,0.0,0.0,0.0,0.0,0.0,0.0
0.0,0.0,0.0,-0.3233034014701843,-0.10399457067251205,-0.04457902908325195,-0.600641131401062,-0.363895058631897,-0.07366272062063217,-0.7953283786773682,-0.5389611721038818,-0.10896594822406769,-0.9651246070861816,-0.5892093181610107,-0.1480386108160019,-0.387581467628479,-0.9366214275360107,-0.009055331349372864,-0.43235766887664795,-1.3542882204055786,-0.03882790729403496,-0.4599529504776001,-1.5811399221420288,-0.06549235433340073,-0.4873350262641907,-1.7883297204971313,-0.10357696563005447,-0.17903468012809753,-0.9824748039245605,-0.0518634095788002,-0.21322859823703766,-1.261469841003418,-0.1895897090435028,-0.26632726192474365,-1.099563717842102,-0.2600213587284088,-0.3013075888156891,-0.9426997900009155,-0.2763747572898865,0.0248864833265543,-0.9700784683227539,-0.10521867126226425,0.03963451832532883,-1.3428157567977905,-0.20696549117565155,0.00564452214166522,-1.5621979236602783,-0.27207985520362854,-0.023980218917131424,-1.7770731449127197,-0.31217947602272034,0.22452670335769653,-0.8959793448448181,-0.1594623327255249,0.343660444021225,-1.1614059209823608,-0.22917556762695312,0.41848433017730713,-1.3397667407989502,-0.2679920494556427,0.48020246624946594,-1.5356063842773438,-0.2977945804595947,0.0,0.0,0.0,0.0,0.0,0.0,0.0,0.0,0.0,0.0,0.0,0.0,0.0,0.0,0.0,0.0,0.0,0.0,0.0,0.0,0.0,0.0,0.0,0.0,0.0,0.0,0.0,0.0,0.0,0.0,0.0,0.0,0.0,0.0,0.0,0.0,0.0,0.0,0.0,0.0,0.0,0.0,0.0,0.0,0.0,0.0,0.0,0.0,0.0,0.0,0.0,0.0,0.0,0.0,0.0,0.0,0.0,0.0,0.0,0.0,0.0,0.0,0.0
0.0,0.0,0.0,-0.30094829201698303,-0.10223966091871262,-0.07341721653938293,-0.568505048751831,-0.33891165256500244,-0.1340906172990799,-0.7751679420471191,-0.483345627784729,-0.19212502241134644,-0.9500257968902588,-0.5686156153678894,-0.24698379635810852,-0.37187689542770386,-0.9350712895393372,-0.052020035684108734,-0.43345215916633606,-1.3217451572418213,-0.120653435587883,-0.4714266359806061,-1.5628774166107178,-0.15885330736637115,-0.4832954704761505,-1.7696655988693237,-0.19594863057136536,-0.18052244186401367,-0.9803135991096497,-0.07998047024011612,-0.2201777547597885,-1.1941094398498535,-0.26825806498527527,-0.19641214609146118,-0.8844053149223328,-0.3071466386318207,-0.1499604433774948,-0.6474118232727051,-0.2769136428833008,0.009382559917867184,-0.9698771834373474,-0.12768135964870453,0.007804817985743284,-1.3321971893310547,-0.27031952142715454,0.0015262963715940714,-1.5486316680908203,-0.3178721070289612,-0.009240390732884407,-1.7884290218353271,-0.3294130265712738,0.17533132433891296,-0.9091737866401672,-0.17527790367603302,0.2717689275741577,-1.1611288785934448,-0.2535689175128937,0.3418581485748291,-1.3212051391601562,-0.27613532543182373,0.3909722566604614,-1.53971266746521,-0.2907421886920929,0.0,0.0,0.0,0.0,0.0,0.0,0.0,0.0,0.0,0.0,0.0,0.0,0.0,0.0,0.0,0.0,0.0,0.0,0.0,0.0,0.0,0.0,0.0,0.0,0.0,0.0,0.0,0.0,0.0,0.0,0.0,0.0,0.0,0.0,0.0,0.0,0.0,0.0,0.0,0.0,0.0,0.0,0.0,0.0,0.0,0.0,0.0,0.0,0.0,0.0,0.0,0.0,0.0,0.0,0.0,0.0,0.0,0.0,0.0,0.0,0.0,0.0,0.0
0.0,0.0,0.0,-0.2841317653656006,-0.10157328844070435,-0.08563476800918579,-0.5529114603996277,-0.3718576431274414,-0.15405546128749847,-0.7572283744812012,-0.5397626161575317,-0.2188098281621933,-0.9514005184173584,-0.6473890542984009,-0.2821548283100128,-0.34987714886665344,-0.9549304246902466,-0.09104214608669281,-0.36808857321739197,-1.3763880729675293,-0.1630440056324005,-0.37145450711250305,-1.612694263458252,-0.19951942563056946,-0.3612916171550751,-1.8318853378295898,-0.23686964809894562,-0.1273462176322937,-0.9843454957008362,-0.12184780836105347,-0.11527696996927261,-1.1702255010604858,-0.3303113281726837,-0.10146179795265198,-0.8430174589157104,-0.38163667917251587,-0.07606663554906845,-0.6006895303726196,-0.3605046272277832,0.07709391415119171,-0.9694478511810303,-0.17024178802967072,0.11740901321172714,-1.3153926134109497,-0.3314598500728607,0.15782275795936584,-1.5307952165603638,-0.3816409409046173,0.1923104077577591,-1.7742669582366943,-0.3918485939502716,0.25953784584999084,-0.9163848161697388,-0.2182028442621231,0.36709484457969666,-1.2221765518188477,-0.3097288906574249,0.46346965432167053,-1.396405577659607,-0.33027219772338867,0.5374257564544678,-1.628810167312622,-0.34080809354782104,0.0,0.0,0.0,0.0,0.0,0.0,0.0,0.0,0.0,0.0,0.0,0.0,0.0,0.0,0.0,0.0,0.0,0.0,0.0,0.0,0.0,0.0,0.0,0.0,0.0,0.0,0.0,0.0,0.0,0.0,0.0,0.0,0.0,0.0,0.0,0.0,0.0,0.0,0.0,0.0,0.0,0.0,0.0,0.0,0.0,0.0,0.0,0.0,0.0,0.0,0.0,0.0,0.0,0.0,0.0,0.0,0.0,0.0,0.0,0.0,0.0,0.0,0.0
0.0,0.0,0.0,-0.3161838948726654,-0.09564676135778427,-0.05595371127128601,-0.5668762922286987,-0.3807375729084015,-0.09898532181978226,-0.7473700046539307,-0.572833240032196,-0.143217533826828,-0.9254838824272156,-0.6552925109863281,-0.18830962479114532,-0.380544513463974,-0.9462665319442749,-0.015628177672624588,-0.4087570011615753,-1.3421353101730347,-0.057641107589006424,-0.44186148047447205,-1.5756475925445557,-0.08471586555242538,-0.46515896916389465,-1.7754170894622803,-0.12193439155817032,-0.17075346410274506,-0.9835982918739319,-0.05811754986643791,-0.20872290432453156,-1.2494744062423706,-0.22557809948921204,-0.1953839808702469,-1.0207711458206177,-0.28489118814468384,-0.17173054814338684,-0.8365456461906433,-0.28053998947143555,0.033200453966856,-0.9658530354499817,-0.11531923711299896,0.03305251896381378,-1.3375025987625122,-0.24459248781204224,0.04085526615381241,-1.5555492639541626,-0.2987182140350342,0.04490712285041809,-1.7814834117889404,-0.3209689259529114,0.22510002553462982,-0.8959518074989319,-0.17235678434371948,0.32093191146850586,-1.1742161512374878,-0.2594852149486542,0.4013044834136963,-1.3491296768188477,-0.29412946105003357,0.4574383795261383,-1.560698390007019,-0.31663164496421814,0.0,0.0,0.0,0.0,0.0,0.0,0.0,0.0,0.0,0.0,0.0,0.0,0.0,0.0,0.0,0.0,0.0,0.0,0.0,0.0,0.0,0.0,0.0,0.0,0.0,0.0,0.0,0.0,0.0,0.0,0.0,0.0,0.0,0.0,0.0,0.0,0.0,0.0,0.0,0.0,0.0,0.0,0.0,0.0,0.0,0.0,0.0,0.0,0.0,0.0,0.0,0.0,0.0,0.0,0.0,0.0,0.0,0.0,0.0,0.0,0.0,0.0,0.0
0.0,0.0,0.0,-0.2947472929954529,-0.10427771508693695,-0.030445311218500137,-0.5370784401893616,-0.37978559732437134,-0.04971366003155708,-0.7023288011550903,-0.533552348613739,-0.07851970940828323,-0.8367136716842651,-0.6302329897880554,-0.11023195087909698,-0.35922908782958984,-0.9482632279396057,0.03576725721359253,-0.40611499547958374,-1.334687352180481,0.013125027529895306,-0.4423077702522278,-1.54240882396698,-0.010163617320358753,-0.4614061713218689,-1.7264105081558228,-0.043909281492233276,-0.1757606416940689,-0.9843108057975769,-0.01550500188022852,-0.26213476061820984,-1.3027664422988892,-0.1402732878923416,-0.32668447494506836,-1.1735631227493286,-0.2028193473815918,-0.34963536262512207,-1.0298943519592285,-0.21038460731506348,0.014184136874973774,-0.9711964130401611,-0.08113091439008713,-0.0006907141068950295,-1.3769584894180298,-0.18021073937416077,-0.04456101730465889,-1.6038050651550293,-0.24186214804649353,-0.0770924985408783,-1.8201439380645752,-0.27500542998313904,0.20431773364543915,-0.899780809879303,-0.14758242666721344,0.32212671637535095,-1.1762206554412842,-0.21503393352031708,0.3986559510231018,-1.3602495193481445,-0.2530631124973297,0.45943203568458557,-1.561177134513855,-0.2816239893436432,0.0,0.0,0.0,0.0,0.0,0.0,0.0,0.0,0.0,0.0,0.0,0.0,0.0,0.0,0.0,0.0,0.0,0.0,0.0,0.0,0.0,0.0,0.0,0.0,0.0,0.0,0.0,0.0,0.0,0.0,0.0,0.0,0.0,0.0,0.0,0.0,0.0,0.0,0.0,0.0,0.0,0.0,0.0,0.0,0.0,0.0,0.0,0.0,0.0,0.0,0.0,0.0,0.0,0.0,0.0,0.0,0.0,0.0,0.0,0.0,0.0,0.0,0.0
0.0,0.0,0.0,-0.3098396956920624,-0.05717506259679794,-0.02764989621937275,-0.5755749940872192,-0.31501469016075134,-0.026658937335014343,-0.7285903096199036,-0.4686127305030823,-0.03322722017765045,-0.8301459550857544,-0.5491318702697754,-0.04143714904785156,-0.40193378925323486,-0.9089218974113464,0.01630006916821003,-0.5116986036300659,-1.3176456689834595,-0.009386621415615082,-0.582818329334259,-1.5484328269958496,-0.040613945573568344,-0.6491011381149292,-1.7564512491226196,-0.08063631504774094,-0.23541927337646484,-0.9714075922966003,-0.03074115328490734,-0.3366135358810425,-1.2549433708190918,-0.13925661146640778,-0.44167622923851013,-1.2159839868545532,-0.20364150404930115,-0.5251366496086121,-1.1380844116210938,-0.22606518864631653,-0.05161609500646591,-0.9917540550231934,-0.09126868844032288,-0.09360255300998688,-1.3916388750076294,-0.18281890451908112,-0.17965729534626007,-1.631978154182434,-0.25255247950553894,-0.26042306423187256,-1.8616122007369995,-0.2989999055862427,0.13889002799987793,-0.95673006772995,-0.15410947799682617,0.24413955211639404,-1.2634689807891846,-0.23056183755397797,0.30502721667289734,-1.4846159219741821,-0.28457915782928467,0.351738303899765,-1.7081656455993652,-0.3263676166534424,0.0,0.0,0.0,0.0,0.0,0.0,0.0,0.0,0.0,0.0,0.0,0.0,0.0,0.0,0.0,0.0,0.0,0.0,0.0,0.0,0.0,0.0,0.0,0.0,0.0,0.0,0.0,0.0,0.0,0.0,0.0,0.0,0.0,0.0,0.0,0.0,0.0,0.0,0.0,0.0,0.0,0.0,0.0,0.0,0.0,0.0,0.0,0.0,0.0,0.0,0.0,0.0,0.0,0.0,0.0,0.0,0.0,0.0,0.0,0.0,0.0,0.0,0.0
0.0,0.0,0.0,-0.2954212725162506,-0.03998574987053871,-0.026627114042639732,-0.5587092041969299,-0.29187947511672974,-0.025294242426753044,-0.7131263613700867,-0.4379843473434448,-0.03207644447684288,-0.8134671449661255,-0.5094394087791443,-0.039234697818756104,-0.418403297662735,-0.8852782845497131,0.02760351449251175,-0.5281460285186768,-1.2625218629837036,0.014939403161406517,-0.5889857411384583,-1.4896671772003174,-0.007891293615102768,-0.644227921962738,-1.6837915182113647,-0.041617244482040405,-0.263568252325058,-0.9645358324050903,-0.014227665960788727,-0.39492088556289673,-1.2391256093978882,-0.08836045116186142,-0.492963045835495,-1.2771049737930298,-0.14194920659065247,-0.5668387413024902,-1.2734795808792114,-0.16691753268241882,-0.08171767741441727,-0.9913207292556763,-0.06913917511701584,-0.1649356484413147,-1.3785518407821655,-0.14992548525333405,-0.2625742256641388,-1.6062676906585693,-0.21992363035678864,-0.3499384820461273,-1.8072667121887207,-0.26716533303260803,0.11519734561443329,-0.9635368585586548,-0.12598851323127747,0.21806365251541138,-1.2791337966918945,-0.20053334534168243,0.2668229341506958,-1.500550627708435,-0.2594543695449829,0.2983386814594269,-1.7104988098144531,-0.3044423460960388,0.0,0.0,0.0,0.0,0.0,0.0,0.0,0.0,0.0,0.0,0.0,0.0,0.0,0.0,0.0,0.0,0.0,0.0,0.0,0.0,0.0,0.0,0.0,0.0,0.0,0.0,0.0,0.0,0.0,0.0,0.0,0.0,0.0,0.0,0.0,0.0,0.0,0.0,0.0,0.0,0.0,0.0,0.0,0.0,0.0,0.0,0.0,0.0,0.0,0.0,0.0,0.0,0.0,0.0,0.0,0.0,0.0,0.0,0.0,0.0,0.0,0.0,0.0
0.0,0.0,0.0,-0.297793984413147,-0.04233607277274132,-0.025234404951334,-0.5534764528274536,-0.2143678069114685,-0.040812212973833084,-0.7138826251029968,-0.308576375246048,-0.073898546397686,-0.8239029049873352,-0.32825711369514465,-0.10929416865110397,-0.39917370676994324,-0.8599830269813538,0.04467916488647461,-0.5096538066864014,-1.1660608053207397,0.004774193279445171,-0.5915933847427368,-1.299945592880249,-0.046239275485277176,-0.6808024048805237,-1.3967148065567017,-0.09326762706041336,-0.2640061676502228,-0.9644848108291626,-0.008353224955499172,-0.4052122235298157,-1.2518092393875122,-0.06847482174634933,-0.5271152257919312,-1.3536632061004639,-0.1309603899717331,-0.6398673057556152,-1.4187190532684326,-0.17548584938049316,-0.09155584126710892,-1.0137752294540405,-0.07876412570476532,-0.18830887973308563,-1.4163696765899658,-0.15757136046886444,-0.3077015280723572,-1.6243482828140259,-0.23099885880947113,-0.4288667142391205,-1.7998985052108765,-0.283385306596756,0.10642741620540619,-0.99602872133255,-0.15318991243839264,0.212248757481575,-1.3255703449249268,-0.2241596281528473,0.24396558105945587,-1.5572432279586792,-0.2790010869503021,0.245571106672287,-1.762309193611145,-0.32226839661598206,0.0,0.0,0.0,0.0,0.0,0.0,0.0,0.0,0.0,0.0,0.0,0.0,0.0,0.0,0.0,0.0,0.0,0.0,0.0,0.0,0.0,0.0,0.0,0.0,0.0,0.0,0.0,0.0,0.0,0.0,0.0,0.0,0.0,0.0,0.0,0.0,0.0,0.0,0.0,0.0,0.0,0.0,0.0,0.0,0.0,0.0,0.0,0.0,0.0,0.0,0.0,0.0,0.0,0.0,0.0,0.0,0.0,0.0,0.0,0.0,0.0,0.0,0.0
0.0,0.0,0.0,-0.29439419507980347,-0.04992784932255745,-0.020884092897176743,-0.5554649233818054,-0.24153666198253632,-0.024782348424196243,-0.7190171480178833,-0.34078729152679443,-0.04208855330944061,-0.8318280577659607,-0.3665997087955475,-0.06156976893544197,-0.4294668436050415,-0.8722381591796875,0.035450492054224014,-0.49844393134117126,-1.2296725511550903,0.014989643357694149,-0.5386479496955872,-1.4267030954360962,-0.014156739227473736,-0.5861666202545166,-1.5903692245483398,-0.05025741085410118,-0.28252822160720825,-0.9591922760009766,-0.011311586014926434,-0.40572589635849,-1.2587276697158813,-0.07481969892978668,-0.5082778334617615,-1.3272039890289307,-0.12803083658218384,-0.5959043502807617,-1.3510305881500244,-0.160512313246727,-0.10530678182840347,-1.0046578645706177,-0.07225632667541504,-0.1950698047876358,-1.3973535299301147,-0.15051616728305817,-0.3053743541240692,-1.6086262464523315,-0.22070443630218506,-0.4148860275745392,-1.789188027381897,-0.26993951201438904,0.09352528303861618,-0.9952854514122009,-0.13548429310321808,0.19294990599155426,-1.3264237642288208,-0.2134431153535843,0.23020650446414948,-1.5620173215866089,-0.27580103278160095,0.24359264969825745,-1.7754279375076294,-0.3235304653644562,0.0,0.0,0.0,0.0,0.0,0.0,0.0,0.0,0.0,0.0,0.0,0.0,0.0,0.0,0.0,0.0,0.0,0.0,0.0,0.0,0.0,0.0,0.0,0.0,0.0,0.0,0.0,0.0,0.0,0.0,0.0,0.0,0.0,0.0,0.0,0.0,0.0,0.0,0.0,0.0,0.0,0.0,0.0,0.0,0.0,0.0,0.0,0.0,0.0,0.0,0.0,0.0,0.0,0.0,0.0,0.0,0.0,0.0,0.0,0.0,0.0,0.0,0.0
0.0,0.0,0.0,-0.3061601519584656,-0.00792787130922079,-0.0539860725402832,-0.57826167345047,-0.22441989183425903,-0.07201079279184341,-0.760219931602478,-0.3531895577907562,-0.09495455026626587,-0.8998005986213684,-0.38048067688941956,-0.1192774698138237,-0.4383917450904846,-0.8707970976829529,0.02160954847931862,-0.5099870562553406,-1.2338684797286987,0.014872388914227486,-0.5436772108078003,-1.4742372035980225,-0.013750473968684673,-0.5743036270141602,-1.6818188428878784,-0.05501734837889671,-0.27433130145072937,-0.9614875316619873,-0.01685463637113571,-0.37486532330513,-1.273220181465149,-0.07302553206682205,-0.4529578983783722,-1.3417061567306519,-0.12945298850536346,-0.5123679041862488,-1.3646832704544067,-0.16248580813407898,-0.08984805643558502,-0.9846415519714355,-0.07122907787561417,-0.15556693077087402,-1.390128254890442,-0.14607395231723785,-0.23211278021335602,-1.6201735734939575,-0.22403723001480103,-0.30498042702674866,-1.832749605178833,-0.2807251811027527,0.10333056002855301,-0.934171736240387,-0.13062040507793427,0.22108356654644012,-1.2348324060440063,-0.21061494946479797,0.29095184803009033,-1.4324729442596436,-0.27396127581596375,0.3394646644592285,-1.6271471977233887,-0.3229072391986847,0.0,0.0,0.0,0.0,0.0,0.0,0.0,0.0,0.0,0.0,0.0,0.0,0.0,0.0,0.0,0.0,0.0,0.0,0.0,0.0,0.0,0.0,0.0,0.0,0.0,0.0,0.0,0.0,0.0,0.0,0.0,0.0,0.0,0.0,0.0,0.0,0.0,0.0,0.0,0.0,0.0,0.0,0.0,0.0,0.0,0.0,0.0,0.0,0.0,0.0,0.0,0.0,0.0,0.0,0.0,0.0,0.0,0.0,0.0,0.0,0.0,0.0,0.0
0.0,0.0,0.0,-0.3151513338088989,-0.02314002253115177,-0.05415617674589157,-0.612628161907196,-0.23257051408290863,-0.09189017862081528,-0.813021719455719,-0.36051082611083984,-0.1372942328453064,-0.9855179190635681,-0.39883020520210266,-0.18545177578926086,-0.5015565156936646,-0.8546978235244751,-0.027058791369199753,-0.6256967782974243,-1.2820141315460205,-0.07807228714227676,-0.7104970812797546,-1.5339372158050537,-0.12509773671627045,-0.7907077074050903,-1.748737096786499,-0.1742475926876068,-0.32553842663764954,-0.942591667175293,-0.0744694396853447,-0.46218815445899963,-1.2267597913742065,-0.20846064388751984,-0.5529239177703857,-1.160091519355774,-0.2862718105316162,-0.6150597333908081,-1.0725466012954712,-0.31534281373023987,-0.13350747525691986,-0.9839540719985962,-0.13608688116073608,-0.2332189381122589,-1.38422691822052,-0.2539811134338379,-0.3425745964050293,-1.5990976095199585,-0.3300023674964905,-0.44698822498321533,-1.7935744524002075,-0.3765439987182617,0.06866863369941711,-0.9718332290649414,-0.2010098397731781,0.15410414338111877,-1.3001818656921387,-0.3014090657234192,0.2084529846906662,-1.5223536491394043,-0.36203691363334656,0.24686503410339355,-1.743993878364563,-0.40375298261642456,0.0,0.0,0.0,0.0,0.0,0.0,0.0,0.0,0.0,0.0,0.0,0.0,0.0,0.0,0.0,0.0,0.0,0.0,0.0,0.0,0.0,0.0,0.0,0.0,0.0,0.0,0.0,0.0,0.0,0.0,0.0,0.0,0.0,0.0,0.0,0.0,0.0,0.0,0.0,0.0,0.0,0.0,0.0,0.0,0.0,0.0,0.0,0.0,0.0,0.0,0.0,0.0,0.0,0.0,0.0,0.0,0.0,0.0,0.0,0.0,0.0,0.0,0.0
0.0,0.0,0.0,-0.2891276180744171,-0.07341363281011581,-0.04881734028458595,-0.5447394847869873,-0.3315429091453552,-0.07583732157945633,-0.7077724933624268,-0.4811348617076874,-0.11012760549783707,-0.8434609770774841,-0.5592623353004456,-0.14631307125091553,-0.3651812970638275,-0.9316933155059814,-0.002630925038829446,-0.4437377452850342,-1.326890468597412,-0.0375872477889061,-0.5003832578659058,-1.553914189338684,-0.07703348994255066,-0.5580536723136902,-1.7387123107910156,-0.11965177953243256,-0.19569234549999237,-0.9794634580612183,-0.0485372394323349,-0.2876299321651459,-1.2934110164642334,-0.15569621324539185,-0.4019039273262024,-1.3090182542800903,-0.22386576235294342,-0.4907379150390625,-1.2602919340133667,-0.24977591633796692,-0.013806432485580444,-0.9767100214958191,-0.10990826785564423,-0.05618852376937866,-1.369337558746338,-0.19985197484493256,-0.138481006026268,-1.6060295104980469,-0.26837509870529175,-0.21434755623340607,-1.8082807064056396,-0.3122629225254059,0.16955561935901642,-0.9184193015098572,-0.17658255994319916,0.2777772843837738,-1.2165871858596802,-0.24850241839885712,0.330734521150589,-1.4315530061721802,-0.30051082372665405,0.3692331314086914,-1.6403878927230835,-0.34049081802368164,0.0,0.0,0.0,0.0,0.0,0.0,0.0,0.0,0.0,0.0,0.0,0.0,0.0,0.0,0.0,0.0,0.0,0.0,0.0,0.0,0.0,0.0,0.0,0.0,0.0,0.0,0.0,0.0,0.0,0.0,0.0,0.0,0.0,0.0,0.0,0.0,0.0,0.0,0.0,0.0,0.0,0.0,0.0,0.0,0.0,0.0,0.0,0.0,0.0,0.0,0.0,0.0,0.0,0.0,0.0,0.0,0.0,0.0,0.0,0.0,0.0,0.0,0.0
0.0,0.0,0.0,-0.2667883634567261,-0.14701668918132782,-0.05349678173661232,-0.4960816204547882,-0.45451343059539795,-0.07649513334035873,-0.6627377867698669,-0.6318228244781494,-0.10465102642774582,-0.7990550994873047,-0.7203309535980225,-0.1335153728723526,-0.2860747277736664,-0.9709012508392334,-0.0013268172042444348,-0.3301830291748047,-1.3552919626235962,-0.028410671278834343,-0.3673529326915741,-1.5712089538574219,-0.05498740077018738,-0.39044389128685,-1.7707420587539673,-0.08978156000375748,-0.10559842735528946,-0.9937707781791687,-0.03561814874410629,-0.13746748864650726,-1.3231974840164185,-0.13417260348796844,-0.23065225780010223,-1.3027527332305908,-0.19152766466140747,-0.3097247779369354,-1.2213785648345947,-0.20859557390213013,0.08107223361730576,-0.9594629406929016,-0.0842733085155487,0.11026305705308914,-1.3049970865249634,-0.16963541507720947,0.06695655733346939,-1.5141406059265137,-0.22813723981380463,0.024293789640069008,-1.6937811374664307,-0.26182836294174194,0.2609700858592987,-0.8674805760383606,-0.13788604736328125,0.4098765254020691,-1.124802589416504,-0.20184563100337982,0.49052196741104126,-1.3086984157562256,-0.24668648838996887,0.5524661540985107,-1.4888782501220703,-0.28024470806121826,0.0,0.0,0.0,0.0,0.0,0.0,0.0,0.0,0.0,0.0,0.0,0.0,0.0,0.0,0.0,0.0,0.0,0.0,0.0,0.0,0.0,0.0,0.0,0.0,0.0,0.0,0.0,0.0,0.0,0.0,0.0,0.0,0.0,0.0,0.0,0.0,0.0,0.0,0.0,0.0,0.0,0.0,0.0,0.0,0.0,0.0,0.0,0.0,0.0,0.0,0.0,0.0,0.0,0.0,0.0,0.0,0.0,0.0,0.0,0.0,0.0,0.0,0.0
0.0,0.0,0.0,-0.28296616673469543,-0.14364971220493317,-0.08392234146595001,-0.5151697397232056,-0.4676702618598938,-0.14054210484027863,-0.6913121342658997,-0.7078485488891602,-0.19577783346176147,-0.8645492196083069,-0.852868378162384,-0.24982549250125885,-0.24008043110370636,-0.9989224672317505,-0.055870264768600464,-0.24171100556850433,-1.3984280824661255,-0.1026487797498703,-0.2504023313522339,-1.6246391534805298,-0.1388174146413803,-0.25240376591682434,-1.8320050239562988,-0.18235313892364502,-0.03783586248755455,-0.9958221912384033,-0.08310630172491074,-0.02513951063156128,-1.258310317993164,-0.22966445982456207,-0.03150150552392006,-1.1121150255203247,-0.29950520396232605,-0.0341624841094017,-0.9703271389007568,-0.3162227272987366,0.15714877843856812,-0.9360396265983582,-0.1234879344701767,0.2119830697774887,-1.2621121406555176,-0.24455565214157104,0.26750701665878296,-1.4385212659835815,-0.30030375719070435,0.3159712851047516,-1.600317120552063,-0.32521864771842957,0.3398270308971405,-0.82761150598526,-0.1676887571811676,0.4792231619358063,-1.0988060235977173,-0.25573718547821045,0.5888606905937195,-1.2500710487365723,-0.2947443425655365,0.6828321218490601,-1.4155172109603882,-0.3179504871368408,0.0,0.0,0.0,0.0,0.0,0.0,0.0,0.0,0.0,0.0,0.0,0.0,0.0,0.0,0.0,0.0,0.0,0.0,0.0,0.0,0.0,0.0,0.0,0.0,0.0,0.0,0.0,0.0,0.0,0.0,0.0,0.0,0.0,0.0,0.0,0.0,0.0,0.0,0.0,0.0,0.0,0.0,0.0,0.0,0.0,0.0,0.0,0.0,0.0,0.0,0.0,0.0,0.0,0.0,0.0,0.0,0.0,0.0,0.0,0.0,0.0,0.0,0.0
0.0,0.0,0.0,-0.29647350311279297,-0.18625840544700623,-0.09673569351434708,-0.528217077255249,-0.5557466149330139,-0.1580955535173416,-0.707911491394043,-0.8266369104385376,-0.2170487344264984,-0.8936457633972168,-0.9824464321136475,-0.27877140045166016,-0.11270004510879517,-1.0340818166732788,-0.09517644345760345,-0.0495099239051342,-1.4958934783935547,-0.13648059964179993,-0.009333997964859009,-1.7756874561309814,-0.16736416518688202,0.03797229006886482,-2.013695478439331,-0.20906805992126465,0.12334734946489334,-0.9856250882148743,-0.11544957011938095,0.21372486650943756,-1.230370044708252,-0.23926027119159698,0.22254082560539246,-1.1558831930160522,-0.2946963310241699,0.22935649752616882,-1.0744647979736328,-0.317230761051178,0.3340991735458374,-0.8841876983642578,-0.14873985946178436,0.4717436730861664,-1.2285406589508057,-0.2656133472919464,0.5840390920639038,-1.4594510793685913,-0.3189559578895569,0.6914364099502563,-1.6650406122207642,-0.3546815514564514,0.5102826356887817,-0.725712239742279,-0.1861487627029419,0.7227959632873535,-0.9530764222145081,-0.28523626923561096,0.8837144374847412,-1.0969574451446533,-0.32665884494781494,1.029048204421997,-1.2583258152008057,-0.35662347078323364,0.0,0.0,0.0,0.0,0.0,0.0,0.0,0.0,0.0,0.0,0.0,0.0,0.0,0.0,0.0,0.0,0.0,0.0,0.0,0.0,0.0,0.0,0.0,0.0,0.0,0.0,0.0,0.0,0.0,0.0,0.0,0.0,0.0,0.0,0.0,0.0,0.0,0.0,0.0,0.0,0.0,0.0,0.0,0.0,0.0,0.0,0.0,0.0,0.0,0.0,0.0,0.0,0.0,0.0,0.0,0.0,0.0,0.0,0.0,0.0,0.0,0.0,0.0
0.0,0.0,0.0,-0.3158639669418335,-0.15043455362319946,-0.11826416850090027,-0.5480776429176331,-0.4831371009349823,-0.2049034982919693,-0.7467110753059387,-0.7281337380409241,-0.2874842882156372,-0.9550939202308655,-0.8972112536430359,-0.36881306767463684,-0.2208251655101776,-1.0162822008132935,-0.0917636826634407,-0.18857045471668243,-1.4544109106063843,-0.16159002482891083,-0.17471995949745178,-1.705148458480835,-0.21713732182979584,-0.13998839259147644,-1.947743535041809,-0.2762075364589691,0.007710576057434082,-0.9928170442581177,-0.11939369887113571,0.06569384783506393,-1.2778074741363525,-0.30479663610458374,0.06976192444562912,-1.1090590953826904,-0.39130863547325134,0.09035707265138626,-0.9459118247032166,-0.410333514213562,0.22436575591564178,-0.9084323644638062,-0.16320152580738068,0.3095114529132843,-1.2553471326828003,-0.30272579193115234,0.40719717741012573,-1.4602875709533691,-0.3551318347454071,0.5142778158187866,-1.6634128093719482,-0.37681055068969727,0.4170772135257721,-0.7672454118728638,-0.21532128751277924,0.566462516784668,-1.0164531469345093,-0.30423757433891296,0.6875535249710083,-1.1508771181106567,-0.3284622132778168,0.8064307570457458,-1.3168293237686157,-0.3432730436325073,0.0,0.0,0.0,0.0,0.0,0.0,0.0,0.0,0.0,0.0,0.0,0.0,0.0,0.0,0.0,0.0,0.0,0.0,0.0,0.0,0.0,0.0,0.0,0.0,0.0,0.0,0.0,0.0,0.0,0.0,0.0,0.0,0.0,0.0,0.0,0.0,0.0,0.0,0.0,0.0,0.0,0.0,0.0,0.0,0.0,0.0,0.0,0.0,0.0,0.0,0.0,0.0,0.0,0.0,0.0,0.0,0.0,0.0,0.0,0.0,0.0,0.0,0.0
0.0,0.0,0.0,-0.2476533055305481,-0.21008694171905518,-0.03060632199048996,-0.44859233498573303,-0.506866455078125,-0.055617619305849075,-0.6038661003112793,-0.6804110407829285,-0.09388350695371628,-0.7501605153083801,-0.7728037238121033,-0.13260026276111603,-0.2250395566225052,-0.9975564479827881,0.014653859660029411,-0.2481062263250351,-1.390829086303711,-0.030918976292014122,-0.2790534794330597,-1.5455025434494019,-0.07224635034799576,-0.3214558959007263,-1.655408263206482,-0.10535828024148941,-0.05715654790401459,-0.9980623126029968,-0.024591071531176567,-0.09161270409822464,-1.2848424911499023,-0.0936235561966896,-0.18210139870643616,-1.358992576599121,-0.1446927934885025,-0.27554839849472046,-1.397045373916626,-0.1754208356142044,0.11739259213209152,-0.9484754204750061,-0.07863645255565643,0.14703895151615143,-1.2800438404083252,-0.14736343920230865,0.10591878741979599,-1.4763599634170532,-0.1900351494550705,0.05549594759941101,-1.652977705001831,-0.21888509392738342,0.2844858765602112,-0.8437039256095886,-0.13655586540699005,0.41954174637794495,-1.0905922651290894,-0.18320973217487335,0.4918549358844757,-1.2639847993850708,-0.20717202126979828,0.5418835282325745,-1.439960241317749,-0.22634407877922058,0.0,0.0,0.0,0.0,0.0,0.0,0.0,0.0,0.0,0.0,0.0,0.0,0.0,0.0,0.0,0.0,0.0,0.0,0.0,0.0,0.0,0.0,0.0,0.0,0.0,0.0,0.0,0.0,0.0,0.0,0.0,0.0,0.0,0.0,0.0,0.0,0.0,0.0,0.0,0.0,0.0,0.0,0.0,0.0,0.0,0.0,0.0,0.0,0.0,0.0,0.0,0.0,0.0,0.0,0.0,0.0,0.0,0.0,0.0,0.0,0.0,0.0,0.0
0.0,0.0,0.0,0.0,0.0,0.0,0.0,0.0,0.0,0.0,0.0,0.0,0.0,0.0,0.0,0.0,0.0,0.0,0.0,0.0,0.0,0.0,0.0,0.0,0.0,0.0,0.0,0.0,0.0,0.0,0.0,0.0,0.0,0.0,0.0,0.0,0.0,0.0,0.0,0.0,0.0,0.0,0.0,0.0,0.0,0.0,0.0,0.0,0.0,0.0,0.0,0.0,0.0,0.0,0.0,0.0,0.0,0.0,0.0,0.0,0.0,0.0,0.0,0.0,0.0,0.0,0.32296571135520935,0.0014300461625680327,-0.051778022199869156,0.6276557445526123,-0.2354046106338501,-0.06300042569637299,0.8404129147529602,-0.3941032886505127,-0.07835430651903152,0.9960651397705078,-0.3952997624874115,-0.09853862226009369,0.5585944652557373,-0.8148603439331055,0.007859895005822182,0.7345277667045593,-1.1798568964004517,-0.01940094865858555,0.8249627947807312,-1.4138022661209106,-0.04759630560874939,0.8959823250770569,-1.6065595149993896,-0.07698521763086319,0.37328004837036133,-0.9275150895118713,-0.019435783848166466,0.494905948638916,-1.2491413354873657,-0.11561131477355957,0.527172863483429,-1.1837706565856934,-0.16625043749809265,0.5416886210441589,-1.047467827796936,-0.16541698575019836,0.16084353625774384,-0.9677772521972656,-0.057535942643880844,0.24875979125499725,-1.3752472400665283,-0.12826849520206451,0.3363458514213562,-1.6192097663879395,-0.1825009435415268,0.42798998951911926,-1.8041173219680786,-0.20948104560375214,-0.07097144424915314,-0.9280170798301697,-0.09921345114707947,-0.12316583096981049,-1.1942028999328613,-0.13577942550182343,-0.10288900136947632,-1.3439491987228394,-0.14585107564926147,-0.04936663433909416,-1.469934344291687,-0.15195059776306152
0.0,0.0,0.0,0.0,0.0,0.0,0.0,0.0,0.0,0.0,0.0,0.0,0.0,0.0,0.0,0.0,0.0,0.0,0.0,0.0,0.0,0.0,0.0,0.0,0.0,0.0,0.0,0.0,0.0,0.0,0.0,0.0,0.0,0.0,0.0,0.0,0.0,0.0,0.0,0.0,0.0,0.0,0.0,0.0,0.0,0.0,0.0,0.0,0.0,0.0,0.0,0.0,0.0,0.0,0.0,0.0,0.0,0.0,0.0,0.0,0.0,0.0,0.0,0.0,0.0,0.0,0.33465126156806946,-0.0303328987210989,-0.04881416633725166,0.6389937400817871,-0.20543432235717773,-0.06429195404052734,0.8556966185569763,-0.31845203042030334,-0.09079401940107346,1.0266979932785034,-0.3018051087856293,-0.12266845256090164,0.5291211009025574,-0.8359723091125488,0.029056929051876068,0.7291504144668579,-1.208240270614624,0.006424225866794586,0.8158289194107056,-1.4514219760894775,-0.024474138393998146,0.8902057409286499,-1.657515525817871,-0.060852888971567154,0.33997842669487,-0.9404298663139343,-0.0025120368227362633,0.45610761642456055,-1.2392371892929077,-0.06397926062345505,0.5043628215789795,-1.2548109292984009,-0.11477047204971313,0.5487725138664246,-1.210842251777649,-0.14016865193843842,0.1302226334810257,-0.9709894061088562,-0.04666981101036072,0.19491919875144958,-1.3563599586486816,-0.10472992807626724,0.2711404263973236,-1.6032862663269043,-0.15879562497138977,0.36385542154312134,-1.7960880994796753,-0.20125186443328857,-0.09696618467569351,-0.9301891326904297,-0.09647751599550247,-0.17819173634052277,-1.208817481994629,-0.1425921618938446,-0.1785210520029068,-1.376173496246338,-0.1601131409406662,-0.13758909702301025,-1.5160281658172607,-0.17634260654449463
0.0,0.0,0.0,0.0,0.0,0.0,0.0,0.0,0.0,0.0,0.0,0.0,0.0,0.0,0.0,0.0,0.0,0.0,0.0,0.0,0.0,0.0,0.0,0.0,0.0,0.0,0.0,0.0,0.0,0.0,0.0,0.0,0.0,0.0,0.0,0.0,0.0,0.0,0.0,0.0,0.0,0.0,0.0,0.0,0.0,0.0,0.0,0.0,0.0,0.0,0.0,0.0,0.0,0.0,0.0,0.0,0.0,0.0,0.0,0.0,0.0,0.0,0.0,0.0,0.0,0.0,0.2858121991157532,-0.1285809725522995,-0.16913865506649017,0.5291933417320251,-0.4053325057029724,-0.24254845082759857,0.7428026795387268,-0.5677294731140137,-0.29804685711860657,0.913601815700531,-0.6351203322410583,-0.34704381227493286,0.25564783811569214,-0.9952725768089294,-0.13370975852012634,0.33654719591140747,-1.45449697971344,-0.2046063393354416,0.3815320134162903,-1.7288612127304077,-0.2576492726802826,0.4003753066062927,-1.9959547519683838,-0.31043270230293274,0.03902929648756981,-0.9906705617904663,-0.13057008385658264,-0.036006223410367966,-1.2833845615386963,-0.30540114641189575,-0.07030384987592697,-1.1125023365020752,-0.3906457722187042,-0.09758196771144867,-0.9787196516990662,-0.410263329744339,-0.1584397256374359,-0.9372564554214478,-0.1477256864309311,-0.26970618963241577,-1.315474510192871,-0.27393850684165955,-0.34135520458221436,-1.5827683210372925,-0.34634870290756226,-0.4154927134513855,-1.8462059497833252,-0.3797539174556732,-0.3299490809440613,-0.8232895135879517,-0.17991605401039124,-0.4290471374988556,-1.157511591911316,-0.25230762362480164,-0.5039321184158325,-1.3655067682266235,-0.280651718378067,-0.5747327208518982,-1.5947580337524414,-0.297276109457016
0.0,0.0,0.0,0.0,0.0,0.0,0.0,0.0,0.0,0.0,0.0,0.0,0.0,0.0,0.0,0.0,0.0,0.0,0.0,0.0,0.0,0.0,0.0,0.0,0.0,0.0,0.0,0.0,0.0,0.0,0.0,0.0,0.0,0.0,0.0,0.0,0.0,0.0,0.0,0.0,0.0,0.0,0.0,0.0,0.0,0.0,0.0,0.0,0.0,0.0,0.0,0.0,0.0,0.0,0.0,0.0,0.0,0.0,0.0,0.0,0.0,0.0,0.0,0.0,0.0,0.0,0.2865835130214691,-0.14290684461593628,-0.07702398300170898,0.5216197967529297,-0.4344710111618042,-0.1161295622587204,0.7138459086418152,-0.6161633729934692,-0.15969300270080566,0.8884760737419128,-0.6620386838912964,-0.2092842012643814,0.3114120066165924,-0.9793857336044312,-0.04236471280455589,0.3982275128364563,-1.3872209787368774,-0.08752014487981796,0.4317764937877655,-1.6300164461135864,-0.12780465185642242,0.45438629388809204,-1.8443975448608398,-0.16859778761863708,0.10665064305067062,-0.9920005202293396,-0.067532017827034,0.11573491245508194,-1.3164442777633667,-0.16803710162639618,0.152116060256958,-1.2934294939041138,-0.2260078638792038,0.18883471190929413,-1.2192002534866333,-0.24540714919567108,-0.09430444985628128,-0.9293535947799683,-0.10449768602848053,-0.1299934834241867,-1.3072490692138672,-0.18040648102760315,-0.12282872200012207,-1.5482650995254517,-0.22781383991241455,-0.10691402852535248,-1.7462557554244995,-0.2567460536956787,-0.2903803884983063,-0.7966897487640381,-0.14951017498970032,-0.4099256694316864,-1.0623663663864136,-0.20324021577835083,-0.4618082046508789,-1.2375361919403076,-0.22219735383987427,-0.48813262581825256,-1.4079253673553467,-0.23474253714084625
0.0,0.0,0.0,0.0,0.0,0.0,0.0,0.0,0.0,0.0,0.0,0.0,0.0,0.0,0.0,0.0,0.0,0.0,0.0,0.0,0.0,0.0,0.0,0.0,0.0,0.0,0.0,0.0,0.0,0.0,0.0,0.0,0.0,0.0,0.0,0.0,0.0,0.0,0.0,0.0,0.0,0.0,0.0,0.0,0.0,0.0,0.0,0.0,0.0,0.0,0.0,0.0,0.0,0.0,0.0,0.0,0.0,0.0,0.0,0.0,0.0,0.0,0.0,0.0,0.0,0.0,0.2757745087146759,-0.10163279622793198,-0.07034291326999664,0.5111713409423828,-0.37966522574424744,-0.10914860665798187,0.6768171191215515,-0.5538985133171082,-0.15039773285388947,0.8381260633468628,-0.6037469506263733,-0.19305533170700073,0.3357241749763489,-0.9494747519493103,-0.03678249195218086,0.45478740334510803,-1.3418296575546265,-0.08588630706071854,0.5183427333831787,-1.5805244445800781,-0.12481655925512314,0.5660392642021179,-1.7951186895370483,-0.16217786073684692,0.14730453491210938,-0.9868208169937134,-0.06697782874107361,0.21718034148216248,-1.3247580528259277,-0.19682501256465912,0.28536325693130493,-1.2349029779434204,-0.2569989264011383,0.33853858709335327,-1.0822064876556396,-0.25985419750213623,-0.05451319366693497,-0.9527058601379395,-0.10868188738822937,-0.06590475142002106,-1.3393926620483398,-0.20256847143173218,-0.02369316853582859,-1.5859559774398804,-0.2534778416156769,0.02157166600227356,-1.779523491859436,-0.27336883544921875,-0.2592379152774811,-0.8396692872047424,-0.15648844838142395,-0.3854384422302246,-1.1247719526290894,-0.2105935961008072,-0.4316624402999878,-1.31243097782135,-0.22720347344875336,-0.4534072279930115,-1.4956560134887695,-0.23563040792942047
0.0,0.0,0.0,0.0,0.0,0.0,0.0,0.0,0.0,0.0,0.0,0.0,0.0,0.0,0.0,0.0,0.0,0.0,0.0,0.0,0.0,0.0,0.0,0.0,0.0,0.0,0.0,0.0,0.0,0.0,0.0,0.0,0.0,0.0,0.0,0.0,0.0,0.0,0.0,0.0,0.0,0.0,0.0,0.0,0.0,0.0,0.0,0.0,0.0,0.0,0.0,0.0,0.0,0.0,0.0,0.0,0.0,0.0,0.0,0.0,0.0,0.0,0.0,0.0,0.0,0.0,0.2735814154148102,-0.0857430100440979,-0.07371188700199127,0.5273315906524658,-0.3499743342399597,-0.10690931230783463,0.7169219851493835,-0.47420191764831543,-0.14077721536159515,0.8886169195175171,-0.4595705270767212,-0.17981968820095062,0.3901938796043396,-0.9364678263664246,-0.03718059882521629,0.48714298009872437,-1.3078925609588623,-0.07805231958627701,0.5285342335700989,-1.5296087265014648,-0.11878639459609985,0.5524659156799316,-1.7354798316955566,-0.15965256094932556,0.19438180327415466,-0.9789997339248657,-0.06144280731678009,0.22616791725158691,-1.2883522510528564,-0.17194749414920807,0.21489538252353668,-1.2108243703842163,-0.23597918450832367,0.1911659836769104,-1.1116470098495483,-0.2473355084657669,-0.0008552265935577452,-0.9452067017555237,-0.0967029258608818,0.0030570586677640676,-1.352653980255127,-0.18082769215106964,0.000488748773932457,-1.634301781654358,-0.253177285194397,-0.010415115393698215,-1.8906203508377075,-0.29212796688079834,-0.1946210265159607,-0.83877032995224,-0.1357721984386444,-0.2798556983470917,-1.0941911935806274,-0.1833430677652359,-0.32582077383995056,-1.2432323694229126,-0.2002091109752655,-0.35920482873916626,-1.393525242805481,-0.21073248982429504
0.0,0.0,0.0,0.0,0.0,0.0,0.0,0.0,0.0,0.0,0.0,0.0,0.0,0.0,0.0,0.0,0.0,0.0,0.0,0.0,0.0,0.0,0.0,0.0,0.0,0.0,0.0,0.0,0.0,0.0,0.0,0.0,0.0,0.0,0.0,0.0,0.0,0.0,0.0,0.0,0.0,0.0,0.0,0.0,0.0,0.0,0.0,0.0,0.0,0.0,0.0,0.0,0.0,0.0,0.0,0.0,0.0,0.0,0.0,0.0,0.0,0.0,0.0,0.0,0.0,0.0,0.28606584668159485,-0.0697546899318695,-0.08752261102199554,0.5370579957962036,-0.35152101516723633,-0.11741622537374496,0.7238837480545044,-0.4858551323413849,-0.14044037461280823,0.8897261023521423,-0.475770503282547,-0.16438663005828857,0.392937570810318,-0.9293755292892456,-0.04371810704469681,0.4844377636909485,-1.3084805011749268,-0.07769763469696045,0.5237554311752319,-1.5393321514129639,-0.10311388224363327,0.550295352935791,-1.7465624809265137,-0.13497009873390198,0.18972517549991608,-0.9799219369888306,-0.06129732355475426,0.2157568782567978,-1.3102227449417114,-0.18773570656776428,0.19543932378292084,-1.1540724039077759,-0.23911961913108826,0.17741508781909943,-0.9842536449432373,-0.2305101752281189,-0.009054734371602535,-0.9539798498153687,-0.09311354905366898,-0.005510692019015551,-1.3682119846343994,-0.18872053921222687,-0.0011104813311249018,-1.650384545326233,-0.261251300573349,0.004029703326523304,-1.911473274230957,-0.29532256722450256,-0.20218558609485626,-0.8528820872306824,-0.12858444452285767,-0.2845403254032135,-1.1181434392929077,-0.18091803789138794,-0.32925036549568176,-1.2723873853683472,-0.203078031539917,-0.3627185523509979,-1.430771827697754,-0.21772366762161255
0.0,0.0,0.0,0.0,0.0,0.0,0.0,0.0,0.0,0.0,0.0,0.0,0.0,0.0,0.0,0.0,0.0,0.0,0.0,0.0,0.0,0.0,0.0,0.0,0.0,0.0,0.0,0.0,0.0,0.0,0.0,0.0,0.0,0.0,0.0,0.0,0.0,0.0,0.0,0.0,0.0,0.0,0.0,0.0,0.0,0.0,0.0,0.0,0.0,0.0,0.0,0.0,0.0,0.0,0.0,0.0,0.0,0.0,0.0,0.0,0.0,0.0,0.0,0.0,0.0,0.0,0.2947649359703064,-0.07010091841220856,-0.09286955744028091,0.5438738465309143,-0.349925696849823,-0.12389875948429108,0.726104736328125,-0.4905972480773926,-0.1451173573732376,0.8910993933677673,-0.4897398352622986,-0.16688263416290283,0.3921026587486267,-0.9384210109710693,-0.05465465039014816,0.4774185121059418,-1.3062536716461182,-0.09215850383043289,0.5166949033737183,-1.5372077226638794,-0.11880914121866226,0.5379363894462585,-1.7478681802749634,-0.152038112282753,0.18554465472698212,-0.980065107345581,-0.07103192806243896,0.20016799867153168,-1.287971019744873,-0.2037859857082367,0.18342484533786774,-1.1172735691070557,-0.2560860812664032,0.16448068618774414,-0.9500941634178162,-0.2497553825378418,-0.016172781586647034,-0.9500874280929565,-0.10262314230203629,-0.022149708122015,-1.3617888689041138,-0.20885062217712402,-0.02260839194059372,-1.6497844457626343,-0.2822907269001007,-0.025538209825754166,-1.9242370128631592,-0.315870463848114,-0.21291710436344147,-0.8491652607917786,-0.13756047189235687,-0.2961161732673645,-1.1473623514175415,-0.20304976403713226,-0.33711302280426025,-1.3307650089263916,-0.23141837120056152,-0.3663102686405182,-1.5269198417663574,-0.24948258697986603
0.0,0.0,0.0,0.0,0.0,0.0,0.0,0.0,0.0,0.0,0.0,0.0,0.0,0.0,0.0,0.0,0.0,0.0,0.0,0.0,0.0,0.0,0.0,0.0,0.0,0.0,0.0,0.0,0.0,0.0,0.0,0.0,0.0,0.0,0.0,0.0,0.0,0.0,0.0,0.0,0.0,0.0,0.0,0.0,0.0,0.0,0.0,0.0,0.0,0.0,0.0,0.0,0.0,0.0,0.0,0.0,0.0,0.0,0.0,0.0,0.0,0.0,0.0,0.0,0.0,0.0,0.290706068277359,-0.07359041273593903,-0.11783083528280258,0.53034508228302,-0.3529067635536194,-0.16755542159080505,0.7258016467094421,-0.4773789346218109,-0.20391444861888885,0.8888657689094543,-0.4556971788406372,-0.23827196657657623,0.38450220227241516,-0.9406772255897522,-0.09035956114530563,0.4749795198440552,-1.3231537342071533,-0.14859044551849365,0.5206044316291809,-1.5671497583389282,-0.18441635370254517,0.5429776906967163,-1.7884044647216797,-0.22223660349845886,0.16867393255233765,-0.9800572395324707,-0.10505695641040802,0.16973383724689484,-1.291394591331482,-0.27385103702545166,0.14917916059494019,-1.0840920209884644,-0.3305603265762329,0.13133247196674347,-0.8882398009300232,-0.3163496255874634,-0.036503370851278305,-0.9489354491233826,-0.13824786245822906,-0.06714829802513123,-1.3638232946395874,-0.26974791288375854,-0.07054969668388367,-1.6668977737426758,-0.35024502873420715,-0.07109832763671875,-1.954123854637146,-0.38206085562705994,-0.22307008504867554,-0.8476188778877258,-0.1764926165342331,-0.3041227161884308,-1.1476643085479736,-0.24702954292297363,-0.34773457050323486,-1.3250268697738647,-0.2745000123977661,-0.3782922327518463,-1.5133084058761597,-0.29131603240966797
0.0,0.0,0.0,0.0,0.0,0.0,0.0,0.0,0.0,0.0,0.0,0.0,0.0,0.0,0.0,0.0,0.0,0.0,0.0,0.0,0.0,0.0,0.0,0.0,0.0,0.0,0.0,0.0,0.0,0.0,0.0,0.0,0.0,0.0,0.0,0.0,0.0,0.0,0.0,0.0,0.0,0.0,0.0,0.0,0.0,0.0,0.0,0.0,0.0,0.0,0.0,0.0,0.0,0.0,0.0,0.0,0.0,0.0,0.0,0.0,0.0,0.0,0.0,0.0,0.0,0.0,0.2850952744483948,-0.08932127803564072,-0.11887718737125397,0.5278234481811523,-0.3535638153553009,-0.18114425241947174,0.7366601824760437,-0.4622528553009033,-0.22980844974517822,0.9043982625007629,-0.43291735649108887,-0.27838677167892456,0.38570934534072876,-0.93976229429245,-0.12141276895999908,0.4815554618835449,-1.325742483139038,-0.19914516806602478,0.5313549637794495,-1.570396900177002,-0.24512448906898499,0.5520965456962585,-1.795116901397705,-0.2844083607196808,0.16233158111572266,-0.9776201248168945,-0.13381825387477875,0.15517745912075043,-1.2935876846313477,-0.3168548047542572,0.1390683948993683,-1.0807247161865234,-0.3742901086807251,0.11761343479156494,-0.8767063021659851,-0.3580714166164398,-0.04761883616447449,-0.9446777105331421,-0.1633392572402954,-0.08095899969339371,-1.36161470413208,-0.30663394927978516,-0.08310351520776749,-1.672200083732605,-0.3861843943595886,-0.08976487070322037,-1.9604003429412842,-0.4135308861732483,-0.22836562991142273,-0.8502440452575684,-0.19617405533790588,-0.2903965711593628,-1.1608575582504272,-0.2651171088218689,-0.3125362694263458,-1.3481532335281372,-0.2858937382698059,-0.3275242745876312,-1.5422379970550537,-0.2971067726612091
0.0,0.0,0.0,0.0,0.0,0.0,0.0,0.0,0.0,0.0,0.0,0.0,0.0,0.0,0.0,0.0,0.0,0.0,0.0,0.0,0.0,0.0,0.0,0.0,0.0,0.0,0.0,0.0,0.0,0.0,0.0,0.0,0.0,0.0,0.0,0.0,0.0,0.0,0.0,0.0,0.0,0.0,0.0,0.0,0.0,0.0,0.0,0.0,0.0,0.0,0.0,0.0,0.0,0.0,0.0,0.0,0.0,0.0,0.0,0.0,0.0,0.0,0.0,0.0,0.0,0.0,0.28964418172836304,-0.09386356920003891,-0.07720255106687546,0.5442143678665161,-0.3405405580997467,-0.13094575703144073,0.7372972965240479,-0.43950775265693665,-0.1869286298751831,0.9041903614997864,-0.4133830964565277,-0.2490576207637787,0.3984556496143341,-0.9300417304039001,-0.0813739150762558,0.5096608400344849,-1.3293612003326416,-0.15495996177196503,0.5657931566238403,-1.579032063484192,-0.2031990885734558,0.5974029302597046,-1.8109850883483887,-0.24639175832271576,0.19137370586395264,-0.9746920466423035,-0.1155489832162857,0.19959582388401031,-1.2461580038070679,-0.2846290171146393,0.1948474943637848,-1.0668448209762573,-0.3469783365726471,0.18949073553085327,-0.9161756634712219,-0.34573304653167725,-0.019595572724938393,-0.9507466554641724,-0.16246680915355682,-0.03917273133993149,-1.3719096183776855,-0.28462257981300354,-0.03192955628037453,-1.6724975109100342,-0.34037256240844727,-0.02138136513531208,-1.9618232250213623,-0.3603335916996002,-0.22981037199497223,-0.859976053237915,-0.21318358182907104,-0.30988818407058716,-1.1944799423217773,-0.27551111578941345,-0.32767558097839355,-1.404248833656311,-0.2828841209411621,-0.3280612826347351,-1.6237564086914062,-0.2848189175128937
0.0,0.0,0.0,0.0,0.0,0.0,0.0,0.0,0.0,0.0,0.0,0.0,0.0,0.0,0.0,0.0,0.0,0.0,0.0,0.0,0.0,0.0,0.0,0.0,0.0,0.0,0.0,0.0,0.0,0.0,0.0,0.0,0.0,0.0,0.0,0.0,0.0,0.0,0.0,0.0,0.0,0.0,0.0,0.0,0.0,0.0,0.0,0.0,0.0,0.0,0.0,0.0,0.0,0.0,0.0,0.0,0.0,0.0,0.0,0.0,0.0,0.0,0.0,0.0,0.0,0.0,0.2684914171695709,-0.08799781650304794,-0.07981857657432556,0.5164390206336975,-0.31233784556388855,-0.12991517782211304,0.7099413871765137,-0.4053220748901367,-0.18181276321411133,0.885464072227478,-0.3829957842826843,-0.23748813569545746,0.40137168765068054,-0.920764148235321,-0.05430850386619568,0.5239450335502625,-1.3025647401809692,-0.11138636618852615,0.5892661213874817,-1.53679358959198,-0.15580534934997559,0.6344037652015686,-1.7480182647705078,-0.1969834864139557,0.21498531103134155,-0.9729529619216919,-0.08452124893665314,0.27017834782600403,-1.2675970792770386,-0.22596852481365204,0.2804678678512573,-1.123759388923645,-0.2900463938713074,0.2791087329387665,-0.9679098129272461,-0.2909161448478699,0.01808653213083744,-0.9471166133880615,-0.1274590641260147,0.04119382053613663,-1.3634599447250366,-0.23233582079410553,0.055556751787662506,-1.6552194356918335,-0.30282706022262573,0.07131267338991165,-1.9210761785507202,-0.33559751510620117,-0.18960236012935638,-0.8450425863265991,-0.17443592846393585,-0.2857331335544586,-1.1066575050354004,-0.23315386474132538,-0.3271385431289673,-1.2597219944000244,-0.24906103312969208,-0.3476180136203766,-1.4167996644973755,-0.2564435601234436
0.0,0.0,0.0,0.0,0.0,0.0,0.0,0.0,0.0,0.0,0.0,0.0,0.0,0.0,0.0,0.0,0.0,0.0,0.0,0.0,0.0,0.0,0.0,0.0,0.0,0.0,0.0,0.0,0.0,0.0,0.0,0.0,0.0,0.0,0.0,0.0,0.0,0.0,0.0,0.0,0.0,0.0,0.0,0.0,0.0,0.0,0.0,0.0,0.0,0.0,0.0,0.0,0.0,0.0,0.0,0.0,0.0,0.0,0.0,0.0,0.0,0.0,0.0,0.0,0.0,0.0,0.27835118770599365,-0.10157488286495209,-0.08079734444618225,0.5125117897987366,-0.25103524327278137,-0.16428467631340027,0.6663054823875427,-0.3335537910461426,-0.25835826992988586,0.8025675415992737,-0.36025989055633545,-0.35575348138809204,0.45284929871559143,-0.8835371136665344,-0.06237424165010452,0.5996882319450378,-1.2448060512542725,-0.14278551936149597,0.6956532597541809,-1.435014247894287,-0.21037274599075317,0.7671563029289246,-1.5952134132385254,-0.2669275999069214,0.28379499912261963,-0.9531923532485962,-0.10432983189821243,0.41460058093070984,-1.233014464378357,-0.23000086843967438,0.5014951229095459,-1.1992708444595337,-0.3013116419315338,0.5639396905899048,-1.1357625722885132,-0.33137577772140503,0.08535828441381454,-0.966547429561615,-0.16213537752628326,0.15544253587722778,-1.3840997219085693,-0.2651882469654083,0.22133469581604004,-1.6451762914657593,-0.3275057077407837,0.2941841185092926,-1.8791723251342773,-0.36841920018196106,-0.13227325677871704,-0.9010300636291504,-0.22697746753692627,-0.23048029839992523,-1.1827802658081055,-0.30142003297805786,-0.26050665974617004,-1.3555833101272583,-0.3258548974990845,-0.25682777166366577,-1.5249933004379272,-0.3440622389316559
0.0,0.0,0.0,0.0,0.0,0.0,0.0,0.0,0.0,0.0,0.0,0.0,0.0,0.0,0.0,0.0,0.0,0.0,0.0,0.0,0.0,0.0,0.0,0.0,0.0,0.0,0.0,0.0,0.0,0.0,0.0,0.0,0.0,0.0,0.0,0.0,0.0,0.0,0.0,0.0,0.0,0.0,0.0,0.0,0.0,0.0,0.0,0.0,0.0,0.0,0.0,0.0,0.0,0.0,0.0,0.0,0.0,0.0,0.0,0.0,0.0,0.0,0.0,0.0,0.0,0.0,0.2656116783618927,-0.07539975643157959,-0.06766481697559357,0.5036023855209351,-0.28407302498817444,-0.12094733864068985,0.6594623923301697,-0.3974478840827942,-0.1767183244228363,0.8009909987449646,-0.41934630274772644,-0.2353489100933075,0.3883340656757355,-0.8708398342132568,-0.09158153086900711,0.529422402381897,-1.2149879932403564,-0.1572098284959793,0.6369171142578125,-1.4284230470657349,-0.20284326374530792,0.7181547284126282,-1.6062535047531128,-0.24317465722560883,0.23863108456134796,-0.9629238843917847,-0.12582837045192719,0.4219851493835449,-1.2128796577453613,-0.2156323343515396,0.5861554741859436,-1.3373385667800903,-0.2650099992752075,0.7228881120681763,-1.4383496046066284,-0.2938103973865509,0.046741075813770294,-0.9738174080848694,-0.17190931737422943,0.10808391124010086,-1.4137518405914307,-0.28326645493507385,0.16522134840488434,-1.7175606489181519,-0.3655276596546173,0.2416766881942749,-1.979779601097107,-0.41950228810310364,-0.16978970170021057,-0.8948887586593628,-0.21804380416870117,-0.28015825152397156,-1.1949517726898193,-0.31694456934928894,-0.3204340636730194,-1.3971537351608276,-0.36732837557792664,-0.327243447303772,-1.5861197710037231,-0.40253540873527527
0.0,0.0,0.0,0.0,0.0,0.0,0.0,0.0,0.0,0.0,0.0,0.0,0.0,0.0,0.0,0.0,0.0,0.0,0.0,0.0,0.0,0.0,0.0,0.0,0.0,0.0,0.0,0.0,0.0,0.0,0.0,0.0,0.0,0.0,0.0,0.0,0.0,0.0,0.0,0.0,0.0,0.0,0.0,0.0,0.0,0.0,0.0,0.0,0.0,0.0,0.0,0.0,0.0,0.0,0.0,0.0,0.0,0.0,0.0,0.0,0.0,0.0,0.0,0.0,0.0,0.0,0.26708677411079407,-0.08229487389326096,-0.07708734273910522,0.5129611492156982,-0.2738436758518219,-0.1460360586643219,0.6809490323066711,-0.3816817104816437,-0.21781860291957855,0.8375206589698792,-0.42288050055503845,-0.2902955114841461,0.39994215965270996,-0.8679401278495789,-0.1045021116733551,0.573083221912384,-1.2483409643173218,-0.18530188500881195,0.6983278393745422,-1.4733844995498657,-0.23674455285072327,0.7968780398368835,-1.6530362367630005,-0.27869912981987,0.25400036573410034,-0.957107424736023,-0.13938884437084198,0.4348202645778656,-1.201484203338623,-0.2470344603061676,0.5825972557067871,-1.2594972848892212,-0.2964059114456177,0.6962682008743286,-1.2763757705688477,-0.32230573892593384,0.0658998116850853,-0.9769171476364136,-0.1886020302772522,0.15114516019821167,-1.3998150825500488,-0.30655667185783386,0.23695778846740723,-1.7032166719436646,-0.37909284234046936,0.33298590779304504,-1.9590834379196167,-0.4275464713573456,-0.14472581446170807,-0.9149426817893982,-0.23937350511550903,-0.25993311405181885,-1.2260528802871704,-0.33805230259895325,-0.29142382740974426,-1.4420973062515259,-0.38149598240852356,-0.2876459062099457,-1.6345752477645874,-0.4127524793148041
0.0,0.0,0.0,0.0,0.0,0.0,0.0,0.0,0.0,0.0,0.0,0.0,0.0,0.0,0.0,0.0,0.0,0.0,0.0,0.0,0.0,0.0,0.0,0.0,0.0,0.0,0.0,0.0,0.0,0.0,0.0,0.0,0.0,0.0,0.0,0.0,0.0,0.0,0.0,0.0,0.0,0.0,0.0,0.0,0.0,0.0,0.0,0.0,0.0,0.0,0.0,0.0,0.0,0.0,0.0,0.0,0.0,0.0,0.0,0.0,0.0,0.0,0.0,0.0,0.0,0.0,0.3051220178604126,-0.06775488704442978,-0.11186165362596512,0.5618804693222046,-0.3536103069782257,-0.17157356441020966,0.784966766834259,-0.48232415318489075,-0.21957549452781677,0.9458820819854736,-0.4555903375148773,-0.25922760367393494,0.4321039915084839,-0.9022587537765503,-0.10649245232343674,0.5474048256874084,-1.299143671989441,-0.19612061977386475,0.6118667721748352,-1.5540510416030884,-0.24636182188987732,0.6537116765975952,-1.7797058820724487,-0.28664249181747437,0.21859002113342285,-0.9679616689682007,-0.12356627732515335,0.24569422006607056,-1.2244352102279663,-0.3412998914718628,0.21521930396556854,-0.9063050150871277,-0.39087364077568054,0.1910392940044403,-0.6429963111877441,-0.35466793179512024,0.011192180216312408,-0.9783373475074768,-0.15996795892715454,0.009845782071352005,-1.3714592456817627,-0.3083542585372925,0.02817467972636223,-1.6500611305236816,-0.3652885854244232,0.04316341131925583,-1.9384955167770386,-0.37194305658340454,-0.17587962746620178,-0.9153121113777161,-0.2022922933101654,-0.22504378855228424,-1.2173871994018555,-0.2551659345626831,-0.244136244058609,-1.3988561630249023,-0.2541719377040863,-0.25896966457366943,-1.6128000020980835,-0.24935422837734222
0.0,0.0,0.0,0.0,0.0,0.0,0.0,0.0,0.0,0.0,0.0,0.0,0.0,0.0,0.0,0.0,0.0,0.0,0.0,0.0,0.0,0.0,0.0,0.0,0.0,0.0,0.0,0.0,0.0,0.0,0.0,0.0,0.0,0.0,0.0,0.0,0.0,0.0,0.0,0.0,0.0,0.0,0.0,0.0,0.0,0.0,0.0,0.0,0.0,0.0,0.0,0.0,0.0,0.0,0.0,0.0,0.0,0.0,0.0,0.0,0.0,0.0,0.0,0.0,0.0,0.0,0.30076420307159424,-0.07134638726711273,-0.07521148771047592,0.5838683247566223,-0.3374840021133423,-0.1063709408044815,0.8041656613349915,-0.45228803157806396,-0.13605090975761414,0.9688276052474976,-0.42846187949180603,-0.16774068772792816,0.45767146348953247,-0.8899684548377991,-0.039900753647089005,0.6023737788200378,-1.2814503908157349,-0.07527713477611542,0.6779587864875793,-1.5104243755340576,-0.1044391393661499,0.7364494204521179,-1.7300289869308472,-0.13871589303016663,0.260100394487381,-0.9635546207427979,-0.06253251433372498,0.32269302010536194,-1.2566683292388916,-0.18782150745391846,0.3030622899532318,-1.1079838275909424,-0.24454276263713837,0.270510733127594,-0.9580135941505432,-0.2433234006166458,0.05549423024058342,-0.9704152345657349,-0.09681273251771927,0.09490152448415756,-1.3827157020568848,-0.18564873933792114,0.13832059502601624,-1.68245530128479,-0.25495007634162903,0.1680781990289688,-1.9672327041625977,-0.29176098108291626,-0.15434831380844116,-0.9111911654472351,-0.13417743146419525,-0.20407423377037048,-1.1874558925628662,-0.16885130107402802,-0.22454744577407837,-1.3494144678115845,-0.1750164031982422,-0.23534518480300903,-1.5157535076141357,-0.18249504268169403
0.0,0.0,0.0,0.0,0.0,0.0,0.0,0.0,0.0,0.0,0.0,0.0,0.0,0.0,0.0,0.0,0.0,0.0,0.0,0.0,0.0,0.0,0.0,0.0,0.0,0.0,0.0,0.0,0.0,0.0,0.0,0.0,0.0,0.0,0.0,0.0,0.0,0.0,0.0,0.0,0.0,0.0,0.0,0.0,0.0,0.0,0.0,0.0,0.0,0.0,0.0,0.0,0.0,0.0,0.0,0.0,0.0,0.0,0.0,0.0,0.0,0.0,0.0,0.0,0.0,0.0,0.310580313205719,-0.08473870903253555,-0.07346048951148987,0.5899109244346619,-0.3641425669193268,-0.1069938987493515,0.812237024307251,-0.4927312731742859,-0.14218908548355103,0.9847528338432312,-0.4727613627910614,-0.1825273334980011,0.4596518874168396,-0.8971529006958008,-0.03848251700401306,0.6075046062469482,-1.2928653955459595,-0.08337974548339844,0.683574914932251,-1.5390686988830566,-0.11978640407323837,0.7379080653190613,-1.7691794633865356,-0.15829941630363464,0.26239392161369324,-0.962651789188385,-0.06671534478664398,0.31615307927131653,-1.2775200605392456,-0.20316945016384125,0.28910568356513977,-1.1216915845870972,-0.26220065355300903,0.24957439303398132,-0.9641746878623962,-0.2598957419395447,0.05454738810658455,-0.9655822515487671,-0.10698188096284866,0.08906086534261703,-1.3984230756759644,-0.19867195188999176,0.11547929793596268,-1.698523759841919,-0.25726282596588135,0.12868443131446838,-1.9834805727005005,-0.28482499718666077,-0.16226567327976227,-0.9010205268859863,-0.15186159312725067,-0.2168247550725937,-1.2022590637207031,-0.18891268968582153,-0.23660124838352203,-1.3781262636184692,-0.1893472820520401,-0.2500511407852173,-1.5579140186309814,-0.1907108724117279
0.0,0.0,0.0,0.0,0.0,0.0,0.0,0.0,0.0,0.0,0.0,0.0,0.0,0.0,0.0,0.0,0.0,0.0,0.0,0.0,0.0,0.0,0.0,0.0,0.0,0.0,0.0,0.0,0.0,0.0,0.0,0.0,0.0,0.0,0.0,0.0,0.0,0.0,0.0,0.0,0.0,0.0,0.0,0.0,0.0,0.0,0.0,0.0,0.0,0.0,0.0,0.0,0.0,0.0,0.0,0.0,0.0,0.0,0.0,0.0,0.0,0.0,0.0,0.0,0.0,0.0,0.2934669554233551,-0.05663062632083893,-0.07176919281482697,0.5601792931556702,-0.27100706100463867,-0.11572679132223129,0.7661963105201721,-0.3727816343307495,-0.16331620514392853,0.9412305355072021,-0.3487670421600342,-0.21547532081604004,0.4806816875934601,-0.8473796844482422,-0.06854240596294403,0.6579630970954895,-1.20731520652771,-0.12836988270282745,0.7461475133895874,-1.4310485124588013,-0.17606216669082642,0.8157223463058472,-1.638819694519043,-0.21995817124843597,0.3024308681488037,-0.9483019113540649,-0.0962238609790802,0.425628125667572,-1.227074384689331,-0.19184143841266632,0.4899401366710663,-1.2495737075805664,-0.2443993091583252,0.5338583588600159,-1.2369475364685059,-0.26525190472602844,0.0934542566537857,-0.9680566787719727,-0.1349204182624817,0.1548437476158142,-1.3784984350204468,-0.22356495261192322,0.2087918519973755,-1.6630702018737793,-0.2886534035205841,0.2698349356651306,-1.9128981828689575,-0.3313993513584137,-0.13000068068504333,-0.8988929986953735,-0.17736317217350006,-0.21565407514572144,-1.1803407669067383,-0.24172024428844452,-0.2411363571882248,-1.35813570022583,-0.2660462260246277,-0.2386770099401474,-1.5180481672286987,-0.2836671471595764
0.0,0.0,0.0,0.0,0.0,0.0,0.0,0.0,0.0,0.0,0.0,0.0,0.0,0.0,0.0,0.0,0.0,0.0,0.0,0.0,0.0,0.0,0.0,0.0,0.0,0.0,0.0,0.0,0.0,0.0,0.0,0.0,0.0,0.0,0.0,0.0,0.0,0.0,0.0,0.0,0.0,0.0,0.0,0.0,0.0,0.0,0.0,0.0,0.0,0.0,0.0,0.0,0.0,0.0,0.0,0.0,0.0,0.0,0.0,0.0,0.0,0.0,0.0,0.0,0.0,0.0,0.26882117986679077,-0.039386410266160965,-0.08791252225637436,0.5169823169708252,-0.20647503435611725,-0.16434237360954285,0.6797739863395691,-0.3109431862831116,-0.24325326085090637,0.8409011363983154,-0.339387983083725,-0.32492294907569885,0.43576306104660034,-0.8587304353713989,-0.11088359355926514,0.6171937584877014,-1.2383997440338135,-0.19116951525211334,0.7394971251487732,-1.4705640077590942,-0.24473120272159576,0.8341306447982788,-1.657687783241272,-0.2879173457622528,0.2693830728530884,-0.9526074528694153,-0.14132145047187805,0.4310740828514099,-1.209991693496704,-0.2502143085002899,0.5404083728790283,-1.2508540153503418,-0.302604615688324,0.6238875985145569,-1.2506896257400513,-0.32611018419265747,0.06820560246706009,-0.9736343026161194,-0.1852882206439972,0.1496429443359375,-1.3955507278442383,-0.2928261458873749,0.23128554224967957,-1.6902506351470947,-0.35629701614379883,0.321936696767807,-1.9391977787017822,-0.397803395986557,-0.15362025797367096,-0.9070537090301514,-0.23308059573173523,-0.2535049021244049,-1.2198272943496704,-0.31844019889831543,-0.2769179046154022,-1.421546459197998,-0.34885889291763306,-0.26853764057159424,-1.5994623899459839,-0.3694212734699249
0.0,0.0,0.0,0.0,0.0,0.0,0.0,0.0,0.0,0.0,0.0,0.0,0.0,0.0,0.0,0.0,0.0,0.0,0.0,0.0,0.0,0.0,0.0,0.0,0.0,0.0,0.0,0.0,0.0,0.0,0.0,0.0,0.0,0.0,0.0,0.0,0.0,0.0,0.0,0.0,0.0,0.0,0.0,0.0,0.0,0.0,0.0,0.0,0.0,0.0,0.0,0.0,0.0,0.0,0.0,0.0,0.0,0.0,0.0,0.0,0.0,0.0,0.0,0.0,0.0,0.0,0.2817767858505249,-0.06082168594002724,-0.1155838668346405,0.539667546749115,-0.2242884337902069,-0.20610551536083221,0.721521258354187,-0.31987953186035156,-0.2944256365299225,0.8847442865371704,-0.37856706976890564,-0.3830576241016388,0.4816915690898895,-0.8328312039375305,-0.14613546431064606,0.6799106597900391,-1.2350653409957886,-0.23992405831813812,0.8009589910507202,-1.472480297088623,-0.3039778769016266,0.8895319104194641,-1.678573727607727,-0.3558545708656311,0.313920259475708,-0.9342369437217712,-0.1692790389060974,0.4714181125164032,-1.167927861213684,-0.2964732348918915,0.5874263644218445,-1.1779991388320923,-0.35698235034942627,0.6673476696014404,-1.1614965200424194,-0.3846258223056793,0.110375314950943,-0.9593559503555298,-0.20799684524536133,0.18978330492973328,-1.385302186012268,-0.332574725151062,0.2609463036060333,-1.6810165643692017,-0.4014005959033966,0.32804176211357117,-1.9346414804458618,-0.4450058341026306,-0.11117780208587646,-0.895776093006134,-0.252458393573761,-0.19225583970546722,-1.219611644744873,-0.35252097249031067,-0.22081488370895386,-1.4201722145080566,-0.3868238627910614,-0.23166367411613464,-1.5974516868591309,-0.408025860786438
0.0,0.0,0.0,0.0,0.0,0.0,0.0,0.0,0.0,0.0,0.0,0.0,0.0,0.0,0.0,0.0,0.0,0.0,0.0,0.0,0.0,0.0,0.0,0.0,0.0,0.0,0.0,0.0,0.0,0.0,0.0,0.0,0.0,0.0,0.0,0.0,0.0,0.0,0.0,0.0,0.0,0.0,0.0,0.0,0.0,0.0,0.0,0.0,0.0,0.0,0.0,0.0,0.0,0.0,0.0,0.0,0.0,0.0,0.0,0.0,0.0,0.0,0.0,0.0,0.0,0.0,0.29588568210601807,-0.11878000944852829,-0.06373768299818039,0.5444843769073486,-0.41064807772636414,-0.10050935298204422,0.7382903099060059,-0.5660470128059387,-0.14056488871574402,0.8952469825744629,-0.5831587314605713,-0.18713586032390594,0.3646230101585388,-0.9441157579421997,-0.0532582588493824,0.47756603360176086,-1.3432751893997192,-0.10821541398763657,0.5365674495697021,-1.591263771057129,-0.14986789226531982,0.5689505338668823,-1.8183724880218506,-0.18969856202602386,0.16625195741653442,-0.9822596311569214,-0.08675459027290344,0.19780926406383514,-1.2880724668502808,-0.22772757709026337,0.19669660925865173,-1.1494110822677612,-0.29077816009521484,0.17663846909999847,-1.0159281492233276,-0.2947343587875366,-0.0362330786883831,-0.9565938115119934,-0.1299530416727066,-0.04400774464011192,-1.3880202770233154,-0.22941642999649048,-0.040587395429611206,-1.6810779571533203,-0.28738102316856384,-0.050261568278074265,-1.9543088674545288,-0.313516765832901,-0.24179881811141968,-0.8643437623977661,-0.1759517937898636,-0.3309064209461212,-1.1763015985488892,-0.2251027673482895,-0.3595148026943207,-1.3681373596191406,-0.2313581109046936,-0.37768566608428955,-1.5629459619522095,-0.23417901992797852
0.0,0.0,0.0,0.0,0.0,0.0,0.0,0.0,0.0,0.0,0.0,0.0,0.0,0.0,0.0,0.0,0.0,0.0,0.0,0.0,0.0,0.0,0.0,0.0,0.0,0.0,0.0,0.0,0.0,0.0,0.0,0.0,0.0,0.0,0.0,0.0,0.0,0.0,0.0,0.0,0.0,0.0,0.0,0.0,0.0,0.0,0.0,0.0,0.0,0.0,0.0,0.0,0.0,0.0,0.0,0.0,0.0,0.0,0.0,0.0,0.0,0.0,0.0,0.0,0.0,0.0,0.28487300872802734,-0.12382839620113373,-0.06761874258518219,0.5394583344459534,-0.4116678237915039,-0.10979288071393967,0.7416309118270874,-0.5591326951980591,-0.15703026950359344,0.9025515913963318,-0.565050482749939,-0.21095186471939087,0.36631056666374207,-0.9439237713813782,-0.047418516129255295,0.4806230664253235,-1.3249856233596802,-0.10127748548984528,0.5383248329162598,-1.5671212673187256,-0.14182619750499725,0.5686526298522949,-1.7855829000473022,-0.18191976845264435,0.16896817088127136,-0.9825453162193298,-0.07781057059764862,0.18083083629608154,-1.239497423171997,-0.21651017665863037,0.1742454469203949,-1.1101274490356445,-0.27890822291374207,0.16114147007465363,-1.0024546384811401,-0.28646355867385864,-0.03450498357415199,-0.9616895318031311,-0.11956951022148132,-0.06312732398509979,-1.3502377271652222,-0.2180977463722229,-0.05902881920337677,-1.6231907606124878,-0.2727065682411194,-0.057436294853687286,-1.8842105865478516,-0.29790881276130676,-0.23843145370483398,-0.8760581612586975,-0.16549992561340332,-0.3381255865097046,-1.1727087497711182,-0.21664932370185852,-0.36858001351356506,-1.3619424104690552,-0.2261543720960617,-0.379696786403656,-1.5528825521469116,-0.23075252771377563
0.0,0.0,0.0,0.0,0.0,0.0,0.0,0.0,0.0,0.0,0.0,0.0,0.0,0.0,0.0,0.0,0.0,0.0,0.0,0.0,0.0,0.0,0.0,0.0,0.0,0.0,0.0,0.0,0.0,0.0,0.0,0.0,0.0,0.0,0.0,0.0,0.0,0.0,0.0,0.0,0.0,0.0,0.0,0.0,0.0,0.0,0.0,0.0,0.0,0.0,0.0,0.0,0.0,0.0,0.0,0.0,0.0,0.0,0.0,0.0,0.0,0.0,0.0,0.0,0.0,0.0,0.2711540460586548,-0.07322827726602554,-0.07555655390024185,0.5241097807884216,-0.25383079051971436,-0.13350780308246613,0.705804169178009,-0.34312403202056885,-0.19479522109031677,0.8627712726593018,-0.3637845516204834,-0.26065266132354736,0.4629833400249481,-0.8495774865150452,-0.09976380318403244,0.6579350233078003,-1.1901929378509521,-0.17474675178527832,0.7654904127120972,-1.405393123626709,-0.22684593498706818,0.8457109332084656,-1.5913976430892944,-0.2695838510990143,0.30908203125,-0.9419296383857727,-0.13128922879695892,0.4877223074436188,-1.1950057744979858,-0.2137260138988495,0.6212753057479858,-1.2818830013275146,-0.2598210573196411,0.724515974521637,-1.3344688415527344,-0.28902101516723633,0.1115911677479744,-0.9533371329307556,-0.175151526927948,0.19373904168605804,-1.3572475910186768,-0.273424357175827,0.2618741989135742,-1.6286089420318604,-0.3374917507171631,0.34038448333740234,-1.868493914604187,-0.38155409693717957,-0.10547000914812088,-0.8774427771568298,-0.2217470109462738,-0.191099151968956,-1.1842936277389526,-0.3108825981616974,-0.21590380370616913,-1.380947232246399,-0.3459697961807251,-0.21283887326717377,-1.560962200164795,-0.3691968619823456
0.0,0.0,0.0,0.0,0.0,0.0,0.0,0.0,0.0,0.0,0.0,0.0,0.0,0.0,0.0,0.0,0.0,0.0,0.0,0.0,0.0,0.0,0.0,0.0,0.0,0.0,0.0,0.0,0.0,0.0,0.0,0.0,0.0,0.0,0.0,0.0,0.0,0.0,0.0,0.0,0.0,0.0,0.0,0.0,0.0,0.0,0.0,0.0,0.0,0.0,0.0,0.0,0.0,0.0,0.0,0.0,0.0,0.0,0.0,0.0,0.0,0.0,0.0,0.0,0.0,0.0,0.27576619386672974,-0.05332530289888382,-0.07598989456892014,0.5239129662513733,-0.19886837899684906,-0.1456298977136612,0.6782185435295105,-0.2906147837638855,-0.217763751745224,0.8232375979423523,-0.35491588711738586,-0.29450878500938416,0.4877622127532959,-0.8280608057975769,-0.11078886687755585,0.6982109546661377,-1.1889197826385498,-0.19821546971797943,0.8313663601875305,-1.41344153881073,-0.2597173750400543,0.9389969706535339,-1.601030707359314,-0.3075936734676361,0.32933488488197327,-0.9323750734329224,-0.14904767274856567,0.5012264251708984,-1.184434413909912,-0.2587057948112488,0.6092177629470825,-1.2257966995239258,-0.3225692808628082,0.6940408945083618,-1.2281485795974731,-0.35847699642181396,0.12815089523792267,-0.964300274848938,-0.19924701750278473,0.24662446975708008,-1.3644105195999146,-0.3109200596809387,0.3420044481754303,-1.649330496788025,-0.3846050500869751,0.4470362365245819,-1.8858872652053833,-0.4357384145259857,-0.10398617386817932,-0.9154788851737976,-0.2513386309146881,-0.1914927065372467,-1.2470802068710327,-0.34648382663726807,-0.2044263780117035,-1.4640315771102905,-0.3866266906261444,-0.18023015558719635,-1.6545782089233398,-0.41469383239746094
0.0,0.0,0.0,0.0,0.0,0.0,0.0,0.0,0.0,0.0,0.0,0.0,0.0,0.0,0.0,0.0,0.0,0.0,0.0,0.0,0.0,0.0,0.0,0.0,0.0,0.0,0.0,0.0,0.0,0.0,0.0,0.0,0.0,0.0,0.0,0.0,0.0,0.0,0.0,0.0,0.0,0.0,0.0,0.0,0.0,0.0,0.0,0.0,0.0,0.0,0.0,0.0,0.0,0.0,0.0,0.0,0.0,0.0,0.0,0.0,0.0,0.0,0.0,0.0,0.0,0.0,0.30832529067993164,-0.022639097645878792,-0.09288357943296432,0.6095058917999268,-0.2323758900165558,-0.15255601704120636,0.8454339504241943,-0.32916244864463806,-0.2101697325706482,1.0374035835266113,-0.344121515750885,-0.27234742045402527,0.5715498328208923,-0.807675302028656,-0.08800692111253738,0.7569819688796997,-1.1576638221740723,-0.16208621859550476,0.8551312685012817,-1.3874107599258423,-0.21032534539699554,0.9337289929389954,-1.5961623191833496,-0.2528397738933563,0.36761942505836487,-0.9225553274154663,-0.11725012212991714,0.4348152279853821,-1.2409173250198364,-0.2808968722820282,0.4224635362625122,-1.0717166662216187,-0.3410208821296692,0.4023776948451996,-0.8865042924880981,-0.3349803686141968,0.15141484141349792,-0.9594723582267761,-0.16079767048358917,0.2243008017539978,-1.3667045831680298,-0.2717772126197815,0.2982955873012543,-1.6184598207473755,-0.3143788278102875,0.37152770161628723,-1.8479199409484863,-0.32654380798339844,-0.07215960323810577,-0.9127045273780823,-0.21103481948375702,-0.11150036752223969,-1.233361840248108,-0.2714479863643646,-0.11081947386264801,-1.423766016960144,-0.2757415473461151,-0.08803911507129669,-1.6219342947006226,-0.27343878149986267
0.0,0.0,0.0,0.0,0.0,0.0,0.0,0.0,0.0,0.0,0.0,0.0,0.0,0.0,0.0,0.0,0.0,0.0,0.0,0.0,0.0,0.0,0.0,0.0,0.0,0.0,0.0,0.0,0.0,0.0,0.0,0.0,0.0,0.0,0.0,0.0,0.0,0.0,0.0,0.0,0.0,0.0,0.0,0.0,0.0,0.0,0.0,0.0,0.0,0.0,0.0,0.0,0.0,0.0,0.0,0.0,0.0,0.0,0.0,0.0,0.0,0.0,0.0,0.0,0.0,0.0,0.30102992057800293,-0.005408523604273796,-0.0745895504951477,0.58699631690979,-0.23376783728599548,-0.11622407287359238,0.810905396938324,-0.3926706910133362,-0.16148056089878082,0.9910264611244202,-0.4486766457557678,-0.2119034230709076,0.5553855299949646,-0.8242170810699463,-0.03851667419075966,0.7353612780570984,-1.164918303489685,-0.08705051988363266,0.8518275618553162,-1.371838927268982,-0.13041436672210693,0.9344162344932556,-1.5555346012115479,-0.17504774034023285,0.361732542514801,-0.9292803406715393,-0.07475064694881439,0.4579216241836548,-1.230223536491394,-0.21185052394866943,0.4984572231769562,-1.1136844158172607,-0.28759056329727173,0.5042993426322937,-0.9637383222579956,-0.305813729763031,0.15102964639663696,-0.9638493657112122,-0.12298087030649185,0.23305374383926392,-1.3402488231658936,-0.2164432555437088,0.3378492593765259,-1.5650352239608765,-0.2717258334159851,0.4274410605430603,-1.7553391456604004,-0.30205515027046204,-0.0731649324297905,-0.9153109192848206,-0.17805702984333038,-0.12741579115390778,-1.2236809730529785,-0.23867392539978027,-0.12582939863204956,-1.4158118963241577,-0.2627612054347992,-0.10171014815568924,-1.6028863191604614,-0.27948886156082153
