hand0_x0,hand0_y0,hand0_z0,hand0_x1,hand0_y1,hand0_z1,hand0_x2,hand0_y2,hand0_z2,hand0_x3,hand0_y3,hand0_z3,hand0_x4,hand0_y4,hand0_z4,hand0_x5,hand0_y5,hand0_z5,hand0_x6,hand0_y6,hand0_z6,hand0_x7,hand0_y7,hand0_z7,hand0_x8,hand0_y8,hand0_z8,hand0_x9,hand0_y9,hand0_z9,hand0_x10,hand0_y10,hand0_z10,hand0_x11,hand0_y11,hand0_z11,hand0_x12,hand0_y12,hand0_z12,hand0_x13,hand0_y13,hand0_z13,hand0_x14,hand0_y14,hand0_z14,hand0_x15,hand0_y15,hand0_z15,hand0_x16,hand0_y16,hand0_z16,hand0_x17,hand0_y17,hand0_z17,hand0_x18,hand0_y18,hand0_z18,hand0_x19,hand0_y19,hand0_z19,hand0_x20,hand0_y20,hand0_z20,hand1_x0,hand1_y0,hand1_z0,hand1_x1,hand1_y1,hand1_z1,hand1_x2,hand1_y2,hand1_z2,hand1_x3,hand1_y3,hand1_z3,hand1_x4,hand1_y4,hand1_z4,hand1_x5,hand1_y5,hand1_z5,hand1_x6,hand1_y6,hand1_z6,hand1_x7,hand1_y7,hand1_z7,hand1_x8,hand1_y8,hand1_z8,hand1_x9,hand1_y9,hand1_z9,hand1_x10,hand1_y10,hand1_z10,hand1_x11,hand1_y11,hand1_z11,hand1_x12,hand1_y12,hand1_z12,hand1_x13,hand1_y13,hand1_z13,hand1_x14,hand1_y14,hand1_z14,hand1_x15,hand1_y15,hand1_z15,hand1_x16,hand1_y16,hand1_z16,hand1_x17,hand1_y17,hand1_z17,hand1_x18,hand1_y18,hand1_z18,hand1_x19,hand1_y19,hand1_z19,hand1_x20,hand1_y20,hand1_z20
0.0,0.0,0.0,-0.21516910195350647,-0.46659958362579346,-0.09573890268802643,-0.43724924325942993,-0.8583759069442749,-0.23124225437641144,-0.6728214025497437,-0.8388294577598572,-0.3720453381538391,-0.8192839622497559,-0.6257482767105103,-0.5238708853721619,-0.10323753207921982,-1.1160600185394287,-0.3203265368938446,-0.15678125619888306,-1.4678912162780762,-0.5110818147659302,-0.2812175154685974,-1.676082730293274,-0.6254395842552185,-0.4064033329486847,-1.8515018224716187,-0.7038984894752502,0.050124090164899826,-0.909540593624115,-0.41258150339126587,-0.09625792503356934,-1.2449222803115845,-0.6125987768173218,-0.270571768283844,-1.498826265335083,-0.7035507559776306,-0.4166606068611145,-1.7043368816375732,-0.7556747198104858,0.12789376080036163,-0.580687403678894,-0.5065078735351562,-0.3390333652496338,-0.6069193482398987,-0.6840336918830872,-0.4079878032207489,-0.5075377225875854,-0.6878182291984558,-0.3483850657939911,-0.47887182235717773,-0.6609861850738525,0.12567587196826935,-0.21222060918807983,-0.6096279621124268,-0.3271283805370331,-0.20187954604625702,-0.720157265663147,-0.375214159488678,-0.1649695187807083,-0.6933631896972656,-0.29382750391960144,-0.15630942583084106,-0.661453127861023,0.0,0.0,0.0,0.22259749472141266,-0.4284454584121704,0.025591867044568062,0.520738959312439,-0.6693904995918274,-0.06573273241519928,0.792593777179718,-0.7014944553375244,-0.17506547272205353,0.9922173619270325,-0.6936931610107422,-0.2842468023300171,0.6245465874671936,-0.9795711040496826,-0.2600097358226776,1.107983112335205,-0.958003044128418,-0.416066437959671,1.3746178150177002,-0.9150131344795227,-0.5042768716812134,1.5857359170913696,-0.8798215389251709,-0.5578715801239014,0.560411810874939,-0.7425546646118164,-0.366812139749527,1.0956830978393555,-0.7322776913642883,-0.526274561882019,1.3234624862670898,-0.6062000393867493,-0.5588243007659912,1.4841266870498657,-0.4951341152191162,-0.5745701193809509,0.5041944980621338,-0.42352619767189026,-0.4550316333770752,0.9083051681518555,-0.173634871840477,-0.5505866408348083,0.7817112803459167,-0.11711104214191437,-0.46827009320259094,0.6425541043281555,-0.16676756739616394,-0.40369051694869995,0.4489108622074127,-0.08590813726186752,-0.5457292795181274,0.7965897917747498,0.08521118015050888,-0.5677616596221924,0.6952653527259827,0.08530078828334808,-0.4712107479572296,0.5560746192932129,0.00891259964555502,-0.39561960101127625
0.0,0.0,0.0,-0.20129191875457764,-0.4787794053554535,-0.1269998550415039,-0.4705449044704437,-0.9085916876792908,-0.28452005982398987,-0.759885847568512,-0.9108706712722778,-0.4427359402179718,-0.7836191654205322,-0.6684489846229553,-0.6053083539009094,0.0036995261907577515,-1.1872060298919678,-0.3300904333591461,-0.10470760613679886,-1.454928994178772,-0.5272628664970398,-0.2409512996673584,-1.638239860534668,-0.651655912399292,-0.372164249420166,-1.8111238479614258,-0.7464907169342041,0.14188912510871887,-0.8985345363616943,-0.41533493995666504,-0.06666652858257294,-1.1687709093093872,-0.6342342495918274,-0.2692299783229828,-1.3993933200836182,-0.7288599014282227,-0.43139663338661194,-1.5793393850326538,-0.782326340675354,0.1759408861398697,-0.5049850344657898,-0.5078247785568237,-0.40275201201438904,-0.48705607652664185,-0.6723472476005554,-0.4096202254295349,-0.36180248856544495,-0.6476851105690002,-0.2703820765018463,-0.34719666838645935,-0.6065306067466736,0.1288139671087265,-0.09780215471982956,-0.616409957408905,-0.41805028915405273,-0.06641342490911484,-0.7255423069000244,-0.40715715289115906,-0.04351942241191864,-0.6942051649093628,-0.24333767592906952,-0.09282507747411728,-0.6596943736076355,0.0,0.0,0.0,0.22049786150455475,-0.4539586007595062,0.03713982179760933,0.5145022869110107,-0.6978638768196106,-0.041422564536333084,0.7654203772544861,-0.6570208668708801,-0.14265219867229462,0.9480219483375549,-0.5443738698959351,-0.2410069704055786,0.6583592295646667,-0.9690706133842468,-0.19799533486366272,1.138952612876892,-0.962968647480011,-0.32687273621559143,1.405192494392395,-0.9701245427131653,-0.39812716841697693,1.6156785488128662,-0.9803580641746521,-0.4388185143470764,0.6186977028846741,-0.7242380380630493,-0.3044542968273163,1.1609201431274414,-0.7560359835624695,-0.44697216153144836,1.4722497463226318,-0.7732385396957397,-0.5021272897720337,1.7186251878738403,-0.7983033061027527,-0.5358628034591675,0.5776124000549316,-0.40637120604515076,-0.3901475965976715,0.9946717619895935,-0.20130281150341034,-0.4827171266078949,0.853755533695221,-0.14266060292720795,-0.40621471405029297,0.6952863931655884,-0.18500347435474396,-0.33516255021095276,0.5278603434562683,-0.0697263553738594,-0.4768102169036865,0.8717273473739624,0.0585646778345108,-0.4939446449279785,0.7625190615653992,0.07889396697282791,-0.38680025935173035,0.6192567944526672,0.02568633295595646,-0.29656311869621277
0.0,0.0,0.0,-0.1745579093694687,-0.308621346950531,-0.11294141411781311,-0.3224160969257355,-0.646019458770752,-0.21926988661289215,-0.40162795782089233,-0.7617956399917603,-0.33185693621635437,-0.3438081443309784,-0.648098886013031,-0.44488295912742615,0.046458661556243896,-1.1193331480026245,-0.18281613290309906,0.12979723513126373,-1.4417604207992554,-0.3239257037639618,0.1735823154449463,-1.6043943166732788,-0.4200746417045593,0.2279549092054367,-1.7465345859527588,-0.4887489676475525,0.2836040258407593,-0.9289308190345764,-0.23802579939365387,0.3333260118961334,-1.1672190427780151,-0.38554608821868896,0.2837391495704651,-1.303562045097351,-0.46450942754745483,0.2332942634820938,-1.427379846572876,-0.501289963722229,0.4306866228580475,-0.618424654006958,-0.30482932925224304,0.18213622272014618,-0.5839158892631531,-0.44211864471435547,0.0066373697482049465,-0.47108206152915955,-0.4619174301624298,-0.0760212242603302,-0.43060076236724854,-0.44748881459236145,0.48965469002723694,-0.25073668360710144,-0.38528382778167725,0.18580245971679688,-0.18671950697898865,-0.47406330704689026,0.01585027575492859,-0.1448519229888916,-0.46576550602912903,-0.07041553407907486,-0.1376287192106247,-0.4426833391189575,0.0,0.0,0.0,0.19953441619873047,-0.47763803601264954,0.07218673825263977,0.4823163151741028,-0.7291828393936157,0.01449695322662592,0.7430000305175781,-0.7374866008758545,-0.06734594702720642,0.9514098763465881,-0.6840353012084961,-0.1465548276901245,0.5970138907432556,-0.9741441011428833,-0.18891564011573792,1.1102927923202515,-1.0790278911590576,-0.2985309660434723,1.3831782341003418,-1.1222752332687378,-0.33772993087768555,1.59247624874115,-1.154305100440979,-0.3499385714530945,0.6269800066947937,-0.7211822867393494,-0.2946050465106964,1.1885526180267334,-0.8663967251777649,-0.41624826192855835,1.4932719469070435,-0.9197623133659363,-0.4418366849422455,1.722360610961914,-0.9647718667984009,-0.4479251503944397,0.6456678509712219,-0.39233243465423584,-0.37334203720092773,1.0460469722747803,-0.2649187445640564,-0.43860286474227905,0.8986880779266357,-0.20271724462509155,-0.34215593338012695,0.7294868230819702,-0.22281482815742493,-0.2554463744163513,0.6346440315246582,-0.04673834890127182,-0.4491356611251831,0.9587023854255676,0.011693340726196766,-0.43260106444358826,0.8429906964302063,0.023083927109837532,-0.3051513433456421,0.6880428194999695,-0.014032997190952301,-0.19914931058883667
0.0,0.0,0.0,-0.22914589941501617,-0.4422003924846649,-0.06710154563188553,-0.4697990119457245,-0.7750657796859741,-0.1757383644580841,-0.707777202129364,-0.8510280847549438,-0.2882256805896759,-0.8998808264732361,-0.836477518081665,-0.4141536056995392,-0.222898468375206,-1.1783840656280518,-0.2666291892528534,-0.40183547139167786,-1.387108325958252,-0.44931548833847046,-0.584021270275116,-1.4831008911132812,-0.5693135857582092,-0.7558040022850037,-1.5790892839431763,-0.6419618725776672,-0.07990285009145737,-0.9348304867744446,-0.3459877371788025,-0.3704783022403717,-1.1132938861846924,-0.5035828351974487,-0.5936697721481323,-1.272666573524475,-0.5657376050949097,-0.762790322303772,-1.397694706916809,-0.6056896448135376,-0.01114004384726286,-0.5822389125823975,-0.42841091752052307,-0.5335031747817993,-0.5464115142822266,-0.5869829058647156,-0.6536795496940613,-0.4883989989757538,-0.5819858908653259,-0.6418451070785522,-0.48880118131637573,-0.5570934414863586,-0.005769769661128521,-0.17909900844097137,-0.513988196849823,-0.4857809841632843,-0.10792683064937592,-0.6358914375305176,-0.5320464372634888,-0.07487815618515015,-0.6072148680686951,-0.4442245662212372,-0.09231631457805634,-0.5679667592048645,0.0,0.0,0.0,0.3408096432685852,-0.4097880721092224,-0.0030402408447116613,0.7800090312957764,-0.5247165560722351,-0.09668129682540894,1.0714389085769653,-0.3530697822570801,-0.20387017726898193,1.2507661581039429,-0.1660783439874649,-0.31261566281318665,0.8956608772277832,-0.7595021724700928,-0.27425792813301086,1.4200443029403687,-0.6188162565231323,-0.4172177314758301,1.710834264755249,-0.5214839577674866,-0.4998909831047058,1.9432348012924194,-0.4381401538848877,-0.5513154864311218,0.8218709230422974,-0.4351312816143036,-0.36768049001693726,1.4096468687057495,-0.3498809039592743,-0.4966558814048767,1.7308056354522705,-0.270732581615448,-0.546340823173523,1.9795225858688354,-0.19493259489536285,-0.5869491696357727,0.7298605442047119,-0.05228769779205322,-0.4410015046596527,1.1790145635604858,0.16123580932617188,-0.534844696521759,1.0228193998336792,0.1332879215478897,-0.4600563645362854,0.8377236723899841,0.05185616388916969,-0.39703086018562317,0.633320152759552,0.32514649629592896,-0.5176800489425659,1.0076807737350464,0.4151582717895508,-0.5483380556106567,0.8881544470787048,0.37098991870880127,-0.44493210315704346,0.7291991114616394,0.29753533005714417,-0.3610933721065521
0.0,0.0,0.0,-0.25704994797706604,-0.4245482087135315,-0.06675546616315842,-0.5296968221664429,-0.7634249925613403,-0.19059918820858002,-0.7628478407859802,-0.7705677151679993,-0.3214241564273834,-0.8750174045562744,-0.609792172908783,-0.46240949630737305,-0.16230514645576477,-1.1405344009399414,-0.2971954643726349,-0.31139838695526123,-1.4384311437606812,-0.46488723158836365,-0.4917944073677063,-1.6156352758407593,-0.5622183084487915,-0.6534174084663391,-1.7655290365219116,-0.6284953355789185,-0.021060116589069366,-0.9220582842826843,-0.38647764921188354,-0.2885020673274994,-1.2283365726470947,-0.557194173336029,-0.535813570022583,-1.4214622974395752,-0.6203335523605347,-0.7234231233596802,-1.5526397228240967,-0.6583568453788757,0.02815767005085945,-0.5927394032478333,-0.47212669253349304,-0.5163198113441467,-0.5527241230010986,-0.6237766742706299,-0.5599634051322937,-0.4013778865337372,-0.6016584634780884,-0.4621795117855072,-0.3472772240638733,-0.5604608058929443,0.012019279412925243,-0.22570858895778656,-0.5640181303024292,-0.469796746969223,-0.18521353602409363,-0.6599689722061157,-0.5321692228317261,-0.09723558276891708,-0.6172364354133606,-0.4561357796192169,-0.0587751530110836,-0.5727514028549194,0.0,0.0,0.0,0.31196102499961853,-0.3908494710922241,-0.022573433816432953,0.7508502006530762,-0.5157713294029236,-0.1257658749818802,1.1015723943710327,-0.32208457589149475,-0.2381080836057663,1.3346498012542725,-0.163343146443367,-0.3452887237071991,0.7938459515571594,-0.8562626838684082,-0.2778201103210449,1.3156505823135376,-0.764145016670227,-0.44516992568969727,1.6225560903549194,-0.697376012802124,-0.5484241843223572,1.8710522651672363,-0.6391984820365906,-0.6142651438713074,0.7302273511886597,-0.5727087259292603,-0.37252214550971985,1.3084251880645752,-0.5741907954216003,-0.539509117603302,1.6502845287322998,-0.5428177714347839,-0.616306722164154,1.9231889247894287,-0.5184075236320496,-0.67216557264328,0.6613627076148987,-0.2061176747083664,-0.45061615109443665,1.1309776306152344,0.0575081966817379,-0.5749931335449219,0.9784943461418152,0.071614108979702,-0.5115711688995361,0.7989590764045715,-0.019148068502545357,-0.454479455947876,0.5931041240692139,0.18439830839633942,-0.5343133807182312,0.9587203860282898,0.3372899889945984,-0.5911937355995178,0.8326929807662964,0.3156948983669281,-0.5000836849212646,0.6831883192062378,0.21996855735778809,-0.42431339621543884
0.0,0.0,0.0,-0.24959434568881989,-0.3560040593147278,-0.12910611927509308,-0.4708806872367859,-0.6877787113189697,-0.263703852891922,-0.6165755987167358,-0.8389338850975037,-0.399885356426239,-0.5634955167770386,-0.7342543005943298,-0.5366993546485901,-0.0213007815182209,-1.1718844175338745,-0.2452123612165451,-0.04718867689371109,-1.483017086982727,-0.43486732244491577,-0.12217740714550018,-1.6450985670089722,-0.5788248181343079,-0.2174406349658966,-1.7987091541290283,-0.6793277859687805,0.1763276606798172,-0.9338335990905762,-0.31122875213623047,0.08624270558357239,-1.1427767276763916,-0.5122566223144531,-0.1079595535993576,-1.2506166696548462,-0.6167697310447693,-0.28495290875434875,-1.3242924213409424,-0.6722124814987183,0.29059579968452454,-0.5773042440414429,-0.3889448940753937,0.07433805614709854,-0.566637396812439,-0.5721575617790222,-0.13413406908512115,-0.4984050989151001,-0.5944048166275024,-0.2779468595981598,-0.4573949873447418,-0.5800684690475464,0.3260971009731293,-0.16228951513767242,-0.4796965420246124,0.07006356865167618,-0.11616122722625732,-0.6137290000915527,-0.12247096747159958,-0.0804935023188591,-0.6087071299552917,-0.2578590214252472,-0.07117769867181778,-0.583178699016571,0.0,0.0,0.0,0.2968040704727173,-0.44478991627693176,0.031239120289683342,0.6654804944992065,-0.6277675032615662,-0.0515570305287838,0.9642342925071716,-0.5385577082633972,-0.14903800189495087,1.1817365884780884,-0.41405078768730164,-0.24581022560596466,0.7789692282676697,-0.8620471954345703,-0.27323636412620544,1.346682071685791,-0.8122637867927551,-0.40109336376190186,1.6508989334106445,-0.7676783800125122,-0.44912320375442505,1.886126160621643,-0.7363368272781372,-0.46498408913612366,0.7593408823013306,-0.5356346964836121,-0.36945492029190063,1.3963414430618286,-0.5515643954277039,-0.4934629201889038,1.7315750122070312,-0.5334170460700989,-0.5175933241844177,1.9758998155593872,-0.5334993004798889,-0.5250510573387146,0.7204192876815796,-0.13709957897663116,-0.4379149079322815,1.1482975482940674,0.03748716786503792,-0.5216609239578247,0.9867854714393616,0.06033311411738396,-0.4260251224040985,0.7991626262664795,0.0019070071866735816,-0.33657974004745483,0.6594366431236267,0.2616887092590332,-0.5038277506828308,1.0137594938278198,0.34177568554878235,-0.4991806149482727,0.8873353004455566,0.32800155878067017,-0.36092934012413025,0.7196675539016724,0.2712384760379791,-0.24580080807209015
0.0,0.0,0.0,-0.22589102387428284,-0.5192052721977234,-0.10520193725824356,-0.5484355092048645,-0.8689692616462708,-0.26415780186653137,-0.8689128160476685,-0.7849768400192261,-0.417386531829834,-1.0007896423339844,-0.5657129287719727,-0.5913094878196716,-0.19323518872261047,-1.191351056098938,-0.4311100244522095,-0.41915714740753174,-1.4114168882369995,-0.6419402360916138,-0.6121669411659241,-1.5328906774520874,-0.7705971598625183,-0.8031903505325317,-1.6547622680664062,-0.8581318855285645,-0.05950450897216797,-0.8538663387298584,-0.5170797109603882,-0.45218682289123535,-1.0343244075775146,-0.7315751314163208,-0.7322229743003845,-1.2054001092910767,-0.8206972479820251,-0.9578371047973633,-1.3330880403518677,-0.881744384765625,-0.0163840614259243,-0.4145914614200592,-0.5965438485145569,-0.6211910247802734,-0.3400147259235382,-0.7735773324966431,-0.6544910073280334,-0.2881183624267578,-0.7638050317764282,-0.5545480251312256,-0.2995201647281647,-0.7387909889221191,-0.049501094967126846,0.020095013082027435,-0.6822319030761719,-0.6026085615158081,0.056315552443265915,-0.8192777037620544,-0.6255455613136292,0.045026589184999466,-0.7921062111854553,-0.4996054172515869,0.005370063241571188,-0.75728440284729,0.0,0.0,0.0,0.326924592256546,-0.43013787269592285,-0.021268950775265694,0.7682064771652222,-0.5657263398170471,-0.13432438671588898,1.1266909837722778,-0.4104139506816864,-0.2562784254550934,1.3472002744674683,-0.25910136103630066,-0.37608420848846436,0.8016253113746643,-0.9036166667938232,-0.320370078086853,1.3351960182189941,-0.7875217795372009,-0.4836909770965576,1.6377251148223877,-0.720862627029419,-0.5792253613471985,1.8852286338806152,-0.6603307723999023,-0.6389131546020508,0.7097707986831665,-0.5691727995872498,-0.41505154967308044,1.322426676750183,-0.47743216156959534,-0.5652908682823181,1.6537421941757202,-0.43741849064826965,-0.6135292053222656,1.9184625148773193,-0.3910902738571167,-0.6557475924491882,0.6235430240631104,-0.16520021855831146,-0.4918353855609894,1.1513726711273193,0.08190355449914932,-0.6016538739204407,0.9911419749259949,0.043992944061756134,-0.5225019454956055,0.7991524338722229,-0.0425950363278389,-0.459391713142395,0.5452960729598999,0.2519974112510681,-0.5740307569503784,0.9811363816261292,0.37737447023391724,-0.6199811100959778,0.8569865822792053,0.3191726505756378,-0.5201850533485413,0.6805465817451477,0.2293771505355835,-0.4401269257068634
0.0,0.0,0.0,-0.16323551535606384,-0.31929537653923035,-0.09931772947311401,-0.3096490800380707,-0.6702780723571777,-0.202684685587883,-0.41854000091552734,-0.8161016702651978,-0.31938809156417847,-0.39066416025161743,-0.7283208966255188,-0.42739006876945496,0.03220587223768234,-1.1184577941894531,-0.1308087259531021,0.06833817064762115,-1.4307688474655151,-0.29165324568748474,0.005115398205816746,-1.6243391036987305,-0.3898653984069824,-0.06224969029426575,-1.783387541770935,-0.450100839138031,0.24794931709766388,-0.9478853344917297,-0.20008637011051178,0.23271220922470093,-1.2892343997955322,-0.3744719922542572,0.12044115364551544,-1.5157822370529175,-0.46787354350090027,0.033499836921691895,-1.7114351987838745,-0.5012686848640442,0.3804188072681427,-0.6572321057319641,-0.28334519267082214,-0.04001191258430481,-0.6797221302986145,-0.4495357275009155,-0.23890340328216553,-0.4762515127658844,-0.45340561866760254,-0.2701580226421356,-0.368423193693161,-0.4084830582141876,0.419816255569458,-0.31697607040405273,-0.3808208405971527,0.0032933074980974197,-0.3070138692855835,-0.4689529538154602,-0.1715274155139923,-0.2098826766014099,-0.4394143521785736,-0.20959270000457764,-0.15228615701198578,-0.39358770847320557,0.0,0.0,0.0,0.27917391061782837,-0.3837423622608185,0.09076562523841858,0.5965839624404907,-0.553272545337677,0.03140450268983841,0.8445612192153931,-0.5049457550048828,-0.058137618005275726,1.0407052040100098,-0.4383748471736908,-0.14299994707107544,0.7584797739982605,-0.8446276783943176,-0.1610793173313141,1.2488082647323608,-0.7996522784233093,-0.2871018648147583,1.5314868688583374,-0.7478914260864258,-0.3525651693344116,1.7577617168426514,-0.6951333284378052,-0.3874717950820923,0.7203176021575928,-0.6313582062721252,-0.28727930784225464,1.251768946647644,-0.5901267528533936,-0.4221833348274231,1.5516293048858643,-0.5172333717346191,-0.46261104941368103,1.7865264415740967,-0.45723477005958557,-0.4848170578479767,0.6673917174339294,-0.32993102073669434,-0.38891324400901794,1.0493162870407104,-0.0027349875308573246,-0.4573782682418823,0.913269579410553,0.05228443816304207,-0.3692626953125,0.7613271474838257,-0.007329516112804413,-0.2976796329021454,0.5956972241401672,0.0009293525363318622,-0.48870906233787537,0.9002695083618164,0.24867451190948486,-0.4793432056903839,0.8028947710990906,0.25680676102638245,-0.36692389845848083,0.672066867351532,0.1651468724012375,-0.2772149443626404
0.0,0.0,0.0,-0.3085923194885254,-0.3994188606739044,-0.18349489569664001,-0.5634599328041077,-0.7946882247924805,-0.3800201416015625,-0.7565420269966125,-0.8477602601051331,-0.5704492330551147,-0.6720948815345764,-0.5815510153770447,-0.7544106841087341,-0.03442319482564926,-1.145256757736206,-0.418815553188324,0.005928541533648968,-1.5629267692565918,-0.7053280472755432,-0.11180077493190765,-1.6641877889633179,-0.8678696751594543,-0.19845014810562134,-1.6913785934448242,-0.9682970643043518,0.1911066174507141,-0.854351282119751,-0.4832827150821686,0.04537583142518997,-1.111709713935852,-0.8004482388496399,-0.18261882662773132,-1.111487865447998,-0.8879082798957825,-0.3074822425842285,-1.054376482963562,-0.901240348815918,0.2682357132434845,-0.4458320736885071,-0.5656652450561523,-0.2485646903514862,-0.3915154039859772,-0.7860739827156067,-0.41875511407852173,-0.28197765350341797,-0.7264557480812073,-0.40283262729644775,-0.26851242780685425,-0.645445704460144,0.2515113353729248,-0.030516769737005234,-0.6708275675773621,-0.2847452461719513,0.028729038313031197,-0.8034393191337585,-0.3868624269962311,0.04540947079658508,-0.7582491040229797,-0.3363794684410095,-0.013885168358683586,-0.6998674869537354,0.0,0.0,0.0,0.3250426650047302,-0.47049039602279663,0.04501716420054436,0.7243030667304993,-0.6142903566360474,-0.039251189678907394,1.0331991910934448,-0.492459237575531,-0.1327030509710312,1.26631498336792,-0.3491034209728241,-0.22481957077980042,0.8474375009536743,-0.7975623607635498,-0.32273200154304504,1.4401775598526,-0.6458547711372375,-0.4377416968345642,1.743503212928772,-0.562934160232544,-0.4684896469116211,1.9790219068527222,-0.48550912737846375,-0.4740407466888428,0.7972254157066345,-0.43984562158584595,-0.4134821891784668,1.4444429874420166,-0.3625405430793762,-0.5277528166770935,1.7815440893173218,-0.2936595678329468,-0.5259324908256531,2.014530658721924,-0.22296850383281708,-0.5214658379554749,0.7327121496200562,-0.03551092371344566,-0.4693426489830017,1.1781035661697388,0.16456826031208038,-0.5186446309089661,1.0312978029251099,0.13751716911792755,-0.3881099224090576,0.8455660939216614,0.06345867365598679,-0.2877483069896698,0.6497929096221924,0.3447771370410919,-0.5227592587471008,1.0260212421417236,0.42885103821754456,-0.4916939437389374,0.9185056090354919,0.3698359727859497,-0.337395042181015,0.7573956847190857,0.289091557264328,-0.21748629212379456
0.0,0.0,0.0,-0.3102606236934662,-0.5381086468696594,-0.09467103332281113,-0.8076291084289551,-0.7776476740837097,-0.25899258255958557,-1.1963540315628052,-0.5808364748954773,-0.4067234992980957,-1.3841620683670044,-0.28040996193885803,-0.5872103571891785,-0.4757263958454132,-1.1000431776046753,-0.523944079875946,-0.8027797341346741,-1.2662849426269531,-0.7325534820556641,-1.090880036354065,-1.339186429977417,-0.8420674800872803,-1.3137370347976685,-1.3640697002410889,-0.9108847975730896,-0.38266104459762573,-0.708523690700531,-0.592928946018219,-0.9039914011955261,-0.7998993992805481,-0.7809635400772095,-1.2633212804794312,-0.8971248269081116,-0.8411345481872559,-1.4957348108291626,-0.9326074123382568,-0.8996811509132385,-0.36163759231567383,-0.20278361439704895,-0.6426358819007874,-1.0780961513519287,-0.09476344287395477,-0.8159859776496887,-1.084519624710083,-0.08367576450109482,-0.7866443395614624,-0.9308215379714966,-0.10585292428731918,-0.7506116032600403,-0.3983418643474579,0.32743439078330994,-0.6889500617980957,-1.0423067808151245,0.40000444650650024,-0.8453485369682312,-1.0475455522537231,0.33007922768592834,-0.8238475322723389,-0.8659688830375671,0.24559083580970764,-0.7900564670562744,0.0,0.0,0.0,0.3102628290653229,-0.4954254627227783,-0.0021413364447653294,0.7373032569885254,-0.6577505469322205,-0.11942984163761139,1.08975350856781,-0.48287221789360046,-0.2420216202735901,1.3032047748565674,-0.33627358078956604,-0.36538606882095337,0.7275640964508057,-0.982883095741272,-0.38611963391304016,1.2914600372314453,-0.9088575839996338,-0.5517418384552002,1.5873008966445923,-0.8669227957725525,-0.6414943337440491,1.823080062866211,-0.8241995573043823,-0.6976919770240784,0.6160470247268677,-0.62058424949646,-0.4851404130458832,1.2540820837020874,-0.5951348543167114,-0.6520230174064636,1.57710862159729,-0.5705106854438782,-0.6935442686080933,1.8155977725982666,-0.5369548797607422,-0.7318229675292969,0.5342665314674377,-0.20044595003128052,-0.5568165183067322,1.15361487865448,0.01928757317364216,-0.6593494415283203,1.0540229082107544,0.006075161974877119,-0.564448893070221,0.8835030794143677,-0.0778690055012703,-0.4972671866416931,0.4757286608219147,0.21204707026481628,-0.6310809254646301,0.9787325859069824,0.3264784514904022,-0.6646644473075867,0.8837646245956421,0.2663428485393524,-0.5543339252471924,0.7062044143676758,0.16129302978515625,-0.4704907536506653
0.0,0.0,0.0,-0.21783077716827393,-0.3485422134399414,-0.10821957886219025,-0.39380112290382385,-0.6950497627258301,-0.21842968463897705,-0.47901904582977295,-0.735323965549469,-0.3358546793460846,-0.41527634859085083,-0.5887137651443481,-0.45609283447265625,-0.010922026820480824,-1.1372498273849487,-0.21741057932376862,0.10325324535369873,-1.4726858139038086,-0.37578722834587097,0.15892422199249268,-1.6159718036651611,-0.48371559381484985,0.21583911776542664,-1.734911561012268,-0.5587842464447021,0.25384199619293213,-0.9252492189407349,-0.2819186747074127,0.33446577191352844,-1.1096266508102417,-0.4510820209980011,0.30660587549209595,-1.2080209255218506,-0.5483369827270508,0.2581840753555298,-1.3070462942123413,-0.5991314649581909,0.4224644899368286,-0.5915428400039673,-0.35426414012908936,0.1716521680355072,-0.507246732711792,-0.5264177322387695,-0.1064368262887001,-0.3587069511413574,-0.5684027671813965,-0.30343398451805115,-0.28916651010513306,-0.5657194256782532,0.47982463240623474,-0.21510784327983856,-0.43559953570365906,0.15818603336811066,-0.08938486129045486,-0.5653787851333618,-0.09841392934322357,-0.04111110046505928,-0.5725066661834717,-0.28305673599243164,-0.036000605672597885,-0.5560435056686401,0.0,0.0,0.0,0.30026140809059143,-0.42868414521217346,0.1122274324297905,0.6582183241844177,-0.5773080587387085,0.06375569105148315,0.941154420375824,-0.5088410973548889,-0.009746290743350983,1.1598801612854004,-0.3883277475833893,-0.08074065297842026,0.8195027112960815,-0.7934627532958984,-0.19491061568260193,1.371351957321167,-0.7350723743438721,-0.2938895523548126,1.661738634109497,-0.6945820450782776,-0.32681775093078613,1.8858275413513184,-0.6514236330986023,-0.3378410339355469,0.8030439615249634,-0.5085505247116089,-0.3106392025947571,1.3949767351150513,-0.4913007318973541,-0.4111534357070923,1.7268027067184448,-0.4460657238960266,-0.42930492758750916,1.9717246294021606,-0.3952765166759491,-0.4400923252105713,0.7550962567329407,-0.1478075087070465,-0.39136800169944763,1.174919843673706,0.06632896512746811,-0.43489396572113037,1.0775814056396484,0.11504500359296799,-0.32095080614089966,0.9186083674430847,0.09350807964801788,-0.22704723477363586,0.6909499168395996,0.22232013940811157,-0.4667854905128479,1.1121165752410889,0.33963531255722046,-0.47243595123291016,1.24976646900177,0.45205602049827576,-0.3683675527572632,1.3153446912765503,0.5312047600746155,-0.27234774827957153
0.0,0.0,0.0,-0.2992921471595764,-0.49120035767555237,-0.024724088609218597,-0.7504622936248779,-0.6435641646385193,-0.16448689997196198,-1.1043596267700195,-0.40058013796806335,-0.30658209323883057,-1.2478960752487183,-0.08042581379413605,-0.4769193232059479,-0.6007429361343384,-0.9933378100395203,-0.4132247567176819,-0.979444682598114,-1.1562401056289673,-0.596466600894928,-1.2532131671905518,-1.2158602476119995,-0.6997120380401611,-1.4701699018478394,-1.2499206066131592,-0.7691242098808289,-0.5172989368438721,-0.6880465149879456,-0.5089143514633179,-1.0402798652648926,-0.7755110859870911,-0.685675323009491,-1.4066319465637207,-0.8053937554359436,-0.7585160136222839,-1.6689422130584717,-0.8120578527450562,-0.824063241481781,-0.472116619348526,-0.2638917565345764,-0.5793539881706238,-1.1189862489700317,-0.08070998638868332,-0.719685435295105,-1.055662751197815,0.012075894512236118,-0.6718981862068176,-0.8786399960517883,0.009568280540406704,-0.626978874206543,-0.4577847719192505,0.17609143257141113,-0.6451531052589417,-0.9925355315208435,0.33820781111717224,-0.7399303317070007,-0.9521958827972412,0.33937832713127136,-0.6823416352272034,-0.7895916104316711,0.2707411050796509,-0.6317147016525269,0.0,0.0,0.0,0.3235434591770172,-0.49828916788101196,-0.05284034460783005,0.7642613053321838,-0.6752523183822632,-0.19280260801315308,1.1414119005203247,-0.4780224561691284,-0.3251352906227112,1.3622854948043823,-0.32497283816337585,-0.464146226644516,0.6581443548202515,-1.0380885601043701,-0.4633960425853729,1.19901704788208,-0.9913366436958313,-0.6537079811096191,1.5045541524887085,-0.9476174116134644,-0.764350414276123,1.7494962215423584,-0.9061497449874878,-0.8345754742622375,0.5281451940536499,-0.649171769618988,-0.5473926067352295,1.154065489768982,-0.6606774926185608,-0.7282524108886719,1.4942938089370728,-0.6443377137184143,-0.7828581929206848,1.745097279548645,-0.6174294948577881,-0.8323328495025635,0.4475218653678894,-0.216653510928154,-0.6106388568878174,1.1546785831451416,-0.04539665952324867,-0.7366747856140137,1.2595421075820923,-0.05124736949801445,-0.7044064402580261,1.2462011575698853,-0.11604054272174835,-0.6852641701698303,0.409578800201416,0.20891334116458893,-0.6768451929092407,0.9494621753692627,0.2932223677635193,-0.7280445098876953,0.9127147793769836,0.21276140213012695,-0.6622531414031982,0.7825970649719238,0.11073940992355347,-0.6192553639411926
0.0,0.0,0.0,-0.24897848069667816,-0.4857017993927002,-0.11177494376897812,-0.48754945397377014,-0.9521269798278809,-0.2466670721769333,-0.764213502407074,-1.1202781200408936,-0.3831114172935486,-1.0274217128753662,-1.2145441770553589,-0.5253825187683105,0.05082334950566292,-1.148166298866272,-0.2953002452850342,0.12065330892801285,-1.4912000894546509,-0.5170477628707886,0.012467163614928722,-1.6771193742752075,-0.6623448729515076,-0.13021522760391235,-1.824272871017456,-0.751173198223114,0.2712339162826538,-0.8835678696632385,-0.38175901770591736,0.28767886757850647,-1.2475051879882812,-0.6200227737426758,0.06432315707206726,-1.404663324356079,-0.7233168482780457,-0.14577969908714294,-1.4839223623275757,-0.7625476121902466,0.38291147351264954,-0.5099520683288574,-0.47630512714385986,0.02609480358660221,-0.6019800901412964,-0.7024036049842834,-0.257620632648468,-0.5184115171432495,-0.7268139719963074,-0.4103139042854309,-0.4775105118751526,-0.6965256333351135,0.3974551558494568,-0.09556620568037033,-0.5759990215301514,-0.020705854520201683,-0.08326553553342819,-0.7347293496131897,-0.2396136075258255,-0.07632513344287872,-0.7235015034675598,-0.34013038873672485,-0.09690938889980316,-0.6869364976882935,0.0,0.0,0.0,0.28667154908180237,-0.4503423273563385,0.028395717963576317,0.6523752212524414,-0.646866500377655,-0.04582584649324417,0.9469903707504272,-0.5486487746238708,-0.13324590027332306,1.145500659942627,-0.40037861466407776,-0.2180701494216919,0.7584189176559448,-0.8819495439529419,-0.23590733110904694,1.3104997873306274,-0.9225001931190491,-0.35779887437820435,1.6208373308181763,-0.9377457499504089,-0.41057637333869934,1.861523985862732,-0.9352627396583557,-0.4307001829147339,0.7739819288253784,-0.540732204914093,-0.3294854462146759,1.3957126140594482,-0.6452321410179138,-0.445103257894516,1.7225209474563599,-0.675391674041748,-0.4759179949760437,1.9613471031188965,-0.6842349767684937,-0.48630043864250183,0.7675359845161438,-0.12448655068874359,-0.39686524868011475,1.2180873155593872,-0.05032512918114662,-0.4794502556324005,1.0495198965072632,-0.03879047557711601,-0.3830742835998535,0.8542975187301636,-0.06613820791244507,-0.2897270619869232,0.7342413067817688,0.27829697728157043,-0.46222540736198425,1.075019359588623,0.2617579400539398,-0.46459493041038513,0.9383036494255066,0.24115513265132904,-0.32319092750549316,0.7804356813430786,0.212973490357399,-0.20142225921154022
0.0,0.0,0.0,-0.20646131038665771,-0.3474653363227844,-0.12087016552686691,-0.35445651412010193,-0.7279651165008545,-0.2316460907459259,-0.41784122586250305,-0.8072525262832642,-0.34926289319992065,-0.3292626142501831,-0.7045419812202454,-0.46477746963500977,0.08720266073942184,-1.1680718660354614,-0.1982114464044571,0.2649650573730469,-1.4756321907043457,-0.3656865358352661,0.30254802107810974,-1.6647405624389648,-0.47688427567481995,0.2835524082183838,-1.7957998514175415,-0.5438937544822693,0.34535297751426697,-0.9006690382957458,-0.2636788785457611,0.5067189335823059,-1.111021637916565,-0.44156020879745483,0.4512538015842438,-1.2676475048065186,-0.5407481789588928,0.3398803472518921,-1.384770154953003,-0.5806733965873718,0.48399993777275085,-0.5253299474716187,-0.34182244539260864,0.18614190816879272,-0.46130457520484924,-0.5096906423568726,-0.09083729237318039,-0.36182960867881775,-0.5402671098709106,-0.2673097848892212,-0.3338816165924072,-0.5214996337890625,0.5047797560691833,-0.11129709333181381,-0.43206727504730225,0.13834194839000702,-0.06216689571738243,-0.5419210195541382,-0.09850353747606277,-0.06348100304603577,-0.5316047072410583,-0.24951262772083282,-0.09920065850019455,-0.5000295639038086,0.0,0.0,0.0,0.33693286776542664,-0.39938393235206604,0.0682569369673729,0.7137207984924316,-0.5109018683433533,-0.003769144881516695,0.9987902045249939,-0.36280155181884766,-0.0931066945195198,1.2017061710357666,-0.18037354946136475,-0.1804695576429367,0.8718966245651245,-0.6929520964622498,-0.2751425504684448,1.4329442977905273,-0.5356760025024414,-0.4037078320980072,1.7427775859832764,-0.45288681983947754,-0.448712021112442,1.9862489700317383,-0.38978734612464905,-0.46248602867126465,0.8396241664886475,-0.3878343999385834,-0.38028374314308167,1.4651070833206177,-0.27223533391952515,-0.5234727263450623,1.820341944694519,-0.2028021365404129,-0.5539957284927368,2.0818305015563965,-0.15811482071876526,-0.5633751749992371,0.7682711482048035,-0.01670847088098526,-0.44870904088020325,1.1385207176208496,0.2715570628643036,-0.5130383968353271,0.9987062811851501,0.2511555254459381,-0.40012723207473755,0.8369646668434143,0.15073072910308838,-0.30219319462776184,0.6592555642127991,0.3442404270172119,-0.5139033794403076,0.9807276129722595,0.5295215249061584,-0.4855424463748932,0.8839136362075806,0.48586371541023254,-0.33693769574165344,0.7419726848602295,0.383510947227478,-0.21540874242782593
0.0,0.0,0.0,-0.16452430188655853,-0.35111966729164124,-0.10955321043729782,-0.2787921726703644,-0.746389627456665,-0.21057327091693878,-0.35158753395080566,-0.8651639819145203,-0.32037991285324097,-0.2996833026409149,-0.8229420781135559,-0.43246835470199585,0.17925839126110077,-1.1338894367218018,-0.1909884512424469,0.2871564030647278,-1.4870002269744873,-0.3406016528606415,0.32192549109458923,-1.7177529335021973,-0.44142743945121765,0.332591712474823,-1.930248498916626,-0.5086051821708679,0.410390704870224,-0.8749345541000366,-0.25703883171081543,0.5429103374481201,-1.1083775758743286,-0.4338223338127136,0.49297016859054565,-1.3166329860687256,-0.5386364459991455,0.39956364035606384,-1.5194944143295288,-0.5831126570701599,0.5342071056365967,-0.5205761194229126,-0.3310490846633911,0.2322467565536499,-0.5253646969795227,-0.5025736093521118,-0.07002552598714828,-0.440145879983902,-0.5365923643112183,-0.2686571776866913,-0.41055208444595337,-0.5198140144348145,0.5427061915397644,-0.13757415115833282,-0.4157935082912445,0.185587078332901,-0.12549781799316406,-0.5276181697845459,-0.06898310780525208,-0.12381912022829056,-0.5159555673599243,-0.23616570234298706,-0.14217974245548248,-0.4836486577987671,0.0,0.0,0.0,0.3196414113044739,-0.4213072657585144,0.12068353593349457,0.6499590873718262,-0.5540836453437805,0.07173370569944382,0.9276471138000488,-0.4482133984565735,-0.005693885963410139,1.1287992000579834,-0.28926655650138855,-0.08082897961139679,0.811378002166748,-0.774222195148468,-0.2061336785554886,1.353784203529358,-0.6704592108726501,-0.32238054275512695,1.6435315608978271,-0.6154253482818604,-0.3625383973121643,1.87064790725708,-0.5629676580429077,-0.3725217282772064,0.8003507256507874,-0.5035032629966736,-0.3254583477973938,1.3928529024124146,-0.46291258931159973,-0.4606846868991852,1.7301359176635742,-0.410454124212265,-0.4973897635936737,1.9676698446273804,-0.3613181710243225,-0.5111775994300842,0.7591102719306946,-0.14984121918678284,-0.40388110280036926,1.1276761293411255,0.12491806596517563,-0.4457002878189087,1.0307353734970093,0.18599067628383636,-0.33121559023857117,0.8936832547187805,0.15485307574272156,-0.23491892218589783,0.6852355599403381,0.20274844765663147,-0.4764424264431,1.0029274225234985,0.3932036757469177,-0.42522814869880676,0.9791910648345947,0.4491548240184784,-0.27909305691719055,0.8989483714103699,0.44189050793647766,-0.15966279804706573
0.0,0.0,0.0,-0.17367376387119293,-0.35476985573768616,-0.1209038570523262,-0.32352566719055176,-0.7335814833641052,-0.2317095398902893,-0.45320725440979004,-0.8345032334327698,-0.34990018606185913,-0.43096932768821716,-0.6803863644599915,-0.4650293290615082,0.05371576547622681,-1.1246094703674316,-0.1749504655599594,0.08902818709611893,-1.435402512550354,-0.33486324548721313,0.05276740714907646,-1.6403831243515015,-0.4487403333187103,0.008177096955478191,-1.8190250396728516,-0.5276476144790649,0.2884010374546051,-0.9280833005905151,-0.23555508255958557,0.2899981439113617,-1.1973646879196167,-0.4346337616443634,0.1512122005224228,-1.3468611240386963,-0.5483617186546326,0.004332494921982288,-1.450340986251831,-0.5887323617935181,0.43339720368385315,-0.6037548780441284,-0.3070640563964844,0.0334552600979805,-0.522642195224762,-0.47052547335624695,-0.2166801393032074,-0.35315847396850586,-0.49435681104660034,-0.334113746881485,-0.2644747197628021,-0.4648646414279938,0.4791663587093353,-0.22644539177417755,-0.39421454071998596,0.06421048939228058,-0.14365802705287933,-0.48359987139701843,-0.1550072282552719,-0.0983714833855629,-0.4676738381385803,-0.2707551121711731,-0.0827435851097107,-0.4323824644088745,0.0,0.0,0.0,0.32111939787864685,-0.3870483934879303,0.0975106954574585,0.6820865869522095,-0.5011914372444153,0.03561241179704666,0.9798214435577393,-0.40358293056488037,-0.05260047689080238,1.2141613960266113,-0.2997293472290039,-0.13428054749965668,0.8303497433662415,-0.7463988661766052,-0.2121247798204422,1.3564441204071045,-0.671880304813385,-0.3334140479564667,1.6446199417114258,-0.61692214012146,-0.3737504482269287,1.8765710592269897,-0.5726683735847473,-0.38656044006347656,0.7986441254615784,-0.49726998805999756,-0.3389544188976288,1.3826180696487427,-0.4546734392642975,-0.4824686348438263,1.7027153968811035,-0.4192286729812622,-0.5116501450538635,1.952140212059021,-0.39061808586120605,-0.520841658115387,0.7346596717834473,-0.16658426821231842,-0.4323028326034546,1.1095812320709229,0.1420266479253769,-0.4998472332954407,0.9586930871009827,0.14932869374752045,-0.3855287730693817,0.8031026721000671,0.067024827003479,-0.2899423837661743,0.6418249011039734,0.1878296136856079,-0.5216808915138245,0.9443813562393188,0.40877655148506165,-0.496519535779953,0.8345811367034912,0.38259413838386536,-0.3574025630950928,0.6959679126739502,0.28035080432891846,-0.24570374190807343
0.0,0.0,0.0,-0.17760436236858368,-0.36912840604782104,-0.10188636183738708,-0.2886250913143158,-0.6787576079368591,-0.20387773215770721,-0.30466797947883606,-0.7706261873245239,-0.3153238296508789,-0.24064667522907257,-0.7810018658638,-0.42160627245903015,0.06945963948965073,-1.1450988054275513,-0.18971824645996094,0.2153656929731369,-1.5058143138885498,-0.34462326765060425,0.316514790058136,-1.6932408809661865,-0.45307454466819763,0.4175362288951874,-1.8236850500106812,-0.5247668027877808,0.2659987807273865,-0.932059109210968,-0.24598874151706696,0.30908799171447754,-1.119393229484558,-0.4245031774044037,0.324393093585968,-1.2609450817108154,-0.5223603248596191,0.3380914330482483,-1.3655424118041992,-0.5665895342826843,0.3704532980918884,-0.6194726228713989,-0.30990323424339294,0.028276706114411354,-0.580056369304657,-0.43907099962234497,-0.1571631133556366,-0.5329399108886719,-0.4419975280761719,-0.2310127317905426,-0.5302706360816956,-0.42069315910339355,0.3846641182899475,-0.28275778889656067,-0.39169803261756897,0.0491451695561409,-0.2182324230670929,-0.45990610122680664,-0.08499667048454285,-0.21174749732017517,-0.4318268597126007,-0.11958291381597519,-0.2347404956817627,-0.3960123062133789,0.0,0.0,0.0,0.2632608115673065,-0.3818199038505554,0.04212024062871933,0.5871626138687134,-0.5249384045600891,0.004488274455070496,0.8195865154266357,-0.4393453299999237,-0.055037397891283035,0.9523933529853821,-0.2635500431060791,-0.10944651812314987,0.8197286128997803,-0.738886296749115,-0.08994591981172562,1.3001621961593628,-0.6813317537307739,-0.15787619352340698,1.5584594011306763,-0.6257429122924805,-0.19171079993247986,1.7530150413513184,-0.5840834975242615,-0.2076703906059265,0.8674904704093933,-0.46691304445266724,-0.17161719501018524,1.3584442138671875,-0.456031858921051,-0.22208887338638306,1.6467080116271973,-0.4216034710407257,-0.2539947032928467,1.860697627067566,-0.4030188024044037,-0.27590879797935486,0.8593631982803345,-0.13377557694911957,-0.23785719275474548,1.0391814708709717,0.06912150979042053,-0.24565082788467407,0.8811907768249512,0.09043861925601959,-0.19612649083137512,0.7311257719993591,0.03025159053504467,-0.15682953596115112,0.8033177256584167,0.18030443787574768,-0.30806729197502136,0.8895480036735535,0.2931992709636688,-0.2643839716911316,0.765316903591156,0.27822914719581604,-0.17797216773033142,0.6492010354995728,0.21656416356563568,-0.11098314076662064
0.0,0.0,0.0,-0.26824522018432617,-0.48100894689559937,-0.052287507802248,-0.5899544358253479,-0.8504968881607056,-0.17121091485023499,-0.8633193969726562,-0.9619331359863281,-0.28755709528923035,-1.1037945747375488,-0.9683458805084229,-0.41912642121315,-0.38053372502326965,-1.1058193445205688,-0.3542277216911316,-0.5863224864006042,-1.4770851135253906,-0.5464377403259277,-0.8211987614631653,-1.6884595155715942,-0.6381038427352905,-1.0236555337905884,-1.8263351917266846,-0.6809667944908142,-0.24933700263500214,-0.866098165512085,-0.43324941396713257,-0.5060321092605591,-1.3059377670288086,-0.5929421782493591,-0.7845696806907654,-1.5940985679626465,-0.6121929287910461,-1.0009429454803467,-1.7714779376983643,-0.6103375554084778,-0.22134648263454437,-0.49153074622154236,-0.5046637058258057,-0.8220142722129822,-0.5997161865234375,-0.6772451400756836,-1.0235997438430786,-0.596184253692627,-0.6203740835189819,-1.056721568107605,-0.5911107659339905,-0.5385929942131042,-0.2766238749027252,-0.036134619265794754,-0.5733208060264587,-0.8335614204406738,-0.11536090821027756,-0.7134809494018555,-0.9567289352416992,-0.1807393580675125,-0.6611090898513794,-0.9250175952911377,-0.25355347990989685,-0.5871095657348633,0.0,0.0,0.0,0.22272484004497528,-0.4058290719985962,-0.06014548987150192,0.480156272649765,-0.7169908881187439,-0.19845832884311676,0.7130007147789001,-0.7731170654296875,-0.3519386649131775,0.7868595719337463,-0.7566547989845276,-0.4990463852882385,0.27720367908477783,-1.1395059823989868,-0.272320955991745,0.6007018089294434,-1.2656852006912231,-0.4890070855617523,0.8243314027786255,-1.3578304052352905,-0.6569948196411133,1.0135023593902588,-1.4406036138534546,-0.7760938405990601,0.1578395664691925,-0.9126885533332825,-0.3769432604312897,0.5426064133644104,-1.1278117895126343,-0.6166311502456665,0.7749105095863342,-1.2836151123046875,-0.752490758895874,0.9945680499076843,-1.440116286277771,-0.8489185571670532,0.10361764580011368,-0.5902495980262756,-0.47450950741767883,0.6515541672706604,-0.5142309069633484,-0.6587666273117065,0.585523784160614,-0.3838580846786499,-0.6095885038375854,0.4474622309207916,-0.3581286370754242,-0.5593469142913818,0.10875716805458069,-0.23732417821884155,-0.5852978825569153,0.5833759307861328,-0.19392922520637512,-0.6933428049087524,0.534688413143158,-0.1415885090827942,-0.6259294748306274,0.38899847865104675,-0.15131478011608124,-0.5665441751480103
0.0,0.0,0.0,-0.18259982764720917,-0.6379675269126892,-0.0267905592918396,-0.5815398693084717,-1.0016313791275024,-0.14263460040092468,-0.9790194034576416,-0.9329147338867188,-0.2454451322555542,-1.2342181205749512,-0.7673071026802063,-0.3810068666934967,-0.40754514932632446,-1.1449534893035889,-0.452242910861969,-0.7280746698379517,-1.4594064950942993,-0.6422930955886841,-1.0129051208496094,-1.6138163805007935,-0.7382415533065796,-1.2360297441482544,-1.7172197103500366,-0.788357138633728,-0.4216451346874237,-0.735595166683197,-0.5302029252052307,-0.9442080855369568,-1.0188653469085693,-0.6841078400611877,-1.3425530195236206,-1.2159862518310547,-0.7321416139602661,-1.6047598123550415,-1.33355712890625,-0.7777385115623474,-0.4863846004009247,-0.22920025885105133,-0.5821296572685242,-1.1673527956008911,-0.3488272428512573,-0.7407216429710388,-1.293878197669983,-0.3973976969718933,-0.7278069853782654,-1.2314698696136475,-0.41058483719825745,-0.6956925392150879,-0.5833917856216431,0.31975507736206055,-0.6201988458633423,-1.1723175048828125,0.23346705734729767,-0.7560503482818604,-1.2150800228118896,0.1343342810869217,-0.7279667258262634,-1.0743517875671387,0.06294595450162888,-0.6837009191513062,0.0,0.0,0.0,0.3826080858707428,-0.45274946093559265,-0.022000955417752266,0.8452911376953125,-0.5489863753318787,-0.10312306135892868,1.1817368268966675,-0.36615464091300964,-0.17746353149414062,1.401008129119873,-0.18333682417869568,-0.2571355104446411,0.93314129114151,-0.7516356110572815,-0.33220937848091125,1.5313299894332886,-0.5035399198532104,-0.4807848334312439,1.863401174545288,-0.3572600483894348,-0.5495867729187012,2.1216042041778564,-0.2537834048271179,-0.5881417989730835,0.8389312028884888,-0.3560715317726135,-0.4115913510322571,1.4957940578460693,-0.16991719603538513,-0.5467297434806824,1.845574975013733,-0.05186322703957558,-0.5987226963043213,2.117077112197876,0.012031474150717258,-0.6391663551330566,0.7186629176139832,0.05957280844449997,-0.4724844992160797,1.2590633630752563,0.35520288348197937,-0.5843533873558044,1.442115068435669,0.46426889300346375,-0.5950839519500732,1.5572819709777832,0.4608657956123352,-0.5999004244804382,0.5869914293289185,0.430932879447937,-0.5301622152328491,0.9477898478507996,0.6073766350746155,-0.5987576842308044,0.9884669184684753,0.5887267589569092,-0.5729033350944519,0.9764006733894348,0.5106698870658875,-0.5482032299041748
0.0,0.0,0.0,-0.3244677484035492,-0.6074820160865784,-0.1546715646982193,-0.8150420188903809,-0.9316139221191406,-0.33237066864967346,-1.1986619234085083,-0.7020190954208374,-0.48901432752609253,-1.2158252000808716,-0.31708845496177673,-0.6590300798416138,-0.3272402286529541,-1.1031333208084106,-0.5053165555000305,-0.5382017493247986,-1.3715850114822388,-0.6941913366317749,-0.6734697222709656,-1.6008641719818115,-0.8024315237998962,-0.7897768616676331,-1.7953909635543823,-0.8952412605285645,-0.23048442602157593,-0.7895737290382385,-0.5687268972396851,-0.525153398513794,-1.0467725992202759,-0.780366837978363,-0.747981071472168,-1.2809765338897705,-0.8808308243751526,-0.9149366021156311,-1.449112892150879,-0.9681469202041626,-0.24684514105319977,-0.3269582986831665,-0.6209588050842285,-0.9204380512237549,-0.2646782696247101,-0.8036863207817078,-0.8769604563713074,-0.16943399608135223,-0.7770917415618896,-0.7090394496917725,-0.1715567409992218,-0.7405901551246643,-0.3216739296913147,0.167623370885849,-0.6798874139785767,-0.9560270309448242,0.21862272918224335,-0.8128800392150879,-0.8623582124710083,0.17912200093269348,-0.7893077731132507,-0.6169872879981995,0.1226682960987091,-0.7664488554000854,0.0,0.0,0.0,0.33934488892555237,-0.3685515522956848,0.0016791255911812186,0.7740659713745117,-0.49033209681510925,-0.09000874310731888,1.1149452924728394,-0.38797610998153687,-0.19688363373279572,1.354296326637268,-0.3051142990589142,-0.29745376110076904,0.8411567807197571,-0.8212971687316895,-0.23130010068416595,1.3453505039215088,-0.7398012280464172,-0.38941213488578796,1.6495472192764282,-0.6988435387611389,-0.48482275009155273,1.894263744354248,-0.650364100933075,-0.5411737561225891,0.7683785557746887,-0.5436428785324097,-0.33770814538002014,1.3496283292770386,-0.5706336498260498,-0.49559950828552246,1.683221697807312,-0.5723820924758911,-0.5644558072090149,1.965105414390564,-0.5753949284553528,-0.6112743020057678,0.6833493709564209,-0.18005868792533875,-0.42750290036201477,1.188711166381836,0.07292840629816055,-0.5573825836181641,1.0304352045059204,0.09923402220010757,-0.48578664660453796,0.8490346670150757,0.017323195934295654,-0.4147007167339325,0.591431736946106,0.2019474059343338,-0.5198096632957458,0.9962961673736572,0.36829471588134766,-0.5706780552864075,0.8770092129707336,0.3497026264667511,-0.4678109884262085,0.7223978638648987,0.24953646957874298,-0.37949231266975403
0.0,0.0,0.0,-0.20344756543636322,-0.3839063346385956,-0.12577307224273682,-0.42726272344589233,-0.8060467839241028,-0.24888227880001068,-0.6365815997123718,-1.0232855081558228,-0.37860289216041565,-0.6609529852867126,-1.0176723003387451,-0.502886176109314,0.06096014007925987,-1.1975305080413818,-0.20779697597026825,0.03924320638179779,-1.5946614742279053,-0.3949449956417084,-0.05596184358000755,-1.8331925868988037,-0.5178871750831604,-0.159087672829628,-2.028928279876709,-0.5991107821464539,0.25584104657173157,-0.9254648089408875,-0.27939265966415405,0.18425892293453217,-1.2690680027008057,-0.48472487926483154,0.04403200000524521,-1.452101469039917,-0.5773948431015015,-0.0698416605591774,-1.5658252239227295,-0.6056323051452637,0.3419761657714844,-0.5302050709724426,-0.3670932650566101,-0.15614040195941925,-0.49541473388671875,-0.5433976054191589,-0.2884266972541809,-0.3754289150238037,-0.5470383167266846,-0.2611009180545807,-0.33284175395965576,-0.5078608989715576,0.33555659651756287,-0.08893982321023941,-0.4703481197357178,-0.14600372314453125,0.0002572288503870368,-0.6023497581481934,-0.21683214604854584,0.05784612149000168,-0.5886356830596924,-0.15010574460029602,0.05142965540289879,-0.5494881272315979,0.0,0.0,0.0,0.29051458835601807,-0.36828118562698364,0.04067235812544823,0.6300285458564758,-0.5240583419799805,-0.057114213705062866,0.8928549885749817,-0.4452810287475586,-0.1798238754272461,1.0577600002288818,-0.3175569176673889,-0.29834526777267456,0.7590522766113281,-0.8595845103263855,-0.23484371602535248,1.2788156270980835,-0.8034986853599548,-0.4069660007953644,1.5838085412979126,-0.7660847902297974,-0.5050181150436401,1.8154702186584473,-0.7265905141830444,-0.5580475330352783,0.7003687024116516,-0.6160985827445984,-0.36042502522468567,1.2972829341888428,-0.6919212341308594,-0.5506843328475952,1.624326467514038,-0.6888663172721863,-0.6163185834884644,1.8747305870056152,-0.688413679599762,-0.6452450156211853,0.6426056623458862,-0.2741072177886963,-0.4622706174850464,1.1266456842422485,-0.0771469995379448,-0.5976811051368713,0.9761599898338318,-0.00707231042906642,-0.5020841956138611,0.794026792049408,-0.045821789652109146,-0.4035070836544037,0.5834946632385254,0.11197587847709656,-0.563786506652832,0.9804056286811829,0.22854916751384735,-0.5943856835365295,0.8647186756134033,0.2510448694229126,-0.4564996361732483,0.7107712626457214,0.20095093548297882,-0.3368256688117981
0.0,0.0,0.0,-0.20965373516082764,-0.5364950895309448,-0.0962052270770073,-0.5306085348129272,-0.941913366317749,-0.2090895026922226,-0.8095241189002991,-0.98321533203125,-0.32569214701652527,-0.8715866208076477,-0.9257559776306152,-0.4463159441947937,-0.17258216440677643,-1.1807355880737305,-0.2650637924671173,-0.23610267043113708,-1.5008879899978638,-0.4290045201778412,-0.3532533347606659,-1.7331414222717285,-0.5235852599143982,-0.4534755349159241,-1.951755404472351,-0.5914031863212585,-0.045325834304094315,-0.9384609460830688,-0.3423983156681061,-0.19722415506839752,-1.3348551988601685,-0.4955383241176605,-0.31839805841445923,-1.680106520652771,-0.5499035716056824,-0.4178973436355591,-1.97971773147583,-0.5832189321517944,-0.015363766811788082,-0.56465083360672,-0.42652687430381775,-0.6049513816833496,-0.7194363474845886,-0.5980724692344666,-0.6986004114151001,-0.6908712983131409,-0.5728110671043396,-0.6492154002189636,-0.7030066847801208,-0.5195411443710327,-0.06800252199172974,-0.1213785782456398,-0.5181905031204224,-0.5971418023109436,-0.21610918641090393,-0.6499281525611877,-0.6496872901916504,-0.2619789242744446,-0.6220732927322388,-0.5664947032928467,-0.32560083270072937,-0.579472005367279,0.0,0.0,0.0,0.2582739591598511,-0.3983548581600189,-0.04556560143828392,0.6524284482002258,-0.7074550986289978,-0.1617005616426468,0.9856657981872559,-0.806473433971405,-0.28933271765708923,1.218009114265442,-0.8806759119033813,-0.4126783311367035,0.6143642067909241,-1.0504851341247559,-0.2988766133785248,1.1127933263778687,-1.062610387802124,-0.4842069149017334,1.399051308631897,-1.0535774230957031,-0.5948312878608704,1.6335917711257935,-1.0425913333892822,-0.664008378982544,0.5074426531791687,-0.7669803500175476,-0.3927379846572876,1.0840754508972168,-0.8725818395614624,-0.5840082168579102,1.373388648033142,-0.9298319220542908,-0.657588541507721,1.6080790758132935,-0.9638760685920715,-0.711283266544342,0.44712644815444946,-0.40437546372413635,-0.4769863188266754,1.0591541528701782,-0.26025766134262085,-0.6388994455337524,0.9235571622848511,-0.19531738758087158,-0.5783905982971191,0.7383881211280823,-0.21686451137065887,-0.5203203558921814,0.43985429406166077,0.004616851918399334,-0.5660093426704407,0.9361550211906433,0.030881669372320175,-0.6532701849937439,0.826124370098114,0.06337147951126099,-0.5725293755531311,0.6542536616325378,0.023408964276313782,-0.5039187073707581
0.0,0.0,0.0,-0.19474466145038605,-0.5446590185165405,-0.10536497086286545,-0.41438478231430054,-0.9993506073951721,-0.2249932736158371,-0.6636388897895813,-1.2755165100097656,-0.3320600688457489,-0.8931544423103333,-1.5269815921783447,-0.46640512347221375,-0.23207473754882812,-1.1579022407531738,-0.45468294620513916,-0.4954109489917755,-1.4732766151428223,-0.6805002689361572,-0.70246821641922,-1.6622554063796997,-0.8277489542961121,-0.8862274885177612,-1.8450329303741455,-0.9364417195320129,-0.16783395409584045,-0.825757622718811,-0.538475751876831,-0.5303594470024109,-1.101586937904358,-0.7608828544616699,-0.8503924012184143,-1.2701122760772705,-0.8732229471206665,-1.1047240495681763,-1.4008651971817017,-0.972625195980072,-0.1511239856481552,-0.40110060572624207,-0.6189848184585571,-0.600311279296875,-0.5190261006355286,-0.8473063707351685,-0.8769121766090393,-0.5940331220626831,-0.9214887022972107,-1.0394983291625977,-0.6998547315597534,-0.9767831563949585,-0.1994524449110031,0.05096534639596939,-0.6981949806213379,-0.5979867577552795,0.06100284680724144,-0.9192520380020142,-0.7533493638038635,-0.006245404481887817,-0.9862914681434631,-0.8129671216011047,-0.1085110753774643,-1.0296555757522583,0.0,0.0,0.0,0.31354841589927673,-0.4610285460948944,0.03417227789759636,0.7011272311210632,-0.6323246955871582,-0.07969149202108383,0.9961279034614563,-0.5154591202735901,-0.2059377282857895,1.1906113624572754,-0.36939293146133423,-0.33165109157562256,0.8259001970291138,-0.839252769947052,-0.3633589446544647,1.3467682600021362,-0.8013539910316467,-0.5364763736724854,1.6313384771347046,-0.7644654512405396,-0.6211076378822327,1.8507227897644043,-0.7135903239250183,-0.666300892829895,0.7198905944824219,-0.503857433795929,-0.47737324237823486,1.351425290107727,-0.4498544931411743,-0.6888482570648193,1.6927803754806519,-0.415152370929718,-0.7430728673934937,1.9484508037567139,-0.3744879364967346,-0.7732033133506775,0.6327096223831177,-0.11377354711294174,-0.556845486164093,1.2061843872070312,0.10219813883304596,-0.6842222213745117,1.05234694480896,0.07825837284326553,-0.5508344769477844,0.8580584526062012,-0.00010723156447056681,-0.43835121393203735,0.5524183511734009,0.2778765857219696,-0.6352954506874084,1.029361367225647,0.3868544399738312,-0.6449285745620728,0.9029865264892578,0.3274352252483368,-0.4839191138744354,0.719132661819458,0.23211026191711426,-0.3574654459953308
0.0,0.0,0.0,-0.12140665203332901,-0.5532515645027161,-0.04005568474531174,-0.37321993708610535,-1.0214574337005615,-0.11785236746072769,-0.6333752870559692,-1.3240464925765991,-0.1812906712293625,-0.8676928281784058,-1.5814288854599,-0.26960718631744385,-0.3228116035461426,-1.1334617137908936,-0.3926311433315277,-0.6016309857368469,-1.5063163042068481,-0.5690474510192871,-0.8363608717918396,-1.70636785030365,-0.6818776726722717,-1.0217748880386353,-1.8933783769607544,-0.7646884322166443,-0.2665948271751404,-0.845623254776001,-0.46243754029273987,-0.6716842651367188,-1.1845287084579468,-0.6120234727859497,-0.9746854305267334,-1.396919846534729,-0.684297502040863,-1.1922999620437622,-1.582048773765564,-0.7620506286621094,-0.2625944912433624,-0.4547993540763855,-0.5160199999809265,-0.7546420097351074,-0.606122612953186,-0.6537403464317322,-1.024884819984436,-0.6814672946929932,-0.6786238551139832,-1.1468044519424438,-0.7662691473960876,-0.7097923159599304,-0.32029297947883606,-0.013064784929156303,-0.5628473162651062,-0.7690050601959229,-0.023327287286520004,-0.7042275667190552,-0.9258754253387451,-0.08951510488986969,-0.7327418923377991,-0.9687179327011108,-0.18078701198101044,-0.7530809640884399,0.0,0.0,0.0,0.28524360060691833,-0.4892866015434265,-0.020179441198706627,0.6829912066459656,-0.6933677196502686,-0.16103684902191162,0.9914713501930237,-0.5674007534980774,-0.3058003783226013,1.1797075271606445,-0.43926307559013367,-0.4533553421497345,0.7500408887863159,-0.9210357666015625,-0.4268536865711212,1.2639684677124023,-0.8430274128913879,-0.6245329976081848,1.5589585304260254,-0.8041775226593018,-0.7374289631843567,1.8015186786651611,-0.7651124596595764,-0.8073490858078003,0.62252277135849,-0.5811875462532043,-0.5241053700447083,1.250516414642334,-0.5195024609565735,-0.7455040216445923,1.602099061012268,-0.5008684992790222,-0.8185020685195923,1.8887848854064941,-0.47757014632225037,-0.8716838359832764,0.5313448905944824,-0.17473481595516205,-0.591582715511322,1.1638941764831543,0.018482107669115067,-0.736629843711853,1.026071548461914,-0.014778513461351395,-0.6332930326461792,0.8262173533439636,-0.09451448172330856,-0.5472700595855713,0.46250295639038086,0.22880196571350098,-0.6625936627388,0.9806258082389832,0.317592591047287,-0.7128478288650513,0.8766145706176758,0.2522273659706116,-0.5908495783805847,0.6857880353927612,0.16310645639896393,-0.492838591337204
0.0,0.0,0.0,-0.3161488175392151,-0.666695773601532,-0.1427682638168335,-0.7780954837799072,-1.0705887079238892,-0.29669106006622314,-1.154792070388794,-0.9094910025596619,-0.4287355840206146,-1.2058770656585693,-0.5282589197158813,-0.570331335067749,-0.27216899394989014,-1.1615225076675415,-0.4472935199737549,-0.39693593978881836,-1.4781643152236938,-0.6096826791763306,-0.5542311072349548,-1.7088370323181152,-0.694627583026886,-0.6811967492103577,-1.9031109809875488,-0.772026777267456,-0.19054991006851196,-0.8437783122062683,-0.5017259120941162,-0.36442092061042786,-1.1956045627593994,-0.6939375996589661,-0.6322481632232666,-1.4438234567642212,-0.7706413865089417,-0.8171995878219604,-1.6037139892578125,-0.8349396586418152,-0.22433216869831085,-0.375185489654541,-0.5469172596931458,-0.8387020826339722,-0.4192256033420563,-0.707899808883667,-0.8720572590827942,-0.3586556017398834,-0.672738254070282,-0.7378517985343933,-0.37642258405685425,-0.6277938485145569,-0.317531943321228,0.12355446815490723,-0.5985643267631531,-0.9087384343147278,0.10254579037427902,-0.7157687544822693,-0.8623040914535522,0.03350825980305672,-0.6912536025047302,-0.6340782642364502,-0.03975102677941322,-0.6659058928489685,0.0,0.0,0.0,0.24057652056217194,-0.47039926052093506,-0.03079657256603241,0.5420344471931458,-0.7375482320785522,-0.1654861718416214,0.8068835139274597,-0.6983333826065063,-0.31447750329971313,0.923336923122406,-0.6028259992599487,-0.46572211384773254,0.5436977744102478,-1.093025803565979,-0.3114509582519531,0.9896774888038635,-1.1279374361038208,-0.508121132850647,1.2598071098327637,-1.1596425771713257,-0.649186372756958,1.49345862865448,-1.1925525665283203,-0.7449251413345337,0.4373951256275177,-0.7985022068023682,-0.4136178493499756,0.9878720641136169,-0.8627534508705139,-0.6255060434341431,1.307765007019043,-0.9065027236938477,-0.7242574095726013,1.587023138999939,-0.9552298188209534,-0.7939022183418274,0.3808981776237488,-0.42251959443092346,-0.49976810812950134,0.9790302515029907,-0.3128873407840729,-0.6677285432815552,0.849075198173523,-0.23716673254966736,-0.6059690117835999,0.6616812944412231,-0.23274508118629456,-0.5394640564918518,0.3531544506549835,-0.03252015635371208,-0.5909835696220398,0.8484861850738525,0.0031252261251211166,-0.6802178621292114,0.7544605731964111,0.012118462473154068,-0.5916397571563721,0.5784282684326172,-0.015881093218922615,-0.5102025866508484
0.0,0.0,0.0,-0.2502880394458771,-0.5551546216011047,-0.09280820190906525,-0.42594820261001587,-1.017933964729309,-0.18807201087474823,-0.5996092557907104,-1.312449336051941,-0.28371119499206543,-0.7515801191329956,-1.602120280265808,-0.39901477098464966,-0.15133163332939148,-1.25294029712677,-0.29428794980049133,-0.3978886604309082,-1.4438755512237549,-0.5041030049324036,-0.6020249724388123,-1.5678906440734863,-0.6673412322998047,-0.7819989919662476,-1.7066773176193237,-0.7880457639694214,-0.045917339622974396,-0.924800455570221,-0.37767139077186584,-0.4145139753818512,-1.1058841943740845,-0.5702297687530518,-0.7544580101966858,-1.1701606512069702,-0.6845524311065674,-1.0145033597946167,-1.237221360206604,-0.7850632071495056,5.925156074226834e-05,-0.50704026222229,-0.4682298004627228,-0.37839725613594055,-0.5932958722114563,-0.6711675524711609,-0.6837658882141113,-0.5794593095779419,-0.7240124344825745,-0.8675678968429565,-0.593745768070221,-0.7643492817878723,-0.0012715490302070975,-0.055945008993148804,-0.5634310245513916,-0.34723302721977234,-0.01632092148065567,-0.7548783421516418,-0.5412803292274475,-0.001674249884672463,-0.7973640561103821,-0.6363289952278137,-0.009670589119195938,-0.8204878568649292,0.0,0.0,0.0,0.290736585855484,-0.46143028140068054,-0.040108177810907364,0.6899017691612244,-0.6738975644111633,-0.20164640247821808,1.002071738243103,-0.5583669543266296,-0.36197584867477417,1.1958510875701904,-0.4084092676639557,-0.5229586362838745,0.7587519884109497,-0.8624970316886902,-0.49957597255706787,1.3136718273162842,-0.7979084253311157,-0.7177990078926086,1.6212867498397827,-0.7486824989318848,-0.8302602767944336,1.8656299114227295,-0.7007254362106323,-0.8955841064453125,0.6310760378837585,-0.49591901898384094,-0.5964958667755127,1.2979793548583984,-0.43579187989234924,-0.8433222770690918,1.6673496961593628,-0.4131225049495697,-0.9101431369781494,1.9545174837112427,-0.39435938000679016,-0.9526108503341675,0.5339191555976868,-0.06483404338359833,-0.6622126698493958,1.1892554759979248,0.11353056132793427,-0.8342607021331787,1.0469133853912354,0.08321522176265717,-0.7170960903167725,0.8334523439407349,0.006530491169542074,-0.6115935444831848,0.458408385515213,0.365077406167984,-0.7316396236419678,0.9987396001815796,0.4427451491355896,-0.7964762449264526,0.8988892436027527,0.36365434527397156,-0.6646896600723267,0.7061082124710083,0.2679011821746826,-0.5547081828117371
0.0,0.0,0.0,-0.20439812541007996,-0.6098887920379639,-0.09589841961860657,-0.523775577545166,-1.1727160215377808,-0.17458631098270416,-0.82291579246521,-1.5378143787384033,-0.23334769904613495,-1.0849051475524902,-1.843891978263855,-0.3221680223941803,-0.3750574290752411,-1.2030754089355469,-0.38777780532836914,-0.7099364995956421,-1.4894593954086304,-0.5671995282173157,-0.9939588904380798,-1.675413966178894,-0.6782537698745728,-1.2301052808761597,-1.8521342277526855,-0.7587649822235107,-0.3144052028656006,-0.8373039960861206,-0.44729337096214294,-0.828959047794342,-1.0429435968399048,-0.6026940941810608,-1.2035136222839355,-1.1731730699539185,-0.6756294965744019,-1.47001314163208,-1.274427056312561,-0.7499174475669861,-0.3046753406524658,-0.3864985406398773,-0.501047670841217,-0.8624798655509949,-0.4519250690937042,-0.6823585033416748,-1.1296416521072388,-0.5103031396865845,-0.7156108617782593,-1.2544411420822144,-0.5957467555999756,-0.739993155002594,-0.3527965247631073,0.11671533435583115,-0.5519479513168335,-0.8515236973762512,0.1658453792333603,-0.7453173398971558,-0.919651448726654,0.15626023709774017,-0.7731736898422241,-0.8574172854423523,0.11044255644083023,-0.7807469964027405,0.0,0.0,0.0,0.28903213143348694,-0.4987252354621887,-0.03210052102804184,0.7078588604927063,-0.6855399012565613,-0.1731361448764801,1.0352927446365356,-0.5058018565177917,-0.31530696153640747,1.2282146215438843,-0.303558349609375,-0.4612826108932495,0.7723056674003601,-0.8960464000701904,-0.438137024641037,1.3349599838256836,-0.8020691871643066,-0.6164358258247375,1.6403180360794067,-0.7515828609466553,-0.7066992521286011,1.8906787633895874,-0.69754958152771,-0.7611945271492004,0.6659635305404663,-0.526968777179718,-0.5280117988586426,1.3313056230545044,-0.4812797009944916,-0.7096363306045532,1.6777122020721436,-0.46663153171539307,-0.751431405544281,1.9578042030334473,-0.4470929801464081,-0.7855913639068604,0.5850638151168823,-0.09433137625455856,-0.5901172757148743,1.2138479948043823,0.06704865396022797,-0.7177271842956543,1.0511343479156494,0.028938597068190575,-0.6073758006095886,0.8379454016685486,-0.04145066440105438,-0.5160157084465027,0.5186811089515686,0.33604612946510315,-0.6559706330299377,1.0347661972045898,0.38791894912719727,-0.6991690993309021,0.921613872051239,0.3157637417316437,-0.5726747512817383,0.7314217686653137,0.24004779756069183,-0.4710370600223541
0.0,0.0,0.0,-0.15573284029960632,-0.4265260398387909,-0.14631372690200806,-0.4281350076198578,-0.878989577293396,-0.30204084515571594,-0.7201216220855713,-1.1569582223892212,-0.4339282512664795,-0.9803624749183655,-1.4514265060424805,-0.5838706493377686,-0.16090109944343567,-1.0835669040679932,-0.5191091299057007,-0.4228387475013733,-1.513055682182312,-0.7643231749534607,-0.6507731676101685,-1.7619341611862183,-0.9213305115699768,-0.8521233797073364,-1.96596097946167,-1.0302767753601074,-0.15238021314144135,-0.8063771724700928,-0.571433424949646,-0.48029613494873047,-1.1617659330368042,-0.7998340129852295,-0.7764478325843811,-1.3577629327774048,-0.9197362661361694,-1.0161093473434448,-1.5222676992416382,-1.0205018520355225,-0.19277073442935944,-0.44124430418014526,-0.6165564656257629,-0.5678518414497375,-0.6541098952293396,-0.8243818879127502,-0.8676197528839111,-0.738118052482605,-0.8785333633422852,-1.0831151008605957,-0.8060835003852844,-0.9164901375770569,-0.27238374948501587,-0.05249746888875961,-0.6635980010032654,-0.6009045839309692,-0.18577681481838226,-0.8527895212173462,-0.8301735520362854,-0.2689850926399231,-0.8993404507637024,-0.9945720434188843,-0.3293725848197937,-0.9236148595809937,0.0,0.0,0.0,0.3358006179332733,-0.3972705006599426,0.04730737954378128,0.7113406658172607,-0.5130251049995422,-0.031553734093904495,0.9809717535972595,-0.4171530306339264,-0.12880228459835052,1.1712758541107178,-0.23970089852809906,-0.22004161775112152,0.8889898061752319,-0.6944578289985657,-0.26187050342559814,1.4084841012954712,-0.6183528304100037,-0.40491560101509094,1.71454918384552,-0.5561474561691284,-0.47217249870300293,1.9357746839523315,-0.47605612874031067,-0.5058485865592957,0.8551098704338074,-0.3626791536808014,-0.3704739212989807,1.45828378200531,-0.3250620365142822,-0.5433371663093567,1.826703667640686,-0.28698593378067017,-0.6130942702293396,2.07865047454834,-0.22804105281829834,-0.6520540118217468,0.7771743535995483,0.02853068895637989,-0.44608795642852783,1.2410056591033936,0.2271653115749359,-0.5313466787338257,1.098548412322998,0.23183123767375946,-0.40607452392578125,0.9187078475952148,0.17840443551540375,-0.29875752329826355,0.6815474629402161,0.41098394989967346,-0.5219926238059998,1.0337690114974976,0.4820195138454437,-0.5100654363632202,0.9403375387191772,0.44582775235176086,-0.3567410111427307,0.8045285940170288,0.38397297263145447,-0.23110027611255646
0.0,0.0,0.0,-0.1946539729833603,-0.5905864238739014,-0.04254800081253052,-0.5205678939819336,-1.0289902687072754,-0.12738054990768433,-0.8583976626396179,-1.205221176147461,-0.2025882601737976,-1.1350492238998413,-1.3057588338851929,-0.30331605672836304,-0.3525926172733307,-1.1708903312683105,-0.3129100501537323,-0.6204501986503601,-1.4848777055740356,-0.4612644612789154,-0.8548202514648438,-1.6643922328948975,-0.5530790686607361,-1.0596688985824585,-1.8382471799850464,-0.6237908005714417,-0.3197064697742462,-0.8636868596076965,-0.38965731859207153,-0.66429603099823,-1.1938711404800415,-0.5264003276824951,-0.958378791809082,-1.3845802545547485,-0.6046820282936096,-1.1925048828125,-1.5469177961349487,-0.681082010269165,-0.3505208492279053,-0.4571334421634674,-0.4555583596229553,-0.844916045665741,-0.6076157689094543,-0.6148489713668823,-1.0753567218780518,-0.6873649954795837,-0.6777142882347107,-1.1915240287780762,-0.8073595762252808,-0.7265514135360718,-0.42795807123184204,0.009908666834235191,-0.5101138949394226,-0.8511616587638855,0.0224795900285244,-0.6640629768371582,-0.9131403565406799,-0.018220428377389908,-0.7017335891723633,-0.8785543441772461,-0.11201738566160202,-0.7278910279273987,0.0,0.0,0.0,0.29131609201431274,-0.492831289768219,-0.03946412354707718,0.6999145150184631,-0.6858680248260498,-0.18435218930244446,1.0315074920654297,-0.5269357562065125,-0.3236774206161499,1.2360997200012207,-0.3534105718135834,-0.4605710208415985,0.7558667063713074,-0.8683382272720337,-0.4743184447288513,1.3288518190383911,-0.8344163298606873,-0.6662519574165344,1.6371527910232544,-0.8305047750473022,-0.7613248825073242,1.8895306587219238,-0.8178511261940002,-0.8202927112579346,0.6632815003395081,-0.4983527362346649,-0.5583029985427856,1.3250693082809448,-0.49355512857437134,-0.7940422296524048,1.685072898864746,-0.5107588768005371,-0.8704966902732849,1.9678950309753418,-0.5189810395240784,-0.9226957559585571,0.602906346321106,-0.07065199315547943,-0.6082432270050049,1.258423924446106,0.07073447853326797,-0.7756632566452026,1.0941965579986572,0.011666587553918362,-0.6658317446708679,0.8752648234367371,-0.07646860182285309,-0.5657337307929993,0.5591596364974976,0.34787338972091675,-0.659988284111023,1.0803529024124146,0.3801191747188568,-0.7249839901924133,0.9560157060623169,0.30991899967193604,-0.5973463654518127,0.767677903175354,0.23288270831108093,-0.49027884006500244
0.0,0.0,0.0,-0.35905352234840393,-0.6867169141769409,-0.14514227211475372,-0.8109080195426941,-0.9765746593475342,-0.3663557469844818,-1.1498621702194214,-0.7171221375465393,-0.5589848160743713,-1.2310258150100708,-0.3140058219432831,-0.7779893279075623,-0.30667173862457275,-1.1422150135040283,-0.6260985732078552,-0.48866021633148193,-1.3272966146469116,-0.898364782333374,-0.6959689259529114,-1.4321911334991455,-1.0480204820632935,-0.8346722722053528,-1.4492692947387695,-1.132459044456482,-0.18649549782276154,-0.7049610614776611,-0.6842874884605408,-0.5598333477973938,-0.8833009600639343,-0.9380616545677185,-0.8234879970550537,-1.0623044967651367,-0.9985826015472412,-0.944498598575592,-1.08445143699646,-1.035619854927063,-0.2217715084552765,-0.16122785210609436,-0.7290087342262268,-0.9801402688026428,-0.13350822031497955,-0.9220877885818481,-0.9905960559844971,-0.22358670830726624,-0.8568603992462158,-0.8045075535774231,-0.2861446738243103,-0.78460294008255,-0.3372722864151001,0.3777922987937927,-0.7775165438652039,-1.0528020858764648,0.36777767539024353,-0.9223082065582275,-1.048548698425293,0.16192351281642914,-0.8799633979797363,-0.829422652721405,-0.008099869824945927,-0.8289409279823303,0.0,0.0,0.0,0.3006173074245453,-0.4682633876800537,0.002839614637196064,0.6853904128074646,-0.6374298930168152,-0.10333118587732315,0.996048092842102,-0.48351073265075684,-0.21438635885715485,1.1960601806640625,-0.29007256031036377,-0.3264647424221039,0.7850101590156555,-0.8572162985801697,-0.3660159409046173,1.354400396347046,-0.8111690878868103,-0.5233098864555359,1.6638333797454834,-0.7961211204528809,-0.5940158367156982,1.901718020439148,-0.7686544060707092,-0.6275116801261902,0.7430988550186157,-0.4870302677154541,-0.4589177966117859,1.3900154829025269,-0.5281131863594055,-0.6269672513008118,1.7252126932144165,-0.5554343461990356,-0.6605346202850342,1.9800256490707397,-0.5725319981575012,-0.6737768054008484,0.693933367729187,-0.05951688438653946,-0.5207924842834473,1.2491878271102905,0.05717051774263382,-0.6379475593566895,1.1002814769744873,0.05103841423988342,-0.5226460099220276,0.9034609198570251,-0.004473154433071613,-0.41561806201934814,0.626552164554596,0.35014376044273376,-0.5823418498039246,1.0766379833221436,0.3806470036506653,-0.6042451858520508,0.959292471408844,0.32673296332359314,-0.4545941948890686,0.7783315777778625,0.2644704580307007,-0.32685285806655884
0.0,0.0,0.0,-0.20386064052581787,-0.6646433472633362,-0.0699877068400383,-0.5135210156440735,-1.208243727684021,-0.13404472172260284,-0.8356168270111084,-1.5889394283294678,-0.18228396773338318,-1.132473349571228,-1.8911137580871582,-0.2572987973690033,-0.4218900501728058,-1.1646666526794434,-0.3377099335193634,-0.7470726370811462,-1.4684456586837769,-0.4925958216190338,-0.9984310269355774,-1.627951979637146,-0.5937910676002502,-1.2133944034576416,-1.7979305982589722,-0.675359308719635,-0.362174928188324,-0.8456727266311646,-0.39200374484062195,-0.8129703402519226,-1.026775598526001,-0.5022475719451904,-1.1247596740722656,-1.1245362758636475,-0.5531599521636963,-1.3571823835372925,-1.2153565883636475,-0.6288909316062927,-0.34811800718307495,-0.42264142632484436,-0.44183048605918884,-0.8084304928779602,-0.5206158757209778,-0.5803674459457397,-1.051624059677124,-0.5685924887657166,-0.5932602286338806,-1.167887806892395,-0.6101539134979248,-0.6176980137825012,-0.3949311077594757,0.05935673043131828,-0.48898449540138245,-0.8540399074554443,0.10027246177196503,-0.6505280137062073,-0.9972227215766907,0.0673951581120491,-0.6796823143959045,-1.029706358909607,0.02937806025147438,-0.6984534859657288,0.0,0.0,0.0,0.31210434436798096,-0.45612603425979614,-0.020108385011553764,0.7226411700248718,-0.6251747012138367,-0.15916073322296143,1.0286555290222168,-0.496269553899765,-0.297515332698822,1.2226279973983765,-0.33427152037620544,-0.43501994013786316,0.8281911611557007,-0.8033848404884338,-0.4628477096557617,1.3670718669891357,-0.6910274028778076,-0.6599614024162292,1.671744465827942,-0.6304173469543457,-0.7535849213600159,1.9007970094680786,-0.567517876625061,-0.8041444420814514,0.7025015354156494,-0.44240376353263855,-0.5574679374694824,1.3682373762130737,-0.3427913188934326,-0.7958602905273438,1.7262921333312988,-0.31007882952690125,-0.8584650158882141,1.9949945211410522,-0.2764680087566376,-0.8929120898246765,0.5911916494369507,-0.01765279844403267,-0.6171121597290039,1.238167643547058,0.21828997135162354,-0.7837355732917786,1.099615454673767,0.1760474443435669,-0.6603767275810242,0.8950169086456299,0.08314813673496246,-0.5449696779251099,0.49153923988342285,0.4005826413631439,-0.6767327785491943,1.0189851522445679,0.5313644409179688,-0.728425920009613,0.9247698783874512,0.45100975036621094,-0.5847647786140442,0.7458894848823547,0.33992430567741394,-0.46252888441085815
0.0,0.0,0.0,-0.18941742181777954,-0.5349576473236084,-0.08408555388450623,-0.45486173033714294,-1.0255650281906128,-0.15976616740226746,-0.705126166343689,-1.343763828277588,-0.22437545657157898,-0.9439473748207092,-1.6341664791107178,-0.3098657727241516,-0.31735309958457947,-1.163313627243042,-0.33075961470603943,-0.5348340272903442,-1.4733080863952637,-0.4927438199520111,-0.7275053858757019,-1.6665117740631104,-0.5970751643180847,-0.8928662538528442,-1.8507158756256104,-0.6777798533439636,-0.26424774527549744,-0.884701669216156,-0.38402608036994934,-0.5800557732582092,-1.1296615600585938,-0.5275024175643921,-0.8297594785690308,-1.2839080095291138,-0.6007453799247742,-1.0241611003875732,-1.409117579460144,-0.6783891916275024,-0.25378671288490295,-0.5123273134231567,-0.435282826423645,-0.6308242082595825,-0.5992439985275269,-0.5886282920837402,-0.8224421143531799,-0.6146705150604248,-0.6212341785430908,-0.9196639060974121,-0.6444951891899109,-0.6493415236473083,-0.2930479347705841,-0.09170453250408173,-0.4868791997432709,-0.6519562602043152,-0.12022463232278824,-0.6404368877410889,-0.7982469201087952,-0.15649975836277008,-0.6819533705711365,-0.8629647493362427,-0.2076696902513504,-0.7085017561912537,0.0,0.0,0.0,0.2795769274234772,-0.471863716840744,-0.050176844000816345,0.6752961277961731,-0.6881205439567566,-0.20599153637886047,0.9917062520980835,-0.5863415002822876,-0.35521814227104187,1.208858847618103,-0.44859713315963745,-0.5039793252944946,0.7526715993881226,-0.855558454990387,-0.5029080510139465,1.314397931098938,-0.7710973024368286,-0.716083288192749,1.6261155605316162,-0.7212527990341187,-0.8196002244949341,1.8689574003219604,-0.6638913750648499,-0.8749778866767883,0.6521317362785339,-0.4816098213195801,-0.5854709148406982,1.3476935625076294,-0.42998915910720825,-0.8395939469337463,1.7317149639129639,-0.4155803918838501,-0.913287341594696,2.022817850112915,-0.3963336944580078,-0.9533558487892151,0.5725958943367004,-0.04669845476746559,-0.6334539651870728,1.222743034362793,0.12993158400058746,-0.8135682344436646,1.066963791847229,0.09414751082658768,-0.6899317502975464,0.8506675362586975,0.017069177702069283,-0.5721635818481445,0.5034709572792053,0.3764428198337555,-0.683286190032959,1.0287421941757202,0.44151735305786133,-0.7436967492103577,0.9075635075569153,0.37521475553512573,-0.5933576226234436,0.710009753704071,0.2934180796146393,-0.46560126543045044
0.0,0.0,0.0,-0.2054695039987564,-0.3777930736541748,-0.10512261092662811,-0.4159933030605316,-0.7688709497451782,-0.22099417448043823,-0.6744275093078613,-0.9418118000030518,-0.346271812915802,-0.8271511197090149,-1.0134769678115845,-0.47101426124572754,0.009633821435272694,-1.1804448366165161,-0.20940381288528442,-0.05478741601109505,-1.555708885192871,-0.39986634254455566,-0.1534305363893509,-1.7845604419708252,-0.5311724543571472,-0.2477404922246933,-1.9453705549240112,-0.6117242574691772,0.16979919373989105,-0.9416189193725586,-0.29072675108909607,0.015356375835835934,-1.3073838949203491,-0.46656113862991333,-0.149907186627388,-1.5539897680282593,-0.5462598204612732,-0.2853611707687378,-1.7390371561050415,-0.5779916048049927,0.24697981774806976,-0.55964195728302,-0.38650408387184143,-0.22093282639980316,-0.5596172213554382,-0.5388455986976624,-0.36149486899375916,-0.4243839383125305,-0.5298608541488647,-0.3576429486274719,-0.3673902153968811,-0.49368035793304443,0.24187853932380676,-0.11608000844717026,-0.49704229831695557,-0.2312803417444229,-0.04054192081093788,-0.6094244122505188,-0.3627637028694153,0.03360895812511444,-0.5759389996528625,-0.35735487937927246,0.04856289550662041,-0.5293090343475342,0.0,0.0,0.0,0.2857837378978729,-0.3818018138408661,0.00789611041545868,0.6411672830581665,-0.5988795757293701,-0.10056862980127335,0.9415349364280701,-0.586103618144989,-0.22580984234809875,1.136696457862854,-0.5544377565383911,-0.3485872149467468,0.6819342374801636,-0.9387637376785278,-0.2907728850841522,1.1839865446090698,-0.9428595900535583,-0.49076804518699646,1.4828029870986938,-0.9437358379364014,-0.6145473718643188,1.7099883556365967,-0.9320100545883179,-0.6894294619560242,0.606410562992096,-0.6797498464584351,-0.41256076097488403,1.1832431554794312,-0.8001469373703003,-0.6278969645500183,1.516272783279419,-0.8370020985603333,-0.7152708768844604,1.7725253105163574,-0.8676040768623352,-0.7663144469261169,0.547718346118927,-0.32187774777412415,-0.5136070251464844,1.106096625328064,-0.18313708901405334,-0.6779015064239502,1.019289255142212,-0.07684814184904099,-0.6038282513618469,0.8618701696395874,-0.07372239232063293,-0.5268017649650574,0.5135291218757629,0.08192519098520279,-0.615822970867157,0.9658195972442627,0.1666972041130066,-0.6869847178459167,0.8933318853378296,0.20236380398273468,-0.5776994228363037,0.7548187375068665,0.16251996159553528,-0.4815311133861542
0.0,0.0,0.0,-0.1414804309606552,-0.40064749121665955,-0.07486432045698166,-0.341056764125824,-0.8043144941329956,-0.14977529644966125,-0.5524627566337585,-0.9668635129928589,-0.2381189465522766,-0.6906185746192932,-1.1149793863296509,-0.3245241641998291,0.022321108728647232,-1.116403341293335,-0.12390608340501785,-0.031241364777088165,-1.3907161951065063,-0.25385400652885437,-0.10135864466428757,-1.6286205053329468,-0.33790990710258484,-0.15802805125713348,-1.837652325630188,-0.392794668674469,0.12531620264053345,-0.9738369584083557,-0.1895715743303299,0.05096506327390671,-1.3131580352783203,-0.31138697266578674,-0.03390571102499962,-1.6074583530426025,-0.3775384724140167,-0.09913632273674011,-1.8779555559158325,-0.41267600655555725,0.16596466302871704,-0.7256813645362854,-0.26739567518234253,-0.2993347644805908,-0.8202989101409912,-0.412880539894104,-0.40359067916870117,-0.6078868508338928,-0.4220207929611206,-0.3667827248573303,-0.45752379298210144,-0.39385008811950684,0.14575190842151642,-0.4129900336265564,-0.35381409525871277,-0.306188702583313,-0.4456194341182709,-0.46390947699546814,-0.4075116813182831,-0.3248147964477539,-0.4535932242870331,-0.37310779094696045,-0.2289159744977951,-0.4236668646335602,0.0,0.0,0.0,0.2222375124692917,-0.4480297565460205,-0.04964518919587135,0.5326351523399353,-0.7450969219207764,-0.18843328952789307,0.8467069268226624,-0.7309373617172241,-0.3403952419757843,1.0064185857772827,-0.6476994752883911,-0.486335426568985,0.46311959624290466,-1.1094326972961426,-0.32121607661247253,0.9369531273841858,-1.279114007949829,-0.5300583243370056,1.2073628902435303,-1.3574836254119873,-0.6576330065727234,1.427878737449646,-1.424088954925537,-0.7340620756149292,0.39252719283103943,-0.8160173296928406,-0.42430904507637024,0.9436286091804504,-1.065563440322876,-0.6467785239219666,1.2464940547943115,-1.1877212524414062,-0.7312257289886475,1.4889508485794067,-1.3143842220306396,-0.7828034162521362,0.3790632486343384,-0.4375968873500824,-0.517950713634491,0.9907520413398743,-0.4791511297225952,-0.7121179699897766,0.8578603863716125,-0.3546951413154602,-0.6387041807174683,0.6637259125709534,-0.3281451463699341,-0.5512565970420837,0.4030055105686188,-0.03762897104024887,-0.618976354598999,0.8915837407112122,-0.10769851505756378,-0.7107651233673096,0.7838321924209595,-0.06290724873542786,-0.6123054027557373,0.6173533797264099,-0.06253302842378616,-0.5216032862663269
0.0,0.0,0.0,-0.16567106544971466,-0.5156543850898743,-0.04554140195250511,-0.4885280430316925,-0.9041656851768494,-0.14184913039207458,-0.8396055102348328,-1.0077598094940186,-0.23204199969768524,-1.0975662469863892,-1.010854721069336,-0.34467944502830505,-0.41413256525993347,-1.100346326828003,-0.3289487957954407,-0.8040645122528076,-1.3826185464859009,-0.4882011115550995,-1.0738605260849,-1.5296350717544556,-0.5794243216514587,-1.2978715896606445,-1.6677565574645996,-0.6398284435272217,-0.42110300064086914,-0.8117585182189941,-0.40462374687194824,-0.8575358986854553,-1.125295639038086,-0.5572620034217834,-1.1608531475067139,-1.3063591718673706,-0.6253981590270996,-1.3908350467681885,-1.4528623819351196,-0.6791797280311584,-0.4407232701778412,-0.4346558153629303,-0.4675268530845642,-0.9819912314414978,-0.4860440790653229,-0.6342648863792419,-1.0679072141647339,-0.4443008601665497,-0.653480589389801,-1.0438227653503418,-0.4762378931045532,-0.6507428884506226,-0.4736773371696472,-0.006125854793936014,-0.5231629014015198,-0.9066984057426453,-6.602835492230952e-05,-0.6675788760185242,-0.8908205628395081,0.02962110936641693,-0.6606674194335938,-0.7840086221694946,-0.006572285201400518,-0.6396838426589966,0.0,0.0,0.0,0.2267766296863556,-0.4993094503879547,-0.07355163991451263,0.5776843428611755,-0.7642839550971985,-0.2528148293495178,0.878241777420044,-0.6773054599761963,-0.4257146120071411,1.0625958442687988,-0.6012994050979614,-0.5993313193321228,0.5686824321746826,-1.0079336166381836,-0.5297611951828003,1.0427305698394775,-1.0497524738311768,-0.7843846082687378,1.3246102333068848,-1.0734918117523193,-0.9537891149520874,1.5584975481033325,-1.0998692512512207,-1.0672407150268555,0.4280569851398468,-0.6613061428070068,-0.6159881949424744,1.0054928064346313,-0.6823088526725769,-0.8966854810714722,1.3310019969940186,-0.703881025314331,-1.0039397478103638,1.6017253398895264,-0.7240678668022156,-1.0824809074401855,0.3629808723926544,-0.2528955638408661,-0.6758593320846558,1.0260114669799805,-0.15154701471328735,-0.8581774234771729,0.9224228262901306,-0.15425880253314972,-0.7659568786621094,0.7304219007492065,-0.18728506565093994,-0.691877007484436,0.34738609194755554,0.13875599205493927,-0.7457828521728516,0.8868385553359985,0.16622908413410187,-0.8346751928329468,0.8125887513160706,0.1103164479136467,-0.7353920936584473,0.6434524059295654,0.05321480706334114,-0.6548095941543579
0.0,0.0,0.0,-0.24061883985996246,-0.331684410572052,-0.13923560082912445,-0.44424718618392944,-0.7218021154403687,-0.2758668065071106,-0.6158696413040161,-0.8907375931739807,-0.4199739694595337,-0.5390949845314026,-0.7760909795761108,-0.5594223737716675,-0.018236996605992317,-1.183559775352478,-0.23001904785633087,0.1320732682943344,-1.6145957708358765,-0.4199666976928711,0.18110866844654083,-1.8235419988632202,-0.5457698106765747,0.2148873209953308,-1.9381197690963745,-0.629534125328064,0.20586158335208893,-0.9351365566253662,-0.2883412539958954,0.19827596843242645,-1.1131094694137573,-0.5118518471717834,0.0637722834944725,-1.1934192180633545,-0.6034368276596069,-0.05435720458626747,-1.232336401939392,-0.6313990950584412,0.32566893100738525,-0.5696679353713989,-0.3615295886993408,-0.05025837942957878,-0.47795751690864563,-0.5332117080688477,-0.20653082430362701,-0.3379531800746918,-0.5169432759284973,-0.23534312844276428,-0.28583645820617676,-0.46917566657066345,0.37075045704841614,-0.164703369140625,-0.4534914791584015,-0.019244486466050148,-0.050609391182661057,-0.5551881194114685,-0.13425764441490173,0.02880508080124855,-0.5165849924087524,-0.13605213165283203,0.036900538951158524,-0.4637211263179779,0.0,0.0,0.0,0.28743284940719604,-0.4178607761859894,0.06124090775847435,0.6418507695198059,-0.5564178824424744,-0.010449834167957306,0.9103250503540039,-0.44127026200294495,-0.10378410667181015,1.0861577987670898,-0.3086695075035095,-0.19655661284923553,0.8380182385444641,-0.7934479117393494,-0.21769429743289948,1.3818633556365967,-0.6984646916389465,-0.33422330021858215,1.6801719665527344,-0.6378565430641174,-0.38512736558914185,1.9062883853912354,-0.5909783244132996,-0.4065350592136383,0.8073229193687439,-0.49145838618278503,-0.3266471326351166,1.3953057527542114,-0.4540868103504181,-0.43990662693977356,1.7076159715652466,-0.4340650737285614,-0.46166518330574036,1.9398252964019775,-0.42520642280578613,-0.47056612372398376,0.7507935166358948,-0.1263297200202942,-0.4085370600223541,1.161831259727478,0.1139078363776207,-0.47252362966537476,1.0032353401184082,0.12093448638916016,-0.3727889955043793,0.8196092844009399,0.05694808065891266,-0.2865690588951111,0.6628791093826294,0.2426379919052124,-0.48858097195625305,0.9986786842346191,0.3812236189842224,-0.4796666204929352,0.8772146701812744,0.3392335772514343,-0.34999385476112366,0.7177991271018982,0.2590545415878296,-0.24219922721385956
0.0,0.0,0.0,-0.23094624280929565,-0.37058210372924805,-0.13386671245098114,-0.4310871958732605,-0.7620402574539185,-0.26285049319267273,-0.5980753302574158,-0.9957060217857361,-0.39725396037101746,-0.6608529090881348,-1.0465775728225708,-0.5357773303985596,-0.013973116874694824,-1.1728355884552002,-0.21381032466888428,0.02318236418068409,-1.5353212356567383,-0.4033782184123993,0.023849477991461754,-1.7646443843841553,-0.544376015663147,0.018282610923051834,-1.938133955001831,-0.6407623291015625,0.22475038468837738,-0.9314177632331848,-0.2862659990787506,0.3298039138317108,-1.2401199340820312,-0.5186225771903992,0.22545316815376282,-1.360653042793274,-0.6417202949523926,0.07553328573703766,-1.3991488218307495,-0.6927685141563416,0.369831383228302,-0.578004777431488,-0.3722761273384094,0.2504548728466034,-0.6749957203865051,-0.6050805449485779,-0.03651849552989006,-0.5831817984580994,-0.6484001278877258,-0.27259689569473267,-0.5008697509765625,-0.6296200752258301,0.41722169518470764,-0.16800573468208313,-0.4668918550014496,0.20123477280139923,-0.1683451384305954,-0.6365762948989868,-0.04374484717845917,-0.11254489421844482,-0.6395441293716431,-0.24060188233852386,-0.06792572885751724,-0.6109616756439209,0.0,0.0,0.0,0.31387433409690857,-0.3266763985157013,0.02175472490489483,0.6739029288291931,-0.4310469329357147,-0.07947959750890732,0.9505113363265991,-0.2749648988246918,-0.20770305395126343,1.1325738430023193,-0.09842574596405029,-0.3261513113975525,0.7669695019721985,-0.8228936195373535,-0.20251131057739258,1.2534185647964478,-0.7961083054542542,-0.374382346868515,1.5496258735656738,-0.7812884449958801,-0.47612398862838745,1.7806302309036255,-0.7699721455574036,-0.5335681438446045,0.6949315071105957,-0.6413589119911194,-0.3251599371433258,1.2627876996994019,-0.7041505575180054,-0.5270508527755737,1.602009892463684,-0.721997857093811,-0.6113609075546265,1.8786813020706177,-0.7475782036781311,-0.6544186472892761,0.6232301592826843,-0.34453871846199036,-0.43065711855888367,1.0983262062072754,-0.04525892809033394,-0.5807032585144043,0.953548014163971,0.022923825308680534,-0.49675270915031433,0.7791138291358948,-0.041593920439481735,-0.40427306294441223,0.5529965162277222,0.017186401411890984,-0.5401676297187805,0.9467063546180725,0.2010885328054428,-0.5817415714263916,0.8372534513473511,0.23181384801864624,-0.45795321464538574,0.695016622543335,0.16602270305156708,-0.35028770565986633
0.0,0.0,0.0,0.0,0.0,0.0,0.0,0.0,0.0,0.0,0.0,0.0,0.0,0.0,0.0,0.0,0.0,0.0,0.0,0.0,0.0,0.0,0.0,0.0,0.0,0.0,0.0,0.0,0.0,0.0,0.0,0.0,0.0,0.0,0.0,0.0,0.0,0.0,0.0,0.0,0.0,0.0,0.0,0.0,0.0,0.0,0.0,0.0,0.0,0.0,0.0,0.0,0.0,0.0,0.0,0.0,0.0,0.0,0.0,0.0,0.0,0.0,0.0,0.0,0.0,0.0,0.051356203854084015,-0.748544454574585,-0.27735722064971924,0.008503871038556099,-1.3355153799057007,-0.5374600887298584,-0.11722348630428314,-1.8242195844650269,-0.7637946009635925,-0.19225788116455078,-2.3871970176696777,-0.9997631907463074,0.17974194884300232,-1.0168615579605103,-0.7978125810623169,0.2086472362279892,-1.3184696435928345,-1.1991865634918213,0.20702990889549255,-1.6473969221115112,-1.4605129957199097,0.17933693528175354,-1.923875331878662,-1.6392251253128052,0.19541098177433014,-0.457436740398407,-0.8675057291984558,0.3956032693386078,-0.42943254113197327,-1.2512867450714111,0.6863793730735779,-0.39721378684043884,-1.394546389579773,0.9423558115959167,-0.40082356333732605,-1.515891671180725,0.14423826336860657,0.08051155507564545,-0.9415454864501953,0.3283619284629822,0.18961578607559204,-1.3305375576019287,0.6527988314628601,0.23017124831676483,-1.3612278699874878,0.8915935158729553,0.2609371244907379,-1.3679659366607666,0.034493885934352875,0.5440438389778137,-1.0277141332626343,0.17221391201019287,0.6213220953941345,-1.344825029373169,0.32307639718055725,0.6659752726554871,-1.3539600372314453,0.4394817054271698,0.7264237999916077,-1.3437219858169556
0.0,0.0,0.0,-0.20358657836914062,-0.42526036500930786,-0.1464732438325882,-0.43179887533187866,-0.7736921310424805,-0.3139810860157013,-0.6706145405769348,-0.8152952194213867,-0.47900545597076416,-0.8381694555282593,-0.7631250023841858,-0.6515887379646301,-0.0536562018096447,-1.126878261566162,-0.38111644983291626,-0.05317598953843117,-1.3229343891143799,-0.6416758298873901,-0.09644835442304611,-1.507674217224121,-0.8205287456512451,-0.15053033828735352,-1.67441987991333,-0.9409067630767822,0.16790871322155,-0.8653371334075928,-0.47222697734832764,0.12022674083709717,-1.1115150451660156,-0.7296010851860046,0.017481191083788872,-1.3263540267944336,-0.8548160791397095,-0.08755413442850113,-1.4905716180801392,-0.9220618009567261,0.27106794714927673,-0.45375317335128784,-0.571719229221344,-0.20443511009216309,-0.40632036328315735,-0.796995997428894,-0.3672653138637543,-0.3181372582912445,-0.7974172830581665,-0.40331026911735535,-0.32908838987350464,-0.764266312122345,0.28446975350379944,0.008316025137901306,-0.6855457425117493,-0.21368011832237244,0.11328905820846558,-0.851713240146637,-0.3950922191143036,0.09167464822530746,-0.8354287147521973,-0.4483915865421295,-0.0034872873220592737,-0.801446795463562,0.0,0.0,0.0,0.33979353308677673,-0.4072428047657013,0.062333956360816956,0.7304283380508423,-0.5099701285362244,-0.014562360942363739,1.0506982803344727,-0.37053823471069336,-0.10884404182434082,1.2888816595077515,-0.21743665635585785,-0.20002204179763794,0.8465496301651001,-0.7538570165634155,-0.2796553671360016,1.3985764980316162,-0.6401031613349915,-0.4037758409976959,1.697554111480713,-0.5815367102622986,-0.44596239924430847,1.9360116720199585,-0.5350925326347351,-0.45907720923423767,0.8024704456329346,-0.4526166617870331,-0.3888179361820221,1.4243333339691162,-0.4234367311000824,-0.5166432857513428,1.775242805480957,-0.40113452076911926,-0.5417259335517883,2.036273717880249,-0.3881905972957611,-0.5533947348594666,0.7340097427368164,-0.08091192692518234,-0.4634603261947632,1.1734590530395508,0.17285285890102386,-0.5230282545089722,1.0679782629013062,0.22537371516227722,-0.4088860750198364,0.91326904296875,0.18666972219944,-0.31433218717575073,0.6497875452041626,0.2859242260456085,-0.536585807800293,1.0283927917480469,0.44604259729385376,-0.506263792514801,0.9846965074539185,0.45784792304039,-0.3632199466228485,0.8728616237640381,0.41753023862838745,-0.2490341067314148
0.0,0.0,0.0,-0.2013758271932602,-0.3139219284057617,-0.08522424101829529,-0.3021693229675293,-0.6401160359382629,-0.17025917768478394,-0.38558727502822876,-0.7947232127189636,-0.26904216408729553,-0.43340644240379333,-0.9073719382286072,-0.36630019545555115,0.05462530255317688,-1.1145660877227783,-0.11607340723276138,0.06598564982414246,-1.406174898147583,-0.2598261535167694,0.05227172002196312,-1.642107367515564,-0.3629252016544342,0.049995604902505875,-1.8569070100784302,-0.43151742219924927,0.22007223963737488,-0.9576759338378906,-0.1855398565530777,0.21643579006195068,-1.2942129373550415,-0.3188689649105072,0.16216474771499634,-1.5161222219467163,-0.39132875204086304,0.11579277366399765,-1.7249782085418701,-0.42454609274864197,0.3097979724407196,-0.6899700164794922,-0.2673046588897705,-0.07274788618087769,-0.7621954083442688,-0.4020601809024811,-0.1857050061225891,-0.6099339723587036,-0.38128045201301575,-0.1724672168493271,-0.5372191071510315,-0.33476099371910095,0.29960060119628906,-0.3557683229446411,-0.3637715280056,-0.07430904358625412,-0.38305556774139404,-0.44196727871894836,-0.161016583442688,-0.30092790722846985,-0.39413636922836304,-0.12225797027349472,-0.25544604659080505,-0.339669793844223,0.0,0.0,0.0,0.2070830911397934,-0.4280916154384613,-0.0419149212539196,0.5412979125976562,-0.7299341559410095,-0.1790483295917511,0.8329673409461975,-0.7895442247390747,-0.32703566551208496,1.0565422773361206,-0.8042348623275757,-0.4698697626590729,0.565403163433075,-1.054591178894043,-0.3573145568370819,1.1093136072158813,-1.17013418674469,-0.5584264993667603,1.4180275201797485,-1.231872320175171,-0.6658508777618408,1.6627532243728638,-1.2778325080871582,-0.7241849899291992,0.5014041662216187,-0.7358212471008301,-0.45514941215515137,1.1113399267196655,-0.9433311223983765,-0.6797942519187927,1.4353125095367432,-1.0605839490890503,-0.7560193538665771,1.6932547092437744,-1.1687297821044922,-0.7966653108596802,0.48675042390823364,-0.3503689765930176,-0.5347869396209717,1.0772860050201416,-0.321242094039917,-0.7132582068443298,0.9425826668739319,-0.22494128346443176,-0.6220923662185669,0.7531192898750305,-0.2058980017900467,-0.5253273844718933,0.5014441013336182,0.052049919962882996,-0.6191188097000122,0.9830094575881958,-0.008393018506467342,-0.6918329000473022,0.8780843019485474,0.04087947681546211,-0.5690186619758606,0.709455668926239,0.052976544946432114,-0.4605427384376526
0.0,0.0,0.0,0.0,0.0,0.0,0.0,0.0,0.0,0.0,0.0,0.0,0.0,0.0,0.0,0.0,0.0,0.0,0.0,0.0,0.0,0.0,0.0,0.0,0.0,0.0,0.0,0.0,0.0,0.0,0.0,0.0,0.0,0.0,0.0,0.0,0.0,0.0,0.0,0.0,0.0,0.0,0.0,0.0,0.0,0.0,0.0,0.0,0.0,0.0,0.0,0.0,0.0,0.0,0.0,0.0,0.0,0.0,0.0,0.0,0.0,0.0,0.0,0.0,0.0,0.0,0.2970404028892517,-0.4245239496231079,0.062273427844047546,0.6682958006858826,-0.5539379715919495,-0.03264662250876427,0.9924829602241516,-0.46028223633766174,-0.14507447183132172,1.2482024431228638,-0.36081692576408386,-0.24584801495075226,0.8183318972587585,-0.7887697815895081,-0.31458625197410583,1.3354299068450928,-0.7538091540336609,-0.4748070538043976,1.626251220703125,-0.7378759980201721,-0.5479942560195923,1.8396083116531372,-0.7061932682991028,-0.5905801653862,0.7548322081565857,-0.4900834560394287,-0.43594327569007874,1.346720576286316,-0.500389814376831,-0.6873461604118347,1.7011131048202515,-0.5233441591262817,-0.7929869294166565,1.9514427185058594,-0.5114969611167908,-0.8563368320465088,0.6736968159675598,-0.13331766426563263,-0.512820839881897,1.2028053998947144,0.08076504617929459,-0.633854329586029,1.0603991746902466,0.10285467654466629,-0.4738692343235016,0.8901541233062744,0.04499785602092743,-0.3442622721195221,0.5933071374893188,0.23474735021591187,-0.5887243747711182,1.0254307985305786,0.3379439413547516,-0.5850098729133606,0.9206843376159668,0.32874155044555664,-0.40717706084251404,0.7656995058059692,0.2472512274980545,-0.2666347324848175
0.0,0.0,0.0,-0.23712646961212158,-0.411184161901474,-0.10354822874069214,-0.4543967843055725,-0.7811333537101746,-0.23244185745716095,-0.6782339215278625,-0.8683112859725952,-0.3689609467983246,-0.8006849884986877,-0.8031286597251892,-0.5139484405517578,-0.01986764930188656,-1.1796860694885254,-0.2439657747745514,-0.06439605355262756,-1.436309576034546,-0.44068199396133423,-0.15492376685142517,-1.596352219581604,-0.5869659781455994,-0.26315125823020935,-1.7390122413635254,-0.6850746870040894,0.1547427773475647,-0.9298844933509827,-0.33372074365615845,0.0860058143734932,-1.181530475616455,-0.5405146479606628,-0.08209123462438583,-1.340120553970337,-0.6503838300704956,-0.2535518407821655,-1.46334969997406,-0.70456862449646,0.23439493775367737,-0.5584660768508911,-0.4325169324874878,-0.14087426662445068,-0.5244593024253845,-0.6270551085472107,-0.3137718737125397,-0.3960377871990204,-0.663840115070343,-0.37894704937934875,-0.360830694437027,-0.6546874046325684,0.22466911375522614,-0.14195790886878967,-0.5392968058586121,-0.2069118767976761,-0.04643886163830757,-0.6842074394226074,-0.3811304271221161,-0.004569019190967083,-0.6810464262962341,-0.4506160616874695,-0.021850507706403732,-0.6551284193992615,0.0,0.0,0.0,0.28626710176467896,-0.46439647674560547,0.03466055169701576,0.6680079698562622,-0.6469210982322693,-0.04198121652007103,0.9910914301872253,-0.5553669333457947,-0.1272052526473999,1.2290676832199097,-0.44442906975746155,-0.21031537652015686,0.7703655958175659,-0.895464301109314,-0.295355886220932,1.3250863552093506,-0.8407013416290283,-0.42427948117256165,1.6273376941680908,-0.8100112676620483,-0.4764942228794098,1.8631575107574463,-0.7837426662445068,-0.4963768720626831,0.7376877069473267,-0.5551952123641968,-0.38415512442588806,1.3564997911453247,-0.5933429002761841,-0.5060217976570129,1.6978780031204224,-0.6085581183433533,-0.5310412645339966,1.9566006660461426,-0.6277163624763489,-0.5448663234710693,0.6970174908638,-0.15508054196834564,-0.44215473532676697,1.1950571537017822,-0.017144834622740746,-0.5143289566040039,1.101121187210083,0.028821324929594994,-0.4149913489818573,0.9445092082023621,0.012442515231668949,-0.32777711749076843,0.6456471085548401,0.23209673166275024,-0.49806898832321167,1.0650917291641235,0.2912282943725586,-0.48628923296928406,1.0148680210113525,0.2706754505634308,-0.35477080941200256,0.8912681341171265,0.2309550940990448,-0.24580730497837067
0.0,0.0,0.0,-0.25703486800193787,-0.3530643582344055,-0.1184988021850586,-0.3965337872505188,-0.7796639800071716,-0.19551344215869904,-0.46328437328338623,-1.0996514558792114,-0.26749715209007263,-0.5435570478439331,-1.3889365196228027,-0.34284737706184387,-0.033041812479496,-1.1319433450698853,-0.19152452051639557,-0.1649167537689209,-1.3745787143707275,-0.38931745290756226,-0.3135225474834442,-1.503039002418518,-0.5447290539741516,-0.4842611253261566,-1.619165301322937,-0.6440004110336304,0.13988527655601501,-0.9609302878379822,-0.23884108662605286,-0.028012031689286232,-1.2280501127243042,-0.41418516635894775,-0.23408514261245728,-1.3453105688095093,-0.5223953127861023,-0.43703487515449524,-1.4486132860183716,-0.5935811996459961,0.2562108039855957,-0.6854910254478455,-0.3044291138648987,0.06087693199515343,-0.7843643426895142,-0.5023230314254761,-0.15425629913806915,-0.7845203876495361,-0.5604500770568848,-0.3383232355117798,-0.8149964809417725,-0.5802697539329529,0.3193245530128479,-0.3327998220920563,-0.3774484395980835,0.15819716453552246,-0.32977911829948425,-0.5527790188789368,-0.009571531787514687,-0.3032286465167999,-0.5878892540931702,-0.14959508180618286,-0.2931375503540039,-0.5918591022491455,0.0,0.0,0.0,0.2852979302406311,-0.4785642921924591,0.022065812721848488,0.6601603627204895,-0.6516432762145996,-0.08505348116159439,0.9517049193382263,-0.5382986664772034,-0.20088838040828705,1.1442484855651855,-0.3663543164730072,-0.31449130177497864,0.8030974864959717,-0.8278115391731262,-0.36632826924324036,1.3320083618164062,-0.7890800833702087,-0.5394980907440186,1.640343427658081,-0.7705540657043457,-0.6255435347557068,1.873284935951233,-0.7239572405815125,-0.6741190552711487,0.7460801005363464,-0.4710175693035126,-0.4706452488899231,1.3872226476669312,-0.4774526059627533,-0.7004466652870178,1.7461429834365845,-0.5097637176513672,-0.7889907956123352,2.0104453563690186,-0.5082653760910034,-0.8412453532218933,0.6794763207435608,-0.06879911571741104,-0.5362160801887512,1.2748844623565674,0.09098583459854126,-0.6787216663360596,1.1103838682174683,0.05813891813158989,-0.5508445501327515,0.9129302501678467,-0.0147317536175251,-0.43468815088272095,0.6040156483650208,0.32455694675445557,-0.5997517108917236,1.0776147842407227,0.36895906925201416,-0.6295822262763977,0.9535768032073975,0.3220885992050171,-0.4736270010471344,0.778235137462616,0.24981065094470978,-0.3430913984775543
0.0,0.0,0.0,-0.2311093956232071,-0.5066981911659241,-0.18931125104427338,-0.4685482978820801,-0.9730084538459778,-0.3775193393230438,-0.726395845413208,-1.0616257190704346,-0.5638604164123535,-0.8175729513168335,-0.9040916562080383,-0.7462697625160217,0.05755896493792534,-1.2532657384872437,-0.360707551240921,0.03054904192686081,-1.5339183807373047,-0.6449246406555176,-0.09982440620660782,-1.6622426509857178,-0.8293709754943848,-0.21722087264060974,-1.7343419790267944,-0.9371645450592041,0.27028167247772217,-0.8596521615982056,-0.4335273504257202,0.07312867790460587,-1.0574227571487427,-0.7340636253356934,-0.12021471560001373,-1.2155125141143799,-0.8464924097061157,-0.25465306639671326,-1.2870219945907593,-0.8745107650756836,0.3343361020088196,-0.3606638014316559,-0.5294091105461121,-0.2867819368839264,-0.3090675473213196,-0.7603060603141785,-0.4109025299549103,-0.273253858089447,-0.7407997250556946,-0.35927969217300415,-0.2752644419670105,-0.6740278601646423,0.2944176197052002,0.121086984872818,-0.6498377323150635,-0.31220757961273193,0.15230876207351685,-0.8040878772735596,-0.39272236824035645,0.09708470851182938,-0.7752543091773987,-0.3084816038608551,0.012411934323608875,-0.7188069224357605,0.0,0.0,0.0,0.2101956605911255,-0.4611715078353882,-0.010920293629169464,0.5518646240234375,-0.6929033398628235,-0.1369963437318802,0.8463119268417358,-0.6154316663742065,-0.27271032333374023,1.031784176826477,-0.4882706105709076,-0.4085330367088318,0.6276309490203857,-0.9725788235664368,-0.3586772084236145,1.1692107915878296,-1.025119423866272,-0.5414602756500244,1.4734935760498047,-1.0445246696472168,-0.6339951753616333,1.7123277187347412,-1.0508968830108643,-0.6816903948783875,0.5894291996955872,-0.6659292578697205,-0.45728710293769836,1.2005349397659302,-0.8368163704872131,-0.6614800095558167,1.5349738597869873,-0.9176188707351685,-0.7206141352653503,1.8021279573440552,-0.9857099652290344,-0.7483212351799011,0.5726961493492126,-0.28050148487091064,-0.5297892689704895,1.1109627485275269,-0.2079184502363205,-0.6750957369804382,0.9679374098777771,-0.1663830280303955,-0.571966290473938,0.7789331078529358,-0.18547359108924866,-0.4697398841381073,0.5599625706672668,0.12146466225385666,-0.6044837236404419,1.010031819343567,0.10880619287490845,-0.6429901123046875,0.8983397483825684,0.10818985104560852,-0.5043790340423584,0.7285492420196533,0.08262377977371216,-0.3859691917896271
0.0,0.0,0.0,-0.28236573934555054,-0.4860116243362427,-0.11073517799377441,-0.5189087986946106,-0.8763508796691895,-0.25029826164245605,-0.7287150025367737,-0.9717165231704712,-0.4010085165500641,-0.8482412695884705,-0.9178128838539124,-0.5540438294410706,-0.028667181730270386,-1.1976544857025146,-0.25230827927589417,0.03313763067126274,-1.5406559705734253,-0.4790922999382019,-0.11311069130897522,-1.68595290184021,-0.6170449256896973,-0.279831200838089,-1.7184170484542847,-0.6899228096008301,0.1785983443260193,-0.9232316613197327,-0.34021449089050293,0.10458077490329742,-1.208175539970398,-0.568859338760376,-0.13696269690990448,-1.2686657905578613,-0.6494291424751282,-0.3551497757434845,-1.2136298418045044,-0.661174476146698,0.2572464644908905,-0.5173550844192505,-0.4460550844669342,-0.17864373326301575,-0.4874899089336395,-0.6550729274749756,-0.37516987323760986,-0.42788904905319214,-0.6907445788383484,-0.4549270272254944,-0.42414116859436035,-0.6720991134643555,0.2591136693954468,-0.06701256334781647,-0.5604563355445862,-0.24500426650047302,0.05338162183761597,-0.7184428572654724,-0.5137298703193665,0.06597039848566055,-0.7283831238746643,-0.6638407707214355,0.030495109036564827,-0.7057545781135559,0.0,0.0,0.0,0.23108352720737457,-0.46235209703445435,-0.04150775820016861,0.5743681788444519,-0.7151393890380859,-0.16673040390014648,0.8782273530960083,-0.6240258812904358,-0.30373480916023254,1.0547219514846802,-0.45053789019584656,-0.4349268674850464,0.5856793522834778,-1.0619689226150513,-0.31466567516326904,1.1106408834457397,-1.1605042219161987,-0.4941873848438263,1.4026105403900146,-1.1829938888549805,-0.5893015265464783,1.6304527521133423,-1.1926679611206055,-0.6392353773117065,0.5378986597061157,-0.7370220422744751,-0.40922310948371887,1.1278419494628906,-0.9276503920555115,-0.5964789986610413,1.4552407264709473,-1.0041252374649048,-0.6624584197998047,1.707924723625183,-1.0780467987060547,-0.6992034316062927,0.5292725563049316,-0.3259100317955017,-0.4897823631763458,1.078964114189148,-0.33133962750434875,-0.6546374559402466,0.9451162815093994,-0.249840646982193,-0.5803700685501099,0.7579898834228516,-0.23730073869228363,-0.4914247691631317,0.5420064330101013,0.09184306114912033,-0.575598418712616,0.9864859580993652,0.002429370768368244,-0.6405265927314758,0.8772357702255249,0.030691491439938545,-0.5271072387695312,0.7231876850128174,0.05111590027809143,-0.42425042390823364
0.0,0.0,0.0,-0.16228531301021576,-0.42900004982948303,-0.13131143152713776,-0.26224976778030396,-0.8485308885574341,-0.25499364733695984,-0.3597123920917511,-1.157120943069458,-0.3735800087451935,-0.4795565903186798,-1.4282852411270142,-0.5010265111923218,0.11416058242321014,-1.1363600492477417,-0.3297978341579437,-0.05619330704212189,-1.393444538116455,-0.5892418622970581,-0.24983203411102295,-1.5627423524856567,-0.7764288783073425,-0.44888806343078613,-1.7172077894210815,-0.8937023282051086,0.25970712304115295,-0.8823574781417847,-0.39242517948150635,-0.11193995177745819,-1.0070438385009766,-0.6398856043815613,-0.44201168417930603,-1.0072070360183716,-0.7417063117027283,-0.6653861999511719,-1.017218828201294,-0.7985013127326965,0.3270377218723297,-0.5065294504165649,-0.46777456998825073,-0.1007254496216774,-0.5156374573707581,-0.6982825398445129,-0.419496089220047,-0.4293457865715027,-0.696597695350647,-0.6072446703910828,-0.362619549036026,-0.6685824394226074,0.33239710330963135,-0.09223943203687668,-0.5554018020629883,-0.03811785951256752,-0.06510282307863235,-0.7430376410484314,-0.2757328748703003,-0.040646184235811234,-0.7409060001373291,-0.4104481637477875,-0.014124425128102303,-0.7106074094772339,0.0,0.0,0.0,0.29334548115730286,-0.5262560844421387,-0.0574825219810009,0.7377214431762695,-0.7495875954627991,-0.19896528124809265,1.0868277549743652,-0.5867032408714294,-0.33154964447021484,1.2991517782211304,-0.3667599558830261,-0.4628892242908478,0.775779128074646,-0.8937240839004517,-0.4817311763763428,1.3957735300064087,-0.8523864150047302,-0.6712126731872559,1.7414665222167969,-0.8190498948097229,-0.7593446969985962,2.012087345123291,-0.7636662125587463,-0.8078518509864807,0.6929821968078613,-0.459760844707489,-0.5553337931632996,1.4262052774429321,-0.46545296907424927,-0.7625318765640259,1.8251979351043701,-0.4714580178260803,-0.8184714317321777,2.134873390197754,-0.46501195430755615,-0.8552842140197754,0.6337489485740662,0.023994233459234238,-0.598406970500946,1.357187032699585,0.1345125436782837,-0.7688585519790649,1.2056912183761597,0.047897711396217346,-0.6691052317619324,0.9741013050079346,-0.056235022842884064,-0.5679529905319214,0.5901581048965454,0.4788801968097687,-0.6419550180435181,1.158336877822876,0.49128028750419617,-0.7186338901519775,1.0393586158752441,0.38972702622413635,-0.5945994853973389,0.8306372165679932,0.30516886711120605,-0.4836764931678772
0.0,0.0,0.0,-0.2458399534225464,-0.46437695622444153,-0.11851280927658081,-0.4331299662590027,-0.8886180520057678,-0.2549160420894623,-0.577589213848114,-1.0348851680755615,-0.3951982259750366,-0.6065220236778259,-0.937842607498169,-0.5426334738731384,0.040896669030189514,-1.1864327192306519,-0.26213738322257996,0.10095983743667603,-1.4789201021194458,-0.4820554256439209,0.0327780656516552,-1.6226794719696045,-0.6317425966262817,-0.061982158571481705,-1.6993404626846313,-0.7237578630447388,0.2551390826702118,-0.9041117429733276,-0.342762291431427,0.2712121903896332,-1.1735942363739014,-0.5957422852516174,0.02135564386844635,-1.2000397443771362,-0.6892063021659851,-0.21746531128883362,-1.128896951675415,-0.7105439305305481,0.3533315062522888,-0.5180959701538086,-0.4379482567310333,0.20141173899173737,-0.6277068853378296,-0.6758395433425903,-0.056720834225416183,-0.5135897994041443,-0.7015754580497742,-0.23336203396320343,-0.40295353531837463,-0.6680206060409546,0.3598286211490631,-0.093156598508358,-0.5401771664619446,0.039902009069919586,-0.0915658101439476,-0.7172456979751587,-0.2221556305885315,-0.04977662116289139,-0.7248892784118652,-0.39693698287010193,-0.028053143993020058,-0.6975098848342896,0.0,0.0,0.0,0.2551388740539551,-0.47073760628700256,0.03874379023909569,0.6194422245025635,-0.6626570820808411,-0.042237330228090286,0.9185699820518494,-0.5606584548950195,-0.14265474677085876,1.116615653038025,-0.4074725806713104,-0.24016040563583374,0.7345440983772278,-0.9112548232078552,-0.2536015510559082,1.2891486883163452,-0.9635069966316223,-0.3859281837940216,1.5880900621414185,-0.9797170758247375,-0.44344863295555115,1.8242744207382202,-0.9795851111412048,-0.4704427719116211,0.7182111740112305,-0.5962532758712769,-0.3586846888065338,1.3306388854980469,-0.7449243068695068,-0.4996325969696045,1.6544026136398315,-0.8072882294654846,-0.5350887179374695,1.9101353883743286,-0.8496294617652893,-0.5537717938423157,0.6962525248527527,-0.21718622744083405,-0.43741533160209656,1.2282540798187256,-0.15492375195026398,-0.5402005314826965,1.0652409791946411,-0.11854109913110733,-0.43805328011512756,0.8667306900024414,-0.13879717886447906,-0.34114474058151245,0.6631168127059937,0.16739946603775024,-0.514666736125946,1.0902692079544067,0.164117693901062,-0.5338048338890076,0.9716154932975769,0.14101123809814453,-0.40509840846061707,0.799028754234314,0.09678996354341507,-0.2942163944244385
0.0,0.0,0.0,-0.30934157967567444,-0.6549160480499268,-0.18183663487434387,-0.5365385413169861,-1.261352777481079,-0.3210979402065277,-0.7112278342247009,-1.735232949256897,-0.4464934468269348,-0.8672835826873779,-2.1798434257507324,-0.5805323719978333,-0.13109101355075836,-1.2576934099197388,-0.4172224700450897,-0.46724367141723633,-1.4251681566238403,-0.671609103679657,-0.6599183082580566,-1.596576452255249,-0.8527157306671143,-0.8017577528953552,-1.831095576286316,-0.9877822399139404,0.06396520882844925,-0.8852512836456299,-0.4606935977935791,-0.38520529866218567,-0.8019214272499084,-0.7473844289779663,-0.5308755040168762,-0.7438994646072388,-0.8792463541030884,-0.57084059715271,-0.7755225896835327,-0.9803181886672974,0.19256065785884857,-0.4486580491065979,-0.5157374143600464,-0.1366623342037201,-0.3446351885795593,-0.835547149181366,-0.20307599008083344,-0.31811633706092834,-0.9077892303466797,-0.19149713218212128,-0.32473233342170715,-0.9276221990585327,0.259558767080307,-0.02480142004787922,-0.5768352746963501,0.2348344773054123,-0.06693127006292343,-0.8628938794136047,0.3230423629283905,-0.17110666632652283,-0.9535977244377136,0.4573453962802887,-0.29375457763671875,-0.9923208951950073,0.0,0.0,0.0,0.24267135560512543,-0.5073313117027283,-0.03291991725564003,0.6354061961174011,-0.7578327059745789,-0.16628579795360565,0.9522525072097778,-0.6663570404052734,-0.3009774386882782,1.1489624977111816,-0.5257934927940369,-0.4366125762462616,0.7082570791244507,-0.9571986794471741,-0.4119762182235718,1.2507688999176025,-0.9315876364707947,-0.5916875600814819,1.5449446439743042,-0.913672924041748,-0.6932604908943176,1.7838666439056396,-0.8849447965621948,-0.7561376690864563,0.6377307176589966,-0.5900810956954956,-0.4950796663761139,1.2770437002182007,-0.6410396695137024,-0.6842882633209229,1.6418025493621826,-0.6741575002670288,-0.7474947571754456,1.9382089376449585,-0.6940135359764099,-0.7976281046867371,0.5911222696304321,-0.17373111844062805,-0.5503296852111816,1.2289963960647583,-0.10799188911914825,-0.679165244102478,1.0655429363250732,-0.10658702999353409,-0.5694141983985901,0.8474816083908081,-0.1340917944908142,-0.4784875810146332,0.5532019734382629,0.22901184856891632,-0.6101576089859009,1.0620533227920532,0.2157648652791977,-0.6489741802215576,0.9453703761100769,0.16861069202423096,-0.5199270844459534,0.7566269636154175,0.11860255897045135,-0.4178909659385681
0.0,0.0,0.0,-0.2188142091035843,-0.7232598066329956,-0.2058282196521759,-0.5686994194984436,-1.1739438772201538,-0.39444300532341003,-0.9527913331985474,-1.1849201917648315,-0.5490314364433289,-1.1851820945739746,-1.0628098249435425,-0.7246453166007996,-0.10895418375730515,-1.2142373323440552,-0.5471038222312927,-0.15793479979038239,-1.584221601486206,-0.7880579829216003,-0.3405172824859619,-1.875571608543396,-0.9381344318389893,-0.4990728497505188,-2.137906789779663,-1.0502928495407104,-0.028137139976024628,-0.7995014190673828,-0.6000048518180847,-0.04356156289577484,-1.2680821418762207,-0.8532407283782959,-0.27589085698127747,-1.6069657802581787,-0.9678794741630554,-0.48199811577796936,-1.8563907146453857,-1.0556550025939941,-0.08665139973163605,-0.2869091331958771,-0.6524823904037476,-0.631716787815094,-0.5139329433441162,-0.9299179911613464,-0.9913758635520935,-0.6248586773872375,-0.9916424751281738,-1.2271440029144287,-0.7403244376182556,-1.0059880018234253,-0.2575109004974365,0.25249484181404114,-0.7065531015396118,-0.8315165638923645,0.1557375192642212,-0.9296894073486328,-1.1264493465423584,0.00208803778514266,-0.9695308804512024,-1.3285382986068726,-0.147996723651886,-0.9851481318473816,0.0,0.0,0.0,0.2699900269508362,-0.43052437901496887,0.0016846575308591127,0.6240284442901611,-0.6191694140434265,-0.13481663167476654,0.9361909627914429,-0.5068000555038452,-0.2846771478652954,1.1326824426651,-0.3845991790294647,-0.43251925706863403,0.6714505553245544,-0.9253678321838379,-0.3589974343776703,1.2123655080795288,-0.9432617425918579,-0.553248941898346,1.4997334480285645,-0.9204408526420593,-0.6600303649902344,1.7225598096847534,-0.9164922833442688,-0.7232943773269653,0.6095619797706604,-0.6361603736877441,-0.4730054438114166,1.209707260131836,-0.7466027140617371,-0.705013632774353,1.5488380193710327,-0.8001178503036499,-0.7936168313026428,1.822849988937378,-0.8533996939659119,-0.8466845750808716,0.5693892240524292,-0.25625306367874146,-0.557900607585907,1.153658390045166,-0.09150829166173935,-0.7111096978187561,1.0992064476013184,0.021183732897043228,-0.61180180311203,0.9662116169929504,0.04196756333112717,-0.5179415941238403,0.5543380379676819,0.13956458866596222,-0.6448037624359131,1.0466662645339966,0.20634694397449493,-0.6922909617424011,1.0336757898330688,0.24373868107795715,-0.5614106059074402,0.9455841779708862,0.2281247228384018,-0.45155566930770874
