hand0_x0,hand0_y0,hand0_z0,hand0_x1,hand0_y1,hand0_z1,hand0_x2,hand0_y2,hand0_z2,hand0_x3,hand0_y3,hand0_z3,hand0_x4,hand0_y4,hand0_z4,hand0_x5,hand0_y5,hand0_z5,hand0_x6,hand0_y6,hand0_z6,hand0_x7,hand0_y7,hand0_z7,hand0_x8,hand0_y8,hand0_z8,hand0_x9,hand0_y9,hand0_z9,hand0_x10,hand0_y10,hand0_z10,hand0_x11,hand0_y11,hand0_z11,hand0_x12,hand0_y12,hand0_z12,hand0_x13,hand0_y13,hand0_z13,hand0_x14,hand0_y14,hand0_z14,hand0_x15,hand0_y15,hand0_z15,hand0_x16,hand0_y16,hand0_z16,hand0_x17,hand0_y17,hand0_z17,hand0_x18,hand0_y18,hand0_z18,hand0_x19,hand0_y19,hand0_z19,hand0_x20,hand0_y20,hand0_z20,hand1_x0,hand1_y0,hand1_z0,hand1_x1,hand1_y1,hand1_z1,hand1_x2,hand1_y2,hand1_z2,hand1_x3,hand1_y3,hand1_z3,hand1_x4,hand1_y4,hand1_z4,hand1_x5,hand1_y5,hand1_z5,hand1_x6,hand1_y6,hand1_z6,hand1_x7,hand1_y7,hand1_z7,hand1_x8,hand1_y8,hand1_z8,hand1_x9,hand1_y9,hand1_z9,hand1_x10,hand1_y10,hand1_z10,hand1_x11,hand1_y11,hand1_z11,hand1_x12,hand1_y12,hand1_z12,hand1_x13,hand1_y13,hand1_z13,hand1_x14,hand1_y14,hand1_z14,hand1_x15,hand1_y15,hand1_z15,hand1_x16,hand1_y16,hand1_z16,hand1_x17,hand1_y17,hand1_z17,hand1_x18,hand1_y18,hand1_z18,hand1_x19,hand1_y19,hand1_z19,hand1_x20,hand1_y20,hand1_z20
0.0,0.0,0.0,-0.2387276142835617,-0.18809983134269714,-0.05823992192745209,-0.43197306990623474,-0.5669512152671814,-0.10667376220226288,-0.4559415280818939,-0.9130653142929077,-0.17570199072360992,-0.33906060457229614,-1.1305665969848633,-0.2414758950471878,-0.19048605859279633,-1.0352263450622559,-0.00217415951192379,-0.19823572039604187,-1.4540669918060303,-0.10605490952730179,-0.2532285153865814,-1.6868908405303955,-0.15724989771842957,-0.2954939305782318,-1.8856971263885498,-0.19429491460323334,-0.028935447335243225,-0.9983566999435425,-0.0494629330933094,-0.19494682550430298,-1.2510095834732056,-0.2374805510044098,-0.26528385281562805,-0.8872727155685425,-0.2573670744895935,-0.23219262063503265,-0.6768832802772522,-0.21788763999938965,0.12828685343265533,-0.9215474128723145,-0.11507346481084824,-0.05387997627258301,-1.1028468608856201,-0.31625908613204956,-0.12942995131015778,-0.7201468348503113,-0.25502118468284607,-0.09816425293684006,-0.5131229162216187,-0.15388114750385284,0.29656606912612915,-0.7988752722740173,-0.18669474124908447,0.12929169833660126,-1.0002593994140625,-0.31464913487434387,0.013535836711525917,-0.729030430316925,-0.26117536425590515,0.0001810855173971504,-0.529920756816864,-0.18587163090705872,0.0,0.0,0.0,0.0,0.0,0.0,0.0,0.0,0.0,0.0,0.0,0.0,0.0,0.0,0.0,0.0,0.0,0.0,0.0,0.0,0.0,0.0,0.0,0.0,0.0,0.0,0.0,0.0,0.0,0.0,0.0,0.0,0.0,0.0,0.0,0.0,0.0,0.0,0.0,0.0,0.0,0.0,0.0,0.0,0.0,0.0,0.0,0.0,0.0,0.0,0.0,0.0,0.0,0.0,0.0,0.0,0.0,0.0,0.0,0.0,0.0,0.0,0.0
0.0,0.0,0.0,-0.23495805263519287,-0.1900787502527237,-0.06282224506139755,-0.43433260917663574,-0.5576260685920715,-0.11856301128864288,-0.4610884487628937,-0.9008322954177856,-0.1950950175523758,-0.3204067349433899,-1.0982918739318848,-0.26894310116767883,-0.19877925515174866,-1.032293677330017,-0.028164301067590714,-0.213054820895195,-1.4794588088989258,-0.14122000336647034,-0.23642724752426147,-1.7293015718460083,-0.1972360610961914,-0.23283304274082184,-1.951802372932434,-0.23770645260810852,-0.027117516845464706,-0.9971407055854797,-0.07053395360708237,-0.19307006895542145,-1.1916484832763672,-0.26355212926864624,-0.25463467836380005,-0.8249689936637878,-0.2790403962135315,-0.20692342519760132,-0.6445338726043701,-0.24046654999256134,0.13437968492507935,-0.9242498874664307,-0.1312187761068344,-0.043564941734075546,-1.0709251165390015,-0.33254241943359375,-0.12046913802623749,-0.6909146308898926,-0.265659362077713,-0.08093156665563583,-0.5044264793395996,-0.1641441434621811,0.3036831021308899,-0.8080943822860718,-0.1989906132221222,0.13884203135967255,-0.9796715378761292,-0.32331329584121704,0.019487112760543823,-0.7105286121368408,-0.26814866065979004,0.009106295183300972,-0.5267893075942993,-0.1933838427066803,0.0,0.0,0.0,0.0,0.0,0.0,0.0,0.0,0.0,0.0,0.0,0.0,0.0,0.0,0.0,0.0,0.0,0.0,0.0,0.0,0.0,0.0,0.0,0.0,0.0,0.0,0.0,0.0,0.0,0.0,0.0,0.0,0.0,0.0,0.0,0.0,0.0,0.0,0.0,0.0,0.0,0.0,0.0,0.0,0.0,0.0,0.0,0.0,0.0,0.0,0.0,0.0,0.0,0.0,0.0,0.0,0.0,0.0,0.0,0.0,0.0,0.0,0.0
0.0,0.0,0.0,-0.24060507118701935,-0.19083870947360992,-0.05875425040721893,-0.4399077892303467,-0.5671523809432983,-0.10998014360666275,-0.46097055077552795,-0.9148570895195007,-0.18276867270469666,-0.32432982325553894,-1.1212373971939087,-0.2537188231945038,-0.2078527808189392,-1.0368404388427734,-0.018386369571089745,-0.21813564002513885,-1.4842486381530762,-0.1265408843755722,-0.24096421897411346,-1.7354824542999268,-0.1803739219903946,-0.2423582226037979,-1.953329086303711,-0.21951238811016083,-0.03642428293824196,-0.9973297715187073,-0.06329764425754547,-0.1937035471200943,-1.2193865776062012,-0.2564198970794678,-0.26024329662323,-0.8496361970901489,-0.27503466606140137,-0.22362494468688965,-0.6500647664070129,-0.23636803030967712,0.12721100449562073,-0.9217379689216614,-0.12580545246601105,-0.045219339430332184,-1.0975064039230347,-0.32845965027809143,-0.12336622923612595,-0.7111806273460388,-0.2638956606388092,-0.0914510115981102,-0.5080633759498596,-0.16187575459480286,0.3013540804386139,-0.8028574585914612,-0.19438371062278748,0.14243395626544952,-0.9951284527778625,-0.3228173851966858,0.02369929477572441,-0.7236877679824829,-0.2686871886253357,0.008524156175553799,-0.5321431159973145,-0.19306857883930206,0.0,0.0,0.0,0.0,0.0,0.0,0.0,0.0,0.0,0.0,0.0,0.0,0.0,0.0,0.0,0.0,0.0,0.0,0.0,0.0,0.0,0.0,0.0,0.0,0.0,0.0,0.0,0.0,0.0,0.0,0.0,0.0,0.0,0.0,0.0,0.0,0.0,0.0,0.0,0.0,0.0,0.0,0.0,0.0,0.0,0.0,0.0,0.0,0.0,0.0,0.0,0.0,0.0,0.0,0.0,0.0,0.0,0.0,0.0,0.0,0.0,0.0,0.0
0.0,0.0,0.0,-0.2523033022880554,-0.13606047630310059,-0.08196800947189331,-0.47385817766189575,-0.5478934049606323,-0.11750924587249756,-0.448367178440094,-0.9691175222396851,-0.16256704926490784,-0.2857487201690674,-1.178719162940979,-0.20525509119033813,-0.36808153986930847,-0.9884463548660278,-0.05848381668329239,-0.45402514934539795,-1.4561687707901,-0.1661016047000885,-0.4884827733039856,-1.7150251865386963,-0.22822560369968414,-0.49989771842956543,-1.95863676071167,-0.2767150402069092,-0.16085359454154968,-0.9833212494850159,-0.08488507568836212,-0.22588886320590973,-1.259037971496582,-0.27521470189094543,-0.22992070019245148,-0.8635590672492981,-0.2934897840023041,-0.19679443538188934,-0.6404216289520264,-0.254393070936203,0.03997780755162239,-0.9319616556167603,-0.1271490901708603,-0.023075347766280174,-1.156985878944397,-0.318153440952301,-0.060647767037153244,-0.7501859068870544,-0.2509465217590332,-0.04175197333097458,-0.5231637358665466,-0.15023933351039886,0.24651139974594116,-0.8409340977668762,-0.1777929961681366,0.1868223249912262,-1.0579197406768799,-0.30401867628097534,0.10775651782751083,-0.7806380987167358,-0.25353488326072693,0.08854062110185623,-0.5974444150924683,-0.1829264909029007,0.0,0.0,0.0,0.0,0.0,0.0,0.0,0.0,0.0,0.0,0.0,0.0,0.0,0.0,0.0,0.0,0.0,0.0,0.0,0.0,0.0,0.0,0.0,0.0,0.0,0.0,0.0,0.0,0.0,0.0,0.0,0.0,0.0,0.0,0.0,0.0,0.0,0.0,0.0,0.0,0.0,0.0,0.0,0.0,0.0,0.0,0.0,0.0,0.0,0.0,0.0,0.0,0.0,0.0,0.0,0.0,0.0,0.0,0.0,0.0,0.0,0.0,0.0
0.0,0.0,0.0,-0.25606000423431396,-0.16496239602565765,-0.05926157534122467,-0.46411624550819397,-0.5685274004936218,-0.08740151673555374,-0.45077434182167053,-0.9640132188796997,-0.13120543956756592,-0.28168466687202454,-1.157656192779541,-0.17300231754779816,-0.3274838328361511,-1.0115379095077515,-0.02882941998541355,-0.39062508940696716,-1.4710917472839355,-0.12898020446300507,-0.4149166941642761,-1.7150423526763916,-0.18559366464614868,-0.41709229350090027,-1.9480900764465332,-0.22912830114364624,-0.12903976440429688,-0.9896745085716248,-0.062394872307777405,-0.20260512828826904,-1.2283046245574951,-0.2386082112789154,-0.2170778214931488,-0.8489046096801758,-0.25520002841949463,-0.18093667924404144,-0.644283652305603,-0.21995672583580017,0.06490116566419601,-0.9286342859268188,-0.11083722859621048,-0.015130164101719856,-1.1432552337646484,-0.29178619384765625,-0.06324891746044159,-0.7504234910011292,-0.22706128656864166,-0.040307287126779556,-0.5327194333076477,-0.13091950118541718,0.26584893465042114,-0.8291166424751282,-0.16560238599777222,0.19209055602550507,-1.0441598892211914,-0.2791626453399658,0.10091298818588257,-0.7734734416007996,-0.22548291087150574,0.08353300392627716,-0.5881938338279724,-0.15451541543006897,0.0,0.0,0.0,0.0,0.0,0.0,0.0,0.0,0.0,0.0,0.0,0.0,0.0,0.0,0.0,0.0,0.0,0.0,0.0,0.0,0.0,0.0,0.0,0.0,0.0,0.0,0.0,0.0,0.0,0.0,0.0,0.0,0.0,0.0,0.0,0.0,0.0,0.0,0.0,0.0,0.0,0.0,0.0,0.0,0.0,0.0,0.0,0.0,0.0,0.0,0.0,0.0,0.0,0.0,0.0,0.0,0.0,0.0,0.0,0.0,0.0,0.0,0.0
0.0,0.0,0.0,-0.25025448203086853,-0.17148809134960175,-0.05098234489560127,-0.45699501037597656,-0.5767202377319336,-0.07412857562303543,-0.4478999674320221,-0.9703622460365295,-0.115247942507267,-0.2819547951221466,-1.1635946035385132,-0.15446588397026062,-0.3094298243522644,-1.0202915668487549,-0.015139020048081875,-0.3625761568546295,-1.4769631624221802,-0.1153792291879654,-0.38281238079071045,-1.7139639854431152,-0.17070041596889496,-0.37993529438972473,-1.947007417678833,-0.21307356655597687,-0.11613178253173828,-0.9918626546859741,-0.05217171460390091,-0.19917085766792297,-1.232313871383667,-0.22116556763648987,-0.21840181946754456,-0.8566513061523438,-0.23219755291938782,-0.1771417111158371,-0.6747341752052307,-0.19606229662895203,0.07525341212749481,-0.9266648292541504,-0.1050223708152771,-0.010938223451375961,-1.1454532146453857,-0.28447020053863525,-0.06403587758541107,-0.7529680728912354,-0.2144591063261032,-0.03695022687315941,-0.5530022382736206,-0.11639593541622162,0.27514734864234924,-0.8232004046440125,-0.16386589407920837,0.19895420968532562,-1.05348801612854,-0.2766190469264984,0.10178172588348389,-0.7745363712310791,-0.21792246401309967,0.08452150970697403,-0.5860863327980042,-0.14431031048297882,0.0,0.0,0.0,0.0,0.0,0.0,0.0,0.0,0.0,0.0,0.0,0.0,0.0,0.0,0.0,0.0,0.0,0.0,0.0,0.0,0.0,0.0,0.0,0.0,0.0,0.0,0.0,0.0,0.0,0.0,0.0,0.0,0.0,0.0,0.0,0.0,0.0,0.0,0.0,0.0,0.0,0.0,0.0,0.0,0.0,0.0,0.0,0.0,0.0,0.0,0.0,0.0,0.0,0.0,0.0,0.0,0.0,0.0,0.0,0.0,0.0,0.0,0.0
0.0,0.0,0.0,-0.2511899769306183,-0.16816529631614685,-0.05233165621757507,-0.45781034231185913,-0.5715509057044983,-0.07710796594619751,-0.4486345946788788,-0.9613547325134277,-0.11938591301441193,-0.2842009961605072,-1.1602133512496948,-0.1598859280347824,-0.3102964460849762,-1.0198607444763184,-0.013712816871702671,-0.3589780926704407,-1.4707118272781372,-0.11625751107931137,-0.3774779736995697,-1.7085731029510498,-0.17370064556598663,-0.3732960522174835,-1.9418203830718994,-0.2168632596731186,-0.11828857660293579,-0.9917042255401611,-0.050304312258958817,-0.2051151841878891,-1.234566569328308,-0.22147804498672485,-0.2266550064086914,-0.8577336072921753,-0.23470936715602875,-0.18476024270057678,-0.669346034526825,-0.19862663745880127,0.07174541056156158,-0.9278345108032227,-0.10294345766305923,-0.017573637887835503,-1.1426414251327515,-0.2846193015575409,-0.07111150026321411,-0.7490648031234741,-0.21532410383224487,-0.04195958003401756,-0.5466527938842773,-0.11628992855548859,0.26993390917778015,-0.8258129358291626,-0.16147547960281372,0.18882621824741364,-1.0543147325515747,-0.275983601808548,0.0944545716047287,-0.7712315917015076,-0.2166547179222107,0.08225127309560776,-0.5804502367973328,-0.14144858717918396,0.0,0.0,0.0,0.0,0.0,0.0,0.0,0.0,0.0,0.0,0.0,0.0,0.0,0.0,0.0,0.0,0.0,0.0,0.0,0.0,0.0,0.0,0.0,0.0,0.0,0.0,0.0,0.0,0.0,0.0,0.0,0.0,0.0,0.0,0.0,0.0,0.0,0.0,0.0,0.0,0.0,0.0,0.0,0.0,0.0,0.0,0.0,0.0,0.0,0.0,0.0,0.0,0.0,0.0,0.0,0.0,0.0,0.0,0.0,0.0,0.0,0.0,0.0
0.0,0.0,0.0,-0.25117284059524536,-0.1684672087430954,-0.050272200256586075,-0.45705604553222656,-0.5675370693206787,-0.07548794895410538,-0.4515796899795532,-0.957814633846283,-0.11847124993801117,-0.2924923598766327,-1.1579599380493164,-0.15986554324626923,-0.31203335523605347,-1.0171657800674438,-0.018642483279109,-0.3636280298233032,-1.4703091382980347,-0.11844848841428757,-0.38378024101257324,-1.709100604057312,-0.17526856064796448,-0.3840063810348511,-1.938185691833496,-0.21886710822582245,-0.11803275346755981,-0.9914485216140747,-0.055660657584667206,-0.2024025022983551,-1.2299050092697144,-0.22369706630706787,-0.2195301502943039,-0.8533327579498291,-0.23585590720176697,-0.18229003250598907,-0.6623011231422424,-0.200822114944458,0.07430502027273178,-0.9277085661888123,-0.10769086331129074,-0.012697184458374977,-1.145617961883545,-0.2855297923088074,-0.06451930105686188,-0.7520094513893127,-0.21602146327495575,-0.04233782738447189,-0.5412028431892395,-0.11855532974004745,0.2737342417240143,-0.8244210481643677,-0.1654529720544815,0.19870814681053162,-1.0526961088180542,-0.279065877199173,0.10179594159126282,-0.7745564579963684,-0.22158397734165192,0.0795750692486763,-0.5815901756286621,-0.14842957258224487,0.0,0.0,0.0,0.0,0.0,0.0,0.0,0.0,0.0,0.0,0.0,0.0,0.0,0.0,0.0,0.0,0.0,0.0,0.0,0.0,0.0,0.0,0.0,0.0,0.0,0.0,0.0,0.0,0.0,0.0,0.0,0.0,0.0,0.0,0.0,0.0,0.0,0.0,0.0,0.0,0.0,0.0,0.0,0.0,0.0,0.0,0.0,0.0,0.0,0.0,0.0,0.0,0.0,0.0,0.0,0.0,0.0,0.0,0.0,0.0,0.0,0.0,0.0
0.0,0.0,0.0,-0.24639062583446503,-0.17717009782791138,-0.05212189629673958,-0.445502907037735,-0.5742307305335999,-0.07928554713726044,-0.43722981214523315,-0.9598388671875,-0.12400665134191513,-0.2784452736377716,-1.1642100811004639,-0.16681334376335144,-0.3002989888191223,-1.016347050666809,-0.012301159091293812,-0.34969982504844666,-1.4595673084259033,-0.1098819151520729,-0.3720282018184662,-1.6959351301193237,-0.16398563981056213,-0.37188902497291565,-1.9219928979873657,-0.20530395209789276,-0.10997600108385086,-0.9927112460136414,-0.04929108917713165,-0.19568535685539246,-1.2360152006149292,-0.21724890172481537,-0.21727748215198517,-0.8589136004447937,-0.22953353822231293,-0.1766098290681839,-0.6626716256141663,-0.19250744581222534,0.07936056703329086,-0.9285603165626526,-0.10194779187440872,-0.011882682330906391,-1.1400998830795288,-0.27908000349998474,-0.06484013795852661,-0.7515479326248169,-0.21082283556461334,-0.036646515130996704,-0.5431833863258362,-0.11295219510793686,0.27678951621055603,-0.8228373527526855,-0.16056150197982788,0.1956488937139511,-1.049021601676941,-0.27163800597190857,0.09874491393566132,-0.7767502665519714,-0.21402564644813538,0.08268191665410995,-0.5866070985794067,-0.14071109890937805,0.0,0.0,0.0,0.0,0.0,0.0,0.0,0.0,0.0,0.0,0.0,0.0,0.0,0.0,0.0,0.0,0.0,0.0,0.0,0.0,0.0,0.0,0.0,0.0,0.0,0.0,0.0,0.0,0.0,0.0,0.0,0.0,0.0,0.0,0.0,0.0,0.0,0.0,0.0,0.0,0.0,0.0,0.0,0.0,0.0,0.0,0.0,0.0,0.0,0.0,0.0,0.0,0.0,0.0,0.0,0.0,0.0,0.0,0.0,0.0,0.0,0.0,0.0
0.0,0.0,0.0,-0.24823196232318878,-0.16543880105018616,-0.049385324120521545,-0.45273223519325256,-0.5718252658843994,-0.07138007134199142,-0.4410478472709656,-0.966749906539917,-0.11097599565982819,-0.27694642543792725,-1.1619088649749756,-0.14863187074661255,-0.3065189719200134,-1.0201796293258667,-0.01413565594702959,-0.3518262803554535,-1.4704440832138062,-0.11415383219718933,-0.37025153636932373,-1.7046443223953247,-0.16922079026699066,-0.36652880907058716,-1.9358946084976196,-0.2116437405347824,-0.11301529407501221,-0.992287278175354,-0.05092603713274002,-0.1971764862537384,-1.2310646772384644,-0.21769718825817108,-0.21630598604679108,-0.8467705249786377,-0.2256925404071808,-0.17317046225070953,-0.6645000576972961,-0.1875211000442505,0.07706993073225021,-0.9266289472579956,-0.10355950146913528,-0.008050450123846531,-1.139249324798584,-0.28059664368629456,-0.06210767477750778,-0.7412360310554504,-0.2075367122888565,-0.03388449549674988,-0.5433825254440308,-0.10799791663885117,0.2737361788749695,-0.8226751089096069,-0.16215914487838745,0.1991981863975525,-1.0471819639205933,-0.2739546298980713,0.10166296362876892,-0.7648355960845947,-0.21453145146369934,0.08563852310180664,-0.5799009799957275,-0.14057449996471405,0.0,0.0,0.0,0.0,0.0,0.0,0.0,0.0,0.0,0.0,0.0,0.0,0.0,0.0,0.0,0.0,0.0,0.0,0.0,0.0,0.0,0.0,0.0,0.0,0.0,0.0,0.0,0.0,0.0,0.0,0.0,0.0,0.0,0.0,0.0,0.0,0.0,0.0,0.0,0.0,0.0,0.0,0.0,0.0,0.0,0.0,0.0,0.0,0.0,0.0,0.0,0.0,0.0,0.0,0.0,0.0,0.0,0.0,0.0,0.0,0.0,0.0,0.0
0.0,0.0,0.0,-0.257795125246048,-0.20428697764873505,-0.04429211467504501,-0.4602736532688141,-0.6111272573471069,-0.0713377371430397,-0.4401089549064636,-1.0060884952545166,-0.11945606768131256,-0.2611389458179474,-1.1755045652389526,-0.16767381131649017,-0.33478859066963196,-1.0069656372070312,-0.012477627024054527,-0.39867380261421204,-1.4506120681762695,-0.11281349509954453,-0.42308491468429565,-1.69709050655365,-0.16571766138076782,-0.42303988337516785,-1.9270164966583252,-0.2049783170223236,-0.14665521681308746,-0.9874643683433533,-0.05836375430226326,-0.18489214777946472,-1.213847279548645,-0.22596430778503418,-0.20477549731731415,-0.8705214858055115,-0.23538100719451904,-0.1755506992340088,-0.7118306756019592,-0.1969292014837265,0.03743067383766174,-0.9273908734321594,-0.11957462131977081,0.0005447855801321566,-1.1111335754394531,-0.28686049580574036,-0.05384109914302826,-0.7705033421516418,-0.21525725722312927,-0.036239493638277054,-0.6201870441436768,-0.12026533484458923,0.22940237820148468,-0.8253185153007507,-0.187876358628273,0.190229132771492,-1.0302034616470337,-0.2758892774581909,0.11426298320293427,-0.7893343567848206,-0.2065204232931137,0.11045113950967789,-0.6488478779792786,-0.13127169013023376,0.0,0.0,0.0,0.0,0.0,0.0,0.0,0.0,0.0,0.0,0.0,0.0,0.0,0.0,0.0,0.0,0.0,0.0,0.0,0.0,0.0,0.0,0.0,0.0,0.0,0.0,0.0,0.0,0.0,0.0,0.0,0.0,0.0,0.0,0.0,0.0,0.0,0.0,0.0,0.0,0.0,0.0,0.0,0.0,0.0,0.0,0.0,0.0,0.0,0.0,0.0,0.0,0.0,0.0,0.0,0.0,0.0,0.0,0.0,0.0,0.0,0.0,0.0
0.0,0.0,0.0,-0.25246667861938477,-0.16402402520179749,-0.0645396038889885,-0.43588611483573914,-0.5984290838241577,-0.08555614948272705,-0.38076189160346985,-1.0097497701644897,-0.11969074606895447,-0.21939440071582794,-1.20174241065979,-0.15099814534187317,-0.3080298602581024,-1.0181052684783936,-0.012087583541870117,-0.35574689507484436,-1.4481902122497559,-0.1017799824476242,-0.3670133650302887,-1.6914221048355103,-0.1522866040468216,-0.354605495929718,-1.9131001234054565,-0.19158092141151428,-0.10660896450281143,-0.9934356808662415,-0.04147426411509514,-0.14492551982402802,-1.2769873142242432,-0.2141687124967575,-0.17515362799167633,-0.8914329409599304,-0.23085437715053558,-0.1600782871246338,-0.6606636047363281,-0.19002173840999603,0.0847012996673584,-0.926092803478241,-0.08663585782051086,0.04668166860938072,-1.1610455513000488,-0.26691022515296936,-0.017628056928515434,-0.7706111073493958,-0.20529945194721222,-0.012302171438932419,-0.5364542007446289,-0.10766611993312836,0.2831263542175293,-0.8158263564109802,-0.13871629536151886,0.24859517812728882,-1.0395275354385376,-0.2560018002986908,0.1510017216205597,-0.7819401025772095,-0.20767474174499512,0.1163821890950203,-0.5973191857337952,-0.13905081152915955,0.0,0.0,0.0,0.0,0.0,0.0,0.0,0.0,0.0,0.0,0.0,0.0,0.0,0.0,0.0,0.0,0.0,0.0,0.0,0.0,0.0,0.0,0.0,0.0,0.0,0.0,0.0,0.0,0.0,0.0,0.0,0.0,0.0,0.0,0.0,0.0,0.0,0.0,0.0,0.0,0.0,0.0,0.0,0.0,0.0,0.0,0.0,0.0,0.0,0.0,0.0,0.0,0.0,0.0,0.0,0.0,0.0,0.0,0.0,0.0,0.0,0.0,0.0
0.0,0.0,0.0,-0.25938093662261963,-0.17102262377738953,-0.06476505100727081,-0.4534642994403839,-0.6031051874160767,-0.0876636877655983,-0.40725958347320557,-1.025254249572754,-0.12478968501091003,-0.22818523645401,-1.2187105417251587,-0.15976612269878387,-0.30939382314682007,-1.022210955619812,-0.010269363410770893,-0.35632017254829407,-1.472434163093567,-0.10205446183681488,-0.36628398299217224,-1.719583511352539,-0.15356408059597015,-0.351433664560318,-1.947157382965088,-0.19348038733005524,-0.10788170993328094,-0.9933267831802368,-0.04078591242432594,-0.14675338566303253,-1.2832403182983398,-0.21984408795833588,-0.17875531315803528,-0.8941375613212585,-0.2394002079963684,-0.15982110798358917,-0.6580144166946411,-0.19902049005031586,0.08628064393997192,-0.926254391670227,-0.08709404617547989,0.04482145234942436,-1.1801186800003052,-0.27190959453582764,-0.021119100973010063,-0.7797854542732239,-0.20967936515808105,-0.013152635656297207,-0.5413377285003662,-0.10983318835496902,0.2885301113128662,-0.8159340620040894,-0.14016489684581757,0.24543684720993042,-1.0522702932357788,-0.2588517367839813,0.14820943772792816,-0.7899920344352722,-0.2090550661087036,0.12004714459180832,-0.6018314361572266,-0.13828130066394806,0.0,0.0,0.0,0.0,0.0,0.0,0.0,0.0,0.0,0.0,0.0,0.0,0.0,0.0,0.0,0.0,0.0,0.0,0.0,0.0,0.0,0.0,0.0,0.0,0.0,0.0,0.0,0.0,0.0,0.0,0.0,0.0,0.0,0.0,0.0,0.0,0.0,0.0,0.0,0.0,0.0,0.0,0.0,0.0,0.0,0.0,0.0,0.0,0.0,0.0,0.0,0.0,0.0,0.0,0.0,0.0,0.0,0.0,0.0,0.0,0.0,0.0,0.0
0.0,0.0,0.0,-0.24555981159210205,-0.1648218035697937,-0.05264816805720329,-0.45167088508605957,-0.5633336901664734,-0.07761398702859879,-0.4435386061668396,-0.9466679692268372,-0.12011703103780746,-0.2866075038909912,-1.1469413042068481,-0.16028264164924622,-0.30739375948905945,-1.0181493759155273,-0.013727531768381596,-0.3554798662662506,-1.4636962413787842,-0.11586464196443558,-0.3746161162853241,-1.6976032257080078,-0.1712246835231781,-0.3709814250469208,-1.927601933479309,-0.21274778246879578,-0.11647562682628632,-0.991904616355896,-0.05058266595005989,-0.20327351987361908,-1.2195196151733398,-0.21879644691944122,-0.2221522033214569,-0.8448858261108398,-0.22807835042476654,-0.17824502289295197,-0.675230860710144,-0.1905524879693985,0.07208685576915741,-0.9272032380104065,-0.10414444655179977,-0.017527274787425995,-1.1289788484573364,-0.28394442796707153,-0.06758174300193787,-0.7367900013923645,-0.21112579107284546,-0.035885509103536606,-0.5536413192749023,-0.1112283244729042,0.2684541642665863,-0.8232695460319519,-0.16399775445461273,0.18957392871379852,-1.0449812412261963,-0.27550357580184937,0.09682802110910416,-0.7624711990356445,-0.2133788764476776,0.08550193905830383,-0.5847174525260925,-0.1373700350522995,0.0,0.0,0.0,0.0,0.0,0.0,0.0,0.0,0.0,0.0,0.0,0.0,0.0,0.0,0.0,0.0,0.0,0.0,0.0,0.0,0.0,0.0,0.0,0.0,0.0,0.0,0.0,0.0,0.0,0.0,0.0,0.0,0.0,0.0,0.0,0.0,0.0,0.0,0.0,0.0,0.0,0.0,0.0,0.0,0.0,0.0,0.0,0.0,0.0,0.0,0.0,0.0,0.0,0.0,0.0,0.0,0.0,0.0,0.0,0.0,0.0,0.0,0.0
0.0,0.0,0.0,-0.2544706165790558,-0.15099187195301056,-0.04980064556002617,-0.4734714925289154,-0.5505498051643372,-0.07778461277484894,-0.4875715672969818,-0.9165899157524109,-0.12335876375436783,-0.33982759714126587,-1.1196798086166382,-0.16794155538082123,-0.3089430034160614,-1.012833833694458,-0.03878210484981537,-0.3669583201408386,-1.4919483661651611,-0.14338362216949463,-0.39403727650642395,-1.7418315410614014,-0.2012200653553009,-0.4071692228317261,-1.9754339456558228,-0.24476276338100433,-0.11766352504491806,-0.990106463432312,-0.07644904404878616,-0.2261761873960495,-1.1879061460494995,-0.25798583030700684,-0.24084901809692383,-0.8183806538581848,-0.2765420377254486,-0.19967861473560333,-0.6217377185821533,-0.24559877812862396,0.06798852980136871,-0.932830274105072,-0.12717017531394958,-0.05473383516073227,-1.1142690181732178,-0.31309449672698975,-0.09545516967773438,-0.720885694026947,-0.24600569903850555,-0.06503690034151077,-0.5078040361404419,-0.14988896250724792,0.2661716938018799,-0.8406941294670105,-0.1830006092786789,0.1592606008052826,-1.0478618144989014,-0.2998373210430145,0.06591232120990753,-0.7645906209945679,-0.24166914820671082,0.04857264459133148,-0.5688512325286865,-0.167563796043396,0.0,0.0,0.0,0.0,0.0,0.0,0.0,0.0,0.0,0.0,0.0,0.0,0.0,0.0,0.0,0.0,0.0,0.0,0.0,0.0,0.0,0.0,0.0,0.0,0.0,0.0,0.0,0.0,0.0,0.0,0.0,0.0,0.0,0.0,0.0,0.0,0.0,0.0,0.0,0.0,0.0,0.0,0.0,0.0,0.0,0.0,0.0,0.0,0.0,0.0,0.0,0.0,0.0,0.0,0.0,0.0,0.0,0.0,0.0,0.0,0.0,0.0,0.0
0.0,0.0,0.0,-0.25012871623039246,-0.16291266679763794,-0.0633220449090004,-0.47248566150665283,-0.5354180932044983,-0.11301404982805252,-0.4989573359489441,-0.8907211422920227,-0.179793119430542,-0.3441214859485626,-1.08710515499115,-0.24476303160190582,-0.2876115143299103,-1.0220764875411987,-0.061090122908353806,-0.3383250832557678,-1.5017403364181519,-0.18305200338363647,-0.3738308250904083,-1.7479822635650635,-0.24784600734710693,-0.3966311812400818,-1.9852819442749023,-0.29493314027786255,-0.09715669602155685,-0.990077793598175,-0.10152127593755722,-0.2432498335838318,-1.1839635372161865,-0.29988208413124084,-0.2658746540546417,-0.7942876219749451,-0.31533294916152954,-0.2202254980802536,-0.6086416244506836,-0.27890849113464355,0.08182896673679352,-0.923200249671936,-0.1574680358171463,-0.07504655420780182,-1.0878207683563232,-0.363650381565094,-0.11745332181453705,-0.6742274165153503,-0.2879120707511902,-0.08026061207056046,-0.46848028898239136,-0.18082235753536224,0.2662377953529358,-0.8181698322296143,-0.21962347626686096,0.1287870854139328,-1.0196094512939453,-0.35089901089668274,0.03397849574685097,-0.7194415926933289,-0.28658637404441833,0.023945482447743416,-0.5198069214820862,-0.20441488921642303,0.0,0.0,0.0,0.0,0.0,0.0,0.0,0.0,0.0,0.0,0.0,0.0,0.0,0.0,0.0,0.0,0.0,0.0,0.0,0.0,0.0,0.0,0.0,0.0,0.0,0.0,0.0,0.0,0.0,0.0,0.0,0.0,0.0,0.0,0.0,0.0,0.0,0.0,0.0,0.0,0.0,0.0,0.0,0.0,0.0,0.0,0.0,0.0,0.0,0.0,0.0,0.0,0.0,0.0,0.0,0.0,0.0,0.0,0.0,0.0,0.0,0.0,0.0
0.0,0.0,0.0,-0.2589305341243744,-0.1555907428264618,-0.0598834790289402,-0.48847058415412903,-0.5126112699508667,-0.11315402388572693,-0.5380879640579224,-0.8553368449211121,-0.18493151664733887,-0.38980555534362793,-1.0300458669662476,-0.2558777630329132,-0.2960549592971802,-1.0181397199630737,-0.06381150335073471,-0.34785500168800354,-1.495086669921875,-0.1885291039943695,-0.38740214705467224,-1.744776964187622,-0.2566392421722412,-0.4092458486557007,-1.9790382385253906,-0.30530083179473877,-0.11153541505336761,-0.9878087043762207,-0.10859909653663635,-0.26891177892684937,-1.176645278930664,-0.30956339836120605,-0.29624781012535095,-0.7934355735778809,-0.32709819078445435,-0.24549303948879242,-0.6124277114868164,-0.29061371088027954,0.06281071156263351,-0.9207409620285034,-0.16811878979206085,-0.1010735034942627,-1.061182975769043,-0.37390267848968506,-0.14422352612018585,-0.6630275845527649,-0.30146175622940063,-0.10430463403463364,-0.4725863039493561,-0.19571784138679504,0.24260485172271729,-0.8163463473320007,-0.2337246984243393,0.10030277073383331,-1.0031592845916748,-0.3584349453449249,0.008088590577244759,-0.7130221128463745,-0.2913382649421692,0.003012005938217044,-0.5217597484588623,-0.20750942826271057,0.0,0.0,0.0,0.0,0.0,0.0,0.0,0.0,0.0,0.0,0.0,0.0,0.0,0.0,0.0,0.0,0.0,0.0,0.0,0.0,0.0,0.0,0.0,0.0,0.0,0.0,0.0,0.0,0.0,0.0,0.0,0.0,0.0,0.0,0.0,0.0,0.0,0.0,0.0,0.0,0.0,0.0,0.0,0.0,0.0,0.0,0.0,0.0,0.0,0.0,0.0,0.0,0.0,0.0,0.0,0.0,0.0,0.0,0.0,0.0,0.0,0.0,0.0
0.0,0.0,0.0,-0.2557451128959656,-0.1958095282316208,-0.045499399304389954,-0.44333621859550476,-0.6086601614952087,-0.07003290206193924,-0.41028913855552673,-1.0038704872131348,-0.11727931350469589,-0.22975383698940277,-1.1638195514678955,-0.16505207121372223,-0.286383718252182,-1.0351381301879883,-0.006296991370618343,-0.32457226514816284,-1.498121976852417,-0.1048116683959961,-0.3398383855819702,-1.7502264976501465,-0.1558239609003067,-0.33734196424484253,-1.9789738655090332,-0.19260604679584503,-0.09526188671588898,-0.9941949844360352,-0.05001530796289444,-0.15364617109298706,-1.2386113405227661,-0.22860535979270935,-0.18686911463737488,-0.877751886844635,-0.2451341301202774,-0.1607285737991333,-0.6788780689239502,-0.2055361568927765,0.089605912566185,-0.9200604557991028,-0.10900775343179703,0.027742233127355576,-1.1182680130004883,-0.29189082980155945,-0.0347680002450943,-0.7459079623222351,-0.23104318976402283,-0.02150479145348072,-0.5420987606048584,-0.13388536870479584,0.28316155076026917,-0.8051530122756958,-0.17353324592113495,0.22594553232192993,-1.0166722536087036,-0.2790822982788086,0.1278698891401291,-0.761321485042572,-0.2220284640789032,0.1035648062825203,-0.5829893350601196,-0.14859148859977722,0.0,0.0,0.0,0.0,0.0,0.0,0.0,0.0,0.0,0.0,0.0,0.0,0.0,0.0,0.0,0.0,0.0,0.0,0.0,0.0,0.0,0.0,0.0,0.0,0.0,0.0,0.0,0.0,0.0,0.0,0.0,0.0,0.0,0.0,0.0,0.0,0.0,0.0,0.0,0.0,0.0,0.0,0.0,0.0,0.0,0.0,0.0,0.0,0.0,0.0,0.0,0.0,0.0,0.0,0.0,0.0,0.0,0.0,0.0,0.0,0.0,0.0,0.0
0.0,0.0,0.0,-0.24412885308265686,-0.18124233186244965,-0.07398825138807297,-0.41728657484054565,-0.6130320429801941,-0.10415037721395493,-0.3539005219936371,-1.0236964225769043,-0.1482955664396286,-0.17165790498256683,-1.1864675283432007,-0.18958598375320435,-0.27080777287483215,-1.041789174079895,-0.026190057396888733,-0.2959691286087036,-1.5015342235565186,-0.12234003841876984,-0.2958986759185791,-1.749543309211731,-0.1720702350139618,-0.27265337109565735,-1.975989580154419,-0.20911851525306702,-0.07121188193559647,-0.9960628747940063,-0.05279833450913429,-0.10671078413724899,-1.2627136707305908,-0.2335178256034851,-0.1521836817264557,-0.8805890679359436,-0.24816787242889404,-0.14026179909706116,-0.6642683148384094,-0.2047053873538971,0.1172875314950943,-0.9152706861495972,-0.0962572768330574,0.07832930237054825,-1.12523353099823,-0.28407132625579834,0.0012039494467899203,-0.7395437955856323,-0.22442573308944702,0.002403304912149906,-0.518859326839447,-0.12621831893920898,0.30980029702186584,-0.7957593202590942,-0.14728833734989166,0.2757010757923126,-0.9981127381324768,-0.26684948801994324,0.16771894693374634,-0.741998553276062,-0.21951475739479065,0.13034935295581818,-0.5628691911697388,-0.15025004744529724,0.0,0.0,0.0,0.0,0.0,0.0,0.0,0.0,0.0,0.0,0.0,0.0,0.0,0.0,0.0,0.0,0.0,0.0,0.0,0.0,0.0,0.0,0.0,0.0,0.0,0.0,0.0,0.0,0.0,0.0,0.0,0.0,0.0,0.0,0.0,0.0,0.0,0.0,0.0,0.0,0.0,0.0,0.0,0.0,0.0,0.0,0.0,0.0,0.0,0.0,0.0,0.0,0.0,0.0,0.0,0.0,0.0,0.0,0.0,0.0,0.0,0.0,0.0
0.0,0.0,0.0,-0.22982865571975708,-0.20029214024543762,-0.07754815369844437,-0.38154125213623047,-0.6280834674835205,-0.1101842150092125,-0.32833024859428406,-1.0367566347122192,-0.1570468544960022,-0.15598180890083313,-1.201677680015564,-0.2003692388534546,-0.2626417279243469,-1.0442050695419312,-0.015084601938724518,-0.28584644198417664,-1.4956315755844116,-0.10524632781744003,-0.28550732135772705,-1.7451967000961304,-0.15146946907043457,-0.2629546523094177,-1.9657071828842163,-0.18477372825145721,-0.06454472243785858,-0.9971091151237488,-0.04009154438972473,-0.06796947866678238,-1.2648625373840332,-0.22373628616333008,-0.1104457676410675,-0.8893854022026062,-0.2446056753396988,-0.1140599474310875,-0.6510632038116455,-0.2000667154788971,0.12422728538513184,-0.9135346412658691,-0.0817565768957138,0.10777962952852249,-1.1282973289489746,-0.2693018317222595,0.035656608641147614,-0.75568026304245,-0.21756625175476074,0.026431888341903687,-0.5228624939918518,-0.12071172893047333,0.31139323115348816,-0.7880357503890991,-0.13090959191322327,0.2999146580696106,-1.0009033679962158,-0.24857990443706512,0.19903330504894257,-0.7649364471435547,-0.2046736180782318,0.15511146187782288,-0.585142195224762,-0.1355684995651245,0.0,0.0,0.0,0.0,0.0,0.0,0.0,0.0,0.0,0.0,0.0,0.0,0.0,0.0,0.0,0.0,0.0,0.0,0.0,0.0,0.0,0.0,0.0,0.0,0.0,0.0,0.0,0.0,0.0,0.0,0.0,0.0,0.0,0.0,0.0,0.0,0.0,0.0,0.0,0.0,0.0,0.0,0.0,0.0,0.0,0.0,0.0,0.0,0.0,0.0,0.0,0.0,0.0,0.0,0.0,0.0,0.0,0.0,0.0,0.0,0.0,0.0,0.0
0.0,0.0,0.0,-0.2297612726688385,-0.17613288760185242,-0.06924651563167572,-0.4171556234359741,-0.5401537418365479,-0.12185202538967133,-0.4140720069408417,-0.8839036226272583,-0.18933072686195374,-0.25178995728492737,-1.0614418983459473,-0.2543901801109314,-0.25751832127571106,-1.0318150520324707,-0.07076232880353928,-0.2944847643375397,-1.5176597833633423,-0.1954205185174942,-0.30908218026161194,-1.7800829410552979,-0.2626904845237732,-0.3088136315345764,-2.0236992835998535,-0.3107566833496094,-0.0605132132768631,-0.9923911094665527,-0.10722906142473221,-0.16226530075073242,-1.1429399251937866,-0.3070189356803894,-0.187132328748703,-0.7580819129943848,-0.32408469915390015,-0.15377379953861237,-0.5776700377464294,-0.2892341911792755,0.12564091384410858,-0.9143224954605103,-0.15958961844444275,0.01422384288161993,-1.0376123189926147,-0.3608161509037018,-0.03961346670985222,-0.6497771143913269,-0.2888264060020447,-0.018826976418495178,-0.47080811858177185,-0.18746265769004822,0.3142365515232086,-0.7969672679901123,-0.21914325654506683,0.20664115250110626,-0.9471189379692078,-0.3443635404109955,0.11076390743255615,-0.6562988758087158,-0.283010333776474,0.09695421904325485,-0.48880651593208313,-0.2045489251613617,0.0,0.0,0.0,0.0,0.0,0.0,0.0,0.0,0.0,0.0,0.0,0.0,0.0,0.0,0.0,0.0,0.0,0.0,0.0,0.0,0.0,0.0,0.0,0.0,0.0,0.0,0.0,0.0,0.0,0.0,0.0,0.0,0.0,0.0,0.0,0.0,0.0,0.0,0.0,0.0,0.0,0.0,0.0,0.0,0.0,0.0,0.0,0.0,0.0,0.0,0.0,0.0,0.0,0.0,0.0,0.0,0.0,0.0,0.0,0.0,0.0,0.0,0.0
0.0,0.0,0.0,-0.22767911851406097,-0.21970881521701813,-0.07687681913375854,-0.3895846903324127,-0.5958667397499084,-0.12779758870601654,-0.31634071469306946,-0.9442931413650513,-0.1937718689441681,-0.13248398900032043,-1.0881178379058838,-0.2598452568054199,-0.2807857394218445,-1.0334210395812988,-0.05720227584242821,-0.3494277000427246,-1.5093567371368408,-0.16716554760932922,-0.3724513053894043,-1.778746247291565,-0.23070301115512848,-0.37548723816871643,-2.0209460258483887,-0.2775126099586487,-0.07637666165828705,-0.9929090738296509,-0.09109440445899963,-0.1039971262216568,-1.1967920064926147,-0.28713396191596985,-0.12957601249217987,-0.8401497602462769,-0.31730523705482483,-0.11881648004055023,-0.614993691444397,-0.2868511378765106,0.11832770705223083,-0.9061722159385681,-0.14036239683628082,0.08207468688488007,-1.0541865825653076,-0.3318392336368561,0.016453485935926437,-0.7039949893951416,-0.28030291199684143,0.00872880034148693,-0.49757522344589233,-0.19107608497142792,0.3073253929615021,-0.7734249830245972,-0.1976526826620102,0.2686360776424408,-0.9512563347816467,-0.313749760389328,0.17182552814483643,-0.6964763402938843,-0.26206937432289124,0.13417883217334747,-0.5161901116371155,-0.19195249676704407,0.0,0.0,0.0,0.0,0.0,0.0,0.0,0.0,0.0,0.0,0.0,0.0,0.0,0.0,0.0,0.0,0.0,0.0,0.0,0.0,0.0,0.0,0.0,0.0,0.0,0.0,0.0,0.0,0.0,0.0,0.0,0.0,0.0,0.0,0.0,0.0,0.0,0.0,0.0,0.0,0.0,0.0,0.0,0.0,0.0,0.0,0.0,0.0,0.0,0.0,0.0,0.0,0.0,0.0,0.0,0.0,0.0,0.0,0.0,0.0,0.0,0.0,0.0
0.0,0.0,0.0,-0.2166145294904709,-0.21363136172294617,-0.09970994293689728,-0.35812851786613464,-0.5923987627029419,-0.16198715567588806,-0.28606003522872925,-0.9433751702308655,-0.23430900275707245,-0.1198500245809555,-1.1211779117584229,-0.30296194553375244,-0.26127341389656067,-1.0410232543945312,-0.0758213996887207,-0.31440380215644836,-1.5092360973358154,-0.19520282745361328,-0.33699601888656616,-1.7693812847137451,-0.26124414801597595,-0.33593201637268066,-2.0091049671173096,-0.30766722559928894,-0.05536060035228729,-0.9936606884002686,-0.09784481674432755,-0.06670133024454117,-1.2159812450408936,-0.30331411957740784,-0.10301393270492554,-0.8313794732093811,-0.3300744295120239,-0.10284994542598724,-0.6021440029144287,-0.293061763048172,0.14006339013576508,-0.9041258692741394,-0.13744957745075226,0.11714185774326324,-1.0819604396820068,-0.341192364692688,0.04340963065624237,-0.6964444518089294,-0.2842786908149719,0.026069488376379013,-0.47355201840400696,-0.18562300503253937,0.32780322432518005,-0.77407306432724,-0.18635855615139008,0.30776646733283997,-0.9626508355140686,-0.3145346939563751,0.20039324462413788,-0.7017217874526978,-0.26542261242866516,0.1466805636882782,-0.5228602290153503,-0.19286419451236725,0.0,0.0,0.0,0.0,0.0,0.0,0.0,0.0,0.0,0.0,0.0,0.0,0.0,0.0,0.0,0.0,0.0,0.0,0.0,0.0,0.0,0.0,0.0,0.0,0.0,0.0,0.0,0.0,0.0,0.0,0.0,0.0,0.0,0.0,0.0,0.0,0.0,0.0,0.0,0.0,0.0,0.0,0.0,0.0,0.0,0.0,0.0,0.0,0.0,0.0,0.0,0.0,0.0,0.0,0.0,0.0,0.0,0.0,0.0,0.0,0.0,0.0,0.0
0.0,0.0,0.0,-0.21482744812965393,-0.2190449982881546,-0.10262090712785721,-0.34976914525032043,-0.6000015139579773,-0.16425001621246338,-0.2785203158855438,-0.9581441283226013,-0.23529835045337677,-0.10623854398727417,-1.1299858093261719,-0.3018162250518799,-0.2554280757904053,-1.0550299882888794,-0.07623601704835892,-0.2895132303237915,-1.526667833328247,-0.19695371389389038,-0.2961919605731964,-1.788559913635254,-0.26438838243484497,-0.2839612066745758,-2.0290942192077637,-0.31039097905158997,-0.0520290806889534,-0.9941441416740417,-0.09471223503351212,-0.0514645092189312,-1.217589020729065,-0.29860129952430725,-0.09335701912641525,-0.8321194052696228,-0.3239268362522125,-0.10188660770654678,-0.6057376861572266,-0.28592559695243835,0.1405528485774994,-0.8966976404190063,-0.13098792731761932,0.13417527079582214,-1.0788404941558838,-0.3370296359062195,0.05527462437748909,-0.6882302761077881,-0.2801031470298767,0.03135734423995018,-0.46097370982170105,-0.17975856363773346,0.321785569190979,-0.7606743574142456,-0.17632174491882324,0.32403579354286194,-0.9577134251594543,-0.30533096194267273,0.21496397256851196,-0.7000720500946045,-0.2547436058521271,0.15568622946739197,-0.5192955136299133,-0.17981424927711487,0.0,0.0,0.0,0.0,0.0,0.0,0.0,0.0,0.0,0.0,0.0,0.0,0.0,0.0,0.0,0.0,0.0,0.0,0.0,0.0,0.0,0.0,0.0,0.0,0.0,0.0,0.0,0.0,0.0,0.0,0.0,0.0,0.0,0.0,0.0,0.0,0.0,0.0,0.0,0.0,0.0,0.0,0.0,0.0,0.0,0.0,0.0,0.0,0.0,0.0,0.0,0.0,0.0,0.0,0.0,0.0,0.0,0.0,0.0,0.0,0.0,0.0,0.0
0.0,0.0,0.0,-0.2141321897506714,-0.23359841108322144,-0.09559612721204758,-0.34483811259269714,-0.6054574251174927,-0.1539720594882965,-0.2805483043193817,-0.9695360660552979,-0.22402115166187286,-0.09400126338005066,-1.137184977531433,-0.2878696322441101,-0.2632465958595276,-1.0468333959579468,-0.0525202713906765,-0.2917870879173279,-1.512386441230774,-0.17248739302158356,-0.29572099447250366,-1.7710230350494385,-0.2412039041519165,-0.27987101674079895,-2.006293296813965,-0.2877695858478546,-0.06158394366502762,-0.9955012798309326,-0.07200471311807632,-0.05545106902718544,-1.2243385314941406,-0.26869240403175354,-0.09065204858779907,-0.8394391536712646,-0.2904444932937622,-0.09640052169561386,-0.6179237365722656,-0.25077685713768005,0.13066473603248596,-0.9024621844291687,-0.11033730953931808,0.13167014718055725,-1.0960217714309692,-0.30636975169181824,0.058472953736782074,-0.7186533212661743,-0.24390922486782074,0.03913002461194992,-0.49466514587402344,-0.1413276642560959,0.31188860535621643,-0.7634612917900085,-0.15835745632648468,0.3258739113807678,-0.9688341617584229,-0.277397483587265,0.21966908872127533,-0.7230092883110046,-0.22262993454933167,0.16061171889305115,-0.5431418418884277,-0.14593571424484253,0.0,0.0,0.0,0.0,0.0,0.0,0.0,0.0,0.0,0.0,0.0,0.0,0.0,0.0,0.0,0.0,0.0,0.0,0.0,0.0,0.0,0.0,0.0,0.0,0.0,0.0,0.0,0.0,0.0,0.0,0.0,0.0,0.0,0.0,0.0,0.0,0.0,0.0,0.0,0.0,0.0,0.0,0.0,0.0,0.0,0.0,0.0,0.0,0.0,0.0,0.0,0.0,0.0,0.0,0.0,0.0,0.0,0.0,0.0,0.0,0.0,0.0,0.0
0.0,0.0,0.0,-0.2399986833333969,-0.18652190268039703,-0.05378272011876106,-0.4295588731765747,-0.581074595451355,-0.08445023745298386,-0.4064735174179077,-0.9523101449012756,-0.13294997811317444,-0.2308332324028015,-1.0992037057876587,-0.17923906445503235,-0.27983590960502625,-1.023525595664978,-0.03671364486217499,-0.332764595746994,-1.4900884628295898,-0.1367231160402298,-0.35366904735565186,-1.7349501848220825,-0.19075404107570648,-0.3549017012119293,-1.9699655771255493,-0.23293249309062958,-0.08658204972743988,-0.993493914604187,-0.07398246228694916,-0.15858209133148193,-1.1668089628219604,-0.24483463168144226,-0.17962566018104553,-0.8162235617637634,-0.2568950057029724,-0.14550140500068665,-0.6483696103096008,-0.2241809070110321,0.097764752805233,-0.9196673631668091,-0.12569363415241241,0.01628296822309494,-1.0603224039077759,-0.3000708222389221,-0.039814990013837814,-0.7026832699775696,-0.23531734943389893,-0.02099270559847355,-0.5272496938705444,-0.145603209733963,0.2853132486343384,-0.8063913583755493,-0.18424203991889954,0.21407116949558258,-0.9798150062561035,-0.288611501455307,0.11019036173820496,-0.7171650528907776,-0.2311875820159912,0.08323302865028381,-0.5436151027679443,-0.16169843077659607,0.0,0.0,0.0,0.0,0.0,0.0,0.0,0.0,0.0,0.0,0.0,0.0,0.0,0.0,0.0,0.0,0.0,0.0,0.0,0.0,0.0,0.0,0.0,0.0,0.0,0.0,0.0,0.0,0.0,0.0,0.0,0.0,0.0,0.0,0.0,0.0,0.0,0.0,0.0,0.0,0.0,0.0,0.0,0.0,0.0,0.0,0.0,0.0,0.0,0.0,0.0,0.0,0.0,0.0,0.0,0.0,0.0,0.0,0.0,0.0,0.0,0.0,0.0
0.0,0.0,0.0,-0.26508644223213196,-0.18350693583488464,-0.04117707163095474,-0.467220276594162,-0.5656257271766663,-0.07132615149021149,-0.476908415555954,-0.9353222250938416,-0.12357796728610992,-0.3342698812484741,-1.0959585905075073,-0.17497137188911438,-0.30754849314689636,-1.0269854068756104,-0.031148435547947884,-0.3633483350276947,-1.5183310508728027,-0.13838134706020355,-0.39648833870887756,-1.7886101007461548,-0.2003338485956192,-0.41275912523269653,-2.0352327823638916,-0.24665692448616028,-0.11427765339612961,-0.9903460741043091,-0.07845589518547058,-0.2018313854932785,-1.1886430978775024,-0.25793176889419556,-0.22971825301647186,-0.8495969176292419,-0.27716293931007385,-0.1940298080444336,-0.6649012565612793,-0.2475920170545578,0.06902903318405151,-0.9188122153282166,-0.13885995745658875,-0.025329522788524628,-1.0884642601013184,-0.3132278323173523,-0.08421897888183594,-0.7409257888793945,-0.2471465915441513,-0.06096353381872177,-0.5544594526290894,-0.15570296347141266,0.25710466504096985,-0.8085337281227112,-0.20552955567836761,0.17169567942619324,-1.001767635345459,-0.30297496914863586,0.07273562997579575,-0.7513474822044373,-0.23874931037425995,0.060600925236940384,-0.5752209424972534,-0.16445213556289673,0.0,0.0,0.0,0.0,0.0,0.0,0.0,0.0,0.0,0.0,0.0,0.0,0.0,0.0,0.0,0.0,0.0,0.0,0.0,0.0,0.0,0.0,0.0,0.0,0.0,0.0,0.0,0.0,0.0,0.0,0.0,0.0,0.0,0.0,0.0,0.0,0.0,0.0,0.0,0.0,0.0,0.0,0.0,0.0,0.0,0.0,0.0,0.0,0.0,0.0,0.0,0.0,0.0,0.0,0.0,0.0,0.0,0.0,0.0,0.0,0.0,0.0,0.0
0.0,0.0,0.0,-0.22748667001724243,-0.22613674402236938,-0.08012444525957108,-0.37051621079444885,-0.6257486939430237,-0.12325532734394073,-0.3229494094848633,-1.017866849899292,-0.18123197555541992,-0.139047771692276,-1.1778590679168701,-0.23551228642463684,-0.2700227200984955,-1.0436738729476929,-0.0282552782446146,-0.2909342646598816,-1.4872726202011108,-0.13226555287837982,-0.2892732620239258,-1.736107349395752,-0.18899382650852203,-0.2678799331188202,-1.9611115455627441,-0.22751031816005707,-0.07843988388776779,-0.9955377578735352,-0.052457187324762344,-0.07748740166425705,-1.2407444715499878,-0.2294195145368576,-0.11369914561510086,-0.8797405958175659,-0.24534466862678528,-0.11794605851173401,-0.6777807474136353,-0.2040308564901352,0.10666165500879288,-0.9093659520149231,-0.09437251091003418,0.10346752405166626,-1.1019585132598877,-0.2779398262500763,0.0326649434864521,-0.7398080825805664,-0.22266478836536407,0.01572873815894127,-0.5279364585876465,-0.12779349088668823,0.2872595489025116,-0.7767004370689392,-0.14435869455337524,0.29540303349494934,-0.982093870639801,-0.2551262676715851,0.1910243034362793,-0.7423741817474365,-0.2042442113161087,0.13257549703121185,-0.5568984746932983,-0.13266722857952118,0.0,0.0,0.0,0.0,0.0,0.0,0.0,0.0,0.0,0.0,0.0,0.0,0.0,0.0,0.0,0.0,0.0,0.0,0.0,0.0,0.0,0.0,0.0,0.0,0.0,0.0,0.0,0.0,0.0,0.0,0.0,0.0,0.0,0.0,0.0,0.0,0.0,0.0,0.0,0.0,0.0,0.0,0.0,0.0,0.0,0.0,0.0,0.0,0.0,0.0,0.0,0.0,0.0,0.0,0.0,0.0,0.0,0.0,0.0,0.0,0.0,0.0,0.0
0.0,0.0,0.0,-0.19577957689762115,-0.2537536025047302,-0.0948282778263092,-0.29931584000587463,-0.6371045708656311,-0.14723800122737885,-0.2171393781900406,-0.9873661398887634,-0.21074458956718445,-0.03135203197598457,-1.1370527744293213,-0.2673546075820923,-0.23052024841308594,-1.0722506046295166,-0.03587349131703377,-0.2235787957906723,-1.5218656063079834,-0.14288604259490967,-0.2053568959236145,-1.7601157426834106,-0.20265184342861176,-0.17004252970218658,-1.9755654335021973,-0.24203906953334808,-0.034174587577581406,-0.998073935508728,-0.051773250102996826,0.015099755488336086,-1.2213903665542603,-0.24381648004055023,-0.03587908297777176,-0.839838445186615,-0.26936009526252747,-0.0593545064330101,-0.6095842719078064,-0.2301589846611023,0.15337179601192474,-0.889921247959137,-0.0859803780913353,0.187698632478714,-1.0755046606063843,-0.279226690530777,0.10343937575817108,-0.708953320980072,-0.22596454620361328,0.06991879642009735,-0.48743128776550293,-0.12776896357536316,0.3216620683670044,-0.7406614422798157,-0.12869547307491302,0.36423131823539734,-0.9430713057518005,-0.243717759847641,0.26083916425704956,-0.7075343132019043,-0.19152721762657166,0.19825802743434906,-0.5360743999481201,-0.11577200889587402,0.0,0.0,0.0,0.0,0.0,0.0,0.0,0.0,0.0,0.0,0.0,0.0,0.0,0.0,0.0,0.0,0.0,0.0,0.0,0.0,0.0,0.0,0.0,0.0,0.0,0.0,0.0,0.0,0.0,0.0,0.0,0.0,0.0,0.0,0.0,0.0,0.0,0.0,0.0,0.0,0.0,0.0,0.0,0.0,0.0,0.0,0.0,0.0,0.0,0.0,0.0,0.0,0.0,0.0,0.0,0.0,0.0,0.0,0.0,0.0,0.0,0.0,0.0
0.0,0.0,0.0,-0.22358061373233795,-0.2422337383031845,-0.0786517783999443,-0.35387900471687317,-0.6406614780426025,-0.12405198812484741,-0.2986993193626404,-1.031811237335205,-0.18464891612529755,-0.11004281789064407,-1.1868540048599243,-0.2417476624250412,-0.266069233417511,-1.052036166191101,-0.03380220755934715,-0.2763458490371704,-1.5125013589859009,-0.13643497228622437,-0.2640737295150757,-1.7603790760040283,-0.19310535490512848,-0.2357485592365265,-1.9848964214324951,-0.2316812127828598,-0.0695272907614708,-0.9958111047744751,-0.059381674975156784,-0.03378160670399666,-1.2468130588531494,-0.24504315853118896,-0.07013272494077682,-0.8897321224212646,-0.2668420672416687,-0.08526120334863663,-0.6629914045333862,-0.22753477096557617,0.11792126297950745,-0.9036921858787537,-0.10113271325826645,0.13879361748695374,-1.0913503170013428,-0.28601405024528503,0.06740465015172958,-0.7424710392951965,-0.2348152995109558,0.04155968129634857,-0.5223986506462097,-0.1420293003320694,0.2961682081222534,-0.7667458653450012,-0.150557279586792,0.32595938444137573,-0.9744338393211365,-0.25515270233154297,0.2256840467453003,-0.7496071457862854,-0.20270761847496033,0.16349871456623077,-0.5638538599014282,-0.13108721375465393,0.0,0.0,0.0,0.0,0.0,0.0,0.0,0.0,0.0,0.0,0.0,0.0,0.0,0.0,0.0,0.0,0.0,0.0,0.0,0.0,0.0,0.0,0.0,0.0,0.0,0.0,0.0,0.0,0.0,0.0,0.0,0.0,0.0,0.0,0.0,0.0,0.0,0.0,0.0,0.0,0.0,0.0,0.0,0.0,0.0,0.0,0.0,0.0,0.0,0.0,0.0,0.0,0.0,0.0,0.0,0.0,0.0,0.0,0.0,0.0,0.0,0.0,0.0
0.0,0.0,0.0,-0.22397711873054504,-0.2602136433124542,-0.07047981023788452,-0.3584626019001007,-0.6301797032356262,-0.10517758876085281,-0.30643901228904724,-1.0175549983978271,-0.14975477755069733,-0.12345695495605469,-1.1758419275283813,-0.18439112603664398,-0.2667313814163208,-1.0515495538711548,-0.02047727443277836,-0.2800319492816925,-1.5009050369262695,-0.13372163474559784,-0.2765582501888275,-1.74036705493927,-0.20423130691051483,-0.25189733505249023,-1.9631739854812622,-0.25191283226013184,-0.07437709718942642,-0.9964586496353149,-0.039220135658979416,-0.06488461792469025,-1.2472445964813232,-0.20095178484916687,-0.10147291421890259,-0.8811535835266113,-0.20716768503189087,-0.10350099951028824,-0.6955505609512329,-0.16920128464698792,0.10737083107233047,-0.9057422876358032,-0.07680047303438187,0.11866913735866547,-1.1049028635025024,-0.2404095083475113,0.04038916900753975,-0.7473948001861572,-0.1675107330083847,0.022451145574450493,-0.5534572601318359,-0.07047851383686066,0.28150802850723267,-0.7646695375442505,-0.12361065298318863,0.3057876229286194,-0.9718614816665649,-0.2147531807422638,0.20536306500434875,-0.7411977052688599,-0.15028707683086395,0.1527845710515976,-0.5804333686828613,-0.07531531900167465,0.0,0.0,0.0,0.0,0.0,0.0,0.0,0.0,0.0,0.0,0.0,0.0,0.0,0.0,0.0,0.0,0.0,0.0,0.0,0.0,0.0,0.0,0.0,0.0,0.0,0.0,0.0,0.0,0.0,0.0,0.0,0.0,0.0,0.0,0.0,0.0,0.0,0.0,0.0,0.0,0.0,0.0,0.0,0.0,0.0,0.0,0.0,0.0,0.0,0.0,0.0,0.0,0.0,0.0,0.0,0.0,0.0,0.0,0.0,0.0,0.0,0.0,0.0
0.0,0.0,0.0,-0.22697319090366364,-0.21255415678024292,-0.07432089000940323,-0.37641236186027527,-0.6280348896980286,-0.11056843400001526,-0.3208397626876831,-1.034296989440918,-0.16023734211921692,-0.14529749751091003,-1.2079838514328003,-0.20562894642353058,-0.2645120918750763,-1.0330291986465454,-0.026716725900769234,-0.2893699109554291,-1.4850952625274658,-0.12431717664003372,-0.2910342514514923,-1.7317813634872437,-0.1770193874835968,-0.27114829421043396,-1.9591765403747559,-0.21536870300769806,-0.06800993531942368,-0.9963784217834473,-0.05103602260351181,-0.07441654801368713,-1.2589305639266968,-0.22604064643383026,-0.11224687844514847,-0.8846198320388794,-0.2398093342781067,-0.10956017673015594,-0.665381669998169,-0.19717849791049957,0.12341750413179398,-0.9190172553062439,-0.09182332456111908,0.10786116123199463,-1.1327179670333862,-0.27136486768722534,0.03331006318330765,-0.7553418874740601,-0.2125934213399887,0.0224833432585001,-0.5302601456642151,-0.11677536368370056,0.310294508934021,-0.7994778752326965,-0.14018464088439941,0.2970610558986664,-1.0049734115600586,-0.2509256899356842,0.19078758358955383,-0.7664054036140442,-0.2031763792037964,0.14450742304325104,-0.5933528542518616,-0.13504022359848022,0.0,0.0,0.0,0.0,0.0,0.0,0.0,0.0,0.0,0.0,0.0,0.0,0.0,0.0,0.0,0.0,0.0,0.0,0.0,0.0,0.0,0.0,0.0,0.0,0.0,0.0,0.0,0.0,0.0,0.0,0.0,0.0,0.0,0.0,0.0,0.0,0.0,0.0,0.0,0.0,0.0,0.0,0.0,0.0,0.0,0.0,0.0,0.0,0.0,0.0,0.0,0.0,0.0,0.0,0.0,0.0,0.0,0.0,0.0,0.0,0.0,0.0,0.0
0.0,0.0,0.0,-0.24653489887714386,-0.2049795389175415,-0.028584113344550133,-0.43452516198158264,-0.5959022045135498,-0.05247748643159866,-0.4338681101799011,-0.9587755799293518,-0.09993336349725723,-0.29405105113983154,-1.0622570514678955,-0.15029792487621307,-0.2662188410758972,-1.0284241437911987,-0.02734437584877014,-0.3049378991127014,-1.514723777770996,-0.1371147334575653,-0.3323717713356018,-1.7999560832977295,-0.21266403794288635,-0.3456234633922577,-2.0503792762756348,-0.27044469118118286,-0.08121144771575928,-0.9936055541038513,-0.07843886315822601,-0.19017739593982697,-1.1792669296264648,-0.2529061734676361,-0.2219114452600479,-0.8647730946540833,-0.2777446210384369,-0.18234486877918243,-0.6667932868003845,-0.256447434425354,0.0920691266655922,-0.9185319542884827,-0.14159825444221497,-0.02033081091940403,-1.0872637033462524,-0.30146029591560364,-0.08532344549894333,-0.7731557488441467,-0.24071553349494934,-0.06164978817105293,-0.5789466500282288,-0.15850618481636047,0.27035215497016907,-0.8026721477508545,-0.21167784929275513,0.1639103889465332,-0.9899820685386658,-0.2997727692127228,0.0528707318007946,-0.7668303847312927,-0.24155782163143158,0.032555002719163895,-0.5939334034919739,-0.17553646862506866,0.0,0.0,0.0,0.0,0.0,0.0,0.0,0.0,0.0,0.0,0.0,0.0,0.0,0.0,0.0,0.0,0.0,0.0,0.0,0.0,0.0,0.0,0.0,0.0,0.0,0.0,0.0,0.0,0.0,0.0,0.0,0.0,0.0,0.0,0.0,0.0,0.0,0.0,0.0,0.0,0.0,0.0,0.0,0.0,0.0,0.0,0.0,0.0,0.0,0.0,0.0,0.0,0.0,0.0,0.0,0.0,0.0,0.0,0.0,0.0,0.0,0.0,0.0
0.0,0.0,0.0,-0.2583354711532593,-0.17543232440948486,-0.03178706020116806,-0.47189152240753174,-0.5553656816482544,-0.06471189856529236,-0.5104646682739258,-0.9183682203292847,-0.12200963497161865,-0.37474244832992554,-1.0561316013336182,-0.1803092509508133,-0.2888822555541992,-1.02689790725708,-0.033635541796684265,-0.33902448415756226,-1.5217548608779907,-0.14139634370803833,-0.38230153918266296,-1.7871204614639282,-0.19919855892658234,-0.4044162631034851,-2.024556875228882,-0.24343402683734894,-0.10091582685709,-0.9908434152603149,-0.0896959975361824,-0.2342621386051178,-1.1707377433776855,-0.2707739472389221,-0.26245081424713135,-0.8206921815872192,-0.2807350158691406,-0.2019798457622528,-0.6541361808776855,-0.24436751008033752,0.07672803103923798,-0.9130154252052307,-0.15860064327716827,-0.06201254948973656,-1.0699989795684814,-0.3362502157688141,-0.11846901476383209,-0.717126727104187,-0.2605412006378174,-0.07362798601388931,-0.5519735217094421,-0.16189508140087128,0.25947171449661255,-0.7950555086135864,-0.233154758810997,0.13925974071025848,-0.9821486473083496,-0.3316722512245178,0.036522794514894485,-0.7275232076644897,-0.26201316714286804,0.03520949184894562,-0.5610674023628235,-0.1837150603532791,0.0,0.0,0.0,0.0,0.0,0.0,0.0,0.0,0.0,0.0,0.0,0.0,0.0,0.0,0.0,0.0,0.0,0.0,0.0,0.0,0.0,0.0,0.0,0.0,0.0,0.0,0.0,0.0,0.0,0.0,0.0,0.0,0.0,0.0,0.0,0.0,0.0,0.0,0.0,0.0,0.0,0.0,0.0,0.0,0.0,0.0,0.0,0.0,0.0,0.0,0.0,0.0,0.0,0.0,0.0,0.0,0.0,0.0,0.0,0.0,0.0,0.0,0.0
0.0,0.0,0.0,-0.23250235617160797,-0.20812661945819855,-0.06844206899404526,-0.4067811369895935,-0.6052417755126953,-0.11264568567276001,-0.3830120265483856,-0.9641806483268738,-0.17351390421390533,-0.20381061732769012,-1.1274906396865845,-0.2304149717092514,-0.22669467329978943,-1.044580101966858,-0.04390968754887581,-0.25344565510749817,-1.5125020742416382,-0.1571708470582962,-0.2601872384548187,-1.7588415145874023,-0.2156992107629776,-0.24710135161876678,-1.9906013011932373,-0.2576044797897339,-0.036603063344955444,-0.9964102506637573,-0.07633380591869354,-0.11959099024534225,-1.1775689125061035,-0.25920647382736206,-0.1592363715171814,-0.8152738809585571,-0.2715309262275696,-0.12959018349647522,-0.6488535404205322,-0.23577429354190826,0.1449834108352661,-0.9084328413009644,-0.1262529343366623,0.05439178645610809,-1.0597089529037476,-0.3176291584968567,-0.02090935781598091,-0.6898607611656189,-0.2503005564212799,-0.008102215826511383,-0.5083368420600891,-0.15300817787647247,0.3291774094104767,-0.7792335152626038,-0.18379448354244232,0.256503164768219,-0.9580464363098145,-0.3021979331970215,0.13727936148643494,-0.6964361667633057,-0.24588987231254578,0.0987263023853302,-0.5227604508399963,-0.17250902950763702,0.0,0.0,0.0,0.0,0.0,0.0,0.0,0.0,0.0,0.0,0.0,0.0,0.0,0.0,0.0,0.0,0.0,0.0,0.0,0.0,0.0,0.0,0.0,0.0,0.0,0.0,0.0,0.0,0.0,0.0,0.0,0.0,0.0,0.0,0.0,0.0,0.0,0.0,0.0,0.0,0.0,0.0,0.0,0.0,0.0,0.0,0.0,0.0,0.0,0.0,0.0,0.0,0.0,0.0,0.0,0.0,0.0,0.0,0.0,0.0,0.0,0.0,0.0
0.0,0.0,0.0,-0.23195788264274597,-0.22227339446544647,-0.069749616086483,-0.38288384675979614,-0.6293312907218933,-0.11092443019151688,-0.325752317905426,-0.9877257943153381,-0.16862401366233826,-0.1415216624736786,-1.1451796293258667,-0.2243409901857376,-0.20638537406921387,-1.0522862672805786,-0.03344385698437691,-0.22588568925857544,-1.5196235179901123,-0.13618454337120056,-0.223021999001503,-1.7722560167312622,-0.1917247176170349,-0.20286794006824493,-2.0003981590270996,-0.23161882162094116,-0.014676608145236969,-0.9977515339851379,-0.0653945729136467,-0.06487912684679031,-1.1997150182724,-0.25670966506004333,-0.11013519018888474,-0.8398302793502808,-0.2840833067893982,-0.10061910003423691,-0.6222359538078308,-0.25094351172447205,0.16526074707508087,-0.9041699767112732,-0.11282550543546677,0.10443034023046494,-1.0757346153259277,-0.30576324462890625,0.025488905608654022,-0.7100331783294678,-0.25308293104171753,0.019326884299516678,-0.4905185401439667,-0.1599237024784088,0.3446822166442871,-0.7683522701263428,-0.1669548600912094,0.2878267168998718,-0.9538505673408508,-0.284049391746521,0.17430958151817322,-0.7058386206626892,-0.23456241190433502,0.13126258552074432,-0.5268748998641968,-0.1638200581073761,0.0,0.0,0.0,0.0,0.0,0.0,0.0,0.0,0.0,0.0,0.0,0.0,0.0,0.0,0.0,0.0,0.0,0.0,0.0,0.0,0.0,0.0,0.0,0.0,0.0,0.0,0.0,0.0,0.0,0.0,0.0,0.0,0.0,0.0,0.0,0.0,0.0,0.0,0.0,0.0,0.0,0.0,0.0,0.0,0.0,0.0,0.0,0.0,0.0,0.0,0.0,0.0,0.0,0.0,0.0,0.0,0.0,0.0,0.0,0.0,0.0,0.0,0.0
0.0,0.0,0.0,-0.2329268455505371,-0.21207661926746368,-0.06918800622224808,-0.3812388479709625,-0.6256918907165527,-0.10547487437725067,-0.32123202085494995,-0.997629702091217,-0.15738290548324585,-0.143248051404953,-1.164717674255371,-0.2061653435230255,-0.2182759791612625,-1.0523767471313477,-0.028462667018175125,-0.23564913868904114,-1.5159319639205933,-0.12595529854297638,-0.23440784215927124,-1.760925054550171,-0.17528186738491058,-0.21282067894935608,-1.9859631061553955,-0.2107289880514145,-0.02501724287867546,-0.9980118870735168,-0.05784837529063225,-0.062110256403684616,-1.2173081636428833,-0.23778051137924194,-0.10665345937013626,-0.8488282561302185,-0.2556549310684204,-0.0933137834072113,-0.6374063491821289,-0.2173634171485901,0.1581418812274933,-0.9052308797836304,-0.10302351415157318,0.11094388365745544,-1.096779227256775,-0.2905479371547699,0.029549745842814445,-0.718686580657959,-0.2319905012845993,0.026808712631464005,-0.4984626770019531,-0.13590657711029053,0.339310884475708,-0.7705070376396179,-0.1548885554075241,0.29835596680641174,-0.9697489142417908,-0.2730196416378021,0.18352490663528442,-0.7165887951850891,-0.22307977080345154,0.14069823920726776,-0.5355777144432068,-0.15179988741874695,0.0,0.0,0.0,0.0,0.0,0.0,0.0,0.0,0.0,0.0,0.0,0.0,0.0,0.0,0.0,0.0,0.0,0.0,0.0,0.0,0.0,0.0,0.0,0.0,0.0,0.0,0.0,0.0,0.0,0.0,0.0,0.0,0.0,0.0,0.0,0.0,0.0,0.0,0.0,0.0,0.0,0.0,0.0,0.0,0.0,0.0,0.0,0.0,0.0,0.0,0.0,0.0,0.0,0.0,0.0,0.0,0.0,0.0,0.0,0.0,0.0,0.0,0.0
0.0,0.0,0.0,-0.22339418530464172,-0.21640482544898987,-0.0821487158536911,-0.36110347509384155,-0.6231043934822083,-0.12681207060813904,-0.29780542850494385,-0.9855346083641052,-0.1851070076227188,-0.12384426593780518,-1.145107626914978,-0.2389691025018692,-0.21362681686878204,-1.0551921129226685,-0.0409737266600132,-0.22622834146022797,-1.5122193098068237,-0.1479007452726364,-0.2243730127811432,-1.7525159120559692,-0.20091059803962708,-0.20207761228084564,-1.981080412864685,-0.23753634095191956,-0.01942276954650879,-0.9975615739822388,-0.06703502684831619,-0.05522499606013298,-1.2146183252334595,-0.25364482402801514,-0.1020384281873703,-0.84102863073349,-0.2705286145210266,-0.0907830148935318,-0.6435647010803223,-0.22999024391174316,0.1651689112186432,-0.9014391899108887,-0.11077366024255753,0.11827996373176575,-1.0750223398208618,-0.3059034049510956,0.03574865683913231,-0.6915672421455383,-0.2459103912115097,0.0311825480312109,-0.48369935154914856,-0.1467636078596115,0.34462258219718933,-0.7656704783439636,-0.1623617559671402,0.3055262863636017,-0.9505000710487366,-0.2812823951244354,0.1882593184709549,-0.6966587901115417,-0.2288084477186203,0.1426498293876648,-0.527358889579773,-0.15544186532497406,0.0,0.0,0.0,0.0,0.0,0.0,0.0,0.0,0.0,0.0,0.0,0.0,0.0,0.0,0.0,0.0,0.0,0.0,0.0,0.0,0.0,0.0,0.0,0.0,0.0,0.0,0.0,0.0,0.0,0.0,0.0,0.0,0.0,0.0,0.0,0.0,0.0,0.0,0.0,0.0,0.0,0.0,0.0,0.0,0.0,0.0,0.0,0.0,0.0,0.0,0.0,0.0,0.0,0.0,0.0,0.0,0.0,0.0,0.0,0.0,0.0,0.0,0.0
0.0,0.0,0.0,-0.23104821145534515,-0.24540115892887115,-0.04475053772330284,-0.3986073136329651,-0.638983428478241,-0.0777939185500145,-0.35956528782844543,-0.9989498853683472,-0.13096578419208527,-0.2008907049894333,-1.1480921506881714,-0.18323136866092682,-0.23216693103313446,-1.0508430004119873,-0.03495044261217117,-0.24350307881832123,-1.526222586631775,-0.13933610916137695,-0.24851463735103607,-1.7819827795028687,-0.20183905959129333,-0.23779936134815216,-2.0213675498962402,-0.2495937943458557,-0.04628491774201393,-0.9958533644676208,-0.07831821590662003,-0.08938688784837723,-1.1920031309127808,-0.24156056344509125,-0.14252974092960358,-0.888043224811554,-0.26015621423721313,-0.13401423394680023,-0.7377511858940125,-0.23890420794487,0.1282832771539688,-0.9068871140480042,-0.13516578078269958,0.08258280903100967,-1.0697447061538696,-0.2945655882358551,0.0026759151369333267,-0.7577699422836304,-0.2293066829442978,0.0023163724690675735,-0.6054049134254456,-0.14718589186668396,0.3046635687351227,-0.7787249684333801,-0.19908979535102844,0.268780916929245,-0.9792314767837524,-0.28161197900772095,0.1606338620185852,-0.7553957104682922,-0.2136121690273285,0.1291630119085312,-0.6057192087173462,-0.1428893506526947,0.0,0.0,0.0,0.0,0.0,0.0,0.0,0.0,0.0,0.0,0.0,0.0,0.0,0.0,0.0,0.0,0.0,0.0,0.0,0.0,0.0,0.0,0.0,0.0,0.0,0.0,0.0,0.0,0.0,0.0,0.0,0.0,0.0,0.0,0.0,0.0,0.0,0.0,0.0,0.0,0.0,0.0,0.0,0.0,0.0,0.0,0.0,0.0,0.0,0.0,0.0,0.0,0.0,0.0,0.0,0.0,0.0,0.0,0.0,0.0,0.0,0.0,0.0
0.0,0.0,0.0,-0.2516520023345947,-0.17461524903774261,-0.05983423441648483,-0.46012553572654724,-0.5491965413093567,-0.10664307326078415,-0.4858776032924652,-0.8966094255447388,-0.17163169384002686,-0.3433902859687805,-1.0914701223373413,-0.23479653894901276,-0.26763927936553955,-1.0258389711380005,-0.04646732285618782,-0.3055378794670105,-1.4907158613204956,-0.15762652456760406,-0.3445214033126831,-1.7272542715072632,-0.21663737297058105,-0.3724702298641205,-1.9487346410751343,-0.2601921558380127,-0.08179359138011932,-0.992783784866333,-0.08769384026527405,-0.2163846492767334,-1.1777160167694092,-0.28134939074516296,-0.2513771951198578,-0.8148247003555298,-0.30451086163520813,-0.2144256830215454,-0.6188075542449951,-0.2734842896461487,0.09165102243423462,-0.9203166961669922,-0.14358671009540558,-0.0587707944214344,-1.069423794746399,-0.3429953455924988,-0.1114891991019249,-0.6863274574279785,-0.2805144190788269,-0.08289719372987747,-0.480103462934494,-0.18321484327316284,0.27233511209487915,-0.8067927956581116,-0.20520150661468506,0.13946647942066193,-0.9963737726211548,-0.3305801749229431,0.03727880120277405,-0.7199900150299072,-0.2744707763195038,0.017930442467331886,-0.522562563419342,-0.19905529916286469,0.0,0.0,0.0,0.0,0.0,0.0,0.0,0.0,0.0,0.0,0.0,0.0,0.0,0.0,0.0,0.0,0.0,0.0,0.0,0.0,0.0,0.0,0.0,0.0,0.0,0.0,0.0,0.0,0.0,0.0,0.0,0.0,0.0,0.0,0.0,0.0,0.0,0.0,0.0,0.0,0.0,0.0,0.0,0.0,0.0,0.0,0.0,0.0,0.0,0.0,0.0,0.0,0.0,0.0,0.0,0.0,0.0,0.0,0.0,0.0,0.0,0.0,0.0
0.0,0.0,0.0,-0.2457013875246048,-0.21855492889881134,-0.017058508470654488,-0.4372442662715912,-0.6064738631248474,-0.03859736770391464,-0.44751009345054626,-0.9708472490310669,-0.08928020298480988,-0.30307769775390625,-1.0841830968856812,-0.1415076106786728,-0.25029489398002625,-1.0386179685592651,0.0015500473091378808,-0.2872686982154846,-1.517632007598877,-0.09512066841125488,-0.3109426200389862,-1.7910923957824707,-0.15132442116737366,-0.32377058267593384,-2.0240707397460938,-0.19484247267246246,-0.06839623302221298,-0.9959053993225098,-0.05911293998360634,-0.15760865807533264,-1.1948442459106445,-0.2209993153810501,-0.198746919631958,-0.8851706385612488,-0.2342422902584076,-0.16672047972679138,-0.7184926867485046,-0.20395955443382263,0.10901977866888046,-0.9129634499549866,-0.1323276162147522,0.009486905299127102,-1.0772029161453247,-0.287950336933136,-0.06428603827953339,-0.7616989612579346,-0.22006116807460785,-0.0476846881210804,-0.5967181921005249,-0.13292711973190308,0.2903481423854828,-0.7859644293785095,-0.21130356192588806,0.20276227593421936,-0.9648325443267822,-0.29033297300338745,0.08496586233377457,-0.7457526326179504,-0.2233469933271408,0.05765066295862198,-0.5960441827774048,-0.1524793803691864,0.0,0.0,0.0,0.0,0.0,0.0,0.0,0.0,0.0,0.0,0.0,0.0,0.0,0.0,0.0,0.0,0.0,0.0,0.0,0.0,0.0,0.0,0.0,0.0,0.0,0.0,0.0,0.0,0.0,0.0,0.0,0.0,0.0,0.0,0.0,0.0,0.0,0.0,0.0,0.0,0.0,0.0,0.0,0.0,0.0,0.0,0.0,0.0,0.0,0.0,0.0,0.0,0.0,0.0,0.0,0.0,0.0,0.0,0.0,0.0,0.0,0.0,0.0
0.0,0.0,0.0,-0.24887658655643463,-0.1922300159931183,-0.052861377596855164,-0.4364902973175049,-0.5930377840995789,-0.0854276567697525,-0.4245659410953522,-0.9562326073646545,-0.13580751419067383,-0.26565515995025635,-1.1528851985931396,-0.18346114456653595,-0.24801908433437347,-1.0353691577911377,-0.036455608904361725,-0.28077322244644165,-1.5104913711547852,-0.14514176547527313,-0.29391321539878845,-1.760296106338501,-0.20629741251468658,-0.2927122712135315,-1.9965806007385254,-0.2519560754299164,-0.057398200035095215,-0.9956386685371399,-0.0735461413860321,-0.1550678163766861,-1.1834330558776855,-0.2515629827976227,-0.18634389340877533,-0.8223544359207153,-0.26920998096466064,-0.15203769505023956,-0.6422866582870483,-0.2405095398426056,0.12328118830919266,-0.9170540571212769,-0.12524668872356415,0.01717015914618969,-1.0930787324905396,-0.3097994923591614,-0.04707882180809975,-0.7147557735443115,-0.24205105006694794,-0.026972932741045952,-0.5167167782783508,-0.14706754684448242,0.31232672929763794,-0.7992743849754333,-0.18281587958335876,0.22463209927082062,-1.0050686597824097,-0.29709893465042114,0.11147768050432205,-0.7394065260887146,-0.23808600008487701,0.08115796744823456,-0.5576974153518677,-0.16422870755195618,0.0,0.0,0.0,0.0,0.0,0.0,0.0,0.0,0.0,0.0,0.0,0.0,0.0,0.0,0.0,0.0,0.0,0.0,0.0,0.0,0.0,0.0,0.0,0.0,0.0,0.0,0.0,0.0,0.0,0.0,0.0,0.0,0.0,0.0,0.0,0.0,0.0,0.0,0.0,0.0,0.0,0.0,0.0,0.0,0.0,0.0,0.0,0.0,0.0,0.0,0.0,0.0,0.0,0.0,0.0,0.0,0.0,0.0,0.0,0.0,0.0,0.0,0.0
0.0,0.0,0.0,-0.23954825103282928,-0.17308571934700012,-0.06815683841705322,-0.44439154863357544,-0.509657084941864,-0.12842273712158203,-0.4798513352870941,-0.8246172070503235,-0.20498879253864288,-0.3604724109172821,-1.017142653465271,-0.279352605342865,-0.2630673348903656,-1.019273042678833,-0.06702757626771927,-0.3222326934337616,-1.489477515220642,-0.18622234463691711,-0.3700132369995117,-1.7451035976409912,-0.2460850179195404,-0.39546483755111694,-1.9732939004898071,-0.2888735234737396,-0.07907263934612274,-0.9908729791641235,-0.10917069017887115,-0.2265368551015854,-1.1545915603637695,-0.3015190064907074,-0.2665746808052063,-0.7948070764541626,-0.3156227767467499,-0.2192889302968979,-0.6239356994628906,-0.2790924310684204,0.0934864729642868,-0.9151708483695984,-0.1674632579088211,-0.06625455617904663,-1.0179487466812134,-0.3635985553264618,-0.12047705799341202,-0.6527387499809265,-0.2922055125236511,-0.08101416379213333,-0.4946358799934387,-0.19271907210350037,0.2704140841960907,-0.7940036058425903,-0.23309442400932312,0.12361866980791092,-0.9366711974143982,-0.3525048792362213,0.030538156628608704,-0.6544171571731567,-0.28718897700309753,0.03507722541689873,-0.4867749810218811,-0.20704412460327148,0.0,0.0,0.0,0.0,0.0,0.0,0.0,0.0,0.0,0.0,0.0,0.0,0.0,0.0,0.0,0.0,0.0,0.0,0.0,0.0,0.0,0.0,0.0,0.0,0.0,0.0,0.0,0.0,0.0,0.0,0.0,0.0,0.0,0.0,0.0,0.0,0.0,0.0,0.0,0.0,0.0,0.0,0.0,0.0,0.0,0.0,0.0,0.0,0.0,0.0,0.0,0.0,0.0,0.0,0.0,0.0,0.0,0.0,0.0,0.0,0.0,0.0,0.0
0.0,0.0,0.0,-0.23876427114009857,-0.20431861281394958,-0.07033708691596985,-0.4118235409259796,-0.5805991291999817,-0.11783216148614883,-0.38919952511787415,-0.9377901554107666,-0.18298275768756866,-0.22740672528743744,-1.1203912496566772,-0.24596504867076874,-0.23699268698692322,-1.0366770029067993,-0.03819216042757034,-0.2777366638183594,-1.5004616975784302,-0.14961490035057068,-0.29853004217147827,-1.7559010982513428,-0.21056215465068817,-0.30058541893959045,-1.9883477687835693,-0.25351932644844055,-0.04557068645954132,-0.9962579011917114,-0.07344061136245728,-0.131730854511261,-1.190016508102417,-0.2674720883369446,-0.17173218727111816,-0.8394080996513367,-0.29567351937294006,-0.1465364545583725,-0.6364726424217224,-0.26406675577163696,0.13360844552516937,-0.9131504893302917,-0.12506093084812164,0.04304962232708931,-1.070582628250122,-0.3198017179965973,-0.027587182819843292,-0.7074918150901794,-0.26514142751693726,-0.020101075991988182,-0.5016816854476929,-0.1709064394235611,0.3181374669075012,-0.7862544655799866,-0.1838456243276596,0.23588821291923523,-0.9621583819389343,-0.2990305423736572,0.12510986626148224,-0.7091567516326904,-0.24714067578315735,0.09197913855314255,-0.5325310230255127,-0.17499364912509918,0.0,0.0,0.0,0.0,0.0,0.0,0.0,0.0,0.0,0.0,0.0,0.0,0.0,0.0,0.0,0.0,0.0,0.0,0.0,0.0,0.0,0.0,0.0,0.0,0.0,0.0,0.0,0.0,0.0,0.0,0.0,0.0,0.0,0.0,0.0,0.0,0.0,0.0,0.0,0.0,0.0,0.0,0.0,0.0,0.0,0.0,0.0,0.0,0.0,0.0,0.0,0.0,0.0,0.0,0.0,0.0,0.0,0.0,0.0,0.0,0.0,0.0,0.0
0.0,0.0,0.0,-0.23955334722995758,-0.20363448560237885,-0.06895554065704346,-0.4149361550807953,-0.593980073928833,-0.11176656931638718,-0.385089635848999,-0.9563249349594116,-0.17055213451385498,-0.2183847576379776,-1.1384425163269043,-0.22585642337799072,-0.2440895438194275,-1.0425912141799927,-0.04109415039420128,-0.2824440896511078,-1.5035276412963867,-0.15219563245773315,-0.2940828204154968,-1.7532856464385986,-0.21345190703868866,-0.28621575236320496,-1.9858815670013428,-0.2579827606678009,-0.05236531421542168,-0.9959403872489929,-0.07321587204933167,-0.13234658539295197,-1.1897696256637573,-0.2549646496772766,-0.16766124963760376,-0.8299699425697327,-0.27264493703842163,-0.13778908550739288,-0.6527337431907654,-0.24042046070098877,0.13006505370140076,-0.9091494679450989,-0.1221746876835823,0.046179287135601044,-1.0804178714752197,-0.3120000660419464,-0.025382915511727333,-0.7099716067314148,-0.24810148775577545,-0.012504572980105877,-0.5175449848175049,-0.15293946862220764,0.3153175115585327,-0.7809586524963379,-0.17858174443244934,0.2423081248998642,-0.9668099284172058,-0.29872405529022217,0.12966161966323853,-0.7032286524772644,-0.2446824610233307,0.09790919721126556,-0.5260687470436096,-0.17229223251342773,0.0,0.0,0.0,0.0,0.0,0.0,0.0,0.0,0.0,0.0,0.0,0.0,0.0,0.0,0.0,0.0,0.0,0.0,0.0,0.0,0.0,0.0,0.0,0.0,0.0,0.0,0.0,0.0,0.0,0.0,0.0,0.0,0.0,0.0,0.0,0.0,0.0,0.0,0.0,0.0,0.0,0.0,0.0,0.0,0.0,0.0,0.0,0.0,0.0,0.0,0.0,0.0,0.0,0.0,0.0,0.0,0.0,0.0,0.0,0.0,0.0,0.0,0.0
0.0,0.0,0.0,-0.23991809785366058,-0.2017095386981964,-0.06994347274303436,-0.4139634966850281,-0.5950702428817749,-0.11355956643819809,-0.38721346855163574,-0.9539018273353577,-0.1732904314994812,-0.22607207298278809,-1.147467851638794,-0.22861310839653015,-0.24382957816123962,-1.0390106439590454,-0.04185609519481659,-0.28360745310783386,-1.5036970376968384,-0.15429450571537018,-0.3005765974521637,-1.7520684003829956,-0.2122795730829239,-0.29592978954315186,-1.9862473011016846,-0.2538532614707947,-0.05249129608273506,-0.9957540035247803,-0.07562167942523956,-0.13892240822315216,-1.193199634552002,-0.26033008098602295,-0.17425958812236786,-0.827354371547699,-0.2746872007846832,-0.13965678215026855,-0.6544514894485474,-0.2386736422777176,0.13054631650447845,-0.9098535180091858,-0.12681396305561066,0.03931136056780815,-1.0745011568069458,-0.3200956881046295,-0.02980857342481613,-0.6945223212242126,-0.2517101466655731,-0.011750605888664722,-0.5078100562095642,-0.15230660140514374,0.31807586550712585,-0.7817250490188599,-0.18563948571681976,0.24386993050575256,-0.9683544635772705,-0.30453014373779297,0.1292073130607605,-0.7017018795013428,-0.24656876921653748,0.09616079181432724,-0.5300678610801697,-0.17169301211833954,0.0,0.0,0.0,0.0,0.0,0.0,0.0,0.0,0.0,0.0,0.0,0.0,0.0,0.0,0.0,0.0,0.0,0.0,0.0,0.0,0.0,0.0,0.0,0.0,0.0,0.0,0.0,0.0,0.0,0.0,0.0,0.0,0.0,0.0,0.0,0.0,0.0,0.0,0.0,0.0,0.0,0.0,0.0,0.0,0.0,0.0,0.0,0.0,0.0,0.0,0.0,0.0,0.0,0.0,0.0,0.0,0.0,0.0,0.0,0.0,0.0,0.0,0.0
0.0,0.0,0.0,-0.24804843962192535,-0.1392446756362915,-0.062331076711416245,-0.47469913959503174,-0.4574490785598755,-0.11708734184503555,-0.5220087170600891,-0.7761448621749878,-0.18819598853588104,-0.4047510623931885,-0.9555400609970093,-0.25854650139808655,-0.3172093629837036,-0.9879138469696045,-0.06370944529771805,-0.4049186110496521,-1.4378379583358765,-0.18059438467025757,-0.4709740877151489,-1.6721742153167725,-0.24297687411308289,-0.5205237865447998,-1.8839588165283203,-0.28812873363494873,-0.13080641627311707,-0.9856879115104675,-0.10634392499923706,-0.28645649552345276,-1.1179699897766113,-0.2965458035469055,-0.3008374273777008,-0.7601080536842346,-0.31516942381858826,-0.2473897784948349,-0.585645854473114,-0.2826555371284485,0.04483121261000633,-0.9304249286651611,-0.16396747529506683,-0.12292399257421494,-1.0048353672027588,-0.3573777675628662,-0.15334081649780273,-0.635383129119873,-0.29281243681907654,-0.10752301663160324,-0.46902528405189514,-0.1979999840259552,0.2254784107208252,-0.8288266658782959,-0.22818225622177124,0.06605296581983566,-0.9505878686904907,-0.34817007184028625,-0.009703374467790127,-0.662691056728363,-0.2893124222755432,0.0031098313629627228,-0.49033862352371216,-0.213556170463562,0.0,0.0,0.0,0.0,0.0,0.0,0.0,0.0,0.0,0.0,0.0,0.0,0.0,0.0,0.0,0.0,0.0,0.0,0.0,0.0,0.0,0.0,0.0,0.0,0.0,0.0,0.0,0.0,0.0,0.0,0.0,0.0,0.0,0.0,0.0,0.0,0.0,0.0,0.0,0.0,0.0,0.0,0.0,0.0,0.0,0.0,0.0,0.0,0.0,0.0,0.0,0.0,0.0,0.0,0.0,0.0,0.0,0.0,0.0,0.0,0.0,0.0,0.0
0.0,0.0,0.0,-0.263150155544281,-0.18811267614364624,-0.049852725118398666,-0.46895644068717957,-0.5602208971977234,-0.08116185665130615,-0.4692537784576416,-0.9249034523963928,-0.13117815554141998,-0.3330819606781006,-1.1126525402069092,-0.1784161478281021,-0.32760336995124817,-1.011495590209961,-0.04245471581816673,-0.40109702944755554,-1.491126298904419,-0.1493699997663498,-0.43813356757164,-1.7566173076629639,-0.21003377437591553,-0.45814841985702515,-2.001162528991699,-0.25523561239242554,-0.13287509977817535,-0.9876348972320557,-0.08319587260484695,-0.21377776563167572,-1.1640475988388062,-0.25080808997154236,-0.23045094311237335,-0.8396035432815552,-0.2649179995059967,-0.19242167472839355,-0.6898360252380371,-0.23786677420139313,0.054669883102178574,-0.924858808517456,-0.13823632895946503,-0.029195008799433708,-1.07488214969635,-0.3072126507759094,-0.07970994710922241,-0.7416277527809143,-0.24160046875476837,-0.05569257587194443,-0.5853732824325562,-0.15589085221290588,0.24941281974315643,-0.8234586119651794,-0.20023202896118164,0.1763239949941635,-1.0135726928710938,-0.29742008447647095,0.07811141759157181,-0.7602143883705139,-0.23383480310440063,0.0572810135781765,-0.5898184180259705,-0.16224989295005798,0.0,0.0,0.0,0.0,0.0,0.0,0.0,0.0,0.0,0.0,0.0,0.0,0.0,0.0,0.0,0.0,0.0,0.0,0.0,0.0,0.0,0.0,0.0,0.0,0.0,0.0,0.0,0.0,0.0,0.0,0.0,0.0,0.0,0.0,0.0,0.0,0.0,0.0,0.0,0.0,0.0,0.0,0.0,0.0,0.0,0.0,0.0,0.0,0.0,0.0,0.0,0.0,0.0,0.0,0.0,0.0,0.0,0.0,0.0,0.0,0.0,0.0,0.0
0.0,0.0,0.0,-0.23730728030204773,-0.18634232878684998,-0.0765642374753952,-0.4175654351711273,-0.5583697557449341,-0.12597858905792236,-0.3983027935028076,-0.9127843379974365,-0.1900501251220703,-0.25082555413246155,-1.118175983428955,-0.24920378625392914,-0.26681047677993774,-1.0323580503463745,-0.05088874325156212,-0.31615763902664185,-1.491432547569275,-0.16824227571487427,-0.33482006192207336,-1.739078164100647,-0.22830069065093994,-0.333033949136734,-1.9706608057022095,-0.2702289819717407,-0.07456626743078232,-0.9937767386436462,-0.08275043964385986,-0.16846027970314026,-1.175389289855957,-0.2676750123500824,-0.19328439235687256,-0.80437171459198,-0.2795494794845581,-0.15548984706401825,-0.6440043449401855,-0.24260008335113525,0.1113869771361351,-0.9138059020042419,-0.1330871731042862,0.01677924580872059,-1.0650516748428345,-0.3276875615119934,-0.04176302254199982,-0.6816785931587219,-0.2566332519054413,-0.01929365284740925,-0.5068932175636292,-0.15632307529449463,0.3003224730491638,-0.7920060157775879,-0.1916871815919876,0.21763817965984344,-0.9636697769165039,-0.31335434317588806,0.11465353518724442,-0.6854262948036194,-0.25445932149887085,0.09253698587417603,-0.5185686349868774,-0.17843815684318542,0.0,0.0,0.0,0.0,0.0,0.0,0.0,0.0,0.0,0.0,0.0,0.0,0.0,0.0,0.0,0.0,0.0,0.0,0.0,0.0,0.0,0.0,0.0,0.0,0.0,0.0,0.0,0.0,0.0,0.0,0.0,0.0,0.0,0.0,0.0,0.0,0.0,0.0,0.0,0.0,0.0,0.0,0.0,0.0,0.0,0.0,0.0,0.0,0.0,0.0,0.0,0.0,0.0,0.0,0.0,0.0,0.0,0.0,0.0,0.0,0.0,0.0,0.0
0.0,0.0,0.0,-0.21813444793224335,-0.20293028652668,-0.048885781317949295,-0.4098968505859375,-0.5607864260673523,-0.09270038455724716,-0.42344650626182556,-0.8985559344291687,-0.15498779714107513,-0.26385021209716797,-1.006160855293274,-0.21815654635429382,-0.2049826979637146,-1.043387532234192,-0.05422599986195564,-0.21729683876037598,-1.5321975946426392,-0.16847409307956696,-0.2213834822177887,-1.819701075553894,-0.24387618899345398,-0.21219147741794586,-2.064131259918213,-0.3017759621143341,-0.02018612064421177,-0.9950301647186279,-0.09750643372535706,-0.13762368261814117,-1.1611474752426147,-0.2802613377571106,-0.194337397813797,-0.8453530073165894,-0.3036006987094879,-0.17098195850849152,-0.6416756510734558,-0.27960923314094543,0.14648854732513428,-0.9015122652053833,-0.15424920618534088,0.015352100133895874,-1.0271590948104858,-0.32117709517478943,-0.05997997522354126,-0.7195725440979004,-0.2602129578590393,-0.0499650314450264,-0.5337885022163391,-0.17703990638256073,0.31330350041389465,-0.7638694047927856,-0.21938468515872955,0.18928784132003784,-0.8919124603271484,-0.31762561202049255,0.07617893069982529,-0.6687498092651367,-0.26505473256111145,0.04549800232052803,-0.5092313289642334,-0.20013800263404846,0.0,0.0,0.0,0.0,0.0,0.0,0.0,0.0,0.0,0.0,0.0,0.0,0.0,0.0,0.0,0.0,0.0,0.0,0.0,0.0,0.0,0.0,0.0,0.0,0.0,0.0,0.0,0.0,0.0,0.0,0.0,0.0,0.0,0.0,0.0,0.0,0.0,0.0,0.0,0.0,0.0,0.0,0.0,0.0,0.0,0.0,0.0,0.0,0.0,0.0,0.0,0.0,0.0,0.0,0.0,0.0,0.0,0.0,0.0,0.0,0.0,0.0,0.0
0.0,0.0,0.0,-0.23920539021492004,-0.14926354587078094,-0.0731673315167427,-0.4459460973739624,-0.4439195692539215,-0.14383454620838165,-0.5107400417327881,-0.7225910425186157,-0.2298315167427063,-0.3838205337524414,-0.8923715353012085,-0.3124459385871887,-0.25697705149650574,-0.9972163438796997,-0.06405546516180038,-0.29569098353385925,-1.4285128116607666,-0.18410134315490723,-0.3209259808063507,-1.6734166145324707,-0.24901802837848663,-0.3247445225715637,-1.8910753726959229,-0.2955796718597412,-0.07544735074043274,-0.9919849038124084,-0.10135889053344727,-0.2646249234676361,-1.0588895082473755,-0.29319655895233154,-0.28767886757850647,-0.7073098421096802,-0.30978015065193176,-0.22193193435668945,-0.5543885827064514,-0.2762700021266937,0.08542057871818542,-0.9259831309318542,-0.15595415234565735,-0.11757531017065048,-0.9268538951873779,-0.34124621748924255,-0.15330345928668976,-0.5856923460960388,-0.27084675431251526,-0.10465285181999207,-0.45624497532844543,-0.17518703639507294,0.24359352886676788,-0.8068346977233887,-0.22048047184944153,0.05884150415658951,-0.8463165163993835,-0.32525813579559326,-0.01681438833475113,-0.5875425934791565,-0.26390206813812256,-0.00617041764780879,-0.4525189995765686,-0.18873177468776703,0.0,0.0,0.0,0.0,0.0,0.0,0.0,0.0,0.0,0.0,0.0,0.0,0.0,0.0,0.0,0.0,0.0,0.0,0.0,0.0,0.0,0.0,0.0,0.0,0.0,0.0,0.0,0.0,0.0,0.0,0.0,0.0,0.0,0.0,0.0,0.0,0.0,0.0,0.0,0.0,0.0,0.0,0.0,0.0,0.0,0.0,0.0,0.0,0.0,0.0,0.0,0.0,0.0,0.0,0.0,0.0,0.0,0.0,0.0,0.0,0.0,0.0,0.0
0.0,0.0,0.0,-0.2444910854101181,-0.21825586259365082,-0.04606298729777336,-0.4262305498123169,-0.6151250600814819,-0.0804470106959343,-0.3898886442184448,-0.9880145192146301,-0.13746723532676697,-0.2129458338022232,-1.1336696147918701,-0.19439376890659332,-0.23849128186702728,-1.0545841455459595,-0.024000361561775208,-0.2609736919403076,-1.5379191637039185,-0.12425270676612854,-0.2677658498287201,-1.8055914640426636,-0.17706522345542908,-0.2594641149044037,-2.0383903980255127,-0.216081902384758,-0.048906359821558,-0.9962959289550781,-0.07072898000478745,-0.11552344262599945,-1.197134256362915,-0.23958711326122284,-0.16388390958309174,-0.8774117231369019,-0.25333887338638306,-0.1419839709997177,-0.709040105342865,-0.22118057310581207,0.12935230135917664,-0.9037055373191833,-0.1322622299194336,0.06103915348649025,-1.0619308948516846,-0.3032020628452301,-0.01964849978685379,-0.7330955862998962,-0.23845785856246948,-0.01630527526140213,-0.5667302012443542,-0.14897200465202332,0.31095513701438904,-0.7699896693229675,-0.20032410323619843,0.24850264191627502,-0.9549849629402161,-0.2949405014514923,0.13822044432163239,-0.717525839805603,-0.2305118441581726,0.1070626750588417,-0.5575641989707947,-0.1573965847492218,0.0,0.0,0.0,0.0,0.0,0.0,0.0,0.0,0.0,0.0,0.0,0.0,0.0,0.0,0.0,0.0,0.0,0.0,0.0,0.0,0.0,0.0,0.0,0.0,0.0,0.0,0.0,0.0,0.0,0.0,0.0,0.0,0.0,0.0,0.0,0.0,0.0,0.0,0.0,0.0,0.0,0.0,0.0,0.0,0.0,0.0,0.0,0.0,0.0,0.0,0.0,0.0,0.0,0.0,0.0,0.0,0.0,0.0,0.0,0.0,0.0,0.0,0.0
0.0,0.0,0.0,-0.21678990125656128,-0.21680447459220886,-0.09379680454730988,-0.3508426547050476,-0.6084563136100769,-0.14579537510871887,-0.282182902097702,-0.9581668376922607,-0.20802748203277588,-0.1090918704867363,-1.1310629844665527,-0.2660309672355652,-0.23408161103725433,-1.0500969886779785,-0.054201140999794006,-0.2455948442220688,-1.501629114151001,-0.16073091328144073,-0.2411268651485443,-1.7452536821365356,-0.21808896958827972,-0.21858707070350647,-1.9717949628829956,-0.2586859464645386,-0.032048098742961884,-0.9966508746147156,-0.07523287832736969,-0.04570585489273071,-1.2154300212860107,-0.26832422614097595,-0.0910089761018753,-0.8505106568336487,-0.2961460053920746,-0.09403007477521896,-0.6290535926818848,-0.2613253593444824,0.15862372517585754,-0.9005271196365356,-0.11341934651136398,0.1261892020702362,-1.0684798955917358,-0.3094136118888855,0.04845535755157471,-0.6950089931488037,-0.25949808955192566,0.03517090529203415,-0.47730550169944763,-0.16615265607833862,0.34262940287590027,-0.7631493210792542,-0.1598428189754486,0.3122214078903198,-0.9444373846054077,-0.28044041991233826,0.200056254863739,-0.6979423761367798,-0.23440320789813995,0.14823389053344727,-0.525697648525238,-0.16507482528686523,0.0,0.0,0.0,0.0,0.0,0.0,0.0,0.0,0.0,0.0,0.0,0.0,0.0,0.0,0.0,0.0,0.0,0.0,0.0,0.0,0.0,0.0,0.0,0.0,0.0,0.0,0.0,0.0,0.0,0.0,0.0,0.0,0.0,0.0,0.0,0.0,0.0,0.0,0.0,0.0,0.0,0.0,0.0,0.0,0.0,0.0,0.0,0.0,0.0,0.0,0.0,0.0,0.0,0.0,0.0,0.0,0.0,0.0,0.0,0.0,0.0,0.0,0.0
0.0,0.0,0.0,-0.24402791261672974,-0.17714227735996246,-0.052436474710702896,-0.46725407242774963,-0.5470359325408936,-0.09890513122081757,-0.49022963643074036,-0.9127423763275146,-0.1662386953830719,-0.3373396098613739,-1.0892404317855835,-0.23236870765686035,-0.2589651942253113,-1.0375869274139404,-0.04374052211642265,-0.30310630798339844,-1.5434898138046265,-0.160539910197258,-0.3410268723964691,-1.812536358833313,-0.2242811918258667,-0.35630926489830017,-2.050632953643799,-0.2717679440975189,-0.07728231698274612,-0.9927542805671692,-0.09201283007860184,-0.22450652718544006,-1.20330011844635,-0.284743070602417,-0.2676515281200409,-0.8445801138877869,-0.30006712675094604,-0.21392793953418732,-0.6708572506904602,-0.2652246952056885,0.09368220716714859,-0.9186967611312866,-0.15608003735542297,-0.05757033824920654,-1.1036566495895386,-0.3503267467021942,-0.12070517241954803,-0.7319693565368652,-0.27330201864242554,-0.07349240034818649,-0.5624470114707947,-0.1702071726322174,0.2702356278896332,-0.8049411177635193,-0.22729051113128662,0.13290786743164062,-1.0123753547668457,-0.3450844883918762,0.03207183629274368,-0.7313393950462341,-0.2761106491088867,0.03925609216094017,-0.5513989925384521,-0.19411444664001465,0.0,0.0,0.0,0.0,0.0,0.0,0.0,0.0,0.0,0.0,0.0,0.0,0.0,0.0,0.0,0.0,0.0,0.0,0.0,0.0,0.0,0.0,0.0,0.0,0.0,0.0,0.0,0.0,0.0,0.0,0.0,0.0,0.0,0.0,0.0,0.0,0.0,0.0,0.0,0.0,0.0,0.0,0.0,0.0,0.0,0.0,0.0,0.0,0.0,0.0,0.0,0.0,0.0,0.0,0.0,0.0,0.0,0.0,0.0,0.0,0.0,0.0,0.0
0.0,0.0,0.0,-0.24573363363742828,-0.18558713793754578,-0.0315624475479126,-0.44314804673194885,-0.5767468214035034,-0.055853039026260376,-0.4465905725955963,-0.951228678226471,-0.10421846807003021,-0.2952108681201935,-1.1002057790756226,-0.15286876261234283,-0.2817084491252899,-1.0284724235534668,-0.02154712565243244,-0.3221796452999115,-1.519848346710205,-0.12438328564167023,-0.34497666358947754,-1.7950007915496826,-0.18575219810009003,-0.3557758331298828,-2.0380055904388428,-0.23315177857875824,-0.09712523221969604,-0.992697536945343,-0.07154200971126556,-0.17347872257232666,-1.1745299100875854,-0.23692837357521057,-0.20622316002845764,-0.8609135150909424,-0.25158804655075073,-0.17565712332725525,-0.7063150405883789,-0.22403556108474731,0.08125869184732437,-0.917303204536438,-0.13427461683750153,-0.0005232429248280823,-1.0847101211547852,-0.2937791049480438,-0.06488147377967834,-0.7655050158500671,-0.22624759376049042,-0.047284651547670364,-0.6149122714996338,-0.14054031670093536,0.26663467288017273,-0.8007321953773499,-0.20354844629764557,0.19410184025764465,-0.9853702187538147,-0.29105931520462036,0.08726614713668823,-0.7496790885925293,-0.22607113420963287,0.06317021697759628,-0.5964588522911072,-0.15549691021442413,0.0,0.0,0.0,0.0,0.0,0.0,0.0,0.0,0.0,0.0,0.0,0.0,0.0,0.0,0.0,0.0,0.0,0.0,0.0,0.0,0.0,0.0,0.0,0.0,0.0,0.0,0.0,0.0,0.0,0.0,0.0,0.0,0.0,0.0,0.0,0.0,0.0,0.0,0.0,0.0,0.0,0.0,0.0,0.0,0.0,0.0,0.0,0.0,0.0,0.0,0.0,0.0,0.0,0.0,0.0,0.0,0.0,0.0,0.0,0.0,0.0,0.0,0.0
0.0,0.0,0.0,-0.22221918404102325,-0.2110976278781891,-0.09966571629047394,-0.368564635515213,-0.5839176774024963,-0.16099068522453308,-0.3075708746910095,-0.9277802109718323,-0.2316797822713852,-0.15133456885814667,-1.117727279663086,-0.2985633313655853,-0.26601701974868774,-1.0420745611190796,-0.07693275809288025,-0.3113343417644501,-1.510534644126892,-0.19598083198070526,-0.32287853956222534,-1.7724207639694214,-0.26296088099479675,-0.3134861886501312,-2.0129644870758057,-0.309815913438797,-0.05715002864599228,-0.9934329986572266,-0.09912001341581345,-0.07730524241924286,-1.2134064435958862,-0.30651500821113586,-0.11289816349744797,-0.8372443914413452,-0.3387661576271057,-0.11233183741569519,-0.6042014360427856,-0.30562150478363037,0.13930577039718628,-0.9016713500022888,-0.13838942348957062,0.10580043494701385,-1.0677579641342163,-0.344234824180603,0.033550359308719635,-0.6887439489364624,-0.292885422706604,0.017453910782933235,-0.4661918580532074,-0.19740751385688782,0.32870766520500183,-0.769306480884552,-0.18637651205062866,0.2996630370616913,-0.9572411775588989,-0.31519219279289246,0.19127652049064636,-0.701280415058136,-0.2678908109664917,0.1354125738143921,-0.5213114619255066,-0.19637806713581085,0.0,0.0,0.0,0.0,0.0,0.0,0.0,0.0,0.0,0.0,0.0,0.0,0.0,0.0,0.0,0.0,0.0,0.0,0.0,0.0,0.0,0.0,0.0,0.0,0.0,0.0,0.0,0.0,0.0,0.0,0.0,0.0,0.0,0.0,0.0,0.0,0.0,0.0,0.0,0.0,0.0,0.0,0.0,0.0,0.0,0.0,0.0,0.0,0.0,0.0,0.0,0.0,0.0,0.0,0.0,0.0,0.0,0.0,0.0,0.0,0.0,0.0,0.0
0.0,0.0,0.0,0.0,0.0,0.0,0.0,0.0,0.0,0.0,0.0,0.0,0.0,0.0,0.0,0.0,0.0,0.0,0.0,0.0,0.0,0.0,0.0,0.0,0.0,0.0,0.0,0.0,0.0,0.0,0.0,0.0,0.0,0.0,0.0,0.0,0.0,0.0,0.0,0.0,0.0,0.0,0.0,0.0,0.0,0.0,0.0,0.0,0.0,0.0,0.0,0.0,0.0,0.0,0.0,0.0,0.0,0.0,0.0,0.0,0.0,0.0,0.0,0.0,0.0,0.0,0.2523125410079956,-0.2413371056318283,-0.10600675642490387,0.4235527515411377,-0.5749169588088989,-0.18415512144565582,0.40791943669319153,-0.9017831683158875,-0.27436572313308716,0.29255780577659607,-1.1638216972351074,-0.36706069111824036,0.22416752576828003,-1.0419366359710693,-0.07331070303916931,0.26109597086906433,-1.4915590286254883,-0.19451412558555603,0.26629093289375305,-1.7645988464355469,-0.25391748547554016,0.24040178954601288,-1.9971866607666016,-0.2889087200164795,0.034509383141994476,-0.9949167966842651,-0.09460289031267166,0.18178793787956238,-1.187337875366211,-0.28542467951774597,0.21983151137828827,-0.8005936145782471,-0.31085705757141113,0.15851403772830963,-0.6582534909248352,-0.28112050890922546,-0.13620012998580933,-0.9081559777259827,-0.13206042349338531,0.012284459546208382,-1.0954453945159912,-0.3589531481266022,0.0638771578669548,-0.7033216953277588,-0.29799532890319824,0.0018100024899467826,-0.5495905876159668,-0.1969974786043167,-0.32363060116767883,-0.7805235385894775,-0.17426903545856476,-0.16983357071876526,-0.9766820669174194,-0.33027058839797974,-0.0738878920674324,-0.6972339153289795,-0.2643214464187622,-0.10046998411417007,-0.5456312894821167,-0.17465879023075104
0.0,0.0,0.0,0.0,0.0,0.0,0.0,0.0,0.0,0.0,0.0,0.0,0.0,0.0,0.0,0.0,0.0,0.0,0.0,0.0,0.0,0.0,0.0,0.0,0.0,0.0,0.0,0.0,0.0,0.0,0.0,0.0,0.0,0.0,0.0,0.0,0.0,0.0,0.0,0.0,0.0,0.0,0.0,0.0,0.0,0.0,0.0,0.0,0.0,0.0,0.0,0.0,0.0,0.0,0.0,0.0,0.0,0.0,0.0,0.0,0.0,0.0,0.0,0.0,0.0,0.0,0.25873059034347534,-0.20869943499565125,-0.09819265455007553,0.4479747712612152,-0.5570581555366516,-0.16036811470985413,0.4419231414794922,-0.8652423024177551,-0.22656457126140594,0.33540263772010803,-1.0988287925720215,-0.29222574830055237,0.24635133147239685,-1.032501220703125,-0.12258582562208176,0.2705955505371094,-1.5427544116973877,-0.23134122788906097,0.2632014751434326,-1.8167269229888916,-0.28977063298225403,0.23237007856369019,-2.0625855922698975,-0.33051252365112305,0.06311766058206558,-0.9880980253219604,-0.1402798295021057,0.1974988728761673,-1.1423614025115967,-0.30699560046195984,0.2504654824733734,-0.8277643918991089,-0.3374074697494507,0.2138156294822693,-0.6934016942977905,-0.3306274116039276,-0.11154618859291077,-0.8956221342086792,-0.16828620433807373,0.024227304384112358,-1.0468547344207764,-0.34899094700813293,0.09356067329645157,-0.7417116165161133,-0.301652193069458,0.06493792682886124,-0.6087742447853088,-0.23395738005638123,-0.29890939593315125,-0.7679442167282104,-0.20285272598266602,-0.1667916476726532,-0.9347877502441406,-0.33008745312690735,-0.057977255433797836,-0.7217628359794617,-0.2794184982776642,-0.052277158945798874,-0.5866138935089111,-0.21440908312797546
0.0,0.0,0.0,0.0,0.0,0.0,0.0,0.0,0.0,0.0,0.0,0.0,0.0,0.0,0.0,0.0,0.0,0.0,0.0,0.0,0.0,0.0,0.0,0.0,0.0,0.0,0.0,0.0,0.0,0.0,0.0,0.0,0.0,0.0,0.0,0.0,0.0,0.0,0.0,0.0,0.0,0.0,0.0,0.0,0.0,0.0,0.0,0.0,0.0,0.0,0.0,0.0,0.0,0.0,0.0,0.0,0.0,0.0,0.0,0.0,0.0,0.0,0.0,0.0,0.0,0.0,0.23903606832027435,-0.2211010605096817,-0.10465627163648605,0.41399696469306946,-0.543670117855072,-0.18354398012161255,0.41761988401412964,-0.8437375426292419,-0.2725357115268707,0.32877498865127563,-1.1102761030197144,-0.36150431632995605,0.19898512959480286,-1.0369313955307007,-0.094183549284935,0.2258986383676529,-1.5073716640472412,-0.223791241645813,0.21596308052539825,-1.7720437049865723,-0.28849202394485474,0.1787501573562622,-2.0045833587646484,-0.32620054483413696,0.015135259367525578,-0.9931416511535645,-0.11593356728553772,0.18284259736537933,-1.1635537147521973,-0.3144257068634033,0.22516599297523499,-0.7802106142044067,-0.34533819556236267,0.169830322265625,-0.6296813488006592,-0.321493536233902,-0.15087100863456726,-0.905684769153595,-0.15255701541900635,0.024057136848568916,-1.058936357498169,-0.3773964047431946,0.06707868725061417,-0.6764487624168396,-0.31818118691444397,0.007558169774711132,-0.5255857706069946,-0.2213534563779831,-0.3307368755340576,-0.7773165702819824,-0.19430522620677948,-0.14392352104187012,-0.9367055296897888,-0.3439486622810364,-0.06154860928654671,-0.6616790890693665,-0.27937552332878113,-0.09731762111186981,-0.5197585225105286,-0.19319988787174225
0.0,0.0,0.0,0.0,0.0,0.0,0.0,0.0,0.0,0.0,0.0,0.0,0.0,0.0,0.0,0.0,0.0,0.0,0.0,0.0,0.0,0.0,0.0,0.0,0.0,0.0,0.0,0.0,0.0,0.0,0.0,0.0,0.0,0.0,0.0,0.0,0.0,0.0,0.0,0.0,0.0,0.0,0.0,0.0,0.0,0.0,0.0,0.0,0.0,0.0,0.0,0.0,0.0,0.0,0.0,0.0,0.0,0.0,0.0,0.0,0.0,0.0,0.0,0.0,0.0,0.0,0.2250896543264389,-0.19422712922096252,-0.11737534403800964,0.39377471804618835,-0.49208247661590576,-0.21476967632770538,0.37718042731285095,-0.7784051299095154,-0.3199607729911804,0.2666831910610199,-1.0120972394943237,-0.4241350591182709,0.19856780767440796,-1.0357071161270142,-0.12645913660526276,0.23190590739250183,-1.485832929611206,-0.2568778097629547,0.23917624354362488,-1.7657006978988647,-0.31533071398735046,0.21824991703033447,-1.9968712329864502,-0.3488771915435791,0.0023728779051452875,-0.9896324872970581,-0.14360323548316956,0.16758836805820465,-1.126367449760437,-0.3313204348087311,0.20960576832294464,-0.7464880347251892,-0.3455229699611664,0.14829140901565552,-0.637607991695404,-0.31344926357269287,-0.16342942416667938,-0.8985100388526917,-0.17542307078838348,0.0048341103829443455,-1.0138760805130005,-0.38969889283180237,0.04936263710260391,-0.6476123332977295,-0.3225250244140625,-0.019859205931425095,-0.5329644680023193,-0.2260359525680542,-0.33893275260925293,-0.7631738781929016,-0.21419687569141388,-0.16533850133419037,-0.888970673084259,-0.3565881848335266,-0.08653108030557632,-0.6387040019035339,-0.29137617349624634,-0.13265062868595123,-0.5317506194114685,-0.20793601870536804
0.0,0.0,0.0,0.0,0.0,0.0,0.0,0.0,0.0,0.0,0.0,0.0,0.0,0.0,0.0,0.0,0.0,0.0,0.0,0.0,0.0,0.0,0.0,0.0,0.0,0.0,0.0,0.0,0.0,0.0,0.0,0.0,0.0,0.0,0.0,0.0,0.0,0.0,0.0,0.0,0.0,0.0,0.0,0.0,0.0,0.0,0.0,0.0,0.0,0.0,0.0,0.0,0.0,0.0,0.0,0.0,0.0,0.0,0.0,0.0,0.0,0.0,0.0,0.0,0.0,0.0,0.21322445571422577,-0.21765556931495667,-0.14357474446296692,0.35389888286590576,-0.5681291222572327,-0.22661098837852478,0.27542874217033386,-0.8626516461372375,-0.3024667203426361,0.1335933655500412,-1.0717331171035767,-0.3677850067615509,0.19419114291667938,-1.0820902585983276,-0.1411689817905426,0.19868777692317963,-1.54438054561615,-0.26135098934173584,0.1796727180480957,-1.8276917934417725,-0.30810996890068054,0.13760225474834442,-2.0610268115997314,-0.33499205112457275,-0.013240351341664791,-0.9893430471420288,-0.14499995112419128,0.08501376211643219,-1.1451722383499146,-0.3028557002544403,0.13297314941883087,-0.7590365409851074,-0.2966741919517517,0.0873795822262764,-0.6929696798324585,-0.2563108205795288,-0.1851762980222702,-0.8758994936943054,-0.16825179755687714,-0.10740724205970764,-1.0205641984939575,-0.3579529821872711,-0.0203708428889513,-0.666050374507904,-0.28329944610595703,-0.06014183908700943,-0.6157059669494629,-0.19126634299755096,-0.36083492636680603,-0.7207553386688232,-0.20257332921028137,-0.27204790711402893,-0.8730016350746155,-0.3233289122581482,-0.16367752850055695,-0.636695921421051,-0.24722547829151154,-0.1889890432357788,-0.550467312335968,-0.16345539689064026
0.0,0.0,0.0,0.0,0.0,0.0,0.0,0.0,0.0,0.0,0.0,0.0,0.0,0.0,0.0,0.0,0.0,0.0,0.0,0.0,0.0,0.0,0.0,0.0,0.0,0.0,0.0,0.0,0.0,0.0,0.0,0.0,0.0,0.0,0.0,0.0,0.0,0.0,0.0,0.0,0.0,0.0,0.0,0.0,0.0,0.0,0.0,0.0,0.0,0.0,0.0,0.0,0.0,0.0,0.0,0.0,0.0,0.0,0.0,0.0,0.0,0.0,0.0,0.0,0.0,0.0,0.2191600203514099,-0.21169787645339966,-0.12363483011722565,0.3744125962257385,-0.5787432193756104,-0.2087351530790329,0.2987228035926819,-0.9181088209152222,-0.294912725687027,0.16593119502067566,-1.1610389947891235,-0.37797313928604126,0.20550233125686646,-1.0664770603179932,-0.13172245025634766,0.20359055697917938,-1.55110764503479,-0.2580386698246002,0.17102640867233276,-1.8291218280792236,-0.31051984429359436,0.1021139845252037,-2.0530667304992676,-0.34073007106781006,0.006617696490138769,-0.9897656440734863,-0.14254893362522125,0.10236120969057083,-1.211003065109253,-0.3180936574935913,0.16287292540073395,-0.8081753849983215,-0.3192189931869507,0.11365809291601181,-0.6916543841362,-0.2797512114048004,-0.16409575939178467,-0.8804900646209717,-0.16872820258140564,-0.08517590165138245,-1.0972340106964111,-0.3790290355682373,0.005529460962861776,-0.7082754969596863,-0.29660725593566895,-0.037247829139232635,-0.577576220035553,-0.1902417540550232,-0.3529011011123657,-0.731744647026062,-0.20199058949947357,-0.25728896260261536,-0.9493017792701721,-0.34746283292770386,-0.14166271686553955,-0.6902593374252319,-0.2720923125743866,-0.15821607410907745,-0.5552658438682556,-0.18200670182704926
0.0,0.0,0.0,0.0,0.0,0.0,0.0,0.0,0.0,0.0,0.0,0.0,0.0,0.0,0.0,0.0,0.0,0.0,0.0,0.0,0.0,0.0,0.0,0.0,0.0,0.0,0.0,0.0,0.0,0.0,0.0,0.0,0.0,0.0,0.0,0.0,0.0,0.0,0.0,0.0,0.0,0.0,0.0,0.0,0.0,0.0,0.0,0.0,0.0,0.0,0.0,0.0,0.0,0.0,0.0,0.0,0.0,0.0,0.0,0.0,0.0,0.0,0.0,0.0,0.0,0.0,0.21614396572113037,-0.22677096724510193,-0.10379719734191895,0.3770657777786255,-0.5682375431060791,-0.1827152818441391,0.31668710708618164,-0.8747324347496033,-0.26879557967185974,0.1594374030828476,-1.0703952312469482,-0.3551235496997833,0.2276572287082672,-1.0451735258102417,-0.11172135174274445,0.3108117878437042,-1.5084400177001953,-0.2275349199771881,0.3535812199115753,-1.7784663438796997,-0.2770048677921295,0.3533894419670105,-2.015857458114624,-0.30753451585769653,0.024378037080168724,-0.9909144639968872,-0.1322656124830246,0.1309339553117752,-1.154969573020935,-0.3034791648387909,0.1725797802209854,-0.7785682678222656,-0.31446993350982666,0.1163833737373352,-0.6795898079872131,-0.2851693332195282,-0.15120497345924377,-0.8900201916694641,-0.16523997485637665,-0.052895158529281616,-1.0532257556915283,-0.36871442198753357,0.019931768998503685,-0.6863592863082886,-0.2994363009929657,-0.02928820066154003,-0.5801558494567871,-0.20518486201763153,-0.3389205038547516,-0.7452623248100281,-0.2031354457139969,-0.22430852055549622,-0.9193179607391357,-0.3390423655509949,-0.1223025694489479,-0.6711404323577881,-0.26625996828079224,-0.14664959907531738,-0.5573734641075134,-0.1797887235879898
0.0,0.0,0.0,0.0,0.0,0.0,0.0,0.0,0.0,0.0,0.0,0.0,0.0,0.0,0.0,0.0,0.0,0.0,0.0,0.0,0.0,0.0,0.0,0.0,0.0,0.0,0.0,0.0,0.0,0.0,0.0,0.0,0.0,0.0,0.0,0.0,0.0,0.0,0.0,0.0,0.0,0.0,0.0,0.0,0.0,0.0,0.0,0.0,0.0,0.0,0.0,0.0,0.0,0.0,0.0,0.0,0.0,0.0,0.0,0.0,0.0,0.0,0.0,0.0,0.0,0.0,0.21986737847328186,-0.2246466726064682,-0.11513406783342361,0.3787936270236969,-0.5833330154418945,-0.19350731372833252,0.3115713894367218,-0.9112125039100647,-0.2770827114582062,0.16823811829090118,-1.1397379636764526,-0.36108240485191345,0.20871751010417938,-1.0519912242889404,-0.10958167910575867,0.2571508288383484,-1.5065255165100098,-0.2251814305782318,0.27495789527893066,-1.7841352224349976,-0.27642765641212463,0.258648544549942,-2.017186164855957,-0.30859071016311646,0.01218503899872303,-0.9924561977386475,-0.1219927966594696,0.11251611262559891,-1.1781954765319824,-0.2996334731578827,0.16045646369457245,-0.7985004782676697,-0.3136352598667145,0.11990024149417877,-0.658757209777832,-0.2826060354709625,-0.15763787925243378,-0.8876286745071411,-0.1483258455991745,-0.07082225382328033,-1.0749560594558716,-0.3591296076774597,0.008154594339430332,-0.6975571513175964,-0.2909652292728424,-0.020133448764681816,-0.5471014976501465,-0.19270381331443787,-0.34153634309768677,-0.7394101023674011,-0.1806616634130478,-0.23245751857757568,-0.9259014129638672,-0.32941725850105286,-0.12451492249965668,-0.6704631447792053,-0.2664848268032074,-0.1302720606327057,-0.5355579853057861,-0.18349939584732056
0.0,0.0,0.0,0.0,0.0,0.0,0.0,0.0,0.0,0.0,0.0,0.0,0.0,0.0,0.0,0.0,0.0,0.0,0.0,0.0,0.0,0.0,0.0,0.0,0.0,0.0,0.0,0.0,0.0,0.0,0.0,0.0,0.0,0.0,0.0,0.0,0.0,0.0,0.0,0.0,0.0,0.0,0.0,0.0,0.0,0.0,0.0,0.0,0.0,0.0,0.0,0.0,0.0,0.0,0.0,0.0,0.0,0.0,0.0,0.0,0.0,0.0,0.0,0.0,0.0,0.0,0.20920738577842712,-0.26002925634384155,-0.09541685879230499,0.3482738435268402,-0.6348642706871033,-0.16224436461925507,0.269436240196228,-0.9538900256156921,-0.2358778417110443,0.11878946423530579,-1.1590992212295532,-0.31006941199302673,0.1756737232208252,-1.0637719631195068,-0.10150682181119919,0.21782802045345306,-1.5304709672927856,-0.20779192447662354,0.23493456840515137,-1.8067768812179565,-0.2593637704849243,0.2189485728740692,-2.0436458587646484,-0.2948581278324127,-0.018252944573760033,-0.9922407865524292,-0.12298417091369629,0.06010504812002182,-1.1829781532287598,-0.27762317657470703,0.12454412877559662,-0.8438141345977783,-0.2896576225757599,0.09843643754720688,-0.7230522632598877,-0.26815730333328247,-0.18611684441566467,-0.8744470477104187,-0.1563894897699356,-0.11927394568920135,-1.0721311569213867,-0.33728229999542236,-0.014784629456698895,-0.7463481426239014,-0.2720683217048645,-0.025840668007731438,-0.6090143918991089,-0.18958057463169098,-0.3637950122356415,-0.7079556584358215,-0.1962679624557495,-0.29156309366226196,-0.909810483455658,-0.32540029287338257,-0.15922589600086212,-0.6945996880531311,-0.2638775706291199,-0.13513241708278656,-0.5557174682617188,-0.18985868990421295
0.0,0.0,0.0,0.0,0.0,0.0,0.0,0.0,0.0,0.0,0.0,0.0,0.0,0.0,0.0,0.0,0.0,0.0,0.0,0.0,0.0,0.0,0.0,0.0,0.0,0.0,0.0,0.0,0.0,0.0,0.0,0.0,0.0,0.0,0.0,0.0,0.0,0.0,0.0,0.0,0.0,0.0,0.0,0.0,0.0,0.0,0.0,0.0,0.0,0.0,0.0,0.0,0.0,0.0,0.0,0.0,0.0,0.0,0.0,0.0,0.0,0.0,0.0,0.0,0.0,0.0,0.19517236948013306,-0.21443487703800201,-0.11946618556976318,0.33877116441726685,-0.5650720000267029,-0.20129923522472382,0.25182732939720154,-0.87117600440979,-0.28285107016563416,0.08490876108407974,-1.0447843074798584,-0.35980984568595886,0.1603340208530426,-1.06290864944458,-0.1228405311703682,0.19593334197998047,-1.5004709959030151,-0.2388564646244049,0.1974809765815735,-1.7701420783996582,-0.2827407419681549,0.16896606981754303,-1.9997211694717407,-0.309140145778656,-0.04355378821492195,-0.9895427227020264,-0.13750751316547394,0.07480048388242722,-1.1392114162445068,-0.29355135560035706,0.12310446798801422,-0.7513813972473145,-0.2896217703819275,0.05406419560313225,-0.6866597533226013,-0.25223588943481445,-0.20843712985515594,-0.8774279356002808,-0.16779114305973053,-0.1059064120054245,-1.0139144659042358,-0.3645132780075073,-0.02099500223994255,-0.6487434506416321,-0.2943775951862335,-0.08550553768873215,-0.5861316323280334,-0.2036806046962738,-0.37805598974227905,-0.7149742841720581,-0.20458540320396423,-0.26552048325538635,-0.8651459813117981,-0.3314080238342285,-0.15370813012123108,-0.6273930668830872,-0.25733286142349243,-0.1923244297504425,-0.5370842218399048,-0.17430733144283295
0.0,0.0,0.0,0.0,0.0,0.0,0.0,0.0,0.0,0.0,0.0,0.0,0.0,0.0,0.0,0.0,0.0,0.0,0.0,0.0,0.0,0.0,0.0,0.0,0.0,0.0,0.0,0.0,0.0,0.0,0.0,0.0,0.0,0.0,0.0,0.0,0.0,0.0,0.0,0.0,0.0,0.0,0.0,0.0,0.0,0.0,0.0,0.0,0.0,0.0,0.0,0.0,0.0,0.0,0.0,0.0,0.0,0.0,0.0,0.0,0.0,0.0,0.0,0.0,0.0,0.0,0.2535012662410736,-0.22469162940979004,-0.11161606758832932,0.4790305197238922,-0.6356638073921204,-0.1588747203350067,0.4591657221317291,-1.027419090270996,-0.21262961626052856,0.2701634168624878,-1.2440911531448364,-0.2668558955192566,0.17969048023223877,-1.0262359380722046,0.0006154839065857232,0.1589422971010208,-1.3518836498260498,-0.09122233092784882,0.1297217458486557,-1.5721889734268188,-0.14266158640384674,0.09430711716413498,-1.7511314153671265,-0.17273563146591187,0.002481701085343957,-0.999973714351654,-0.006808863021433353,0.10359538346529007,-1.304481029510498,-0.1922501027584076,0.1830901950597763,-0.950782299041748,-0.23686100542545319,0.1790066361427307,-0.6821421980857849,-0.20560744404792786,-0.17485471069812775,-0.9332640171051025,-0.034111835062503815,-0.06147288158535957,-1.2177908420562744,-0.25119104981422424,0.03692075237631798,-0.8278096914291382,-0.22133153676986694,0.039446521550416946,-0.5429238080978394,-0.12705664336681366,-0.3807273507118225,-0.8088838458061218,-0.0674227848649025,-0.23246747255325317,-1.076316475868225,-0.2249223291873932,-0.12983417510986328,-0.8223748207092285,-0.19804586470127106,-0.12778253853321075,-0.5976414680480957,-0.13039037585258484
0.0,0.0,0.0,0.0,0.0,0.0,0.0,0.0,0.0,0.0,0.0,0.0,0.0,0.0,0.0,0.0,0.0,0.0,0.0,0.0,0.0,0.0,0.0,0.0,0.0,0.0,0.0,0.0,0.0,0.0,0.0,0.0,0.0,0.0,0.0,0.0,0.0,0.0,0.0,0.0,0.0,0.0,0.0,0.0,0.0,0.0,0.0,0.0,0.0,0.0,0.0,0.0,0.0,0.0,0.0,0.0,0.0,0.0,0.0,0.0,0.0,0.0,0.0,0.0,0.0,0.0,0.25561949610710144,-0.22642743587493896,-0.0973346158862114,0.46343985199928284,-0.6100117564201355,-0.14390107989311218,0.45430541038513184,-0.9648007154464722,-0.19817747175693512,0.28204673528671265,-1.1533613204956055,-0.25345665216445923,0.18097111582756042,-1.0374083518981934,-0.033463772386312485,0.1856357604265213,-1.432808756828308,-0.13158398866653442,0.16836510598659515,-1.6513738632202148,-0.18304294347763062,0.15056981146335602,-1.8505498170852661,-0.21528007090091705,0.010516174137592316,-0.9986498951911926,-0.05087079852819443,0.13538715243339539,-1.2794594764709473,-0.2426743507385254,0.20182734727859497,-0.9089513421058655,-0.2835069000720978,0.1950869858264923,-0.6522079706192017,-0.25582417845726013,-0.15785224735736847,-0.9076952934265137,-0.08335888385772705,-0.038577813655138016,-1.161784291267395,-0.2986551821231842,0.04103664308786392,-0.7734031081199646,-0.25853031873703003,0.04141269996762276,-0.5201143622398376,-0.16397005319595337,-0.35097336769104004,-0.768159031867981,-0.1206599548459053,-0.2135559320449829,-1.0075933933258057,-0.27008193731307983,-0.11076166480779648,-0.755588173866272,-0.23074227571487427,-0.10018784552812576,-0.5540127754211426,-0.15902552008628845
0.0,0.0,0.0,0.0,0.0,0.0,0.0,0.0,0.0,0.0,0.0,0.0,0.0,0.0,0.0,0.0,0.0,0.0,0.0,0.0,0.0,0.0,0.0,0.0,0.0,0.0,0.0,0.0,0.0,0.0,0.0,0.0,0.0,0.0,0.0,0.0,0.0,0.0,0.0,0.0,0.0,0.0,0.0,0.0,0.0,0.0,0.0,0.0,0.0,0.0,0.0,0.0,0.0,0.0,0.0,0.0,0.0,0.0,0.0,0.0,0.0,0.0,0.0,0.0,0.0,0.0,0.2585890591144562,-0.23106074333190918,-0.08823740482330322,0.45738092064857483,-0.6049269437789917,-0.12890742719173431,0.4659636914730072,-0.9503726363182068,-0.1809641271829605,0.2998853027820587,-1.1187083721160889,-0.23371805250644684,0.18576744198799133,-1.0393599271774292,-0.008722500875592232,0.1694326102733612,-1.4231799840927124,-0.10247619450092316,0.13548776507377625,-1.6300352811813354,-0.15529023110866547,0.09852094203233719,-1.8169314861297607,-0.18814429640769958,0.021378304809331894,-0.9993704557418823,-0.028314432129263878,0.13053637742996216,-1.2885152101516724,-0.21246792376041412,0.19820363819599152,-0.9280598163604736,-0.2556104362010956,0.19540633261203766,-0.6719785332679749,-0.23056894540786743,-0.14503297209739685,-0.9115089178085327,-0.06406540423631668,-0.03529370576143265,-1.1684037446975708,-0.27080172300338745,0.03923121094703674,-0.7912058234214783,-0.23675061762332916,0.0408543162047863,-0.5351284146308899,-0.14733602106571198,-0.335589736700058,-0.7808879017829895,-0.10470800846815109,-0.2043331265449524,-1.0242948532104492,-0.24488379061222076,-0.11003527790307999,-0.7793588638305664,-0.20888757705688477,-0.0994863510131836,-0.5750319361686707,-0.1417648196220398
0.0,0.0,0.0,0.0,0.0,0.0,0.0,0.0,0.0,0.0,0.0,0.0,0.0,0.0,0.0,0.0,0.0,0.0,0.0,0.0,0.0,0.0,0.0,0.0,0.0,0.0,0.0,0.0,0.0,0.0,0.0,0.0,0.0,0.0,0.0,0.0,0.0,0.0,0.0,0.0,0.0,0.0,0.0,0.0,0.0,0.0,0.0,0.0,0.0,0.0,0.0,0.0,0.0,0.0,0.0,0.0,0.0,0.0,0.0,0.0,0.0,0.0,0.0,0.0,0.0,0.0,0.2704189717769623,-0.21718935668468475,-0.07896873354911804,0.4956216514110565,-0.5462781190872192,-0.14326754212379456,0.5661004185676575,-0.8515294194221497,-0.2218000441789627,0.4201870560646057,-0.9732812643051147,-0.3041043281555176,0.20284566283226013,-1.0358359813690186,-0.07155594229698181,0.1809767633676529,-1.4795615673065186,-0.17155617475509644,0.164102241396904,-1.7462207078933716,-0.22930021584033966,0.1415923833847046,-1.972593903541565,-0.2678547501564026,0.04418010637164116,-0.9939736127853394,-0.10032256692647934,0.19996482133865356,-1.1760891675949097,-0.2656235098838806,0.27606290578842163,-0.8714134693145752,-0.30102822184562683,0.2614749073982239,-0.6866143345832825,-0.28778672218322754,-0.10915697365999222,-0.9000832438468933,-0.13917002081871033,0.05408613383769989,-1.0585126876831055,-0.3045371472835541,0.12068555504083633,-0.7725765109062195,-0.26092100143432617,0.10064113885164261,-0.5967812538146973,-0.19108450412750244,-0.2760033905506134,-0.7666780948638916,-0.18573129177093506,-0.11450210958719254,-0.9289449453353882,-0.2895487844944,-0.0218501053750515,-0.7261927723884583,-0.23896095156669617,-0.017126360908150673,-0.5646011829376221,-0.17468178272247314
0.0,0.0,0.0,0.0,0.0,0.0,0.0,0.0,0.0,0.0,0.0,0.0,0.0,0.0,0.0,0.0,0.0,0.0,0.0,0.0,0.0,0.0,0.0,0.0,0.0,0.0,0.0,0.0,0.0,0.0,0.0,0.0,0.0,0.0,0.0,0.0,0.0,0.0,0.0,0.0,0.0,0.0,0.0,0.0,0.0,0.0,0.0,0.0,0.0,0.0,0.0,0.0,0.0,0.0,0.0,0.0,0.0,0.0,0.0,0.0,0.0,0.0,0.0,0.0,0.0,0.0,0.25251469016075134,-0.18673035502433777,-0.10078217834234238,0.4590108394622803,-0.467782586812973,-0.18246731162071228,0.5039823055267334,-0.7274228930473328,-0.2700446844100952,0.36733880639076233,-0.8186981678009033,-0.35656726360321045,0.18419387936592102,-1.0113539695739746,-0.12875258922576904,0.16968125104904175,-1.4187272787094116,-0.2408888190984726,0.14484545588493347,-1.6658855676651,-0.3048090934753418,0.12116816639900208,-1.8783140182495117,-0.34450411796569824,0.0006464831531047821,-0.9891471862792969,-0.14692653715610504,0.20557460188865662,-1.0342273712158203,-0.3226481080055237,0.24658513069152832,-0.7193606495857239,-0.35825294256210327,0.21922284364700317,-0.5211548805236816,-0.34191030263900757,-0.15613551437854767,-0.8869394659996033,-0.17323105037212372,0.06711512058973312,-0.8974007964134216,-0.3419736325740814,0.09571222215890884,-0.6064929366111755,-0.30458733439445496,0.06891091167926788,-0.4332965612411499,-0.23417386412620544,-0.3000861406326294,-0.7423500418663025,-0.208858460187912,-0.09374018013477325,-0.7802256345748901,-0.30974069237709045,-0.02486148104071617,-0.5788176655769348,-0.2656453549861908,-0.02755120024085045,-0.4440232217311859,-0.20159350335597992
0.0,0.0,0.0,0.0,0.0,0.0,0.0,0.0,0.0,0.0,0.0,0.0,0.0,0.0,0.0,0.0,0.0,0.0,0.0,0.0,0.0,0.0,0.0,0.0,0.0,0.0,0.0,0.0,0.0,0.0,0.0,0.0,0.0,0.0,0.0,0.0,0.0,0.0,0.0,0.0,0.0,0.0,0.0,0.0,0.0,0.0,0.0,0.0,0.0,0.0,0.0,0.0,0.0,0.0,0.0,0.0,0.0,0.0,0.0,0.0,0.0,0.0,0.0,0.0,0.0,0.0,0.22750739753246307,-0.21585184335708618,-0.12320104241371155,0.39414283633232117,-0.5547241568565369,-0.2072755992412567,0.3964318037033081,-0.8594292402267456,-0.29760992527008057,0.21714845299720764,-0.9959191679954529,-0.3896426260471344,0.1399189531803131,-1.0525771379470825,-0.11874394863843918,0.11015086621046066,-1.5068130493164062,-0.24766279757022858,0.07468501478433609,-1.7605140209197998,-0.32115787267684937,0.028579719364643097,-1.9818439483642578,-0.3668636381626129,-0.04861566051840782,-0.9897915720939636,-0.13397440314292908,0.07143537700176239,-1.1584994792938232,-0.3538115620613098,0.14960044622421265,-0.7838247418403625,-0.40178510546684265,0.14179813861846924,-0.5563935041427612,-0.38177862763404846,-0.22497089207172394,-0.8698605298995972,-0.16253122687339783,-0.10586423426866531,-1.0329906940460205,-0.3836323320865631,-0.02210063301026821,-0.6725980043411255,-0.3354473114013672,-0.024052713066339493,-0.46337267756462097,-0.24172604084014893,-0.40687096118927,-0.7081733345985413,-0.19949877262115479,-0.27652451395988464,-0.8802813291549683,-0.33940842747688293,-0.16954316198825836,-0.6446003317832947,-0.283623605966568,-0.1567896008491516,-0.47795355319976807,-0.20268943905830383
0.0,0.0,0.0,0.0,0.0,0.0,0.0,0.0,0.0,0.0,0.0,0.0,0.0,0.0,0.0,0.0,0.0,0.0,0.0,0.0,0.0,0.0,0.0,0.0,0.0,0.0,0.0,0.0,0.0,0.0,0.0,0.0,0.0,0.0,0.0,0.0,0.0,0.0,0.0,0.0,0.0,0.0,0.0,0.0,0.0,0.0,0.0,0.0,0.0,0.0,0.0,0.0,0.0,0.0,0.0,0.0,0.0,0.0,0.0,0.0,0.0,0.0,0.0,0.0,0.0,0.0,0.23072248697280884,-0.19358205795288086,-0.10148118436336517,0.41999128460884094,-0.5048825740814209,-0.18873260915279388,0.4514924883842468,-0.7728292942047119,-0.28321385383605957,0.3013147711753845,-0.867307722568512,-0.3782215118408203,0.13345283269882202,-1.0386910438537598,-0.14224104583263397,0.10345341265201569,-1.4886434078216553,-0.26325246691703796,0.08792828768491745,-1.7504724264144897,-0.33004429936408997,0.06658708304166794,-1.9773268699645996,-0.37313011288642883,-0.04802221804857254,-0.9848371744155884,-0.1667020469903946,0.136591374874115,-1.0957790613174438,-0.346353679895401,0.2025114893913269,-0.7613793015480042,-0.37749290466308594,0.17370909452438354,-0.5806010365486145,-0.3628116250038147,-0.20540282130241394,-0.8636517524719238,-0.1996425837278366,-0.01018088310956955,-0.9506736993789673,-0.3763554096221924,0.05083523690700531,-0.6458262205123901,-0.3264397382736206,0.02148086577653885,-0.48525720834732056,-0.25242945551872253,-0.3577665388584137,-0.7017592787742615,-0.241283118724823,-0.17755989730358124,-0.8173536062240601,-0.3484240472316742,-0.09283945709466934,-0.6052713394165039,-0.2909918427467346,-0.10292532294988632,-0.46157756447792053,-0.22144389152526855
0.0,0.0,0.0,0.0,0.0,0.0,0.0,0.0,0.0,0.0,0.0,0.0,0.0,0.0,0.0,0.0,0.0,0.0,0.0,0.0,0.0,0.0,0.0,0.0,0.0,0.0,0.0,0.0,0.0,0.0,0.0,0.0,0.0,0.0,0.0,0.0,0.0,0.0,0.0,0.0,0.0,0.0,0.0,0.0,0.0,0.0,0.0,0.0,0.0,0.0,0.0,0.0,0.0,0.0,0.0,0.0,0.0,0.0,0.0,0.0,0.0,0.0,0.0,0.0,0.0,0.0,0.2594009339809418,-0.20926660299301147,-0.09714972972869873,0.46552354097366333,-0.49993401765823364,-0.17787417769432068,0.5194816589355469,-0.7833439707756042,-0.26828238368034363,0.3719722628593445,-0.9056744575500488,-0.3581392168998718,0.16842535138130188,-1.0052762031555176,-0.09421072900295258,0.18133416771888733,-1.3854328393936157,-0.20993316173553467,0.16405951976776123,-1.6207771301269531,-0.27188700437545776,0.1458456665277481,-1.8341609239578247,-0.31067022681236267,-0.0021550608798861504,-0.9930616617202759,-0.11757485568523407,0.24525119364261627,-1.093788743019104,-0.3199637532234192,0.274399071931839,-0.7224088311195374,-0.3570976257324219,0.21917982399463654,-0.5116517543792725,-0.3296336233615875,-0.14806443452835083,-0.9189177751541138,-0.1530480533838272,0.12171370536088943,-0.9744507074356079,-0.35526496171951294,0.13760332763195038,-0.6265427470207214,-0.31504955887794495,0.08217465877532959,-0.43706434965133667,-0.2298632711172104,-0.28719091415405273,-0.7977336645126343,-0.19657814502716064,-0.043727852404117584,-0.8575177192687988,-0.3244249224662781,0.015958484262228012,-0.6126149892807007,-0.28598448634147644,-0.008492965251207352,-0.4584875702857971,-0.2203267216682434
0.0,0.0,0.0,0.0,0.0,0.0,0.0,0.0,0.0,0.0,0.0,0.0,0.0,0.0,0.0,0.0,0.0,0.0,0.0,0.0,0.0,0.0,0.0,0.0,0.0,0.0,0.0,0.0,0.0,0.0,0.0,0.0,0.0,0.0,0.0,0.0,0.0,0.0,0.0,0.0,0.0,0.0,0.0,0.0,0.0,0.0,0.0,0.0,0.0,0.0,0.0,0.0,0.0,0.0,0.0,0.0,0.0,0.0,0.0,0.0,0.0,0.0,0.0,0.0,0.0,0.0,0.22947628796100616,-0.1937858611345291,-0.12742049992084503,0.3893372416496277,-0.5063724517822266,-0.22008760273456573,0.41162818670272827,-0.7804189920425415,-0.3163563907146454,0.2734149694442749,-0.9149940609931946,-0.4091690480709076,0.13225620985031128,-1.0485435724258423,-0.14163759350776672,0.1086234375834465,-1.4890083074569702,-0.27706608176231384,0.09014718234539032,-1.7457383871078491,-0.3478357195854187,0.06494595855474472,-1.9653898477554321,-0.38850754499435425,-0.05719504877924919,-0.9863214492797852,-0.15459208190441132,0.11831329762935638,-1.1317551136016846,-0.3714793920516968,0.18883995711803436,-0.7578651905059814,-0.4078126847743988,0.170949324965477,-0.5415064096450806,-0.3791470527648926,-0.22297947108745575,-0.8681331872940063,-0.1811869889497757,-0.028699344024062157,-0.9769459366798401,-0.39622625708580017,0.032472848892211914,-0.6278855204582214,-0.3461955189704895,0.006166322156786919,-0.4474290609359741,-0.2531360387802124,-0.3799470365047455,-0.7122589349746704,-0.21697060763835907,-0.1968947798013687,-0.8384504914283752,-0.3458769619464874,-0.1138189285993576,-0.6153910160064697,-0.29016512632369995,-0.13140861690044403,-0.48617637157440186,-0.21182887256145477
0.0,0.0,0.0,0.0,0.0,0.0,0.0,0.0,0.0,0.0,0.0,0.0,0.0,0.0,0.0,0.0,0.0,0.0,0.0,0.0,0.0,0.0,0.0,0.0,0.0,0.0,0.0,0.0,0.0,0.0,0.0,0.0,0.0,0.0,0.0,0.0,0.0,0.0,0.0,0.0,0.0,0.0,0.0,0.0,0.0,0.0,0.0,0.0,0.0,0.0,0.0,0.0,0.0,0.0,0.0,0.0,0.0,0.0,0.0,0.0,0.0,0.0,0.0,0.0,0.0,0.0,0.22474999725818634,-0.23001578450202942,-0.1271519660949707,0.37657350301742554,-0.5557975172996521,-0.21551978588104248,0.3921353816986084,-0.8476519584655762,-0.3086094856262207,0.24661068618297577,-0.968636155128479,-0.39956000447273254,0.08773817121982574,-1.055500864982605,-0.13058188557624817,0.055040255188941956,-1.5014420747756958,-0.2653352618217468,0.031501419842243195,-1.7510865926742554,-0.3389281928539276,0.003226746805012226,-1.9762041568756104,-0.38280242681503296,-0.09087260067462921,-0.985349178314209,-0.1443229466676712,0.060888782143592834,-1.1783512830734253,-0.3744431734085083,0.1529078632593155,-0.81462162733078,-0.424350768327713,0.15921011567115784,-0.5698438882827759,-0.40024104714393616,-0.2521173655986786,-0.866787850856781,-0.17129558324813843,-0.07645213603973389,-1.0152392387390137,-0.39450472593307495,0.008002087473869324,-0.6615264415740967,-0.3513515889644623,0.00890275090932846,-0.4469066858291626,-0.25737977027893066,-0.4086918532848358,-0.705197811126709,-0.20786532759666443,-0.24350830912590027,-0.8514525294303894,-0.345581978559494,-0.13310682773590088,-0.6311079263687134,-0.2988235652446747,-0.11568747460842133,-0.4833815097808838,-0.2230650633573532
0.0,0.0,0.0,0.0,0.0,0.0,0.0,0.0,0.0,0.0,0.0,0.0,0.0,0.0,0.0,0.0,0.0,0.0,0.0,0.0,0.0,0.0,0.0,0.0,0.0,0.0,0.0,0.0,0.0,0.0,0.0,0.0,0.0,0.0,0.0,0.0,0.0,0.0,0.0,0.0,0.0,0.0,0.0,0.0,0.0,0.0,0.0,0.0,0.0,0.0,0.0,0.0,0.0,0.0,0.0,0.0,0.0,0.0,0.0,0.0,0.0,0.0,0.0,0.0,0.0,0.0,0.23199909925460815,-0.2772570252418518,-0.11424341797828674,0.3926933705806732,-0.6513217091560364,-0.18536941707134247,0.3867426812648773,-0.9734904170036316,-0.26491424441337585,0.21074824035167694,-1.0970489978790283,-0.3418616056442261,0.07341203093528748,-1.0689390897750854,-0.06869649887084961,0.0018873674562200904,-1.4867326021194458,-0.18384601175785065,-0.05712679773569107,-1.7094364166259766,-0.248179629445076,-0.11463044583797455,-1.9171056747436523,-0.2892910838127136,-0.08965349942445755,-0.9924711585044861,-0.08344639837741852,0.02112976275384426,-1.2627240419387817,-0.29325157403945923,0.12776055932044983,-0.9118552803993225,-0.3388073742389679,0.1482367068529129,-0.669201135635376,-0.3153133690357208,-0.2445756047964096,-0.876847505569458,-0.11450043320655823,-0.12620273232460022,-1.1198503971099854,-0.3297841250896454,-0.021525243297219276,-0.76385098695755,-0.2855801284313202,0.0005289833061397076,-0.5258200168609619,-0.19129662215709686,-0.4102928638458252,-0.7196146845817566,-0.15435484051704407,-0.27630195021629333,-0.9435086846351624,-0.2914692759513855,-0.16259436309337616,-0.719374418258667,-0.24756373465061188,-0.13649365305900574,-0.5380632281303406,-0.17600400745868683
0.0,0.0,0.0,0.0,0.0,0.0,0.0,0.0,0.0,0.0,0.0,0.0,0.0,0.0,0.0,0.0,0.0,0.0,0.0,0.0,0.0,0.0,0.0,0.0,0.0,0.0,0.0,0.0,0.0,0.0,0.0,0.0,0.0,0.0,0.0,0.0,0.0,0.0,0.0,0.0,0.0,0.0,0.0,0.0,0.0,0.0,0.0,0.0,0.0,0.0,0.0,0.0,0.0,0.0,0.0,0.0,0.0,0.0,0.0,0.0,0.0,0.0,0.0,0.0,0.0,0.0,0.24292272329330444,-0.2356729805469513,-0.10603273659944534,0.41338974237442017,-0.6440441608428955,-0.16003312170505524,0.40285763144493103,-0.9929166436195374,-0.22123941779136658,0.2194560468196869,-1.139894962310791,-0.28277722001075745,0.1051071286201477,-1.0629111528396606,-0.06702786684036255,0.03115485981106758,-1.4994086027145386,-0.17628709971904755,-0.026467902585864067,-1.7374671697616577,-0.23655296862125397,-0.08309650421142578,-1.9522080421447754,-0.2761349081993103,-0.06600960344076157,-0.9941316843032837,-0.08570247143507004,0.032368242740631104,-1.310957908630371,-0.2996366322040558,0.14553499221801758,-0.961846113204956,-0.3493029773235321,0.17208153009414673,-0.6941069960594177,-0.3260984420776367,-0.2376893162727356,-0.8731152415275574,-0.11850575357675552,-0.13653740286827087,-1.159173607826233,-0.346820592880249,-0.019629599526524544,-0.7846817374229431,-0.30629125237464905,0.008088642731308937,-0.5190046429634094,-0.20942817628383636,-0.42612162232398987,-0.7094305157661438,-0.1572122573852539,-0.30906397104263306,-0.9724364876747131,-0.30990612506866455,-0.18727731704711914,-0.7395672798156738,-0.2685488164424896,-0.1606011688709259,-0.5343104600906372,-0.19568751752376556
0.0,0.0,0.0,0.0,0.0,0.0,0.0,0.0,0.0,0.0,0.0,0.0,0.0,0.0,0.0,0.0,0.0,0.0,0.0,0.0,0.0,0.0,0.0,0.0,0.0,0.0,0.0,0.0,0.0,0.0,0.0,0.0,0.0,0.0,0.0,0.0,0.0,0.0,0.0,0.0,0.0,0.0,0.0,0.0,0.0,0.0,0.0,0.0,0.0,0.0,0.0,0.0,0.0,0.0,0.0,0.0,0.0,0.0,0.0,0.0,0.0,0.0,0.0,0.0,0.0,0.0,0.2229376584291458,-0.15967483818531036,-0.08921871334314346,0.3995070159435272,-0.40608811378479004,-0.16878752410411835,0.4469441771507263,-0.629413902759552,-0.25769931077957153,0.32909533381462097,-0.7175366282463074,-0.34870001673698425,0.19223804771900177,-0.9925596714019775,-0.12278132140636444,0.24256886541843414,-1.3423277139663696,-0.2324705421924591,0.2632240056991577,-1.5869303941726685,-0.2993629276752472,0.28104525804519653,-1.79770028591156,-0.34370312094688416,0.012575413100421429,-0.9885889887809753,-0.15011237561702728,0.20012356340885162,-0.9344773888587952,-0.31302693486213684,0.2184835523366928,-0.6136464476585388,-0.3455227017402649,0.18603074550628662,-0.43691813945770264,-0.33334600925445557,-0.14187750220298767,-0.8791382312774658,-0.18508240580558777,0.0639195516705513,-0.782613217830658,-0.3426435887813568,0.08389784395694733,-0.5053075551986694,-0.3078310191631317,0.055639903992414474,-0.34787437319755554,-0.24623267352581024,-0.2847321331501007,-0.718211829662323,-0.23015375435352325,-0.10810586810112,-0.6718787550926208,-0.3309091627597809,-0.04526154324412346,-0.4639827311038971,-0.29325270652770996,-0.038578979671001434,-0.32567229866981506,-0.2367691546678543
0.0,0.0,0.0,0.0,0.0,0.0,0.0,0.0,0.0,0.0,0.0,0.0,0.0,0.0,0.0,0.0,0.0,0.0,0.0,0.0,0.0,0.0,0.0,0.0,0.0,0.0,0.0,0.0,0.0,0.0,0.0,0.0,0.0,0.0,0.0,0.0,0.0,0.0,0.0,0.0,0.0,0.0,0.0,0.0,0.0,0.0,0.0,0.0,0.0,0.0,0.0,0.0,0.0,0.0,0.0,0.0,0.0,0.0,0.0,0.0,0.0,0.0,0.0,0.0,0.0,0.0,0.23499861359596252,-0.2566399574279785,-0.0781773179769516,0.40581756830215454,-0.5778376460075378,-0.14202208817005157,0.4320862591266632,-0.8283941745758057,-0.2191193848848343,0.3092798888683319,-1.0179529190063477,-0.29721009731292725,0.1732761412858963,-1.0583908557891846,-0.08239416033029556,0.16521969437599182,-1.5166633129119873,-0.19141778349876404,0.14804908633232117,-1.7447715997695923,-0.24762053787708282,0.11211663484573364,-1.9519116878509521,-0.28150978684425354,-0.00041021834476850927,-0.9935653209686279,-0.11325979977846146,0.10976585000753403,-1.1847211122512817,-0.29066765308380127,0.1797522008419037,-0.8401399254798889,-0.32025161385536194,0.17071737349033356,-0.6558236479759216,-0.30039864778518677,-0.16670097410678864,-0.8803857564926147,-0.155197873711586,-0.03982403501868248,-1.0562705993652344,-0.344014972448349,0.03836173936724663,-0.7162335515022278,-0.28978270292282104,0.02924070507287979,-0.5395960211753845,-0.20348423719406128,-0.3456011116504669,-0.7248475551605225,-0.20210477709770203,-0.21573428809642792,-0.8973608613014221,-0.3208446800708771,-0.1052299439907074,-0.675831139087677,-0.2612423896789551,-0.08794179558753967,-0.5334523916244507,-0.18495886027812958
0.0,0.0,0.0,0.0,0.0,0.0,0.0,0.0,0.0,0.0,0.0,0.0,0.0,0.0,0.0,0.0,0.0,0.0,0.0,0.0,0.0,0.0,0.0,0.0,0.0,0.0,0.0,0.0,0.0,0.0,0.0,0.0,0.0,0.0,0.0,0.0,0.0,0.0,0.0,0.0,0.0,0.0,0.0,0.0,0.0,0.0,0.0,0.0,0.0,0.0,0.0,0.0,0.0,0.0,0.0,0.0,0.0,0.0,0.0,0.0,0.0,0.0,0.0,0.0,0.0,0.0,0.2296203374862671,-0.2270684540271759,-0.09026890248060226,0.38240745663642883,-0.623828113079071,-0.1419389545917511,0.3778659701347351,-0.9548142552375793,-0.2016531080007553,0.2096773087978363,-1.113437533378601,-0.2633863091468811,0.10913598537445068,-1.0591647624969482,-0.07421842962503433,0.045414749532938004,-1.498711347579956,-0.18412108719348907,-0.010091312229633331,-1.7259678840637207,-0.24519768357276917,-0.07251836359500885,-1.9302949905395508,-0.28610360622406006,-0.05941438302397728,-0.9932945370674133,-0.09917604178190231,0.03067775070667267,-1.2800294160842896,-0.30364280939102173,0.13498719036579132,-0.9190149307250977,-0.34841006994247437,0.14952556788921356,-0.6732123494148254,-0.3276343047618866,-0.22604572772979736,-0.8690816164016724,-0.13550500571727753,-0.1375664323568344,-1.1384159326553345,-0.35279014706611633,-0.02171528898179531,-0.7617077827453613,-0.3042839765548706,-0.003938092850148678,-0.5248683094978333,-0.20985019207000732,-0.4067468047142029,-0.6973050832748413,-0.17625534534454346,-0.30562105774879456,-0.9295118451118469,-0.3236156105995178,-0.17651498317718506,-0.6931251287460327,-0.2757109999656677,-0.14717262983322144,-0.514150857925415,-0.2016880363225937
0.0,0.0,0.0,0.0,0.0,0.0,0.0,0.0,0.0,0.0,0.0,0.0,0.0,0.0,0.0,0.0,0.0,0.0,0.0,0.0,0.0,0.0,0.0,0.0,0.0,0.0,0.0,0.0,0.0,0.0,0.0,0.0,0.0,0.0,0.0,0.0,0.0,0.0,0.0,0.0,0.0,0.0,0.0,0.0,0.0,0.0,0.0,0.0,0.0,0.0,0.0,0.0,0.0,0.0,0.0,0.0,0.0,0.0,0.0,0.0,0.0,0.0,0.0,0.0,0.0,0.0,0.23881575465202332,-0.2457892894744873,-0.10050655901432037,0.39283016324043274,-0.6743189096450806,-0.14283476769924164,0.36315470933914185,-1.0448663234710693,-0.19251304864883423,0.18026882410049438,-1.2350701093673706,-0.24287165701389313,0.10145464539527893,-1.0622632503509521,-0.03597774729132652,0.03976511210203171,-1.4523223638534546,-0.12974348664283752,-0.022289155051112175,-1.679177165031433,-0.1783207505941391,-0.08540714532136917,-1.8750941753387451,-0.20958465337753296,-0.0686468854546547,-0.9963933825492859,-0.04987846314907074,0.01033055316656828,-1.3242124319076538,-0.2311171293258667,0.12169590592384338,-0.9858019351959229,-0.2665456533432007,0.14483731985092163,-0.7258079051971436,-0.2382744699716568,-0.23537753522396088,-0.8771271109580994,-0.07952006161212921,-0.1578926295042038,-1.1725653409957886,-0.286243736743927,-0.03170304745435715,-0.8141248822212219,-0.24553026258945465,-0.0029511190950870514,-0.55082106590271,-0.1537485271692276,-0.421400249004364,-0.7130470275878906,-0.11484336853027344,-0.3304953873157501,-0.9906390309333801,-0.2600795030593872,-0.2047349512577057,-0.7729887962341309,-0.22390544414520264,-0.17400529980659485,-0.5688486099243164,-0.15746423602104187
0.0,0.0,0.0,0.0,0.0,0.0,0.0,0.0,0.0,0.0,0.0,0.0,0.0,0.0,0.0,0.0,0.0,0.0,0.0,0.0,0.0,0.0,0.0,0.0,0.0,0.0,0.0,0.0,0.0,0.0,0.0,0.0,0.0,0.0,0.0,0.0,0.0,0.0,0.0,0.0,0.0,0.0,0.0,0.0,0.0,0.0,0.0,0.0,0.0,0.0,0.0,0.0,0.0,0.0,0.0,0.0,0.0,0.0,0.0,0.0,0.0,0.0,0.0,0.0,0.0,0.0,0.2343011498451233,-0.2138672173023224,-0.1360543668270111,0.4071722626686096,-0.6088295578956604,-0.20852594077587128,0.39731961488723755,-0.9502936601638794,-0.2810865342617035,0.22352953255176544,-1.1317857503890991,-0.35289451479911804,0.10368074476718903,-1.0594068765640259,-0.1032574251294136,0.043435968458652496,-1.4947404861450195,-0.23020562529563904,-0.016190562397241592,-1.7359408140182495,-0.30394601821899414,-0.08248355984687805,-1.958444595336914,-0.3517853319644928,-0.06998805701732635,-0.9913549423217773,-0.1109820306301117,0.03967570140957832,-1.2616132497787476,-0.3450170159339905,0.1452866941690445,-0.8842805027961731,-0.4011075794696808,0.1559421867132187,-0.6199889183044434,-0.37965595722198486,-0.2397623360157013,-0.8679643869400024,-0.13462182879447937,-0.1267356127500534,-1.11517333984375,-0.37700632214546204,-0.016888003796339035,-0.7291701436042786,-0.3320344388484955,-0.006240172311663628,-0.4846484661102295,-0.23083992302417755,-0.4229869544506073,-0.6980516910552979,-0.16631925106048584,-0.29039719700813293,-0.9272226095199585,-0.3295644521713257,-0.16557137668132782,-0.6812924742698669,-0.28402435779571533,-0.1493007391691208,-0.4983532428741455,-0.20552238821983337
0.0,0.0,0.0,0.0,0.0,0.0,0.0,0.0,0.0,0.0,0.0,0.0,0.0,0.0,0.0,0.0,0.0,0.0,0.0,0.0,0.0,0.0,0.0,0.0,0.0,0.0,0.0,0.0,0.0,0.0,0.0,0.0,0.0,0.0,0.0,0.0,0.0,0.0,0.0,0.0,0.0,0.0,0.0,0.0,0.0,0.0,0.0,0.0,0.0,0.0,0.0,0.0,0.0,0.0,0.0,0.0,0.0,0.0,0.0,0.0,0.0,0.0,0.0,0.0,0.0,0.0,0.20714043080806732,-0.2381666749715805,-0.13287989795207977,0.36414337158203125,-0.5896211862564087,-0.21817663311958313,0.28915315866470337,-0.8605330586433411,-0.30460458993911743,0.12479470670223236,-1.0346848964691162,-0.3893126845359802,0.12519587576389313,-1.069054126739502,-0.1179739460349083,0.11001088470220566,-1.5284336805343628,-0.24833422899246216,0.09337080270051956,-1.8002543449401855,-0.3219980299472809,0.05609363690018654,-2.0323853492736816,-0.3675171732902527,-0.06767596304416656,-0.9895218014717102,-0.12754030525684357,0.02212957851588726,-1.200613021850586,-0.34645822644233704,0.11037682741880417,-0.8163085579872131,-0.3923098146915436,0.10502435266971588,-0.5911684036254883,-0.36914607882499695,-0.23974618315696716,-0.8619993925094604,-0.15186189115047455,-0.15599091351032257,-1.0585558414459229,-0.37345796823501587,-0.054923105984926224,-0.6957864165306091,-0.32166507840156555,-0.05907963588833809,-0.49935176968574524,-0.22512365877628326,-0.4218819737434387,-0.6837566494941711,-0.18463803827762604,-0.32692378759384155,-0.8696739673614502,-0.3268861472606659,-0.20910131931304932,-0.6423189043998718,-0.26917922496795654,-0.19882939755916595,-0.5002953410148621,-0.18620046973228455
0.0,0.0,0.0,0.0,0.0,0.0,0.0,0.0,0.0,0.0,0.0,0.0,0.0,0.0,0.0,0.0,0.0,0.0,0.0,0.0,0.0,0.0,0.0,0.0,0.0,0.0,0.0,0.0,0.0,0.0,0.0,0.0,0.0,0.0,0.0,0.0,0.0,0.0,0.0,0.0,0.0,0.0,0.0,0.0,0.0,0.0,0.0,0.0,0.0,0.0,0.0,0.0,0.0,0.0,0.0,0.0,0.0,0.0,0.0,0.0,0.0,0.0,0.0,0.0,0.0,0.0,0.2077133059501648,-0.22709864377975464,-0.13608120381832123,0.36515140533447266,-0.5558130145072937,-0.23547959327697754,0.2884155809879303,-0.823828935623169,-0.3383524715900421,0.10793127119541168,-0.9560989737510681,-0.4406281113624573,0.12275524437427521,-1.0728235244750977,-0.13558925688266754,0.10875409841537476,-1.5232336521148682,-0.26957789063453674,0.08907117694616318,-1.7928332090377808,-0.34540170431137085,0.053888119757175446,-2.0162343978881836,-0.3926326036453247,-0.07467975467443466,-0.9866082072257996,-0.1450076550245285,0.033017322421073914,-1.1456140279769897,-0.3635893762111664,0.11557009816169739,-0.7749969363212585,-0.4109342396259308,0.10442634671926498,-0.5733495354652405,-0.3918347954750061,-0.24233415722846985,-0.856447696685791,-0.16801674664020538,-0.14900559186935425,-1.0004277229309082,-0.3850921392440796,-0.04700892046093941,-0.6557527184486389,-0.3344487249851227,-0.045201074331998825,-0.4680245816707611,-0.24212513864040375,-0.41125375032424927,-0.679778516292572,-0.20083282887935638,-0.30816951394081116,-0.8401238322257996,-0.33772939443588257,-0.19567975401878357,-0.6265784502029419,-0.2807880640029907,-0.1863708794116974,-0.48858797550201416,-0.2001606971025467
0.0,0.0,0.0,0.0,0.0,0.0,0.0,0.0,0.0,0.0,0.0,0.0,0.0,0.0,0.0,0.0,0.0,0.0,0.0,0.0,0.0,0.0,0.0,0.0,0.0,0.0,0.0,0.0,0.0,0.0,0.0,0.0,0.0,0.0,0.0,0.0,0.0,0.0,0.0,0.0,0.0,0.0,0.0,0.0,0.0,0.0,0.0,0.0,0.0,0.0,0.0,0.0,0.0,0.0,0.0,0.0,0.0,0.0,0.0,0.0,0.0,0.0,0.0,0.0,0.0,0.0,0.2274383157491684,-0.2526044249534607,-0.1022503674030304,0.3731403350830078,-0.6171858906745911,-0.1663350909948349,0.3263421058654785,-0.913960874080658,-0.23930975794792175,0.14568376541137695,-1.0477172136306763,-0.31339842081069946,0.1084919348359108,-1.0716619491577148,-0.08412984758615494,0.0646260529756546,-1.524784803390503,-0.2039269059896469,0.015689145773649216,-1.766737699508667,-0.2726411819458008,-0.046366095542907715,-1.969117283821106,-0.3149736523628235,-0.06857649981975555,-0.9923633933067322,-0.10252875089645386,0.009311692789196968,-1.2108639478683472,-0.30083635449409485,0.1023881733417511,-0.8552543520927429,-0.34066241979599,0.11190223693847656,-0.6217389106750488,-0.31924623250961304,-0.23089370131492615,-0.8630595207214355,-0.134829580783844,-0.14086425304412842,-1.0690863132476807,-0.33208996057510376,-0.04892284423112869,-0.7273853421211243,-0.28002020716667175,-0.045420777052640915,-0.5156152844429016,-0.19029048085212708,-0.40103235840797424,-0.6912199854850769,-0.17519110441207886,-0.30683833360671997,-0.8929742574691772,-0.29688963294029236,-0.19913777709007263,-0.6922820210456848,-0.24207596480846405,-0.1806911826133728,-0.5467001795768738,-0.16786883771419525
0.0,0.0,0.0,0.0,0.0,0.0,0.0,0.0,0.0,0.0,0.0,0.0,0.0,0.0,0.0,0.0,0.0,0.0,0.0,0.0,0.0,0.0,0.0,0.0,0.0,0.0,0.0,0.0,0.0,0.0,0.0,0.0,0.0,0.0,0.0,0.0,0.0,0.0,0.0,0.0,0.0,0.0,0.0,0.0,0.0,0.0,0.0,0.0,0.0,0.0,0.0,0.0,0.0,0.0,0.0,0.0,0.0,0.0,0.0,0.0,0.0,0.0,0.0,0.0,0.0,0.0,0.22019051015377045,-0.24139703810214996,-0.11067026853561401,0.3716108202934265,-0.5918319821357727,-0.18303970992565155,0.3583293855190277,-0.8962785601615906,-0.2634865641593933,0.18647074699401855,-1.0666866302490234,-0.3433910310268402,0.09875553101301193,-1.0591386556625366,-0.08420322835445404,0.04472394660115242,-1.4987391233444214,-0.20924124121665955,-0.006916766054928303,-1.7304962873458862,-0.2796991169452667,-0.06372489780187607,-1.933011770248413,-0.32216522097587585,-0.07266588509082794,-0.9919198155403137,-0.10399378836154938,0.03463160619139671,-1.2625901699066162,-0.32071956992149353,0.14184674620628357,-0.8996623754501343,-0.3691108226776123,0.15947459638118744,-0.6456112861633301,-0.3459307551383972,-0.2391337752342224,-0.8763124942779541,-0.13911044597625732,-0.12068925052881241,-1.1145209074020386,-0.3632204830646515,-0.017789719626307487,-0.7420570850372314,-0.31948474049568176,-0.007772030308842659,-0.5002759099006653,-0.22368860244750977,-0.4189209043979645,-0.7154203653335571,-0.18127045035362244,-0.2934461236000061,-0.9311692118644714,-0.3275074064731598,-0.17108431458473206,-0.7026234269142151,-0.28107020258903503,-0.14913158118724823,-0.527991533279419,-0.20511384308338165
0.0,0.0,0.0,0.0,0.0,0.0,0.0,0.0,0.0,0.0,0.0,0.0,0.0,0.0,0.0,0.0,0.0,0.0,0.0,0.0,0.0,0.0,0.0,0.0,0.0,0.0,0.0,0.0,0.0,0.0,0.0,0.0,0.0,0.0,0.0,0.0,0.0,0.0,0.0,0.0,0.0,0.0,0.0,0.0,0.0,0.0,0.0,0.0,0.0,0.0,0.0,0.0,0.0,0.0,0.0,0.0,0.0,0.0,0.0,0.0,0.0,0.0,0.0,0.0,0.0,0.0,0.22725942730903625,-0.18540643155574799,-0.11842036992311478,0.3947283923625946,-0.5448142290115356,-0.1947445273399353,0.34446072578430176,-0.8293219804763794,-0.2726769745349884,0.15998145937919617,-0.9570281505584717,-0.35216304659843445,0.13034142553806305,-1.0683144330978394,-0.11405307799577713,0.1008022129535675,-1.5003541707992554,-0.23427915573120117,0.07130725681781769,-1.7610207796096802,-0.30452120304107666,0.026183804497122765,-1.9742604494094849,-0.3498274087905884,-0.0625917986035347,-0.9902114868164062,-0.12475371360778809,0.04233429953455925,-1.170686960220337,-0.3268243074417114,0.13232749700546265,-0.8037989139556885,-0.3688795566558838,0.12341917306184769,-0.5841899514198303,-0.3481815457344055,-0.23400050401687622,-0.8606772422790527,-0.14808818697929382,-0.1266736090183258,-1.01338529586792,-0.35410842299461365,-0.036505986005067825,-0.6763764023780823,-0.3106456398963928,-0.05362873896956444,-0.4950273334980011,-0.22714805603027344,-0.40951451659202576,-0.6880165338516235,-0.17838381230831146,-0.2879405915737152,-0.8527296781539917,-0.31427091360092163,-0.18244916200637817,-0.6266769766807556,-0.2639123499393463,-0.1868249773979187,-0.4871442914009094,-0.19090673327445984
0.0,0.0,0.0,0.0,0.0,0.0,0.0,0.0,0.0,0.0,0.0,0.0,0.0,0.0,0.0,0.0,0.0,0.0,0.0,0.0,0.0,0.0,0.0,0.0,0.0,0.0,0.0,0.0,0.0,0.0,0.0,0.0,0.0,0.0,0.0,0.0,0.0,0.0,0.0,0.0,0.0,0.0,0.0,0.0,0.0,0.0,0.0,0.0,0.0,0.0,0.0,0.0,0.0,0.0,0.0,0.0,0.0,0.0,0.0,0.0,0.0,0.0,0.0,0.0,0.0,0.0,0.20498274266719818,-0.25082725286483765,-0.12144598364830017,0.3457249701023102,-0.5700049996376038,-0.21643298864364624,0.2940177023410797,-0.8306868672370911,-0.3177737891674042,0.12045899778604507,-0.9630914330482483,-0.4179813265800476,0.1165073961019516,-1.0703585147857666,-0.11706867814064026,0.09979285299777985,-1.5166394710540771,-0.2456303834915161,0.07756394892930984,-1.779363751411438,-0.3152817189693451,0.03798955678939819,-1.9922856092453003,-0.3571866452693939,-0.07416410744190216,-0.9881622195243835,-0.1342950165271759,0.02311733551323414,-1.1722575426101685,-0.3418288826942444,0.10746163874864578,-0.8040658235549927,-0.3808813989162445,0.09611757099628448,-0.6154376268386841,-0.3559357225894928,-0.2390054166316986,-0.8618890643119812,-0.16503454744815826,-0.14280830323696136,-1.020439624786377,-0.3732713460922241,-0.046881694346666336,-0.6786026954650879,-0.31911617517471313,-0.05873214080929756,-0.5088698863983154,-0.22509926557540894,-0.4075586795806885,-0.691224217414856,-0.204535111784935,-0.30747365951538086,-0.8518750667572021,-0.3320775330066681,-0.19727206230163574,-0.6421089172363281,-0.2705286741256714,-0.19378255307674408,-0.5182636976242065,-0.18809542059898376
0.0,0.0,0.0,0.0,0.0,0.0,0.0,0.0,0.0,0.0,0.0,0.0,0.0,0.0,0.0,0.0,0.0,0.0,0.0,0.0,0.0,0.0,0.0,0.0,0.0,0.0,0.0,0.0,0.0,0.0,0.0,0.0,0.0,0.0,0.0,0.0,0.0,0.0,0.0,0.0,0.0,0.0,0.0,0.0,0.0,0.0,0.0,0.0,0.0,0.0,0.0,0.0,0.0,0.0,0.0,0.0,0.0,0.0,0.0,0.0,0.0,0.0,0.0,0.0,0.0,0.0,0.21811848878860474,-0.22458064556121826,-0.11182603240013123,0.3593289256095886,-0.5712607502937317,-0.19355186820030212,0.34232866764068604,-0.8767226338386536,-0.28244996070861816,0.1643742322921753,-1.0122928619384766,-0.3717193901538849,0.10795315355062485,-1.0618290901184082,-0.1122361347079277,0.08316432684659958,-1.5117292404174805,-0.24445877969264984,0.05343446880578995,-1.7632967233657837,-0.3185483515262604,0.01080339401960373,-1.973678708076477,-0.3640436828136444,-0.07383178919553757,-0.9882393479347229,-0.13390977680683136,0.03869391605257988,-1.2048208713531494,-0.35787877440452576,0.1393623799085617,-0.8316884636878967,-0.4032536447048187,0.14200055599212646,-0.6017356514930725,-0.3781880736351013,-0.2401801347732544,-0.8672488331794739,-0.16862967610359192,-0.11703534424304962,-1.047830581665039,-0.391644150018692,-0.014079734683036804,-0.6888198852539062,-0.3410768210887909,-0.016796819865703583,-0.48358166217803955,-0.2442903220653534,-0.40800440311431885,-0.7054154276847839,-0.21073083579540253,-0.27502697706222534,-0.8892993927001953,-0.3533557653427124,-0.15998439490795135,-0.6599876880645752,-0.29888084530830383,-0.1545914262533188,-0.5060346722602844,-0.2187546193599701
0.0,0.0,0.0,0.0,0.0,0.0,0.0,0.0,0.0,0.0,0.0,0.0,0.0,0.0,0.0,0.0,0.0,0.0,0.0,0.0,0.0,0.0,0.0,0.0,0.0,0.0,0.0,0.0,0.0,0.0,0.0,0.0,0.0,0.0,0.0,0.0,0.0,0.0,0.0,0.0,0.0,0.0,0.0,0.0,0.0,0.0,0.0,0.0,0.0,0.0,0.0,0.0,0.0,0.0,0.0,0.0,0.0,0.0,0.0,0.0,0.0,0.0,0.0,0.0,0.0,0.0,0.24902290105819702,-0.2683754861354828,-0.09409867227077484,0.4156137704849243,-0.6455667614936829,-0.148478701710701,0.38815632462501526,-0.9850150346755981,-0.21454551815986633,0.19495226442813873,-1.1205356121063232,-0.2810843586921692,0.1211787536740303,-1.0578747987747192,-0.04265125095844269,0.08682936429977417,-1.4738587141036987,-0.14788317680358887,0.051609985530376434,-1.6894294023513794,-0.20805624127388,0.012445705011487007,-1.8897870779037476,-0.24739085137844086,-0.045069534331560135,-0.9969037771224976,-0.06443286687135696,0.05517198145389557,-1.2898341417312622,-0.26250091195106506,0.14152009785175323,-0.9334046840667725,-0.30838319659233093,0.15096142888069153,-0.6741147637367249,-0.28776291012763977,-0.2086838185787201,-0.8937545418739319,-0.10146355628967285,-0.09680601209402084,-1.171182632446289,-0.3100057542324066,-0.005396714434027672,-0.8082441091537476,-0.2712706923484802,0.007348140235990286,-0.5541238188743591,-0.1825079321861267,-0.39139822125434875,-0.7504701018333435,-0.1447826772928238,-0.25867095589637756,-0.997320830821991,-0.27873697876930237,-0.1518194079399109,-0.7798588871955872,-0.239811509847641,-0.13142073154449463,-0.5945160984992981,-0.1745154857635498
0.0,0.0,0.0,0.0,0.0,0.0,0.0,0.0,0.0,0.0,0.0,0.0,0.0,0.0,0.0,0.0,0.0,0.0,0.0,0.0,0.0,0.0,0.0,0.0,0.0,0.0,0.0,0.0,0.0,0.0,0.0,0.0,0.0,0.0,0.0,0.0,0.0,0.0,0.0,0.0,0.0,0.0,0.0,0.0,0.0,0.0,0.0,0.0,0.0,0.0,0.0,0.0,0.0,0.0,0.0,0.0,0.0,0.0,0.0,0.0,0.0,0.0,0.0,0.0,0.0,0.0,0.23420681059360504,-0.2280544489622116,-0.10869758576154709,0.393656849861145,-0.5952723622322083,-0.17822135984897614,0.3697454333305359,-0.9157141447067261,-0.25590184330940247,0.18207472562789917,-1.056154727935791,-0.3356271982192993,0.14008136093616486,-1.060639500617981,-0.09594370424747467,0.10291019082069397,-1.5256993770599365,-0.22140267491340637,0.06744933128356934,-1.7770472764968872,-0.2925471365451813,0.02438943088054657,-1.9988733530044556,-0.3375617265701294,-0.04295621067285538,-0.9921647310256958,-0.11731953173875809,0.05088413134217262,-1.2444791793823242,-0.3433108925819397,0.1510307937860489,-0.8659632802009583,-0.39288049936294556,0.16282272338867188,-0.6051144599914551,-0.3701068162918091,-0.2181086391210556,-0.8733235001564026,-0.15204329788684845,-0.11762077361345291,-1.115842342376709,-0.3811628520488739,-0.010094272904098034,-0.7404853105545044,-0.33315274119377136,0.0007501342333853245,-0.49732282757759094,-0.23511984944343567,-0.4051631689071655,-0.7123003005981445,-0.1935189664363861,-0.2824336886405945,-0.9403051137924194,-0.343632310628891,-0.16119197010993958,-0.7056647539138794,-0.2932892441749573,-0.14434382319450378,-0.5249872803688049,-0.21499019861221313
0.0,0.0,0.0,0.0,0.0,0.0,0.0,0.0,0.0,0.0,0.0,0.0,0.0,0.0,0.0,0.0,0.0,0.0,0.0,0.0,0.0,0.0,0.0,0.0,0.0,0.0,0.0,0.0,0.0,0.0,0.0,0.0,0.0,0.0,0.0,0.0,0.0,0.0,0.0,0.0,0.0,0.0,0.0,0.0,0.0,0.0,0.0,0.0,0.0,0.0,0.0,0.0,0.0,0.0,0.0,0.0,0.0,0.0,0.0,0.0,0.0,0.0,0.0,0.0,0.0,0.0,0.207876518368721,-0.19100064039230347,-0.12080036848783493,0.36290639638900757,-0.5404236316680908,-0.19672131538391113,0.344801127910614,-0.812219500541687,-0.27462485432624817,0.19313673675060272,-0.9417571425437927,-0.3518359661102295,0.09541909396648407,-1.0674374103546143,-0.11592809110879898,0.059198033064603806,-1.4940526485443115,-0.2363726943731308,0.02174365520477295,-1.7382845878601074,-0.30615368485450745,-0.022493818774819374,-1.9461467266082764,-0.35101431608200073,-0.0911436676979065,-0.9875050783157349,-0.12855570018291473,0.03219999745488167,-1.176373839378357,-0.34275832772254944,0.1375124603509903,-0.8209380507469177,-0.3941480815410614,0.14652188122272491,-0.5850621461868286,-0.37695369124412537,-0.2626839578151703,-0.8556532859802246,-0.1536908745765686,-0.14065462350845337,-1.0218453407287598,-0.3688899278640747,-0.031236503273248672,-0.6807394027709961,-0.3322376012802124,-0.025055449455976486,-0.4775770604610443,-0.2484046071767807,-0.434603750705719,-0.679161787033081,-0.18608210980892181,-0.30516406893730164,-0.8533592224121094,-0.3285204768180847,-0.18189454078674316,-0.6320428252220154,-0.28439000248908997,-0.16396087408065796,-0.47967270016670227,-0.21269026398658752
0.0,0.0,0.0,0.0,0.0,0.0,0.0,0.0,0.0,0.0,0.0,0.0,0.0,0.0,0.0,0.0,0.0,0.0,0.0,0.0,0.0,0.0,0.0,0.0,0.0,0.0,0.0,0.0,0.0,0.0,0.0,0.0,0.0,0.0,0.0,0.0,0.0,0.0,0.0,0.0,0.0,0.0,0.0,0.0,0.0,0.0,0.0,0.0,0.0,0.0,0.0,0.0,0.0,0.0,0.0,0.0,0.0,0.0,0.0,0.0,0.0,0.0,0.0,0.0,0.0,0.0,0.21482574939727783,-0.20427614450454712,-0.13029716908931732,0.35681095719337463,-0.5231399536132812,-0.2232033610343933,0.3367476463317871,-0.7858467698097229,-0.3187049925327301,0.1879953145980835,-0.8846774101257324,-0.41172996163368225,0.10493616759777069,-1.0618770122528076,-0.14008131623268127,0.05961908772587776,-1.4862778186798096,-0.2696774899959564,0.01632291078567505,-1.7364583015441895,-0.3444037437438965,-0.03179622069001198,-1.9457740783691406,-0.3920982778072357,-0.08120262622833252,-0.9851055145263672,-0.1515691578388214,0.053614191710948944,-1.1287459135055542,-0.36856022477149963,0.14244888722896576,-0.793363630771637,-0.42079734802246094,0.1414872705936432,-0.5807569622993469,-0.40538489818573,-0.24395346641540527,-0.8569290637969971,-0.17535921931266785,-0.1024925708770752,-0.9681224226951599,-0.38603106141090393,-0.012612956576049328,-0.647817850112915,-0.34902456402778625,-0.013995292596518993,-0.45984554290771484,-0.2668807804584503,-0.39706742763519287,-0.690226674079895,-0.2092973291873932,-0.2517448365688324,-0.8175405263900757,-0.344279408454895,-0.15013404190540314,-0.609649121761322,-0.3012893795967102,-0.14579333364963531,-0.47168007493019104,-0.2312101572751999
0.0,0.0,0.0,0.0,0.0,0.0,0.0,0.0,0.0,0.0,0.0,0.0,0.0,0.0,0.0,0.0,0.0,0.0,0.0,0.0,0.0,0.0,0.0,0.0,0.0,0.0,0.0,0.0,0.0,0.0,0.0,0.0,0.0,0.0,0.0,0.0,0.0,0.0,0.0,0.0,0.0,0.0,0.0,0.0,0.0,0.0,0.0,0.0,0.0,0.0,0.0,0.0,0.0,0.0,0.0,0.0,0.0,0.0,0.0,0.0,0.0,0.0,0.0,0.0,0.0,0.0,0.20655956864356995,-0.21037107706069946,-0.12372158467769623,0.35488471388816833,-0.517162561416626,-0.22047880291938782,0.34041255712509155,-0.7770006656646729,-0.32201674580574036,0.176650732755661,-0.8988494873046875,-0.42292478680610657,0.08265937119722366,-1.0623778104782104,-0.14084675908088684,0.03108873963356018,-1.5030553340911865,-0.2755180597305298,-0.011172650381922722,-1.757097601890564,-0.3513231575489044,-0.0629279688000679,-1.9683915376663208,-0.3975687325000763,-0.10237307846546173,-0.9823943376541138,-0.1562725454568863,0.039506856352090836,-1.1568711996078491,-0.3703446686267853,0.141378715634346,-0.8061465620994568,-0.41599929332733154,0.13406246900558472,-0.5972573161125183,-0.39704665541648865,-0.2653508484363556,-0.8535861372947693,-0.18363909423351288,-0.1217685416340828,-1.0001318454742432,-0.3931543529033661,-0.02730300836265087,-0.6661379337310791,-0.344951331615448,-0.04129435122013092,-0.4814727306365967,-0.25668784976005554,-0.42581698298454285,-0.6825301647186279,-0.21993091702461243,-0.28607818484306335,-0.84478759765625,-0.35016897320747375,-0.17801375687122345,-0.6322265267372131,-0.29357585310935974,-0.18051676452159882,-0.492725133895874,-0.2151608169078827
0.0,0.0,0.0,0.0,0.0,0.0,0.0,0.0,0.0,0.0,0.0,0.0,0.0,0.0,0.0,0.0,0.0,0.0,0.0,0.0,0.0,0.0,0.0,0.0,0.0,0.0,0.0,0.0,0.0,0.0,0.0,0.0,0.0,0.0,0.0,0.0,0.0,0.0,0.0,0.0,0.0,0.0,0.0,0.0,0.0,0.0,0.0,0.0,0.0,0.0,0.0,0.0,0.0,0.0,0.0,0.0,0.0,0.0,0.0,0.0,0.0,0.0,0.0,0.0,0.0,0.0,0.22830571234226227,-0.22654686868190765,-0.11316128820180893,0.38151395320892334,-0.5810145139694214,-0.18839383125305176,0.375723272562027,-0.8876516222953796,-0.27053171396255493,0.20546852052211761,-1.0380631685256958,-0.3526555895805359,0.09159844368696213,-1.0653356313705444,-0.09171649068593979,0.05931456759572029,-1.5005854368209839,-0.2174212485551834,0.033848099410533905,-1.7457597255706787,-0.28962016105651855,0.00031527315150015056,-1.9568253755569458,-0.3341089189052582,-0.08214939385652542,-0.9902543425559998,-0.11246225982904434,0.04185042157769203,-1.261237382888794,-0.33399102091789246,0.14812618494033813,-0.8953148722648621,-0.38458168506622314,0.1552117019891739,-0.6364847421646118,-0.36203354597091675,-0.24803701043128967,-0.8667592406272888,-0.14785826206207275,-0.1106242910027504,-1.087576150894165,-0.3730957806110382,-0.007839718833565712,-0.7240365743637085,-0.33070284128189087,-0.00803134310990572,-0.49299290776252747,-0.23671163618564606,-0.4236854016780853,-0.7001519799232483,-0.19038039445877075,-0.2874374985694885,-0.9074908494949341,-0.33583006262779236,-0.1656341701745987,-0.6886218786239624,-0.2891910970211029,-0.1506325900554657,-0.5237841606140137,-0.21437838673591614
0.0,0.0,0.0,0.0,0.0,0.0,0.0,0.0,0.0,0.0,0.0,0.0,0.0,0.0,0.0,0.0,0.0,0.0,0.0,0.0,0.0,0.0,0.0,0.0,0.0,0.0,0.0,0.0,0.0,0.0,0.0,0.0,0.0,0.0,0.0,0.0,0.0,0.0,0.0,0.0,0.0,0.0,0.0,0.0,0.0,0.0,0.0,0.0,0.0,0.0,0.0,0.0,0.0,0.0,0.0,0.0,0.0,0.0,0.0,0.0,0.0,0.0,0.0,0.0,0.0,0.0,0.22208134829998016,-0.22801107168197632,-0.10836188495159149,0.3882732391357422,-0.5342093110084534,-0.1938277781009674,0.39974284172058105,-0.8169810175895691,-0.2888796031475067,0.24210397899150848,-0.9727817177772522,-0.38408219814300537,0.1442832052707672,-1.050344705581665,-0.09906437247991562,0.14606799185276031,-1.4962414503097534,-0.2251693159341812,0.13988816738128662,-1.7425227165222168,-0.29276061058044434,0.11749190837144852,-1.9566951990127563,-0.33353909850120544,-0.03388333320617676,-0.9916648864746094,-0.1243087649345398,0.09261821210384369,-1.2185570001602173,-0.32761433720588684,0.17701828479766846,-0.8475884795188904,-0.3658977150917053,0.16353493928909302,-0.6424464583396912,-0.3415745198726654,-0.1998891830444336,-0.8839357495307922,-0.1630726158618927,-0.06707728654146194,-1.0681723356246948,-0.3696025013923645,0.012849496677517891,-0.7070073485374451,-0.31327664852142334,-0.013065229170024395,-0.5226921439170837,-0.21872812509536743,-0.3779226243495941,-0.7274144887924194,-0.20974485576152802,-0.23582899570465088,-0.8994375467300415,-0.3366197347640991,-0.13535495102405548,-0.6652183532714844,-0.2740277647972107,-0.14592896401882172,-0.5217664241790771,-0.19275543093681335
0.0,0.0,0.0,0.0,0.0,0.0,0.0,0.0,0.0,0.0,0.0,0.0,0.0,0.0,0.0,0.0,0.0,0.0,0.0,0.0,0.0,0.0,0.0,0.0,0.0,0.0,0.0,0.0,0.0,0.0,0.0,0.0,0.0,0.0,0.0,0.0,0.0,0.0,0.0,0.0,0.0,0.0,0.0,0.0,0.0,0.0,0.0,0.0,0.0,0.0,0.0,0.0,0.0,0.0,0.0,0.0,0.0,0.0,0.0,0.0,0.0,0.0,0.0,0.0,0.0,0.0,0.19891753792762756,-0.1598149538040161,-0.1367587447166443,0.36223217844963074,-0.44683533906936646,-0.23587462306022644,0.31536799669265747,-0.6702084541320801,-0.3316698372364044,0.16430649161338806,-0.790578305721283,-0.4226660430431366,0.16017818450927734,-1.044637680053711,-0.15685336291790009,0.15367740392684937,-1.4598668813705444,-0.2883586287498474,0.14442026615142822,-1.7324066162109375,-0.36124205589294434,0.12645424902439117,-1.949668526649475,-0.4064423739910126,-0.050997473299503326,-0.9850203394889832,-0.1647244393825531,0.07786833494901657,-1.069339632987976,-0.37157779932022095,0.14305250346660614,-0.7149412631988525,-0.41423526406288147,0.13697537779808044,-0.5254231095314026,-0.3949611485004425,-0.2269880771636963,-0.8619833588600159,-0.18496984243392944,-0.09226459264755249,-0.8938479423522949,-0.3910429775714874,-0.010539167560636997,-0.5760096907615662,-0.34984564781188965,-0.012950903736054897,-0.43239736557006836,-0.2689043879508972,-0.3896634876728058,-0.6968169212341309,-0.21456316113471985,-0.2541663944721222,-0.7696912288665771,-0.3440481722354889,-0.1577204465866089,-0.5540124177932739,-0.293180376291275,-0.15556345880031586,-0.45465153455734253,-0.21920114755630493
0.0,0.0,0.0,0.0,0.0,0.0,0.0,0.0,0.0,0.0,0.0,0.0,0.0,0.0,0.0,0.0,0.0,0.0,0.0,0.0,0.0,0.0,0.0,0.0,0.0,0.0,0.0,0.0,0.0,0.0,0.0,0.0,0.0,0.0,0.0,0.0,0.0,0.0,0.0,0.0,0.0,0.0,0.0,0.0,0.0,0.0,0.0,0.0,0.0,0.0,0.0,0.0,0.0,0.0,0.0,0.0,0.0,0.0,0.0,0.0,0.0,0.0,0.0,0.0,0.0,0.0,0.24113550782203674,-0.17897917330265045,-0.09919023513793945,0.45561280846595764,-0.4532354474067688,-0.1868283748626709,0.4930294156074524,-0.6824778914451599,-0.28361713886260986,0.34968167543411255,-0.7860443592071533,-0.38061851263046265,0.2239384651184082,-1.0203367471694946,-0.14292868971824646,0.2278899848461151,-1.466214895248413,-0.24850112199783325,0.22443942725658417,-1.7322715520858765,-0.29506611824035645,0.21555335819721222,-1.9442123174667358,-0.32535356283187866,0.014035355299711227,-0.9865676164627075,-0.1627494841814041,0.12972930073738098,-1.0117247104644775,-0.3027133345603943,0.1719927042722702,-0.7144554257392883,-0.30996713042259216,0.15354467928409576,-0.6347536444664001,-0.2913528382778168,-0.16213005781173706,-0.8780537247657776,-0.1923835724592209,-0.04488438367843628,-0.8628740310668945,-0.3326587677001953,0.013760602101683617,-0.6089655756950378,-0.27656564116477966,0.0026647327467799187,-0.5476423501968384,-0.2151029407978058,-0.3324832022190094,-0.734932541847229,-0.23282204568386078,-0.2161245048046112,-0.7379165291786194,-0.31748589873313904,-0.13529573380947113,-0.5640051364898682,-0.2641548812389374,-0.12813661992549896,-0.5050424933433533,-0.20595474541187286
0.0,0.0,0.0,0.0,0.0,0.0,0.0,0.0,0.0,0.0,0.0,0.0,0.0,0.0,0.0,0.0,0.0,0.0,0.0,0.0,0.0,0.0,0.0,0.0,0.0,0.0,0.0,0.0,0.0,0.0,0.0,0.0,0.0,0.0,0.0,0.0,0.0,0.0,0.0,0.0,0.0,0.0,0.0,0.0,0.0,0.0,0.0,0.0,0.0,0.0,0.0,0.0,0.0,0.0,0.0,0.0,0.0,0.0,0.0,0.0,0.0,0.0,0.0,0.0,0.0,0.0,0.228716179728508,-0.15522658824920654,-0.11842565983533859,0.40289947390556335,-0.4513614773750305,-0.2075532227754593,0.3187049925327301,-0.6819877028465271,-0.29759377241134644,0.12471244484186172,-0.771841824054718,-0.3861733376979828,0.2242872565984726,-1.0392025709152222,-0.15706701576709747,0.21735894680023193,-1.5062657594680786,-0.2792178988456726,0.20543596148490906,-1.78140389919281,-0.35466593503952026,0.17960225045681,-2.0152587890625,-0.40988269448280334,0.017733462154865265,-0.9839901924133301,-0.17733800411224365,0.1191965714097023,-1.0679686069488525,-0.36729195713996887,0.15845003724098206,-0.7660536170005798,-0.41891711950302124,0.1320846527814865,-0.612647533416748,-0.42204710841178894,-0.16066330671310425,-0.855420708656311,-0.20669199526309967,-0.07260403782129288,-0.8937744498252869,-0.3905046284198761,-0.004141608718782663,-0.6155745387077332,-0.35915839672088623,-0.009659864008426666,-0.5001989603042603,-0.30224359035491943,-0.330981582403183,-0.6921457052230835,-0.24526669085025787,-0.22644934058189392,-0.7300434708595276,-0.3618931472301483,-0.14302921295166016,-0.5395302772521973,-0.31839519739151,-0.13288454711437225,-0.4600127637386322,-0.26096999645233154
0.0,0.0,0.0,0.0,0.0,0.0,0.0,0.0,0.0,0.0,0.0,0.0,0.0,0.0,0.0,0.0,0.0,0.0,0.0,0.0,0.0,0.0,0.0,0.0,0.0,0.0,0.0,0.0,0.0,0.0,0.0,0.0,0.0,0.0,0.0,0.0,0.0,0.0,0.0,0.0,0.0,0.0,0.0,0.0,0.0,0.0,0.0,0.0,0.0,0.0,0.0,0.0,0.0,0.0,0.0,0.0,0.0,0.0,0.0,0.0,0.0,0.0,0.0,0.0,0.0,0.0,0.23816393315792084,-0.2522965669631958,-0.11032316833734512,0.408211886882782,-0.5975896120071411,-0.17788368463516235,0.3616063892841339,-0.9064034819602966,-0.2537935674190521,0.18591313064098358,-1.088136911392212,-0.3299030363559723,0.18043550848960876,-1.044631838798523,-0.07146891951560974,0.18222731351852417,-1.4878545999526978,-0.18882536888122559,0.17222227156162262,-1.744580864906311,-0.25533348321914673,0.15304182469844818,-1.9761652946472168,-0.29767274856567383,0.0006172487046569586,-0.9959906339645386,-0.08945520967245102,0.09917937964200974,-1.2598828077316284,-0.2939307391643524,0.17096489667892456,-0.9011410474777222,-0.341365247964859,0.16998541355133057,-0.6539285182952881,-0.3217181861400604,-0.1708652824163437,-0.893982470035553,-0.12278757989406586,-0.06549003720283508,-1.1383107900619507,-0.3326670527458191,0.015392239205539227,-0.7770809531211853,-0.2850796580314636,0.013979999348521233,-0.541695237159729,-0.1919672042131424,-0.3612615764141083,-0.7423658967018127,-0.16386130452156067,-0.2459179162979126,-0.9647634029388428,-0.29580843448638916,-0.1381339579820633,-0.7542214393615723,-0.24425847828388214,-0.12352024763822556,-0.5932084321975708,-0.1686597764492035
0.0,0.0,0.0,0.0,0.0,0.0,0.0,0.0,0.0,0.0,0.0,0.0,0.0,0.0,0.0,0.0,0.0,0.0,0.0,0.0,0.0,0.0,0.0,0.0,0.0,0.0,0.0,0.0,0.0,0.0,0.0,0.0,0.0,0.0,0.0,0.0,0.0,0.0,0.0,0.0,0.0,0.0,0.0,0.0,0.0,0.0,0.0,0.0,0.0,0.0,0.0,0.0,0.0,0.0,0.0,0.0,0.0,0.0,0.0,0.0,0.0,0.0,0.0,0.0,0.0,0.0,0.22478258609771729,-0.19610464572906494,-0.11359283328056335,0.38955387473106384,-0.5437750816345215,-0.19318774342536926,0.3399812579154968,-0.8340114951133728,-0.2786025404930115,0.15203219652175903,-0.9657924771308899,-0.3667334020137787,0.14347951114177704,-1.0625832080841064,-0.12126998603343964,0.1355845034122467,-1.5346693992614746,-0.24572108685970306,0.12145289778709412,-1.8117235898971558,-0.3196653425693512,0.09029465168714523,-2.0513947010040283,-0.36751335859298706,-0.046660300344228745,-0.9891055226325989,-0.13961780071258545,0.06443681567907333,-1.186735987663269,-0.3528921604156494,0.14782500267028809,-0.8270416259765625,-0.40469759702682495,0.13756990432739258,-0.5998744964599609,-0.39023295044898987,-0.22077082097530365,-0.8622053861618042,-0.1678185760974884,-0.11279120296239853,-1.0503058433532715,-0.3814101815223694,-0.016698509454727173,-0.6985100507736206,-0.3336106538772583,-0.02448883093893528,-0.4890280067920685,-0.2441028207540512,-0.40055587887763977,-0.6917909979820251,-0.20277443528175354,-0.2791065275669098,-0.8917801976203918,-0.3399813771247864,-0.1669277846813202,-0.6617745161056519,-0.28044581413269043,-0.16202431917190552,-0.494209349155426,-0.19860528409481049
0.0,0.0,0.0,0.0,0.0,0.0,0.0,0.0,0.0,0.0,0.0,0.0,0.0,0.0,0.0,0.0,0.0,0.0,0.0,0.0,0.0,0.0,0.0,0.0,0.0,0.0,0.0,0.0,0.0,0.0,0.0,0.0,0.0,0.0,0.0,0.0,0.0,0.0,0.0,0.0,0.0,0.0,0.0,0.0,0.0,0.0,0.0,0.0,0.0,0.0,0.0,0.0,0.0,0.0,0.0,0.0,0.0,0.0,0.0,0.0,0.0,0.0,0.0,0.0,0.0,0.0,0.22704754769802094,-0.2794807255268097,-0.10524789988994598,0.37559348344802856,-0.6231979727745056,-0.18004219233989716,0.31962743401527405,-0.9022142291069031,-0.2655125856399536,0.1325950175523758,-1.0275862216949463,-0.35257357358932495,0.10968665033578873,-1.0697282552719116,-0.0978369191288948,0.06737513095140457,-1.5392906665802002,-0.2230336219072342,0.02344856783747673,-1.7888832092285156,-0.2941208779811859,-0.036766417324543,-2.0110929012298584,-0.3379785716533661,-0.06867974251508713,-0.9907730221748352,-0.11684127151966095,0.036952905356884,-1.182692289352417,-0.32231348752975464,0.12557266652584076,-0.8201601505279541,-0.36360400915145874,0.12364590167999268,-0.5947475433349609,-0.3431914150714874,-0.22967442870140076,-0.8700937032699585,-0.1490456461906433,-0.12291412055492401,-1.0684434175491333,-0.3526228666305542,-0.03252560645341873,-0.7224004864692688,-0.2980991303920746,-0.03309445455670357,-0.5054628252983093,-0.20479467511177063,-0.39775973558425903,-0.7124660015106201,-0.189458966255188,-0.2865462005138397,-0.9154496192932129,-0.3150651156902313,-0.17782562971115112,-0.7053667902946472,-0.25574833154678345,-0.16560083627700806,-0.5471768379211426,-0.17570126056671143
0.0,0.0,0.0,0.0,0.0,0.0,0.0,0.0,0.0,0.0,0.0,0.0,0.0,0.0,0.0,0.0,0.0,0.0,0.0,0.0,0.0,0.0,0.0,0.0,0.0,0.0,0.0,0.0,0.0,0.0,0.0,0.0,0.0,0.0,0.0,0.0,0.0,0.0,0.0,0.0,0.0,0.0,0.0,0.0,0.0,0.0,0.0,0.0,0.0,0.0,0.0,0.0,0.0,0.0,0.0,0.0,0.0,0.0,0.0,0.0,0.0,0.0,0.0,0.0,0.0,0.0,0.21828386187553406,-0.20380930602550507,-0.11315835267305374,0.3895821273326874,-0.5466904044151306,-0.19467629492282867,0.35636892914772034,-0.8212231993675232,-0.28250524401664734,0.1774473637342453,-0.9243372082710266,-0.37379008531570435,0.11870469152927399,-1.0602165460586548,-0.11335541307926178,0.14191071689128876,-1.5140241384506226,-0.24265851080417633,0.15153007209300995,-1.7889337539672852,-0.3179008662700653,0.13946287333965302,-2.0234429836273193,-0.36366963386535645,-0.07505510747432709,-0.9882891178131104,-0.1328582912683487,0.05858325958251953,-1.174296259880066,-0.35110634565353394,0.14438535273075104,-0.7855878472328186,-0.3967677354812622,0.13266222178936005,-0.5426340103149414,-0.3727979362010956,-0.2529809772968292,-0.8605350852012634,-0.1645643562078476,-0.1131976991891861,-1.0341300964355469,-0.3858742117881775,-0.01757114753127098,-0.6673469543457031,-0.33857274055480957,-0.03459988534450531,-0.45762500166893005,-0.24417744576931,-0.4363552927970886,-0.6810147166252136,-0.20233580470085144,-0.29765838384628296,-0.8745487928390503,-0.34118586778640747,-0.17975953221321106,-0.6419866681098938,-0.2812979221343994,-0.17602837085723877,-0.4810217320919037,-0.1967773288488388
0.0,0.0,0.0,0.0,0.0,0.0,0.0,0.0,0.0,0.0,0.0,0.0,0.0,0.0,0.0,0.0,0.0,0.0,0.0,0.0,0.0,0.0,0.0,0.0,0.0,0.0,0.0,0.0,0.0,0.0,0.0,0.0,0.0,0.0,0.0,0.0,0.0,0.0,0.0,0.0,0.0,0.0,0.0,0.0,0.0,0.0,0.0,0.0,0.0,0.0,0.0,0.0,0.0,0.0,0.0,0.0,0.0,0.0,0.0,0.0,0.0,0.0,0.0,0.0,0.0,0.0,0.21075497567653656,-0.2719457745552063,-0.10218484699726105,0.35334473848342896,-0.6046137809753418,-0.1748020052909851,0.29253751039505005,-0.8932437896728516,-0.2588579058647156,0.11722191423177719,-1.0654282569885254,-0.34278804063796997,0.12497711181640625,-1.0504224300384521,-0.07113394141197205,0.14572148025035858,-1.4917410612106323,-0.18594329059123993,0.15251611173152924,-1.7373071908950806,-0.25135329365730286,0.13901013135910034,-1.9645512104034424,-0.29349055886268616,-0.048919450491666794,-0.9945836663246155,-0.09170708805322647,0.05201485753059387,-1.2103655338287354,-0.2816418707370758,0.12614566087722778,-0.8619763851165771,-0.324445515871048,0.11299890279769897,-0.6407444477081299,-0.3094710111618042,-0.2096707969903946,-0.8876572251319885,-0.12697733938694,-0.09971828758716583,-1.1097759008407593,-0.32197824120521545,-0.012821661308407784,-0.7634240388870239,-0.27353137731552124,-0.022588396444916725,-0.5436192154884338,-0.18781118094921112,-0.3839298486709595,-0.7275639772415161,-0.17025136947631836,-0.259766161441803,-0.9291748404502869,-0.2984103560447693,-0.14991718530654907,-0.7238125205039978,-0.25030553340911865,-0.14060010015964508,-0.5663341283798218,-0.17958767712116241
0.0,0.0,0.0,0.0,0.0,0.0,0.0,0.0,0.0,0.0,0.0,0.0,0.0,0.0,0.0,0.0,0.0,0.0,0.0,0.0,0.0,0.0,0.0,0.0,0.0,0.0,0.0,0.0,0.0,0.0,0.0,0.0,0.0,0.0,0.0,0.0,0.0,0.0,0.0,0.0,0.0,0.0,0.0,0.0,0.0,0.0,0.0,0.0,0.0,0.0,0.0,0.0,0.0,0.0,0.0,0.0,0.0,0.0,0.0,0.0,0.0,0.0,0.0,0.0,0.0,0.0,0.2295716255903244,-0.22616468369960785,-0.09966237097978592,0.3886561393737793,-0.6202957034111023,-0.15983852744102478,0.31155091524124146,-0.953880250453949,-0.22560624778270721,0.11474888771772385,-1.0927962064743042,-0.29443731904029846,0.13461396098136902,-1.0521559715270996,-0.07681211829185486,0.14993031322956085,-1.4765033721923828,-0.1783718764781952,0.15925024449825287,-1.7318053245544434,-0.23912596702575684,0.15199318528175354,-1.962183952331543,-0.2822902798652649,-0.04693222418427467,-0.99430912733078,-0.09563867002725601,0.055250972509384155,-1.2481791973114014,-0.2818707823753357,0.14238432049751282,-0.899730384349823,-0.3285087049007416,0.13769789040088654,-0.6504855751991272,-0.3159765601158142,-0.21220006048679352,-0.878978967666626,-0.12497575581073761,-0.10778861492872238,-1.1220382452011108,-0.324039489030838,0.00858880765736103,-0.7750906348228455,-0.2841015160083771,0.014705945737659931,-0.5321587920188904,-0.20350700616836548,-0.39125457406044006,-0.709868848323822,-0.15954652428627014,-0.2816241979598999,-0.9458155632019043,-0.2989646792411804,-0.1540922224521637,-0.7393137812614441,-0.2567387521266937,-0.13134904205799103,-0.5606148838996887,-0.19056573510169983
0.0,0.0,0.0,0.0,0.0,0.0,0.0,0.0,0.0,0.0,0.0,0.0,0.0,0.0,0.0,0.0,0.0,0.0,0.0,0.0,0.0,0.0,0.0,0.0,0.0,0.0,0.0,0.0,0.0,0.0,0.0,0.0,0.0,0.0,0.0,0.0,0.0,0.0,0.0,0.0,0.0,0.0,0.0,0.0,0.0,0.0,0.0,0.0,0.0,0.0,0.0,0.0,0.0,0.0,0.0,0.0,0.0,0.0,0.0,0.0,0.0,0.0,0.0,0.0,0.0,0.0,0.19427011907100677,-0.2251995950937271,-0.08626697957515717,0.3272538185119629,-0.5603252053260803,-0.15186356008052826,0.22688476741313934,-0.7795928716659546,-0.2223881185054779,0.028409043326973915,-0.8452640771865845,-0.29443836212158203,0.09507196396589279,-1.0564239025115967,-0.0974084734916687,0.06881058216094971,-1.4585033655166626,-0.18741530179977417,0.049594685435295105,-1.7053747177124023,-0.24312134087085724,0.021497245877981186,-1.9170112609863281,-0.2857842743396759,-0.09535860270261765,-0.9882434606552124,-0.119505874812603,0.005292740650475025,-1.086963415145874,-0.2651369869709015,0.06035576015710831,-0.7942396998405457,-0.3029690086841583,0.0333549864590168,-0.6472209692001343,-0.3002443313598633,-0.24528110027313232,-0.8551133275032043,-0.148620143532753,-0.15079106390476227,-0.9033970832824707,-0.2920423746109009,-0.07829669862985611,-0.6519191861152649,-0.26236024498939514,-0.09759572148323059,-0.551317036151886,-0.2129080444574356,-0.38844552636146545,-0.686541736125946,-0.184432715177536,-0.2937260568141937,-0.7493557333946228,-0.27248650789260864,-0.2112640142440796,-0.5829702019691467,-0.22932203114032745,-0.2124364674091339,-0.5059979557991028,-0.17668873071670532
0.0,0.0,0.0,0.0,0.0,0.0,0.0,0.0,0.0,0.0,0.0,0.0,0.0,0.0,0.0,0.0,0.0,0.0,0.0,0.0,0.0,0.0,0.0,0.0,0.0,0.0,0.0,0.0,0.0,0.0,0.0,0.0,0.0,0.0,0.0,0.0,0.0,0.0,0.0,0.0,0.0,0.0,0.0,0.0,0.0,0.0,0.0,0.0,0.0,0.0,0.0,0.0,0.0,0.0,0.0,0.0,0.0,0.0,0.0,0.0,0.0,0.0,0.0,0.0,0.0,0.0,0.2349792867898941,-0.24284788966178894,-0.11997424066066742,0.4060431718826294,-0.6010106801986694,-0.20672954618930817,0.38886377215385437,-0.9368232488632202,-0.30275410413742065,0.18682993948459625,-1.0578583478927612,-0.39651113748550415,0.08840819448232651,-1.05272376537323,-0.08410652726888657,0.04447287321090698,-1.4969966411590576,-0.20757588744163513,0.006186994258314371,-1.753954529762268,-0.2713063359260559,-0.029098857194185257,-1.984815001487732,-0.31099411845207214,-0.0816107988357544,-0.9911507368087769,-0.10468937456607819,0.07137345522642136,-1.26948082447052,-0.33341822028160095,0.16251374781131744,-0.8883427977561951,-0.3806660771369934,0.15636037290096283,-0.6381074786186218,-0.349219411611557,-0.23852723836898804,-0.8951779007911682,-0.1418057382106781,-0.06486402451992035,-1.127847671508789,-0.3769311010837555,0.02904129959642887,-0.7469689846038818,-0.3338835835456848,0.018674742430448532,-0.5094693303108215,-0.23380938172340393,-0.40671536326408386,-0.7559521198272705,-0.1866382211446762,-0.2121530920267105,-0.956469714641571,-0.33516624569892883,-0.09826894104480743,-0.7058073878288269,-0.289927214384079,-0.09635353833436966,-0.524826169013977,-0.21334819495677948
0.0,0.0,0.0,0.0,0.0,0.0,0.0,0.0,0.0,0.0,0.0,0.0,0.0,0.0,0.0,0.0,0.0,0.0,0.0,0.0,0.0,0.0,0.0,0.0,0.0,0.0,0.0,0.0,0.0,0.0,0.0,0.0,0.0,0.0,0.0,0.0,0.0,0.0,0.0,0.0,0.0,0.0,0.0,0.0,0.0,0.0,0.0,0.0,0.0,0.0,0.0,0.0,0.0,0.0,0.0,0.0,0.0,0.0,0.0,0.0,0.0,0.0,0.0,0.0,0.0,0.0,0.2012711763381958,-0.16921737790107727,-0.08920595794916153,0.36157721281051636,-0.4741910696029663,-0.1637594997882843,0.3144325017929077,-0.7084386348724365,-0.24456730484962463,0.14160147309303284,-0.7641672492027283,-0.32973217964172363,0.15216147899627686,-1.0336698293685913,-0.11333081126213074,0.2348637729883194,-1.4099668264389038,-0.21255062520503998,0.29110273718833923,-1.6429498195648193,-0.27841222286224365,0.33056050539016724,-1.840621829032898,-0.3248242735862732,-0.05000684782862663,-0.9889301657676697,-0.13970130681991577,0.0714452713727951,-1.0315192937850952,-0.29614174365997314,0.10710852593183517,-0.7253394722938538,-0.3381836414337158,0.07788529247045517,-0.5482436418533325,-0.33637621998786926,-0.21542777121067047,-0.8583297729492188,-0.172385111451149,-0.08489184081554413,-0.8791799545288086,-0.3256854712963104,-0.019240928813815117,-0.605456531047821,-0.29328984022140503,-0.028818942606449127,-0.45564448833465576,-0.2370721995830536,-0.3692460060119629,-0.6779355406761169,-0.2120666205883026,-0.25023818016052246,-0.7438952922821045,-0.3086339235305786,-0.1612933725118637,-0.55845046043396,-0.2614019513130188,-0.14628396928310394,-0.4426829218864441,-0.20142242312431335
0.0,0.0,0.0,0.0,0.0,0.0,0.0,0.0,0.0,0.0,0.0,0.0,0.0,0.0,0.0,0.0,0.0,0.0,0.0,0.0,0.0,0.0,0.0,0.0,0.0,0.0,0.0,0.0,0.0,0.0,0.0,0.0,0.0,0.0,0.0,0.0,0.0,0.0,0.0,0.0,0.0,0.0,0.0,0.0,0.0,0.0,0.0,0.0,0.0,0.0,0.0,0.0,0.0,0.0,0.0,0.0,0.0,0.0,0.0,0.0,0.0,0.0,0.0,0.0,0.0,0.0,0.22976987063884735,-0.19252939522266388,-0.09790156781673431,0.4203855097293854,-0.498663991689682,-0.1756604164838791,0.38757526874542236,-0.7292178273200989,-0.2600962221622467,0.21165087819099426,-0.7727952599525452,-0.3460586369037628,0.16595511138439178,-1.040433645248413,-0.1047879159450531,0.18402764201164246,-1.4479568004608154,-0.20765620470046997,0.19147638976573944,-1.6947630643844604,-0.26493334770202637,0.186696395277977,-1.9034398794174194,-0.3048112392425537,-0.02958572842180729,-0.9915257096290588,-0.12649698555469513,0.10070379823446274,-1.06049644947052,-0.2905496656894684,0.13944083452224731,-0.7352688312530518,-0.32614168524742126,0.1013270765542984,-0.5902210474014282,-0.3160349428653717,-0.19114266335964203,-0.8752862811088562,-0.157276913523674,-0.05927832052111626,-0.9121511578559875,-0.32439544796943665,-0.012679035775363445,-0.6197786927223206,-0.28815096616744995,-0.046886492520570755,-0.5126510262489319,-0.22545993328094482,-0.34662437438964844,-0.7207322716712952,-0.19534966349601746,-0.21114696562290192,-0.7817922234535217,-0.29309791326522827,-0.13839873671531677,-0.581745445728302,-0.24235783517360687,-0.15394701063632965,-0.4973379969596863,-0.18032138049602509
0.0,0.0,0.0,0.0,0.0,0.0,0.0,0.0,0.0,0.0,0.0,0.0,0.0,0.0,0.0,0.0,0.0,0.0,0.0,0.0,0.0,0.0,0.0,0.0,0.0,0.0,0.0,0.0,0.0,0.0,0.0,0.0,0.0,0.0,0.0,0.0,0.0,0.0,0.0,0.0,0.0,0.0,0.0,0.0,0.0,0.0,0.0,0.0,0.0,0.0,0.0,0.0,0.0,0.0,0.0,0.0,0.0,0.0,0.0,0.0,0.0,0.0,0.0,0.0,0.0,0.0,0.24567046761512756,-0.24028721451759338,-0.10609406977891922,0.4399237334728241,-0.6001999378204346,-0.1698862761259079,0.42938172817230225,-0.9336707592010498,-0.24326130747795105,0.2488010823726654,-1.07992684841156,-0.31461235880851746,0.14150254428386688,-1.0463494062423706,-0.04328250139951706,0.10365526378154755,-1.4576115608215332,-0.14725971221923828,0.08529966324567795,-1.6993188858032227,-0.2032606452703476,0.07846072316169739,-1.9165204763412476,-0.23879440128803253,-0.030329018831253052,-0.9976099133491516,-0.06208571419119835,0.10648682713508606,-1.2890809774398804,-0.26905208826065063,0.19313932955265045,-0.9349371194839478,-0.3193499445915222,0.1980164349079132,-0.6591318845748901,-0.2954598665237427,-0.19985029101371765,-0.9054881930351257,-0.09697085618972778,-0.0488959439098835,-1.1652226448059082,-0.3201822340488434,0.03308358043432236,-0.7942063808441162,-0.28806474804878235,0.030801238492131233,-0.5301076769828796,-0.196930393576622,-0.39147695899009705,-0.7663662433624268,-0.13757838308811188,-0.21965454518795013,-0.9954061508178711,-0.2832357883453369,-0.11424946784973145,-0.7520138025283813,-0.2465323954820633,-0.10762694478034973,-0.5529641509056091,-0.1773364096879959
0.0,0.0,0.0,0.0,0.0,0.0,0.0,0.0,0.0,0.0,0.0,0.0,0.0,0.0,0.0,0.0,0.0,0.0,0.0,0.0,0.0,0.0,0.0,0.0,0.0,0.0,0.0,0.0,0.0,0.0,0.0,0.0,0.0,0.0,0.0,0.0,0.0,0.0,0.0,0.0,0.0,0.0,0.0,0.0,0.0,0.0,0.0,0.0,0.0,0.0,0.0,0.0,0.0,0.0,0.0,0.0,0.0,0.0,0.0,0.0,0.0,0.0,0.0,0.0,0.0,0.0,0.22820144891738892,-0.1402648389339447,-0.14018017053604126,0.4290975034236908,-0.41197019815444946,-0.24698489904403687,0.41179779171943665,-0.6330667734146118,-0.3535235822200775,0.24388203024864197,-0.7177525758743286,-0.45986485481262207,0.20367680490016937,-1.0425306558609009,-0.18199725449085236,0.16882269084453583,-1.515331745147705,-0.3182007670402527,0.14059783518314362,-1.8153762817382812,-0.39521104097366333,0.10385100543498993,-2.0488510131835938,-0.44351449608802795,-0.011203048750758171,-0.9813101291656494,-0.19210661947727203,0.06904223561286926,-1.0395958423614502,-0.4007021188735962,0.11390040814876556,-0.6892000436782837,-0.4398970901966095,0.10353004187345505,-0.5023464560508728,-0.4207354187965393,-0.18840990960597992,-0.8638964891433716,-0.21500283479690552,-0.09546442329883575,-0.848100483417511,-0.4074961245059967,-0.02591921016573906,-0.5507381558418274,-0.3621690571308136,-0.021826744079589844,-0.405752569437027,-0.2853337228298187,-0.35255375504493713,-0.7100507616996765,-0.25112184882164,-0.2415345162153244,-0.7260938286781311,-0.36510393023490906,-0.15565572679042816,-0.5134474039077759,-0.3139144778251648,-0.1372523009777069,-0.4076932966709137,-0.2448495775461197
0.0,0.0,0.0,-0.2865118086338043,-0.13134603202342987,-0.05351106449961662,-0.5338248014450073,-0.4979552924633026,-0.09410282224416733,-0.5711695551872253,-0.8912743926048279,-0.1548600196838379,-0.4447323977947235,-1.1396254301071167,-0.2135886251926422,-0.34642988443374634,-1.0025707483291626,-0.02154173143208027,-0.398574560880661,-1.4718750715255737,-0.1368354707956314,-0.4425961673259735,-1.7338106632232666,-0.19730576872825623,-0.4646351933479309,-1.964004397392273,-0.24109682440757751,-0.16533364355564117,-0.9838950634002686,-0.06793579459190369,-0.3113119304180145,-1.221879005432129,-0.25631365180015564,-0.3240489661693573,-0.8287278413772583,-0.26453742384910583,-0.25817614793777466,-0.6660008430480957,-0.22022990882396698,0.012476681731641293,-0.9340217113494873,-0.13211484253406525,-0.13136744499206543,-1.1444640159606934,-0.32059162855148315,-0.16443154215812683,-0.7508803009986877,-0.23364071547985077,-0.10647298395633698,-0.5893791913986206,-0.12177931517362595,0.20819035172462463,-0.8484905958175659,-0.2039111703634262,0.08096352964639664,-1.070454716682434,-0.31508710980415344,0.004985070787370205,-0.7835025787353516,-0.24141380190849304,0.025737250223755836,-0.6178029775619507,-0.15562684834003448,0.0,0.0,0.0,0.0,0.0,0.0,0.0,0.0,0.0,0.0,0.0,0.0,0.0,0.0,0.0,0.0,0.0,0.0,0.0,0.0,0.0,0.0,0.0,0.0,0.0,0.0,0.0,0.0,0.0,0.0,0.0,0.0,0.0,0.0,0.0,0.0,0.0,0.0,0.0,0.0,0.0,0.0,0.0,0.0,0.0,0.0,0.0,0.0,0.0,0.0,0.0,0.0,0.0,0.0,0.0,0.0,0.0,0.0,0.0,0.0,0.0,0.0,0.0
0.0,0.0,0.0,-0.28060483932495117,-0.12006235867738724,-0.04663519188761711,-0.5339059233665466,-0.5239728093147278,-0.07192529737949371,-0.5593260526657104,-0.9427521824836731,-0.115388423204422,-0.40463295578956604,-1.1240038871765137,-0.15842564404010773,-0.35370582342147827,-1.0055865049362183,-0.03706284984946251,-0.41378024220466614,-1.5151103734970093,-0.15406419336795807,-0.4502672553062439,-1.79904043674469,-0.22059473395347595,-0.4684465229511261,-2.052044630050659,-0.2705838680267334,-0.1528761386871338,-0.9848037362098694,-0.08240439742803574,-0.2763753831386566,-1.2126303911209106,-0.26993077993392944,-0.28915661573410034,-0.8394238948822021,-0.2789830267429352,-0.22701163589954376,-0.6784542798995972,-0.23804529011249542,0.03634917363524437,-0.9304019212722778,-0.14302150905132294,-0.08675941824913025,-1.1345999240875244,-0.3201165795326233,-0.12555891275405884,-0.7613735795021057,-0.23371277749538422,-0.0710439532995224,-0.6157605648040771,-0.12805818021297455,0.2408558428287506,-0.8435529470443726,-0.2114061713218689,0.12342171370983124,-1.0336788892745972,-0.3111010789871216,0.046721652150154114,-0.7608334422111511,-0.23796238005161285,0.070680633187294,-0.6237186789512634,-0.15689274668693542,0.0,0.0,0.0,0.0,0.0,0.0,0.0,0.0,0.0,0.0,0.0,0.0,0.0,0.0,0.0,0.0,0.0,0.0,0.0,0.0,0.0,0.0,0.0,0.0,0.0,0.0,0.0,0.0,0.0,0.0,0.0,0.0,0.0,0.0,0.0,0.0,0.0,0.0,0.0,0.0,0.0,0.0,0.0,0.0,0.0,0.0,0.0,0.0,0.0,0.0,0.0,0.0,0.0,0.0,0.0,0.0,0.0,0.0,0.0,0.0,0.0,0.0,0.0
0.0,0.0,0.0,-0.2809647023677826,-0.1720476597547531,-0.04244842380285263,-0.49479010701179504,-0.5926455855369568,-0.05608656257390976,-0.4828539788722992,-1.016951322555542,-0.08827698230743408,-0.3219568133354187,-1.2147932052612305,-0.1196669191122055,-0.3065784275531769,-1.028668761253357,0.008407356217503548,-0.33636367321014404,-1.4845147132873535,-0.07975593209266663,-0.34901005029678345,-1.7282792329788208,-0.13303564488887787,-0.35093483328819275,-1.9505037069320679,-0.17587238550186157,-0.11231943219900131,-0.9931633472442627,-0.031794361770153046,-0.1881491243839264,-1.2779614925384521,-0.20055276155471802,-0.21304158866405487,-0.9015384912490845,-0.22112618386745453,-0.18481846153736115,-0.6860997080802917,-0.18771789968013763,0.07749830931425095,-0.9313674569129944,-0.08605843037366867,0.002608318580314517,-1.2105568647384644,-0.2607678174972534,-0.05799007788300514,-0.8193016052246094,-0.19676655530929565,-0.04324802756309509,-0.5913143754005432,-0.10058501362800598,0.28050729632377625,-0.8335041403770447,-0.1452377587556839,0.20615193247795105,-1.087196946144104,-0.2536848783493042,0.10697728395462036,-0.8204065561294556,-0.19807514548301697,0.08308453112840652,-0.6248422861099243,-0.12606632709503174,0.0,0.0,0.0,0.0,0.0,0.0,0.0,0.0,0.0,0.0,0.0,0.0,0.0,0.0,0.0,0.0,0.0,0.0,0.0,0.0,0.0,0.0,0.0,0.0,0.0,0.0,0.0,0.0,0.0,0.0,0.0,0.0,0.0,0.0,0.0,0.0,0.0,0.0,0.0,0.0,0.0,0.0,0.0,0.0,0.0,0.0,0.0,0.0,0.0,0.0,0.0,0.0,0.0,0.0,0.0,0.0,0.0,0.0,0.0,0.0,0.0,0.0,0.0
0.0,0.0,0.0,-0.2478906661272049,-0.1780707687139511,-0.06864447891712189,-0.41352730989456177,-0.5986541509628296,-0.10865192860364914,-0.36333346366882324,-0.9867905974388123,-0.16274994611740112,-0.20159849524497986,-1.1958829164505005,-0.21393269300460815,-0.21282361447811127,-1.0576039552688599,-0.038289181888103485,-0.19680599868297577,-1.5250918865203857,-0.1539393812417984,-0.16630558669567108,-1.7822259664535522,-0.2165682166814804,-0.11930263042449951,-2.0103681087493896,-0.25975579023361206,-0.016965558752417564,-0.9973633885383606,-0.07055843621492386,-0.08276651054620743,-1.222750186920166,-0.2545998990535736,-0.13368144631385803,-0.8399238586425781,-0.2666403651237488,-0.10892978310585022,-0.6542938351631165,-0.22687268257141113,0.16945895552635193,-0.9030038714408875,-0.12036926299333572,0.09964438527822495,-1.1136326789855957,-0.3107404112815857,0.013140926137566566,-0.7236912250518799,-0.2356930524110794,0.01807425357401371,-0.5284187197685242,-0.1314297914505005,0.3604414761066437,-0.7680197358131409,-0.17749394476413727,0.28903260827064514,-0.9696750640869141,-0.30021122097969055,0.17139436304569244,-0.6923104524612427,-0.2408154010772705,0.13764093816280365,-0.520082950592041,-0.16271400451660156,0.0,0.0,0.0,0.0,0.0,0.0,0.0,0.0,0.0,0.0,0.0,0.0,0.0,0.0,0.0,0.0,0.0,0.0,0.0,0.0,0.0,0.0,0.0,0.0,0.0,0.0,0.0,0.0,0.0,0.0,0.0,0.0,0.0,0.0,0.0,0.0,0.0,0.0,0.0,0.0,0.0,0.0,0.0,0.0,0.0,0.0,0.0,0.0,0.0,0.0,0.0,0.0,0.0,0.0,0.0,0.0,0.0,0.0,0.0,0.0,0.0,0.0,0.0
0.0,0.0,0.0,-0.264042466878891,-0.18762077391147614,-0.05237502232193947,-0.4433811604976654,-0.6171756982803345,-0.07724659144878387,-0.40623360872268677,-1.0148258209228516,-0.11916680634021759,-0.2446373850107193,-1.2075221538543701,-0.1602521687746048,-0.23809413611888885,-1.0469962358474731,-0.018263783305883408,-0.23008140921592712,-1.513877034187317,-0.12120562791824341,-0.2131323516368866,-1.7558587789535522,-0.18119634687900543,-0.17824016511440277,-1.9855449199676514,-0.22633372247219086,-0.047554079443216324,-0.9973356127738953,-0.055319976061582565,-0.1053551509976387,-1.252601146697998,-0.22927476465702057,-0.15379957854747772,-0.8819652795791626,-0.2453671097755432,-0.12853480875492096,-0.6946176290512085,-0.21191000938415527,0.13505767285823822,-0.9162793755531311,-0.10796204954385757,0.0736866444349289,-1.167840838432312,-0.2862309217453003,-0.010084226727485657,-0.7866616249084473,-0.21517077088356018,0.0004882753128185868,-0.587765097618103,-0.11718366295099258,0.3272761106491089,-0.7962693572044373,-0.16681082546710968,0.26849740743637085,-1.0436763763427734,-0.2768970727920532,0.15663908421993256,-0.7773758172988892,-0.21569664776325226,0.13025003671646118,-0.5951958298683167,-0.14030782878398895,0.0,0.0,0.0,0.0,0.0,0.0,0.0,0.0,0.0,0.0,0.0,0.0,0.0,0.0,0.0,0.0,0.0,0.0,0.0,0.0,0.0,0.0,0.0,0.0,0.0,0.0,0.0,0.0,0.0,0.0,0.0,0.0,0.0,0.0,0.0,0.0,0.0,0.0,0.0,0.0,0.0,0.0,0.0,0.0,0.0,0.0,0.0,0.0,0.0,0.0,0.0,0.0,0.0,0.0,0.0,0.0,0.0,0.0,0.0,0.0,0.0,0.0,0.0
0.0,0.0,0.0,-0.2581317722797394,-0.17792637646198273,-0.055250924080610275,-0.4595714807510376,-0.5801212787628174,-0.09327888488769531,-0.44968941807746887,-0.9593489170074463,-0.14831997454166412,-0.2930816113948822,-1.1777199506759644,-0.20089112222194672,-0.26600536704063416,-1.038930892944336,-0.043150339275598526,-0.280781626701355,-1.5328272581100464,-0.16309067606925964,-0.2819407284259796,-1.7912805080413818,-0.22924195230007172,-0.2628081142902374,-2.033127784729004,-0.27684247493743896,-0.07437487691640854,-0.9937121868133545,-0.0836930125951767,-0.16946648061275482,-1.2225897312164307,-0.26936954259872437,-0.20926420390605927,-0.8389884829521179,-0.2794540226459503,-0.16680458188056946,-0.6772071719169617,-0.2432008683681488,0.10969317704439163,-0.9168757200241089,-0.14073045551776886,0.016135135665535927,-1.1450115442276,-0.3288784623146057,-0.056710418313741684,-0.7514063119888306,-0.244216188788414,-0.03023919090628624,-0.5827527642250061,-0.13814613223075867,0.3053525984287262,-0.8024815917015076,-0.2045612633228302,0.22194677591323853,-1.0366482734680176,-0.3171694576740265,0.11346998810768127,-0.7532050609588623,-0.24420945346355438,0.09694094210863113,-0.5860546827316284,-0.1608826071023941,0.0,0.0,0.0,0.0,0.0,0.0,0.0,0.0,0.0,0.0,0.0,0.0,0.0,0.0,0.0,0.0,0.0,0.0,0.0,0.0,0.0,0.0,0.0,0.0,0.0,0.0,0.0,0.0,0.0,0.0,0.0,0.0,0.0,0.0,0.0,0.0,0.0,0.0,0.0,0.0,0.0,0.0,0.0,0.0,0.0,0.0,0.0,0.0,0.0,0.0,0.0,0.0,0.0,0.0,0.0,0.0,0.0,0.0,0.0,0.0,0.0,0.0,0.0
0.0,0.0,0.0,-0.2524864971637726,-0.16168001294136047,-0.06427226960659027,-0.4609888792037964,-0.5334353446960449,-0.1202993392944336,-0.4750003516674042,-0.8912976980209351,-0.19402192533016205,-0.3413757085800171,-1.1208521127700806,-0.2648810148239136,-0.26898956298828125,-1.03296959400177,-0.061066631227731705,-0.29174354672431946,-1.5248968601226807,-0.18809646368026733,-0.3047468066215515,-1.7931082248687744,-0.25515666604042053,-0.2949162423610687,-2.0317070484161377,-0.3015737235546112,-0.08145810663700104,-0.9912147521972656,-0.10420097410678864,-0.21432611346244812,-1.1877233982086182,-0.2989422678947449,-0.2534655034542084,-0.8182979822158813,-0.30926066637039185,-0.20176197588443756,-0.6669211387634277,-0.27055492997169495,0.09706733375787735,-0.9170483946800232,-0.16455967724323273,-0.03590473532676697,-1.0906195640563965,-0.353625625371933,-0.09666532278060913,-0.7190561890602112,-0.26702186465263367,-0.054842084646224976,-0.5743399262428284,-0.16022348403930664,0.2866121828556061,-0.8049201965332031,-0.23351141810417175,0.169729545712471,-0.9984673857688904,-0.34278807044029236,0.07107868790626526,-0.7185613512992859,-0.2666245996952057,0.07470376789569855,-0.5616739988327026,-0.18095029890537262,0.0,0.0,0.0,0.0,0.0,0.0,0.0,0.0,0.0,0.0,0.0,0.0,0.0,0.0,0.0,0.0,0.0,0.0,0.0,0.0,0.0,0.0,0.0,0.0,0.0,0.0,0.0,0.0,0.0,0.0,0.0,0.0,0.0,0.0,0.0,0.0,0.0,0.0,0.0,0.0,0.0,0.0,0.0,0.0,0.0,0.0,0.0,0.0,0.0,0.0,0.0,0.0,0.0,0.0,0.0,0.0,0.0,0.0,0.0,0.0,0.0,0.0,0.0
0.0,0.0,0.0,-0.2514994740486145,-0.20723454654216766,-0.048163603991270065,-0.44005560874938965,-0.6029521822929382,-0.08497682213783264,-0.44665688276290894,-0.9889658093452454,-0.14472854137420654,-0.27455058693885803,-1.1653958559036255,-0.2028014212846756,-0.24132636189460754,-1.0390726327896118,-0.017635207623243332,-0.23696358501911163,-1.5289145708084106,-0.1263463795185089,-0.22642017900943756,-1.7932801246643066,-0.18385183811187744,-0.20101739466190338,-2.0288209915161133,-0.22530782222747803,-0.05940627306699753,-0.9961980581283569,-0.06372027844190598,-0.14896897971630096,-1.2040455341339111,-0.2503243684768677,-0.18787795305252075,-0.8604446053504944,-0.26523086428642273,-0.14906050264835358,-0.685636579990387,-0.22818253934383392,0.11395034193992615,-0.9200186729431152,-0.12604212760925293,0.023632122203707695,-1.0978615283966064,-0.3041437864303589,-0.04274219647049904,-0.7526724338531494,-0.23057307302951813,-0.01827334240078926,-0.5895137190818787,-0.13046181201934814,0.29739636182785034,-0.8061444163322449,-0.1961704045534134,0.21012426912784576,-0.9898614287376404,-0.287606805562973,0.10616330057382584,-0.7520768642425537,-0.21878376603126526,0.09180830419063568,-0.6054052710533142,-0.14093373715877533,0.0,0.0,0.0,0.0,0.0,0.0,0.0,0.0,0.0,0.0,0.0,0.0,0.0,0.0,0.0,0.0,0.0,0.0,0.0,0.0,0.0,0.0,0.0,0.0,0.0,0.0,0.0,0.0,0.0,0.0,0.0,0.0,0.0,0.0,0.0,0.0,0.0,0.0,0.0,0.0,0.0,0.0,0.0,0.0,0.0,0.0,0.0,0.0,0.0,0.0,0.0,0.0,0.0,0.0,0.0,0.0,0.0,0.0,0.0,0.0,0.0,0.0,0.0
0.0,0.0,0.0,-0.2321910262107849,-0.222965806722641,-0.07384365051984787,-0.4020904302597046,-0.6259123682975769,-0.1175876185297966,-0.3595416843891144,-1.0117355585098267,-0.17906709015369415,-0.20112045109272003,-1.212388277053833,-0.23988297581672668,-0.2653435170650482,-1.0518310070037842,-0.03402895852923393,-0.2943230867385864,-1.5258699655532837,-0.14451415836811066,-0.2973601222038269,-1.801830768585205,-0.20772041380405426,-0.28455549478530884,-2.0463876724243164,-0.25223374366760254,-0.06900704652070999,-0.9949862957000732,-0.07239004969596863,-0.08168911933898926,-1.224417805671692,-0.26244738698005676,-0.1272536814212799,-0.868633508682251,-0.28642719984054565,-0.12291713804006577,-0.6757121086120605,-0.2523793578147888,0.12156038731336594,-0.9023174047470093,-0.1281849592924118,0.10334358364343643,-1.114227056503296,-0.31875404715538025,0.021446743980050087,-0.7554987668991089,-0.25322678685188293,0.010547970421612263,-0.5629955530166626,-0.15519720315933228,0.3107461631298065,-0.7655449509620667,-0.1927436739206314,0.29433923959732056,-0.9833216071128845,-0.30933621525764465,0.18569323420524597,-0.7318088412284851,-0.24748806655406952,0.14273039996623993,-0.5539575219154358,-0.16952861845493317,0.0,0.0,0.0,0.0,0.0,0.0,0.0,0.0,0.0,0.0,0.0,0.0,0.0,0.0,0.0,0.0,0.0,0.0,0.0,0.0,0.0,0.0,0.0,0.0,0.0,0.0,0.0,0.0,0.0,0.0,0.0,0.0,0.0,0.0,0.0,0.0,0.0,0.0,0.0,0.0,0.0,0.0,0.0,0.0,0.0,0.0,0.0,0.0,0.0,0.0,0.0,0.0,0.0,0.0,0.0,0.0,0.0,0.0,0.0,0.0,0.0,0.0,0.0
0.0,0.0,0.0,-0.21404708921909332,-0.23958425223827362,-0.08531288057565689,-0.353280633687973,-0.6267187595367432,-0.1429617702960968,-0.28681644797325134,-0.9804355502128601,-0.21281097829341888,-0.127118319272995,-1.1688592433929443,-0.27920329570770264,-0.1947277933359146,-1.0525078773498535,-0.0655190646648407,-0.23170341551303864,-1.5334351062774658,-0.1851211041212082,-0.24761617183685303,-1.7901819944381714,-0.2519858479499817,-0.23789502680301666,-2.0298986434936523,-0.2997541129589081,0.008176920004189014,-0.9954902529716492,-0.09451054036617279,-0.025343019515275955,-1.2055696249008179,-0.28911444544792175,-0.08214648813009262,-0.8451886773109436,-0.31014329195022583,-0.07628393918275833,-0.6525046825408936,-0.2766995429992676,0.19447627663612366,-0.8902069330215454,-0.1408367156982422,0.15174280107021332,-1.0803921222686768,-0.3337441384792328,0.05788495019078255,-0.7147564888000488,-0.2644105851650238,0.04705025628209114,-0.5207432508468628,-0.16548936069011688,0.3723273277282715,-0.738926112651825,-0.19636642932891846,0.3321295380592346,-0.9213569760322571,-0.3151991367340088,0.2120981067419052,-0.666800856590271,-0.2565070688724518,0.1702238917350769,-0.5073127746582031,-0.1814565509557724,0.0,0.0,0.0,0.0,0.0,0.0,0.0,0.0,0.0,0.0,0.0,0.0,0.0,0.0,0.0,0.0,0.0,0.0,0.0,0.0,0.0,0.0,0.0,0.0,0.0,0.0,0.0,0.0,0.0,0.0,0.0,0.0,0.0,0.0,0.0,0.0,0.0,0.0,0.0,0.0,0.0,0.0,0.0,0.0,0.0,0.0,0.0,0.0,0.0,0.0,0.0,0.0,0.0,0.0,0.0,0.0,0.0,0.0,0.0,0.0,0.0,0.0,0.0
0.0,0.0,0.0,-0.2319747507572174,-0.22373110055923462,-0.07143394649028778,-0.38511279225349426,-0.6401268839836121,-0.1111285388469696,-0.3217826187610626,-1.0320595502853394,-0.16509264707565308,-0.15562087297439575,-1.2351921796798706,-0.21496212482452393,-0.2147068977355957,-1.0485312938690186,-0.03384041786193848,-0.24557454884052277,-1.5136269330978394,-0.1367688626050949,-0.2544650435447693,-1.7643060684204102,-0.19004175066947937,-0.24201315641403198,-1.9946274757385254,-0.2299562394618988,-0.01708863116800785,-0.9976359605789185,-0.06656152009963989,-0.0577884167432785,-1.2660177946090698,-0.24463267624378204,-0.10930430144071579,-0.8934949040412903,-0.25705087184906006,-0.0951312854886055,-0.6889135241508484,-0.2168651521205902,0.17040802538394928,-0.8990981578826904,-0.11606930196285248,0.1321893036365509,-1.144599437713623,-0.301658570766449,0.04005827009677887,-0.7667696475982666,-0.23035098612308502,0.03272248059511185,-0.5511258840560913,-0.12862183153629303,0.35649970173835754,-0.7506932616233826,-0.17359623312950134,0.3268599510192871,-0.9726205468177795,-0.29573383927345276,0.20009364187717438,-0.726452648639679,-0.2427246868610382,0.14539329707622528,-0.5488464832305908,-0.17042845487594604,0.0,0.0,0.0,0.0,0.0,0.0,0.0,0.0,0.0,0.0,0.0,0.0,0.0,0.0,0.0,0.0,0.0,0.0,0.0,0.0,0.0,0.0,0.0,0.0,0.0,0.0,0.0,0.0,0.0,0.0,0.0,0.0,0.0,0.0,0.0,0.0,0.0,0.0,0.0,0.0,0.0,0.0,0.0,0.0,0.0,0.0,0.0,0.0,0.0,0.0,0.0,0.0,0.0,0.0,0.0,0.0,0.0,0.0,0.0,0.0,0.0,0.0,0.0
0.0,0.0,0.0,-0.242101788520813,-0.22590631246566772,-0.05623470991849899,-0.42592957615852356,-0.5988550782203674,-0.10180625319480896,-0.40668943524360657,-0.9486011862754822,-0.1657770872116089,-0.2689327597618103,-1.1360514163970947,-0.23046930134296417,-0.2517900764942169,-1.0472158193588257,-0.05109114572405815,-0.29638785123825073,-1.5440998077392578,-0.16376858949661255,-0.3102450668811798,-1.831063151359558,-0.23639121651649475,-0.30806994438171387,-2.073859214782715,-0.2902008593082428,-0.05726945027709007,-0.9937908053398132,-0.09539429843425751,-0.11623596400022507,-1.2015422582626343,-0.2729226052761078,-0.16014692187309265,-0.8986541032791138,-0.29826509952545166,-0.1492421180009842,-0.716955840587616,-0.27863311767578125,0.1254112869501114,-0.904144287109375,-0.1547679454088211,0.06074835732579231,-1.091880440711975,-0.32076531648635864,-0.015147815458476543,-0.7884464263916016,-0.25500577688217163,-0.016643965616822243,-0.6117900013923645,-0.1716282069683075,0.3145521879196167,-0.7769500613212585,-0.22286133468151093,0.24618057906627655,-0.9715085029602051,-0.3203426003456116,0.13749413192272186,-0.7446520924568176,-0.25855135917663574,0.10758749395608902,-0.5760209560394287,-0.18989688158035278,0.0,0.0,0.0,0.0,0.0,0.0,0.0,0.0,0.0,0.0,0.0,0.0,0.0,0.0,0.0,0.0,0.0,0.0,0.0,0.0,0.0,0.0,0.0,0.0,0.0,0.0,0.0,0.0,0.0,0.0,0.0,0.0,0.0,0.0,0.0,0.0,0.0,0.0,0.0,0.0,0.0,0.0,0.0,0.0,0.0,0.0,0.0,0.0,0.0,0.0,0.0,0.0,0.0,0.0,0.0,0.0,0.0,0.0,0.0,0.0,0.0,0.0,0.0
0.0,0.0,0.0,-0.24382558465003967,-0.14013424515724182,-0.09927057474851608,-0.45201602578163147,-0.4421762228012085,-0.19565552473068237,-0.5013280510902405,-0.75464928150177,-0.3072354197502136,-0.39552029967308044,-0.9890729188919067,-0.41375163197517395,-0.25655102729797363,-1.010236144065857,-0.09917109459638596,-0.2899865210056305,-1.4772565364837646,-0.2507960796356201,-0.31230393052101135,-1.757845401763916,-0.32107359170913696,-0.3055949807167053,-1.995225429534912,-0.3648010790348053,-0.07085170596837997,-0.9885991215705872,-0.13286001980304718,-0.24640919268131256,-1.0974057912826538,-0.3395284414291382,-0.28016334772109985,-0.6980702877044678,-0.3269279897212982,-0.21423105895519257,-0.5891225934028625,-0.26806533336639404,0.10446710884571075,-0.9203545451164246,-0.19065392017364502,-0.06596657633781433,-0.9884132146835327,-0.3894992470741272,-0.11561945080757141,-0.6199976801872253,-0.27787303924560547,-0.06255299597978592,-0.5294029712677002,-0.15250161290168762,0.27913519740104675,-0.8008023500442505,-0.262728750705719,0.11948361247777939,-0.892139196395874,-0.3781142830848694,0.032122302800416946,-0.6091424226760864,-0.2932876944541931,0.05045803263783455,-0.48574405908584595,-0.19809836149215698,0.0,0.0,0.0,0.0,0.0,0.0,0.0,0.0,0.0,0.0,0.0,0.0,0.0,0.0,0.0,0.0,0.0,0.0,0.0,0.0,0.0,0.0,0.0,0.0,0.0,0.0,0.0,0.0,0.0,0.0,0.0,0.0,0.0,0.0,0.0,0.0,0.0,0.0,0.0,0.0,0.0,0.0,0.0,0.0,0.0,0.0,0.0,0.0,0.0,0.0,0.0,0.0,0.0,0.0,0.0,0.0,0.0,0.0,0.0,0.0,0.0,0.0,0.0
0.0,0.0,0.0,-0.22705671191215515,-0.20546473562717438,-0.06263138353824615,-0.3972099721431732,-0.5817553400993347,-0.11058173328638077,-0.3445461392402649,-0.9281317591667175,-0.17680972814559937,-0.18716104328632355,-1.1071507930755615,-0.24261319637298584,-0.25732773542404175,-1.06197988986969,-0.06162437051534653,-0.2585393190383911,-1.564534068107605,-0.18126314878463745,-0.23757700622081757,-1.85391366481781,-0.2560095489025116,-0.21297864615917206,-2.102477788925171,-0.3110533356666565,-0.05934923142194748,-0.9924017786979675,-0.10777915269136429,-0.0851079672574997,-1.1708377599716187,-0.29661670327186584,-0.12999477982521057,-0.844376802444458,-0.3247913420200348,-0.12877586483955383,-0.6859296560287476,-0.3040490746498108,0.12951211631298065,-0.8890348672866821,-0.1687600165605545,0.10453416407108307,-1.0485022068023682,-0.3430250287055969,0.027232501655817032,-0.7295390367507935,-0.2739304006099701,0.01394762471318245,-0.5936558842658997,-0.18751311302185059,0.31523916125297546,-0.7484688758850098,-0.23903127014636993,0.2901434898376465,-0.916679859161377,-0.33792564272880554,0.1873815357685089,-0.679649293422699,-0.2674503028392792,0.15222755074501038,-0.5469933152198792,-0.19129714369773865,0.0,0.0,0.0,0.0,0.0,0.0,0.0,0.0,0.0,0.0,0.0,0.0,0.0,0.0,0.0,0.0,0.0,0.0,0.0,0.0,0.0,0.0,0.0,0.0,0.0,0.0,0.0,0.0,0.0,0.0,0.0,0.0,0.0,0.0,0.0,0.0,0.0,0.0,0.0,0.0,0.0,0.0,0.0,0.0,0.0,0.0,0.0,0.0,0.0,0.0,0.0,0.0,0.0,0.0,0.0,0.0,0.0,0.0,0.0,0.0,0.0,0.0,0.0
